,data,tau_x_score,prediction_time,buckets_per_rank,algo
0,LR-REAL-Political,0.788235294117647,1.56490708817868,6.0,ST-GBR-EPSI(0.0)
1,LR-REAL-Political,0.592156862745098,0.5368490741443409,6.0,ST-GBR-EPSI(0.0)
2,LR-REAL-Political,0.7725490196078431,0.5037140387254365,6.0,ST-GBR-EPSI(0.0)
3,LR-REAL-Political,0.6705882352941177,0.5154562171766505,6.0,ST-GBR-EPSI(0.0)
4,LR-REAL-Political,0.6392156862745099,0.5773939612535359,6.0,ST-GBR-EPSI(0.0)
5,LR-REAL-Political,0.7098039215686276,0.5744673789157452,6.0,ST-GBR-EPSI(0.0)
6,LR-REAL-Political,0.6784313725490196,0.5241407573743566,6.0,ST-GBR-EPSI(0.0)
7,LR-REAL-Political,0.780392156862745,0.6090182397124038,6.0,ST-GBR-EPSI(0.0)
8,LR-REAL-Political,0.6862745098039217,0.5258508646438893,6.0,ST-GBR-EPSI(0.0)
9,LR-REAL-Political,0.6705882352941177,0.5053118859958516,6.0,ST-GBR-EPSI(0.0)
10,LR-REAL-Political,0.7647058823529411,0.6237095743468918,6.0,ST-GBR-EPSI(0.0)
11,LR-REAL-Political,0.7647058823529411,0.5968346691049454,6.0,ST-GBR-EPSI(0.0)
12,LR-REAL-Political,0.7647058823529411,0.5854909180464948,6.0,ST-GBR-EPSI(0.0)
13,LR-REAL-Political,0.7019607843137255,0.5002607917155406,6.0,ST-GBR-EPSI(0.0)
14,LR-REAL-Political,0.6549019607843138,0.5256500640570585,6.0,ST-GBR-EPSI(0.0)
15,LR-REAL-Political,0.6627450980392157,0.5868471166161302,6.0,ST-GBR-EPSI(0.0)
16,LR-REAL-Political,0.6941176470588235,0.6109281601094328,6.0,ST-GBR-EPSI(0.0)
17,LR-REAL-Political,0.615686274509804,0.5867794163282614,6.0,ST-GBR-EPSI(0.0)
18,LR-REAL-Political,0.6549019607843137,0.6406815412330503,6.0,ST-GBR-EPSI(0.0)
19,LR-REAL-Political,0.623529411764706,0.6143698847832789,6.0,ST-GBR-EPSI(0.0)
20,LR-REAL-Political,0.6784313725490198,0.5978780401934861,6.0,ST-GBR-EPSI(0.0)
21,LR-REAL-Political,0.6941176470588235,0.5202837295281824,6.0,ST-GBR-EPSI(0.0)
22,LR-REAL-Political,0.6235294117647059,0.5882905323884429,6.0,ST-GBR-EPSI(0.0)
23,LR-REAL-Political,0.7490196078431373,0.5890145378419496,6.0,ST-GBR-EPSI(0.0)
24,LR-REAL-Political,0.6705882352941177,0.5641362123920365,6.0,ST-GBR-EPSI(0.0)
25,LR-REAL-Political,0.5921568627450982,0.5075466588066281,6.0,ST-GBR-EPSI(0.0)
26,LR-REAL-Political,0.6078431372549019,0.5483191368221955,6.0,ST-GBR-EPSI(0.0)
27,LR-REAL-Political,0.7882352941176471,0.5214326731094228,6.0,ST-GBR-EPSI(0.0)
28,LR-REAL-Political,0.7098039215686275,0.5440504008538551,6.0,ST-GBR-EPSI(0.0)
29,LR-REAL-Political,0.6470588235294118,0.5140151945265341,6.0,ST-GBR-EPSI(0.0)
30,LR-REAL-Political,0.7333333333333334,0.5738786554712957,6.0,ST-GBR-EPSI(0.0)
31,LR-REAL-Political,0.5764705882352942,0.5060063594118818,6.0,ST-GBR-EPSI(0.0)
32,LR-REAL-Political,0.7568627450980392,0.5695395236532864,6.0,ST-GBR-EPSI(0.0)
33,LR-REAL-Political,0.6941176470588235,0.49857617096498746,6.0,ST-GBR-EPSI(0.0)
34,LR-REAL-Political,0.7098039215686275,0.6338536048906,6.0,ST-GBR-EPSI(0.0)
35,LR-REAL-Political,0.7411764705882353,0.6160578666069461,6.0,ST-GBR-EPSI(0.0)
36,LR-REAL-Political,0.7176470588235294,0.6308096889735392,6.0,ST-GBR-EPSI(0.0)
37,LR-REAL-Political,0.6627450980392158,0.5126326313757675,6.0,ST-GBR-EPSI(0.0)
38,LR-REAL-Political,0.6392156862745099,0.6064773549569547,6.0,ST-GBR-EPSI(0.0)
39,LR-REAL-Political,0.7647058823529411,0.5062852340964369,6.0,ST-GBR-EPSI(0.0)
40,LR-REAL-Political,0.6470588235294118,0.5481144593901606,6.0,ST-GBR-EPSI(0.0)
41,LR-REAL-Political,0.6941176470588236,0.5096766514795961,6.0,ST-GBR-EPSI(0.0)
42,LR-REAL-Political,0.6000000000000001,0.5660290884637342,6.0,ST-GBR-EPSI(0.0)
43,LR-REAL-Political,0.7490196078431373,0.4962137004060964,6.0,ST-GBR-EPSI(0.0)
44,LR-REAL-Political,0.7568627450980392,0.5647525273787248,6.0,ST-GBR-EPSI(0.0)
45,LR-REAL-Political,0.6941176470588235,0.5184175539893539,6.0,ST-GBR-EPSI(0.0)
46,LR-REAL-Political,0.6549019607843137,0.5114515513318775,6.0,ST-GBR-EPSI(0.0)
47,LR-REAL-Political,0.5843137254901961,0.505833494415433,6.0,ST-GBR-EPSI(0.0)
48,LR-REAL-Political,0.7098039215686276,0.5286772821182856,6.0,ST-GBR-EPSI(0.0)
49,LR-REAL-Political,0.8509803921568627,0.5401535800901509,6.0,ST-GBR-EPSI(0.0)
50,LR-REAL-Political,0.7882352941176471,0.5219074526136195,5.647058823529412,ST-GBR-EPSI(0.01)
51,LR-REAL-Political,0.5725490196078432,0.5073651791982134,5.705882352941177,ST-GBR-EPSI(0.01)
52,LR-REAL-Political,0.7450980392156863,0.507798880614532,5.411764705882353,ST-GBR-EPSI(0.01)
53,LR-REAL-Political,0.6549019607843138,0.5500904343501921,5.529411764705882,ST-GBR-EPSI(0.01)
54,LR-REAL-Political,0.6549019607843138,0.5582052135028036,5.647058823529412,ST-GBR-EPSI(0.01)
55,LR-REAL-Political,0.7137254901960786,0.5860738253950464,5.705882352941177,ST-GBR-EPSI(0.01)
56,LR-REAL-Political,0.6666666666666666,0.5895607202945458,5.705882352941177,ST-GBR-EPSI(0.01)
57,LR-REAL-Political,0.7686274509803921,0.5335438019021673,5.823529411764706,ST-GBR-EPSI(0.01)
58,LR-REAL-Political,0.7019607843137255,0.5122168324553728,5.588235294117647,ST-GBR-EPSI(0.01)
59,LR-REAL-Political,0.6745098039215687,0.5033618866163462,5.823529411764706,ST-GBR-EPSI(0.01)
60,LR-REAL-Political,0.7450980392156863,0.5907808400989837,5.411764705882353,ST-GBR-EPSI(0.01)
61,LR-REAL-Political,0.7607843137254902,0.5978329715125027,5.823529411764706,ST-GBR-EPSI(0.01)
62,LR-REAL-Political,0.776470588235294,0.5654694044167874,5.823529411764706,ST-GBR-EPSI(0.01)
63,LR-REAL-Political,0.6941176470588235,0.5865906452680346,5.764705882352941,ST-GBR-EPSI(0.01)
64,LR-REAL-Political,0.6705882352941177,0.5751261345692653,5.764705882352941,ST-GBR-EPSI(0.01)
65,LR-REAL-Political,0.6588235294117647,0.5156717450815294,5.529411764705882,ST-GBR-EPSI(0.01)
66,LR-REAL-Political,0.7019607843137255,0.5801672497751147,5.764705882352941,ST-GBR-EPSI(0.01)
67,LR-REAL-Political,0.615686274509804,0.6018014795418629,5.882352941176471,ST-GBR-EPSI(0.01)
68,LR-REAL-Political,0.6705882352941176,0.5906994885255894,5.764705882352941,ST-GBR-EPSI(0.01)
69,LR-REAL-Political,0.6313725490196078,0.5688685679378052,5.705882352941177,ST-GBR-EPSI(0.01)
70,LR-REAL-Political,0.6705882352941177,0.5966981387056015,5.588235294117647,ST-GBR-EPSI(0.01)
71,LR-REAL-Political,0.6980392156862745,0.5150694545564023,5.823529411764706,ST-GBR-EPSI(0.01)
72,LR-REAL-Political,0.6235294117647058,0.52806253367117,5.882352941176471,ST-GBR-EPSI(0.01)
73,LR-REAL-Political,0.7529411764705882,0.5769587534266422,5.588235294117647,ST-GBR-EPSI(0.01)
74,LR-REAL-Political,0.6666666666666667,0.5494192790025513,5.705882352941177,ST-GBR-EPSI(0.01)
75,LR-REAL-Political,0.5960784313725491,0.5067372832451104,5.823529411764706,ST-GBR-EPSI(0.01)
76,LR-REAL-Political,0.6117647058823529,0.5572779044155859,5.9411764705882355,ST-GBR-EPSI(0.01)
77,LR-REAL-Political,0.788235294117647,0.5020668220146411,5.764705882352941,ST-GBR-EPSI(0.01)
78,LR-REAL-Political,0.7215686274509804,0.5039612302061832,5.411764705882353,ST-GBR-EPSI(0.01)
79,LR-REAL-Political,0.6588235294117648,0.5110120516233511,5.705882352941177,ST-GBR-EPSI(0.01)
80,LR-REAL-Political,0.7137254901960784,0.5119162007490589,5.529411764705882,ST-GBR-EPSI(0.01)
81,LR-REAL-Political,0.5607843137254903,0.49218286216912227,5.411764705882353,ST-GBR-EPSI(0.01)
82,LR-REAL-Political,0.7490196078431373,0.587829965332469,5.764705882352941,ST-GBR-EPSI(0.01)
83,LR-REAL-Political,0.6901960784313725,0.5675814087346777,5.823529411764706,ST-GBR-EPSI(0.01)
84,LR-REAL-Political,0.7176470588235295,0.5928490526088779,5.470588235294118,ST-GBR-EPSI(0.01)
85,LR-REAL-Political,0.7176470588235295,0.589693242885561,5.588235294117647,ST-GBR-EPSI(0.01)
86,LR-REAL-Political,0.7176470588235294,0.5300566324910161,6.0,ST-GBR-EPSI(0.01)
87,LR-REAL-Political,0.6666666666666667,0.5115500128252555,5.470588235294118,ST-GBR-EPSI(0.01)
88,LR-REAL-Political,0.6431372549019608,0.4942020766303715,5.588235294117647,ST-GBR-EPSI(0.01)
89,LR-REAL-Political,0.7686274509803921,0.492356312086677,5.705882352941177,ST-GBR-EPSI(0.01)
90,LR-REAL-Political,0.6745098039215688,0.5022635168160966,5.647058823529412,ST-GBR-EPSI(0.01)
91,LR-REAL-Political,0.6862745098039217,0.44509450591892996,5.764705882352941,ST-GBR-EPSI(0.01)
92,LR-REAL-Political,0.596078431372549,0.5037063860234631,5.588235294117647,ST-GBR-EPSI(0.01)
93,LR-REAL-Political,0.7411764705882353,0.5003163316801549,5.764705882352941,ST-GBR-EPSI(0.01)
94,LR-REAL-Political,0.7450980392156863,0.5016107476950628,5.705882352941177,ST-GBR-EPSI(0.01)
95,LR-REAL-Political,0.6784313725490196,0.5191770794815664,5.647058823529412,ST-GBR-EPSI(0.01)
96,LR-REAL-Political,0.6588235294117648,0.49455687458760006,5.764705882352941,ST-GBR-EPSI(0.01)
97,LR-REAL-Political,0.5725490196078432,0.502733584939118,5.705882352941177,ST-GBR-EPSI(0.01)
98,LR-REAL-Political,0.7058823529411765,0.4668380138592672,5.529411764705882,ST-GBR-EPSI(0.01)
99,LR-REAL-Political,0.8431372549019608,0.5062017248898923,5.882352941176471,ST-GBR-EPSI(0.01)
100,LR-REAL-Political,0.7725490196078431,0.49954535817581835,5.176470588235294,ST-GBR-EPSI(0.03)
101,LR-REAL-Political,0.5764705882352942,0.49223344262973284,5.0,ST-GBR-EPSI(0.03)
102,LR-REAL-Political,0.7294117647058824,0.5108022298950219,4.9411764705882355,ST-GBR-EPSI(0.03)
103,LR-REAL-Political,0.6313725490196079,0.5112223528898212,4.705882352941177,ST-GBR-EPSI(0.03)
104,LR-REAL-Political,0.6313725490196079,0.5304479645489821,5.0588235294117645,ST-GBR-EPSI(0.03)
105,LR-REAL-Political,0.6823529411764707,0.496163664607076,4.588235294117647,ST-GBR-EPSI(0.03)
106,LR-REAL-Political,0.6901960784313725,0.5970179329552243,5.117647058823529,ST-GBR-EPSI(0.03)
107,LR-REAL-Political,0.7529411764705882,0.5280206547943647,5.294117647058823,ST-GBR-EPSI(0.03)
108,LR-REAL-Political,0.7333333333333334,0.501345610070685,5.0588235294117645,ST-GBR-EPSI(0.03)
109,LR-REAL-Political,0.6666666666666667,0.5784223394375311,5.470588235294118,ST-GBR-EPSI(0.03)
110,LR-REAL-Political,0.7529411764705882,0.5718244383366045,5.0,ST-GBR-EPSI(0.03)
111,LR-REAL-Political,0.7607843137254902,0.5760500892336127,5.352941176470588,ST-GBR-EPSI(0.03)
112,LR-REAL-Political,0.7607843137254902,0.5921945148747033,5.352941176470588,ST-GBR-EPSI(0.03)
113,LR-REAL-Political,0.6784313725490196,0.5671356815254373,5.235294117647059,ST-GBR-EPSI(0.03)
114,LR-REAL-Political,0.6549019607843137,0.5964300082773636,5.352941176470588,ST-GBR-EPSI(0.03)
115,LR-REAL-Political,0.6666666666666667,0.5318792154619117,5.411764705882353,ST-GBR-EPSI(0.03)
116,LR-REAL-Political,0.6862745098039216,0.5709685176246863,4.9411764705882355,ST-GBR-EPSI(0.03)
117,LR-REAL-Political,0.5960784313725491,0.5985676720666007,5.117647058823529,ST-GBR-EPSI(0.03)
118,LR-REAL-Political,0.6627450980392158,0.5626854044615595,5.176470588235294,ST-GBR-EPSI(0.03)
119,LR-REAL-Political,0.6352941176470589,0.5889176668131789,5.235294117647059,ST-GBR-EPSI(0.03)
120,LR-REAL-Political,0.6901960784313725,0.5920021532026002,5.0,ST-GBR-EPSI(0.03)
121,LR-REAL-Political,0.6941176470588236,0.4862090198561471,5.294117647058823,ST-GBR-EPSI(0.03)
122,LR-REAL-Political,0.6313725490196078,0.5237193309674414,5.352941176470588,ST-GBR-EPSI(0.03)
123,LR-REAL-Political,0.7019607843137255,0.5820277641179198,4.764705882352941,ST-GBR-EPSI(0.03)
124,LR-REAL-Political,0.6352941176470589,0.49699172277413095,5.0588235294117645,ST-GBR-EPSI(0.03)
125,LR-REAL-Political,0.6196078431372549,0.4979424974983298,5.176470588235294,ST-GBR-EPSI(0.03)
126,LR-REAL-Political,0.619607843137255,0.5682244279920565,5.235294117647059,ST-GBR-EPSI(0.03)
127,LR-REAL-Political,0.803921568627451,0.500598606882503,5.176470588235294,ST-GBR-EPSI(0.03)
128,LR-REAL-Political,0.6862745098039216,0.5121291495025418,4.764705882352941,ST-GBR-EPSI(0.03)
129,LR-REAL-Political,0.6666666666666666,0.4985213908313562,5.117647058823529,ST-GBR-EPSI(0.03)
130,LR-REAL-Political,0.7137254901960784,0.504451373683447,5.176470588235294,ST-GBR-EPSI(0.03)
131,LR-REAL-Political,0.5568627450980392,0.4943208865116754,5.117647058823529,ST-GBR-EPSI(0.03)
132,LR-REAL-Political,0.7529411764705882,0.5700053807172474,5.470588235294118,ST-GBR-EPSI(0.03)
133,LR-REAL-Political,0.6901960784313725,0.5869076953802809,5.352941176470588,ST-GBR-EPSI(0.03)
134,LR-REAL-Political,0.7058823529411765,0.5676867636066643,5.0588235294117645,ST-GBR-EPSI(0.03)
135,LR-REAL-Political,0.7254901960784315,0.548069048023107,5.235294117647059,ST-GBR-EPSI(0.03)
136,LR-REAL-Political,0.7176470588235295,0.4952781554778968,5.470588235294118,ST-GBR-EPSI(0.03)
137,LR-REAL-Political,0.6470588235294118,0.48523205738469205,4.9411764705882355,ST-GBR-EPSI(0.03)
138,LR-REAL-Political,0.6470588235294119,0.501630674873045,4.823529411764706,ST-GBR-EPSI(0.03)
139,LR-REAL-Political,0.7372549019607844,0.49708159064817864,5.0588235294117645,ST-GBR-EPSI(0.03)
140,LR-REAL-Political,0.6549019607843138,0.4804861367964232,5.0,ST-GBR-EPSI(0.03)
141,LR-REAL-Political,0.6941176470588236,0.4964241266273689,4.764705882352941,ST-GBR-EPSI(0.03)
142,LR-REAL-Political,0.6000000000000001,0.4954272349034549,5.0588235294117645,ST-GBR-EPSI(0.03)
143,LR-REAL-Political,0.7333333333333334,0.5031480750203494,4.882352941176471,ST-GBR-EPSI(0.03)
144,LR-REAL-Political,0.7333333333333334,0.4964207290669687,5.176470588235294,ST-GBR-EPSI(0.03)
145,LR-REAL-Political,0.6509803921568629,0.4857890145631281,5.117647058823529,ST-GBR-EPSI(0.03)
146,LR-REAL-Political,0.6745098039215687,0.47905803514572337,5.235294117647059,ST-GBR-EPSI(0.03)
147,LR-REAL-Political,0.596078431372549,0.4921999401836449,5.0,ST-GBR-EPSI(0.03)
148,LR-REAL-Political,0.7333333333333334,0.497694556589962,4.882352941176471,ST-GBR-EPSI(0.03)
149,LR-REAL-Political,0.8196078431372549,0.49684781863881655,5.235294117647059,ST-GBR-EPSI(0.03)
150,LR-REAL-Political,0.7725490196078431,0.5113386797489532,4.647058823529412,ST-GBR-EPSI(0.05)
151,LR-REAL-Political,0.5686274509803921,0.4856613924101439,4.352941176470588,ST-GBR-EPSI(0.05)
152,LR-REAL-Political,0.7372549019607844,0.5127502711675834,4.764705882352941,ST-GBR-EPSI(0.05)
153,LR-REAL-Political,0.6352941176470589,0.5347614084750478,4.470588235294118,ST-GBR-EPSI(0.05)
154,LR-REAL-Political,0.6392156862745099,0.5618359251857126,4.647058823529412,ST-GBR-EPSI(0.05)
155,LR-REAL-Political,0.6549019607843138,0.5003703392437363,4.176470588235294,ST-GBR-EPSI(0.05)
156,LR-REAL-Political,0.6784313725490196,0.5640547247268876,4.588235294117647,ST-GBR-EPSI(0.05)
157,LR-REAL-Political,0.7372549019607844,0.5229180644610012,4.882352941176471,ST-GBR-EPSI(0.05)
158,LR-REAL-Political,0.6941176470588236,0.4908337291822257,4.529411764705882,ST-GBR-EPSI(0.05)
159,LR-REAL-Political,0.6470588235294118,0.5414507825228504,4.588235294117647,ST-GBR-EPSI(0.05)
160,LR-REAL-Political,0.7411764705882353,0.6013811011344864,4.294117647058823,ST-GBR-EPSI(0.05)
161,LR-REAL-Political,0.7568627450980392,0.5903867123554811,4.705882352941177,ST-GBR-EPSI(0.05)
162,LR-REAL-Political,0.7411764705882353,0.5679795841353843,4.882352941176471,ST-GBR-EPSI(0.05)
163,LR-REAL-Political,0.6862745098039217,0.5758333804018801,4.647058823529412,ST-GBR-EPSI(0.05)
164,LR-REAL-Political,0.6352941176470588,0.5566059771010732,4.882352941176471,ST-GBR-EPSI(0.05)
165,LR-REAL-Political,0.6627450980392158,0.5240470127371796,4.705882352941177,ST-GBR-EPSI(0.05)
166,LR-REAL-Political,0.6627450980392157,0.5717896900749757,4.411764705882353,ST-GBR-EPSI(0.05)
167,LR-REAL-Political,0.607843137254902,0.5658510578349562,4.764705882352941,ST-GBR-EPSI(0.05)
168,LR-REAL-Political,0.6431372549019608,0.6060947450768311,4.470588235294118,ST-GBR-EPSI(0.05)
169,LR-REAL-Political,0.6,0.5982623922265711,4.529411764705882,ST-GBR-EPSI(0.05)
170,LR-REAL-Political,0.6823529411764707,0.5831172934569263,4.470588235294118,ST-GBR-EPSI(0.05)
171,LR-REAL-Political,0.7137254901960786,0.501517980187694,4.705882352941177,ST-GBR-EPSI(0.05)
172,LR-REAL-Political,0.6117647058823529,0.5026131967407025,4.470588235294118,ST-GBR-EPSI(0.05)
173,LR-REAL-Political,0.7058823529411765,0.5579694839241438,4.294117647058823,ST-GBR-EPSI(0.05)
174,LR-REAL-Political,0.6313725490196079,0.5068565908351013,4.352941176470588,ST-GBR-EPSI(0.05)
175,LR-REAL-Political,0.6392156862745099,0.5021698035046084,4.470588235294118,ST-GBR-EPSI(0.05)
176,LR-REAL-Political,0.619607843137255,0.5717844982986366,4.529411764705882,ST-GBR-EPSI(0.05)
177,LR-REAL-Political,0.803921568627451,0.5018514741767186,4.705882352941177,ST-GBR-EPSI(0.05)
178,LR-REAL-Political,0.6470588235294118,0.4978782527304577,4.235294117647059,ST-GBR-EPSI(0.05)
179,LR-REAL-Political,0.6901960784313725,0.4913024930778042,4.470588235294118,ST-GBR-EPSI(0.05)
180,LR-REAL-Political,0.6784313725490198,0.4954388202050156,4.647058823529412,ST-GBR-EPSI(0.05)
181,LR-REAL-Political,0.5411764705882353,0.5017906094720725,4.764705882352941,ST-GBR-EPSI(0.05)
182,LR-REAL-Political,0.7215686274509804,0.5636735221510921,4.647058823529412,ST-GBR-EPSI(0.05)
183,LR-REAL-Political,0.6901960784313725,0.5702007646385593,4.823529411764706,ST-GBR-EPSI(0.05)
184,LR-REAL-Political,0.6745098039215687,0.5005753883295107,4.647058823529412,ST-GBR-EPSI(0.05)
185,LR-REAL-Political,0.7176470588235295,0.5796088871964745,4.823529411764706,ST-GBR-EPSI(0.05)
186,LR-REAL-Political,0.7333333333333334,0.48456355239722393,4.882352941176471,ST-GBR-EPSI(0.05)
187,LR-REAL-Political,0.627450980392157,0.4952540133344093,4.588235294117647,ST-GBR-EPSI(0.05)
188,LR-REAL-Political,0.6509803921568629,0.4904188582205751,4.294117647058823,ST-GBR-EPSI(0.05)
189,LR-REAL-Political,0.7137254901960786,0.48339571036908535,4.764705882352941,ST-GBR-EPSI(0.05)
190,LR-REAL-Political,0.6588235294117648,0.4922610466366862,4.705882352941177,ST-GBR-EPSI(0.05)
191,LR-REAL-Political,0.6823529411764707,0.508686620060328,4.294117647058823,ST-GBR-EPSI(0.05)
192,LR-REAL-Political,0.592156862745098,0.4957581308446414,4.529411764705882,ST-GBR-EPSI(0.05)
193,LR-REAL-Political,0.6941176470588235,0.49457612466827916,4.294117647058823,ST-GBR-EPSI(0.05)
194,LR-REAL-Political,0.7019607843137255,0.486016069972183,4.705882352941177,ST-GBR-EPSI(0.05)
195,LR-REAL-Political,0.6588235294117647,0.4901576580569126,4.470588235294118,ST-GBR-EPSI(0.05)
196,LR-REAL-Political,0.6823529411764707,0.4762339240962868,4.588235294117647,ST-GBR-EPSI(0.05)
197,LR-REAL-Political,0.596078431372549,0.48639137266605803,4.764705882352941,ST-GBR-EPSI(0.05)
198,LR-REAL-Political,0.7333333333333334,0.5034204606920462,4.176470588235294,ST-GBR-EPSI(0.05)
199,LR-REAL-Political,0.8156862745098039,0.4897626577373536,5.0,ST-GBR-EPSI(0.05)
200,LR-REAL-Political,0.7490196078431373,0.5084816860856051,4.352941176470588,ST-GBR-EPSI(0.07)
201,LR-REAL-Political,0.5411764705882354,0.5188474771465938,3.9411764705882355,ST-GBR-EPSI(0.07)
202,LR-REAL-Political,0.7098039215686276,0.5090707797079081,4.0,ST-GBR-EPSI(0.07)
203,LR-REAL-Political,0.615686274509804,0.5288789857277703,3.8823529411764706,ST-GBR-EPSI(0.07)
204,LR-REAL-Political,0.627450980392157,0.4974539584047339,4.176470588235294,ST-GBR-EPSI(0.07)
205,LR-REAL-Political,0.6392156862745098,0.5965768652133564,3.823529411764706,ST-GBR-EPSI(0.07)
206,LR-REAL-Political,0.6313725490196078,0.5887663100080625,4.117647058823529,ST-GBR-EPSI(0.07)
207,LR-REAL-Political,0.7019607843137254,0.5160819335555468,4.176470588235294,ST-GBR-EPSI(0.07)
208,LR-REAL-Political,0.6823529411764707,0.4916788767496324,4.0588235294117645,ST-GBR-EPSI(0.07)
209,LR-REAL-Political,0.6549019607843137,0.5383030700828707,3.9411764705882355,ST-GBR-EPSI(0.07)
210,LR-REAL-Political,0.7176470588235295,0.593475254702428,4.0588235294117645,ST-GBR-EPSI(0.07)
211,LR-REAL-Political,0.7333333333333334,0.5719071679826271,4.117647058823529,ST-GBR-EPSI(0.07)
212,LR-REAL-Political,0.6980392156862745,0.6069982652281963,4.176470588235294,ST-GBR-EPSI(0.07)
213,LR-REAL-Political,0.6666666666666667,0.5901288541907037,4.0588235294117645,ST-GBR-EPSI(0.07)
214,LR-REAL-Political,0.6509803921568628,0.5541339894697046,4.352941176470588,ST-GBR-EPSI(0.07)
215,LR-REAL-Political,0.6470588235294118,0.5861658326940461,4.294117647058823,ST-GBR-EPSI(0.07)
216,LR-REAL-Political,0.6549019607843136,0.5332981424942215,3.764705882352941,ST-GBR-EPSI(0.07)
217,LR-REAL-Political,0.5725490196078431,0.4930183884783169,4.176470588235294,ST-GBR-EPSI(0.07)
218,LR-REAL-Political,0.6196078431372549,0.5920676604891891,4.176470588235294,ST-GBR-EPSI(0.07)
219,LR-REAL-Political,0.5882352941176471,0.5832660684518227,4.0,ST-GBR-EPSI(0.07)
220,LR-REAL-Political,0.6666666666666666,0.5646231273202452,4.117647058823529,ST-GBR-EPSI(0.07)
221,LR-REAL-Political,0.6980392156862745,0.5139592331499058,4.0,ST-GBR-EPSI(0.07)
222,LR-REAL-Political,0.596078431372549,0.5803457415064736,4.0,ST-GBR-EPSI(0.07)
223,LR-REAL-Political,0.6941176470588235,0.5839469149704902,3.9411764705882355,ST-GBR-EPSI(0.07)
224,LR-REAL-Political,0.6392156862745099,0.5029502197815031,3.7058823529411766,ST-GBR-EPSI(0.07)
225,LR-REAL-Political,0.6392156862745099,0.502408332403437,4.0,ST-GBR-EPSI(0.07)
226,LR-REAL-Political,0.6313725490196079,0.5828084820578194,3.823529411764706,ST-GBR-EPSI(0.07)
227,LR-REAL-Political,0.776470588235294,0.5038620232609411,3.9411764705882355,ST-GBR-EPSI(0.07)
228,LR-REAL-Political,0.6196078431372549,0.496439795252186,3.8823529411764706,ST-GBR-EPSI(0.07)
229,LR-REAL-Political,0.6588235294117648,0.4971531319338511,4.0,ST-GBR-EPSI(0.07)
230,LR-REAL-Political,0.6627450980392158,0.4905949611488495,3.9411764705882355,ST-GBR-EPSI(0.07)
231,LR-REAL-Political,0.5294117647058822,0.49274385320372804,4.0588235294117645,ST-GBR-EPSI(0.07)
232,LR-REAL-Political,0.7372549019607844,0.5698602177968097,4.117647058823529,ST-GBR-EPSI(0.07)
233,LR-REAL-Political,0.6784313725490196,0.5123456889101587,4.294117647058823,ST-GBR-EPSI(0.07)
234,LR-REAL-Political,0.6823529411764706,0.5094845616297038,4.176470588235294,ST-GBR-EPSI(0.07)
235,LR-REAL-Political,0.6901960784313725,0.6012035644400858,4.294117647058823,ST-GBR-EPSI(0.07)
236,LR-REAL-Political,0.7019607843137255,0.5092165490983992,4.235294117647059,ST-GBR-EPSI(0.07)
237,LR-REAL-Political,0.6470588235294118,0.5194221503927717,4.176470588235294,ST-GBR-EPSI(0.07)
238,LR-REAL-Political,0.6431372549019608,0.502820925387129,3.8823529411764706,ST-GBR-EPSI(0.07)
239,LR-REAL-Political,0.6588235294117648,0.5003508932835987,4.0,ST-GBR-EPSI(0.07)
240,LR-REAL-Political,0.6549019607843137,0.5147662534621619,4.235294117647059,ST-GBR-EPSI(0.07)
241,LR-REAL-Political,0.6509803921568628,0.4966484417389459,3.7058823529411766,ST-GBR-EPSI(0.07)
242,LR-REAL-Political,0.5803921568627451,0.5191226379530587,4.117647058823529,ST-GBR-EPSI(0.07)
243,LR-REAL-Political,0.6705882352941177,0.5019563348274169,3.9411764705882355,ST-GBR-EPSI(0.07)
244,LR-REAL-Political,0.6823529411764707,0.5025742209775206,3.823529411764706,ST-GBR-EPSI(0.07)
245,LR-REAL-Political,0.6549019607843137,0.46770342081838173,3.823529411764706,ST-GBR-EPSI(0.07)
246,LR-REAL-Political,0.6627450980392158,0.49176485027065187,4.294117647058823,ST-GBR-EPSI(0.07)
247,LR-REAL-Political,0.596078431372549,0.5075862738240108,4.117647058823529,ST-GBR-EPSI(0.07)
248,LR-REAL-Political,0.6627450980392158,0.5031862659943829,3.764705882352941,ST-GBR-EPSI(0.07)
249,LR-REAL-Political,0.7686274509803921,0.5036219119933331,4.294117647058823,ST-GBR-EPSI(0.07)
250,LR-REAL-Political,0.7098039215686274,0.5122088476827031,3.8823529411764706,ST-GBR-EPSI(0.09)
251,LR-REAL-Political,0.5019607843137255,0.5017878588748863,3.3529411764705883,ST-GBR-EPSI(0.09)
252,LR-REAL-Political,0.6784313725490196,0.49826067281217506,3.5294117647058822,ST-GBR-EPSI(0.09)
253,LR-REAL-Political,0.5803921568627451,0.5048937325984485,3.411764705882353,ST-GBR-EPSI(0.09)
254,LR-REAL-Political,0.603921568627451,0.4850288849732353,3.4705882352941178,ST-GBR-EPSI(0.09)
255,LR-REAL-Political,0.615686274509804,0.5561219760551475,3.235294117647059,ST-GBR-EPSI(0.09)
256,LR-REAL-Political,0.6196078431372549,0.5946491485473174,3.6470588235294117,ST-GBR-EPSI(0.09)
257,LR-REAL-Political,0.6352941176470588,0.5272516708870395,3.411764705882353,ST-GBR-EPSI(0.09)
258,LR-REAL-Political,0.6588235294117647,0.5063398033202638,3.7058823529411766,ST-GBR-EPSI(0.09)
259,LR-REAL-Political,0.5686274509803921,0.6019773546784752,3.2941176470588234,ST-GBR-EPSI(0.09)
260,LR-REAL-Political,0.6666666666666667,0.597453232485124,3.411764705882353,ST-GBR-EPSI(0.09)
261,LR-REAL-Political,0.6980392156862746,0.5228048021883628,3.588235294117647,ST-GBR-EPSI(0.09)
262,LR-REAL-Political,0.6313725490196078,0.5411522155782494,3.3529411764705883,ST-GBR-EPSI(0.09)
263,LR-REAL-Political,0.6352941176470589,0.5436529824219055,3.588235294117647,ST-GBR-EPSI(0.09)
264,LR-REAL-Political,0.615686274509804,0.49503345740832555,3.4705882352941178,ST-GBR-EPSI(0.09)
265,LR-REAL-Political,0.6313725490196078,0.5117062920225977,3.7058823529411766,ST-GBR-EPSI(0.09)
266,LR-REAL-Political,0.615686274509804,0.5090367753889216,3.2941176470588234,ST-GBR-EPSI(0.09)
267,LR-REAL-Political,0.5372549019607844,0.5096930967452833,3.4705882352941178,ST-GBR-EPSI(0.09)
268,LR-REAL-Political,0.611764705882353,0.5958371691681751,3.588235294117647,ST-GBR-EPSI(0.09)
269,LR-REAL-Political,0.5764705882352942,0.5491283425428131,3.6470588235294117,ST-GBR-EPSI(0.09)
270,LR-REAL-Political,0.6196078431372548,0.5894050229658822,3.7058823529411766,ST-GBR-EPSI(0.09)
271,LR-REAL-Political,0.6470588235294117,0.5113490731310135,3.5294117647058822,ST-GBR-EPSI(0.09)
272,LR-REAL-Political,0.5372549019607843,0.5772028710180487,3.2941176470588234,ST-GBR-EPSI(0.09)
273,LR-REAL-Political,0.7019607843137255,0.583496224630812,3.6470588235294117,ST-GBR-EPSI(0.09)
274,LR-REAL-Political,0.6274509803921569,0.49388861355282504,3.411764705882353,ST-GBR-EPSI(0.09)
275,LR-REAL-Political,0.6196078431372549,0.506537748463966,3.5294117647058822,ST-GBR-EPSI(0.09)
276,LR-REAL-Political,0.607843137254902,0.5767423698742591,3.4705882352941178,ST-GBR-EPSI(0.09)
277,LR-REAL-Political,0.7294117647058823,0.5085606300173239,3.588235294117647,ST-GBR-EPSI(0.09)
278,LR-REAL-Political,0.5882352941176471,0.5089034329035683,3.3529411764705883,ST-GBR-EPSI(0.09)
279,LR-REAL-Political,0.5960784313725489,0.5036855933464767,3.4705882352941178,ST-GBR-EPSI(0.09)
280,LR-REAL-Political,0.6156862745098038,0.5017803503359728,3.3529411764705883,ST-GBR-EPSI(0.09)
281,LR-REAL-Political,0.5019607843137255,0.5125342688355576,3.6470588235294117,ST-GBR-EPSI(0.09)
282,LR-REAL-Political,0.7019607843137254,0.5582463819976023,3.764705882352941,ST-GBR-EPSI(0.09)
283,LR-REAL-Political,0.6627450980392158,0.5848287948986347,3.6470588235294117,ST-GBR-EPSI(0.09)
284,LR-REAL-Political,0.6588235294117648,0.48993638279183205,3.5294117647058822,ST-GBR-EPSI(0.09)
285,LR-REAL-Political,0.6431372549019608,0.5725676826511699,3.6470588235294117,ST-GBR-EPSI(0.09)
286,LR-REAL-Political,0.6549019607843138,0.5014546215943279,3.5294117647058822,ST-GBR-EPSI(0.09)
287,LR-REAL-Political,0.6313725490196079,0.4860113272594185,3.7058823529411766,ST-GBR-EPSI(0.09)
288,LR-REAL-Political,0.615686274509804,0.502792756411366,3.2941176470588234,ST-GBR-EPSI(0.09)
289,LR-REAL-Political,0.6431372549019608,0.49619925495945694,3.588235294117647,ST-GBR-EPSI(0.09)
290,LR-REAL-Political,0.6156862745098041,0.49498633436884926,3.764705882352941,ST-GBR-EPSI(0.09)
291,LR-REAL-Political,0.584313725490196,0.5143977111843838,3.1176470588235294,ST-GBR-EPSI(0.09)
292,LR-REAL-Political,0.5450980392156863,0.4972666697330093,3.7058823529411766,ST-GBR-EPSI(0.09)
293,LR-REAL-Political,0.6352941176470588,0.49625695164853645,3.411764705882353,ST-GBR-EPSI(0.09)
294,LR-REAL-Political,0.611764705882353,0.493864484571552,3.411764705882353,ST-GBR-EPSI(0.09)
295,LR-REAL-Political,0.611764705882353,0.4833731538730177,3.4705882352941178,ST-GBR-EPSI(0.09)
296,LR-REAL-Political,0.6196078431372549,0.491866663782788,3.6470588235294117,ST-GBR-EPSI(0.09)
297,LR-REAL-Political,0.5568627450980392,0.5013341194708144,3.2941176470588234,ST-GBR-EPSI(0.09)
298,LR-REAL-Political,0.6352941176470589,0.49665168678778676,3.4705882352941178,ST-GBR-EPSI(0.09)
299,LR-REAL-Political,0.7137254901960784,0.5132040723857826,3.7058823529411766,ST-GBR-EPSI(0.09)
300,LR-REAL-Political,0.5294117647058822,0.5104498254375746,2.588235294117647,ST-GBR-EPSI(0.12)
301,LR-REAL-Political,0.4901960784313725,0.5141119794019932,2.823529411764706,ST-GBR-EPSI(0.12)
302,LR-REAL-Political,0.6431372549019608,0.5815784297800474,3.0588235294117645,ST-GBR-EPSI(0.12)
303,LR-REAL-Political,0.5176470588235295,0.508513955589563,2.8823529411764706,ST-GBR-EPSI(0.12)
304,LR-REAL-Political,0.5490196078431372,0.48589872741414564,2.8823529411764706,ST-GBR-EPSI(0.12)
305,LR-REAL-Political,0.5686274509803921,0.586846273128465,2.8823529411764706,ST-GBR-EPSI(0.12)
306,LR-REAL-Political,0.5764705882352941,0.5992834396644056,2.8823529411764706,ST-GBR-EPSI(0.12)
307,LR-REAL-Political,0.5098039215686274,0.5697847473608051,2.6470588235294117,ST-GBR-EPSI(0.12)
308,LR-REAL-Political,0.5568627450980392,0.49731397745805406,2.823529411764706,ST-GBR-EPSI(0.12)
309,LR-REAL-Political,0.4745098039215686,0.5631544433704163,2.7058823529411766,ST-GBR-EPSI(0.12)
310,LR-REAL-Political,0.5843137254901961,0.6132531767087178,3.0,ST-GBR-EPSI(0.12)
311,LR-REAL-Political,0.6117647058823529,0.5079089256584165,2.823529411764706,ST-GBR-EPSI(0.12)
312,LR-REAL-Political,0.5803921568627451,0.5158429922254999,2.8823529411764706,ST-GBR-EPSI(0.12)
313,LR-REAL-Political,0.5490196078431373,0.5012628813480303,2.764705882352941,ST-GBR-EPSI(0.12)
314,LR-REAL-Political,0.4784313725490196,0.5448947817722335,2.5294117647058822,ST-GBR-EPSI(0.12)
315,LR-REAL-Political,0.5019607843137254,0.5719046748193141,2.8823529411764706,ST-GBR-EPSI(0.12)
316,LR-REAL-Political,0.5215686274509804,0.598058802630869,2.764705882352941,ST-GBR-EPSI(0.12)
317,LR-REAL-Political,0.4901960784313726,0.5932445398049071,2.9411764705882355,ST-GBR-EPSI(0.12)
318,LR-REAL-Political,0.49411764705882355,0.596413524906621,2.588235294117647,ST-GBR-EPSI(0.12)
319,LR-REAL-Political,0.49411764705882344,0.5071323470688157,3.0,ST-GBR-EPSI(0.12)
320,LR-REAL-Political,0.5215686274509803,0.6011474682499197,2.8823529411764706,ST-GBR-EPSI(0.12)
321,LR-REAL-Political,0.5686274509803922,0.6126607068254095,2.8823529411764706,ST-GBR-EPSI(0.12)
322,LR-REAL-Political,0.47058823529411764,0.5656483125426892,2.8823529411764706,ST-GBR-EPSI(0.12)
323,LR-REAL-Political,0.6039215686274509,0.5904834236086783,2.8823529411764706,ST-GBR-EPSI(0.12)
324,LR-REAL-Political,0.5921568627450979,0.5033374716469068,3.0,ST-GBR-EPSI(0.12)
325,LR-REAL-Political,0.5333333333333333,0.49298661882748845,2.823529411764706,ST-GBR-EPSI(0.12)
326,LR-REAL-Political,0.4901960784313725,0.5861912249536659,2.823529411764706,ST-GBR-EPSI(0.12)
327,LR-REAL-Political,0.584313725490196,0.494889907850787,2.764705882352941,ST-GBR-EPSI(0.12)
328,LR-REAL-Political,0.4784313725490196,0.5144473348898536,2.7058823529411766,ST-GBR-EPSI(0.12)
329,LR-REAL-Political,0.5215686274509803,0.49935774513597414,2.9411764705882355,ST-GBR-EPSI(0.12)
330,LR-REAL-Political,0.592156862745098,0.5139457467510711,3.0588235294117645,ST-GBR-EPSI(0.12)
331,LR-REAL-Political,0.4392156862745098,0.48703910570108816,2.8823529411764706,ST-GBR-EPSI(0.12)
332,LR-REAL-Political,0.5450980392156862,0.4996074610860641,2.6470588235294117,ST-GBR-EPSI(0.12)
333,LR-REAL-Political,0.5019607843137255,0.5634269089200576,2.764705882352941,ST-GBR-EPSI(0.12)
334,LR-REAL-Political,0.5568627450980392,0.49275969366320216,2.823529411764706,ST-GBR-EPSI(0.12)
335,LR-REAL-Political,0.5529411764705883,0.5819017407002024,2.6470588235294117,ST-GBR-EPSI(0.12)
336,LR-REAL-Political,0.5254901960784314,0.5004482234648223,2.5294117647058822,ST-GBR-EPSI(0.12)
337,LR-REAL-Political,0.5529411764705883,0.49827243054432846,3.1176470588235294,ST-GBR-EPSI(0.12)
338,LR-REAL-Political,0.5607843137254902,0.48561363704930444,2.8823529411764706,ST-GBR-EPSI(0.12)
339,LR-REAL-Political,0.5411764705882354,0.5012638976469641,2.764705882352941,ST-GBR-EPSI(0.12)
340,LR-REAL-Political,0.5137254901960784,0.49275039281797983,3.0588235294117645,ST-GBR-EPSI(0.12)
341,LR-REAL-Political,0.5294117647058824,0.5121966480042737,2.764705882352941,ST-GBR-EPSI(0.12)
342,LR-REAL-Political,0.4588235294117647,0.486366671639358,2.764705882352941,ST-GBR-EPSI(0.12)
343,LR-REAL-Political,0.592156862745098,0.5016460063602908,2.8823529411764706,ST-GBR-EPSI(0.12)
344,LR-REAL-Political,0.5215686274509803,0.49006155851079336,2.8823529411764706,ST-GBR-EPSI(0.12)
345,LR-REAL-Political,0.5137254901960785,0.48654602523614837,2.823529411764706,ST-GBR-EPSI(0.12)
346,LR-REAL-Political,0.5176470588235293,0.5093473009684575,2.823529411764706,ST-GBR-EPSI(0.12)
347,LR-REAL-Political,0.45882352941176463,0.5051398010611204,2.4705882352941178,ST-GBR-EPSI(0.12)
348,LR-REAL-Political,0.5764705882352941,0.499654904126039,2.8823529411764706,ST-GBR-EPSI(0.12)
349,LR-REAL-Political,0.5764705882352941,0.5044544171495033,2.7058823529411766,ST-GBR-EPSI(0.12)
350,LR-REAL-Political,0.4549019607843137,0.5049776914125876,2.235294117647059,ST-GBR-EPSI(0.14)
351,LR-REAL-Political,0.4352941176470588,0.49950807836703226,2.3529411764705883,ST-GBR-EPSI(0.14)
352,LR-REAL-Political,0.4666666666666666,0.5525721330410862,2.4705882352941178,ST-GBR-EPSI(0.14)
353,LR-REAL-Political,0.4666666666666666,0.5422435418224079,2.4705882352941178,ST-GBR-EPSI(0.14)
354,LR-REAL-Political,0.42745098039215684,0.49840150437083036,2.3529411764705883,ST-GBR-EPSI(0.14)
355,LR-REAL-Political,0.5137254901960784,0.5931286807870563,2.588235294117647,ST-GBR-EPSI(0.14)
356,LR-REAL-Political,0.4784313725490196,0.5888184176124768,2.411764705882353,ST-GBR-EPSI(0.14)
357,LR-REAL-Political,0.4156862745098039,0.5614373688456669,2.235294117647059,ST-GBR-EPSI(0.14)
358,LR-REAL-Political,0.5098039215686274,0.5065037000418365,2.588235294117647,ST-GBR-EPSI(0.14)
359,LR-REAL-Political,0.388235294117647,0.5669593593254117,2.2941176470588234,ST-GBR-EPSI(0.14)
360,LR-REAL-Political,0.4627450980392156,0.5611816576854226,2.3529411764705883,ST-GBR-EPSI(0.14)
361,LR-REAL-Political,0.48235294117647054,0.49979661925326574,2.235294117647059,ST-GBR-EPSI(0.14)
362,LR-REAL-Political,0.4666666666666666,0.5286860108180391,2.411764705882353,ST-GBR-EPSI(0.14)
363,LR-REAL-Political,0.4352941176470588,0.5298093245306948,2.2941176470588234,ST-GBR-EPSI(0.14)
364,LR-REAL-Political,0.40784313725490196,0.502660492267559,2.176470588235294,ST-GBR-EPSI(0.14)
365,LR-REAL-Political,0.43137254901960786,0.579034649455307,2.3529411764705883,ST-GBR-EPSI(0.14)
366,LR-REAL-Political,0.43921568627450974,0.4915505480904774,2.3529411764705883,ST-GBR-EPSI(0.14)
367,LR-REAL-Political,0.43921568627450974,0.498319489536023,2.411764705882353,ST-GBR-EPSI(0.14)
368,LR-REAL-Political,0.4196078431372549,0.604947972906627,2.2941176470588234,ST-GBR-EPSI(0.14)
369,LR-REAL-Political,0.388235294117647,0.5841907412491723,2.4705882352941178,ST-GBR-EPSI(0.14)
370,LR-REAL-Political,0.4509803921568627,0.5993603692566238,2.4705882352941178,ST-GBR-EPSI(0.14)
371,LR-REAL-Political,0.4745098039215686,0.6090373080165805,2.4705882352941178,ST-GBR-EPSI(0.14)
372,LR-REAL-Political,0.4235294117647059,0.5626588984408306,2.4705882352941178,ST-GBR-EPSI(0.14)
373,LR-REAL-Political,0.46274509803921565,0.596805805794152,2.3529411764705883,ST-GBR-EPSI(0.14)
374,LR-REAL-Political,0.580392156862745,0.5008781691553409,2.764705882352941,ST-GBR-EPSI(0.14)
375,LR-REAL-Political,0.44313725490196076,0.47929945216772357,2.411764705882353,ST-GBR-EPSI(0.14)
376,LR-REAL-Political,0.42745098039215684,0.594631461509042,2.411764705882353,ST-GBR-EPSI(0.14)
377,LR-REAL-Political,0.46274509803921565,0.507358996839489,2.2941176470588234,ST-GBR-EPSI(0.14)
378,LR-REAL-Political,0.4235294117647059,0.5014011180988922,2.3529411764705883,ST-GBR-EPSI(0.14)
379,LR-REAL-Political,0.5058823529411764,0.4933204525660341,2.588235294117647,ST-GBR-EPSI(0.14)
380,LR-REAL-Political,0.37254901960784315,0.495605750624102,2.176470588235294,ST-GBR-EPSI(0.14)
381,LR-REAL-Political,0.2823529411764706,0.49135877269220674,2.3529411764705883,ST-GBR-EPSI(0.14)
382,LR-REAL-Political,0.4980392156862744,0.4999615768108428,2.411764705882353,ST-GBR-EPSI(0.14)
383,LR-REAL-Political,0.35686274509803917,0.5878076233362407,2.0588235294117645,ST-GBR-EPSI(0.14)
384,LR-REAL-Political,0.4352941176470588,0.5809273916940519,2.3529411764705883,ST-GBR-EPSI(0.14)
385,LR-REAL-Political,0.46274509803921565,0.5877100256817797,2.235294117647059,ST-GBR-EPSI(0.14)
386,LR-REAL-Political,0.43137254901960786,0.4933271544424009,2.0588235294117645,ST-GBR-EPSI(0.14)
387,LR-REAL-Political,0.4274509803921568,0.5004513638534579,2.4705882352941178,ST-GBR-EPSI(0.14)
388,LR-REAL-Political,0.4862745098039216,0.4829262556240913,2.4705882352941178,ST-GBR-EPSI(0.14)
389,LR-REAL-Political,0.38431372549019605,0.4754357786292227,2.1176470588235294,ST-GBR-EPSI(0.14)
390,LR-REAL-Political,0.41960784313725485,0.4899430587251019,2.2941176470588234,ST-GBR-EPSI(0.14)
391,LR-REAL-Political,0.4666666666666667,0.4921262614058034,2.4705882352941178,ST-GBR-EPSI(0.14)
392,LR-REAL-Political,0.39999999999999997,0.4926344548899219,2.235294117647059,ST-GBR-EPSI(0.14)
393,LR-REAL-Political,0.4784313725490196,0.49408213925189864,2.3529411764705883,ST-GBR-EPSI(0.14)
394,LR-REAL-Political,0.4862745098039215,0.49149819008277135,2.6470588235294117,ST-GBR-EPSI(0.14)
395,LR-REAL-Political,0.41176470588235287,0.48689305190910176,2.3529411764705883,ST-GBR-EPSI(0.14)
396,LR-REAL-Political,0.4235294117647059,0.501241439189723,2.3529411764705883,ST-GBR-EPSI(0.14)
397,LR-REAL-Political,0.3490196078431373,0.5042718136113079,2.1176470588235294,ST-GBR-EPSI(0.14)
398,LR-REAL-Political,0.5372549019607843,0.4972828249642401,2.588235294117647,ST-GBR-EPSI(0.14)
399,LR-REAL-Political,0.4313725490196078,0.5582680336124237,2.1176470588235294,ST-GBR-EPSI(0.14)
400,LR-REAL-Political,0.33333333333333337,0.49349464629469,1.8235294117647058,ST-GBR-EPSI(0.16)
401,LR-REAL-Political,0.38431372549019605,0.5173348358852982,2.0,ST-GBR-EPSI(0.16)
402,LR-REAL-Political,0.27058823529411763,0.5084448426105658,1.8823529411764706,ST-GBR-EPSI(0.16)
403,LR-REAL-Political,0.3764705882352941,0.5482950311150737,2.1176470588235294,ST-GBR-EPSI(0.16)
404,LR-REAL-Political,0.30980392156862746,0.5047916084640274,2.0,ST-GBR-EPSI(0.16)
405,LR-REAL-Political,0.38431372549019605,0.5942736437266096,2.1176470588235294,ST-GBR-EPSI(0.16)
406,LR-REAL-Political,0.33333333333333337,0.5838926962587817,1.8823529411764706,ST-GBR-EPSI(0.16)
407,LR-REAL-Political,0.3333333333333333,0.5950052676298271,1.8235294117647058,ST-GBR-EPSI(0.16)
408,LR-REAL-Political,0.3607843137254902,0.592018796366189,1.9411764705882353,ST-GBR-EPSI(0.16)
409,LR-REAL-Political,0.2627450980392157,0.6037055468249173,1.9411764705882353,ST-GBR-EPSI(0.16)
410,LR-REAL-Political,0.4156862745098039,0.567601844478374,2.176470588235294,ST-GBR-EPSI(0.16)
411,LR-REAL-Political,0.4431372549019607,0.5027038928440958,2.1176470588235294,ST-GBR-EPSI(0.16)
412,LR-REAL-Political,0.2745098039215686,0.5176066588687709,1.8235294117647058,ST-GBR-EPSI(0.16)
413,LR-REAL-Political,0.30196078431372547,0.5649853469192833,1.8823529411764706,ST-GBR-EPSI(0.16)
414,LR-REAL-Political,0.3568627450980392,0.5378676004406127,2.0,ST-GBR-EPSI(0.16)
415,LR-REAL-Political,0.3411764705882353,0.607697681844876,1.9411764705882353,ST-GBR-EPSI(0.16)
416,LR-REAL-Political,0.3803921568627451,0.4997509982679104,2.176470588235294,ST-GBR-EPSI(0.16)
417,LR-REAL-Political,0.2941176470588235,0.5708955460944025,1.9411764705882353,ST-GBR-EPSI(0.16)
418,LR-REAL-Political,0.30980392156862746,0.5716208244531903,1.8235294117647058,ST-GBR-EPSI(0.16)
419,LR-REAL-Political,0.2745098039215686,0.5907609413203151,1.9411764705882353,ST-GBR-EPSI(0.16)
420,LR-REAL-Political,0.42745098039215684,0.5819093181273046,2.176470588235294,ST-GBR-EPSI(0.16)
421,LR-REAL-Political,0.34901960784313724,0.5619536567875332,2.0588235294117645,ST-GBR-EPSI(0.16)
422,LR-REAL-Political,0.35294117647058826,0.5292322235459003,2.176470588235294,ST-GBR-EPSI(0.16)
423,LR-REAL-Political,0.3764705882352941,0.5870616944558912,1.9411764705882353,ST-GBR-EPSI(0.16)
424,LR-REAL-Political,0.5019607843137255,0.49052290955258915,2.411764705882353,ST-GBR-EPSI(0.16)
425,LR-REAL-Political,0.34901960784313724,0.5102855134145546,2.0588235294117645,ST-GBR-EPSI(0.16)
426,LR-REAL-Political,0.3568627450980392,0.49944038385154876,2.0,ST-GBR-EPSI(0.16)
427,LR-REAL-Political,0.30980392156862746,0.5151961179358642,1.7647058823529411,ST-GBR-EPSI(0.16)
428,LR-REAL-Political,0.3647058823529412,0.4960913911523082,2.0588235294117645,ST-GBR-EPSI(0.16)
429,LR-REAL-Political,0.3058823529411765,0.5132378777232216,1.9411764705882353,ST-GBR-EPSI(0.16)
430,LR-REAL-Political,0.3254901960784313,0.504120916839707,2.0,ST-GBR-EPSI(0.16)
431,LR-REAL-Political,0.2392156862745098,0.5070629870014375,1.9411764705882353,ST-GBR-EPSI(0.16)
432,LR-REAL-Political,0.4078431372549019,0.4956510532255353,2.0588235294117645,ST-GBR-EPSI(0.16)
433,LR-REAL-Political,0.2156862745098039,0.562795884076679,1.6470588235294117,ST-GBR-EPSI(0.16)
434,LR-REAL-Political,0.32941176470588235,0.5573247570317986,1.9411764705882353,ST-GBR-EPSI(0.16)
435,LR-REAL-Political,0.3803921568627451,0.5749101126035602,1.9411764705882353,ST-GBR-EPSI(0.16)
436,LR-REAL-Political,0.3607843137254902,0.500110089766337,1.8235294117647058,ST-GBR-EPSI(0.16)
437,LR-REAL-Political,0.32156862745098036,0.48655652998359167,2.0,ST-GBR-EPSI(0.16)
438,LR-REAL-Political,0.3294117647058824,0.5030500323555969,2.0588235294117645,ST-GBR-EPSI(0.16)
439,LR-REAL-Political,0.3137254901960784,0.4970179400929925,1.8823529411764706,ST-GBR-EPSI(0.16)
440,LR-REAL-Political,0.24313725490196075,0.5075535636752719,1.7058823529411764,ST-GBR-EPSI(0.16)
441,LR-REAL-Political,0.4117647058823529,0.49826594751784165,2.235294117647059,ST-GBR-EPSI(0.16)
442,LR-REAL-Political,0.33333333333333337,0.5012161089300582,1.8823529411764706,ST-GBR-EPSI(0.16)
443,LR-REAL-Political,0.39999999999999997,0.510601471066443,2.0588235294117645,ST-GBR-EPSI(0.16)
444,LR-REAL-Political,0.3803921568627451,0.5053550551813423,2.0588235294117645,ST-GBR-EPSI(0.16)
445,LR-REAL-Political,0.3333333333333333,0.49601332226547823,2.1176470588235294,ST-GBR-EPSI(0.16)
446,LR-REAL-Political,0.33725490196078434,0.4851782314646688,2.0,ST-GBR-EPSI(0.16)
447,LR-REAL-Political,0.3137254901960785,0.4895442459215072,2.0588235294117645,ST-GBR-EPSI(0.16)
448,LR-REAL-Political,0.4784313725490196,0.4933526707674704,2.2941176470588234,ST-GBR-EPSI(0.16)
449,LR-REAL-Political,0.2588235294117647,0.588385832813061,1.7058823529411764,ST-GBR-EPSI(0.16)
450,LR-REAL-Political,0.24705882352941178,0.5158167585433211,1.588235294117647,ST-GBR-EPSI(0.18)
451,LR-REAL-Political,0.2549019607843137,0.5905514783297561,1.6470588235294117,ST-GBR-EPSI(0.18)
452,LR-REAL-Political,0.18823529411764706,0.4966150842954819,1.588235294117647,ST-GBR-EPSI(0.18)
453,LR-REAL-Political,0.2549019607843137,0.515355117205566,1.7058823529411764,ST-GBR-EPSI(0.18)
454,LR-REAL-Political,0.2156862745098039,0.5248738755778823,1.7058823529411764,ST-GBR-EPSI(0.18)
455,LR-REAL-Political,0.3333333333333333,0.5878660618285868,2.0,ST-GBR-EPSI(0.18)
456,LR-REAL-Political,0.17647058823529413,0.5876247891714995,1.4705882352941178,ST-GBR-EPSI(0.18)
457,LR-REAL-Political,0.2627450980392157,0.5787768128836563,1.6470588235294117,ST-GBR-EPSI(0.18)
458,LR-REAL-Political,0.23137254901960785,0.49389945711456534,1.7058823529411764,ST-GBR-EPSI(0.18)
459,LR-REAL-Political,0.14509803921568626,0.5140763601214428,1.6470588235294117,ST-GBR-EPSI(0.18)
460,LR-REAL-Political,0.2980392156862745,0.5523332253887295,1.8235294117647058,ST-GBR-EPSI(0.18)
461,LR-REAL-Political,0.26666666666666666,0.5187649498144026,1.6470588235294117,ST-GBR-EPSI(0.18)
462,LR-REAL-Political,0.1607843137254902,0.5034874573043123,1.4705882352941178,ST-GBR-EPSI(0.18)
463,LR-REAL-Political,0.2196078431372549,0.5355311606722014,1.6470588235294117,ST-GBR-EPSI(0.18)
464,LR-REAL-Political,0.2862745098039216,0.5460555664242082,1.7647058823529411,ST-GBR-EPSI(0.18)
465,LR-REAL-Political,0.12156862745098038,0.5439662407114105,1.3529411764705883,ST-GBR-EPSI(0.18)
466,LR-REAL-Political,0.29411764705882354,0.49853359730296504,1.7647058823529411,ST-GBR-EPSI(0.18)
467,LR-REAL-Political,0.20784313725490197,0.5889918399418181,1.6470588235294117,ST-GBR-EPSI(0.18)
468,LR-REAL-Political,0.25882352941176473,0.5890112972583227,1.6470588235294117,ST-GBR-EPSI(0.18)
469,LR-REAL-Political,0.20392156862745098,0.595894975724069,1.6470588235294117,ST-GBR-EPSI(0.18)
470,LR-REAL-Political,0.30196078431372547,0.488634033552299,1.7647058823529411,ST-GBR-EPSI(0.18)
471,LR-REAL-Political,0.14901960784313728,0.8275472564507679,1.411764705882353,ST-GBR-EPSI(0.18)
472,LR-REAL-Political,0.2196078431372549,0.5417250937386667,1.7058823529411764,ST-GBR-EPSI(0.18)
473,LR-REAL-Political,0.3098039215686274,0.5888829671981833,1.7647058823529411,ST-GBR-EPSI(0.18)
474,LR-REAL-Political,0.2588235294117647,0.49060339735848174,1.7058823529411764,ST-GBR-EPSI(0.18)
475,LR-REAL-Political,0.2392156862745098,0.4919410904294833,1.7647058823529411,ST-GBR-EPSI(0.18)
476,LR-REAL-Political,0.25098039215686274,0.5477000951901635,1.7647058823529411,ST-GBR-EPSI(0.18)
477,LR-REAL-Political,0.20392156862745095,0.5069642566026661,1.5294117647058822,ST-GBR-EPSI(0.18)
478,LR-REAL-Political,0.27450980392156865,0.4997500925705072,1.8235294117647058,ST-GBR-EPSI(0.18)
479,LR-REAL-Political,0.24705882352941178,0.484875238046418,1.7647058823529411,ST-GBR-EPSI(0.18)
480,LR-REAL-Political,0.2549019607843137,0.4904508834506181,1.7647058823529411,ST-GBR-EPSI(0.18)
481,LR-REAL-Political,0.23137254901960785,0.5056437876185067,1.7058823529411764,ST-GBR-EPSI(0.18)
482,LR-REAL-Political,0.1686274509803922,0.49477126849106356,1.4705882352941178,ST-GBR-EPSI(0.18)
483,LR-REAL-Political,0.19215686274509802,0.5576957390100844,1.5294117647058822,ST-GBR-EPSI(0.18)
484,LR-REAL-Political,0.2117647058823529,0.5743409678735655,1.6470588235294117,ST-GBR-EPSI(0.18)
485,LR-REAL-Political,0.2627450980392157,0.592445637188533,1.588235294117647,ST-GBR-EPSI(0.18)
486,LR-REAL-Political,0.2980392156862745,0.5076310613085862,1.7058823529411764,ST-GBR-EPSI(0.18)
487,LR-REAL-Political,0.1607843137254902,0.48988603188129326,1.5294117647058822,ST-GBR-EPSI(0.18)
488,LR-REAL-Political,0.25098039215686274,0.49245356755382463,1.8235294117647058,ST-GBR-EPSI(0.18)
489,LR-REAL-Political,0.20392156862745098,0.4966283887232181,1.588235294117647,ST-GBR-EPSI(0.18)
490,LR-REAL-Political,0.19999999999999998,0.502415749994929,1.588235294117647,ST-GBR-EPSI(0.18)
491,LR-REAL-Political,0.3568627450980392,0.49755175981704425,2.0,ST-GBR-EPSI(0.18)
492,LR-REAL-Political,0.24705882352941178,0.5021844054612205,1.7058823529411764,ST-GBR-EPSI(0.18)
493,LR-REAL-Political,0.31764705882352945,0.5013894225905021,1.8235294117647058,ST-GBR-EPSI(0.18)
494,LR-REAL-Political,0.2117647058823529,0.4971131145208346,1.5294117647058822,ST-GBR-EPSI(0.18)
495,LR-REAL-Political,0.20392156862745095,0.5010482391034077,1.588235294117647,ST-GBR-EPSI(0.18)
496,LR-REAL-Political,0.1411764705882353,0.5070224530863172,1.4705882352941178,ST-GBR-EPSI(0.18)
497,LR-REAL-Political,0.24705882352941178,0.5032155974189342,1.7058823529411764,ST-GBR-EPSI(0.18)
498,LR-REAL-Political,0.2823529411764706,0.4877716017769725,1.7058823529411764,ST-GBR-EPSI(0.18)
499,LR-REAL-Political,0.2392156862745098,0.5962034305481551,1.6470588235294117,ST-GBR-EPSI(0.18)
500,LR-REAL-Political,0.21176470588235294,0.517597108168931,1.4705882352941178,ST-GBR-EPSI(0.2)
501,LR-REAL-Political,0.15294117647058825,0.5017040642267371,1.411764705882353,ST-GBR-EPSI(0.2)
502,LR-REAL-Political,0.11372549019607843,0.574934985505998,1.3529411764705883,ST-GBR-EPSI(0.2)
503,LR-REAL-Political,0.1843137254901961,0.5736732624834091,1.4705882352941178,ST-GBR-EPSI(0.2)
504,LR-REAL-Political,0.16078431372549018,0.49093009492866985,1.4705882352941178,ST-GBR-EPSI(0.2)
505,LR-REAL-Political,0.2431372549019608,0.5383242444611105,1.7058823529411764,ST-GBR-EPSI(0.2)
506,LR-REAL-Political,0.12549019607843137,0.5902521861927843,1.3529411764705883,ST-GBR-EPSI(0.2)
507,LR-REAL-Political,0.1568627450980392,0.6090959917382648,1.411764705882353,ST-GBR-EPSI(0.2)
508,LR-REAL-Political,0.21176470588235294,0.5017338813859974,1.588235294117647,ST-GBR-EPSI(0.2)
509,LR-REAL-Political,0.1254901960784314,0.5911426067089186,1.411764705882353,ST-GBR-EPSI(0.2)
510,LR-REAL-Political,0.2117647058823529,0.5023891933437254,1.588235294117647,ST-GBR-EPSI(0.2)
511,LR-REAL-Political,0.14509803921568626,0.5227556796572068,1.3529411764705883,ST-GBR-EPSI(0.2)
512,LR-REAL-Political,0.10980392156862745,0.5091885510336401,1.2941176470588236,ST-GBR-EPSI(0.2)
513,LR-REAL-Political,0.10980392156862745,0.4974368810359863,1.2941176470588236,ST-GBR-EPSI(0.2)
514,LR-REAL-Political,0.1803921568627451,0.5195771767099965,1.411764705882353,ST-GBR-EPSI(0.2)
515,LR-REAL-Political,0.054901960784313725,0.598253892515665,1.1764705882352942,ST-GBR-EPSI(0.2)
516,LR-REAL-Political,0.25490196078431376,0.5056298095871643,1.6470588235294117,ST-GBR-EPSI(0.2)
517,LR-REAL-Political,0.11372549019607842,0.5927692936370653,1.411764705882353,ST-GBR-EPSI(0.2)
518,LR-REAL-Political,0.20392156862745098,0.5960094258521927,1.5294117647058822,ST-GBR-EPSI(0.2)
519,LR-REAL-Political,0.06666666666666667,0.5401977759394817,1.2941176470588236,ST-GBR-EPSI(0.2)
520,LR-REAL-Political,0.14901960784313725,0.5019887149008837,1.3529411764705883,ST-GBR-EPSI(0.2)
521,LR-REAL-Political,0.09803921568627451,0.4993620347114183,1.2941176470588236,ST-GBR-EPSI(0.2)
522,LR-REAL-Political,0.14901960784313725,0.51804831668289,1.4705882352941178,ST-GBR-EPSI(0.2)
523,LR-REAL-Political,0.16862745098039217,0.5198460965781513,1.411764705882353,ST-GBR-EPSI(0.2)
524,LR-REAL-Political,0.08627450980392157,0.5273625511773862,1.2941176470588236,ST-GBR-EPSI(0.2)
525,LR-REAL-Political,0.1411764705882353,0.49180476789829386,1.411764705882353,ST-GBR-EPSI(0.2)
526,LR-REAL-Political,0.19215686274509805,0.5107856772088852,1.5294117647058822,ST-GBR-EPSI(0.2)
527,LR-REAL-Political,0.19215686274509802,0.5100375634009462,1.4705882352941178,ST-GBR-EPSI(0.2)
528,LR-REAL-Political,0.203921568627451,0.5020219481075718,1.6470588235294117,ST-GBR-EPSI(0.2)
529,LR-REAL-Political,0.18823529411764706,0.49378244890953843,1.588235294117647,ST-GBR-EPSI(0.2)
530,LR-REAL-Political,0.2196078431372549,0.49215727857116126,1.6470588235294117,ST-GBR-EPSI(0.2)
531,LR-REAL-Political,0.17647058823529413,0.4855201349774808,1.4705882352941178,ST-GBR-EPSI(0.2)
532,LR-REAL-Political,0.1215686274509804,0.5047954930217401,1.3529411764705883,ST-GBR-EPSI(0.2)
533,LR-REAL-Political,0.18039215686274512,0.5887833246136117,1.4705882352941178,ST-GBR-EPSI(0.2)
534,LR-REAL-Political,0.1568627450980392,0.5743761852374628,1.4705882352941178,ST-GBR-EPSI(0.2)
535,LR-REAL-Political,0.21176470588235294,0.5879178017135969,1.4705882352941178,ST-GBR-EPSI(0.2)
536,LR-REAL-Political,0.25098039215686274,0.5030997997838141,1.588235294117647,ST-GBR-EPSI(0.2)
537,LR-REAL-Political,0.058823529411764705,0.49176342989068916,1.2941176470588236,ST-GBR-EPSI(0.2)
538,LR-REAL-Political,0.18823529411764706,0.49569064380873873,1.5294117647058822,ST-GBR-EPSI(0.2)
539,LR-REAL-Political,0.1843137254901961,0.49122974424212823,1.5294117647058822,ST-GBR-EPSI(0.2)
540,LR-REAL-Political,0.10980392156862745,0.4969658591985686,1.411764705882353,ST-GBR-EPSI(0.2)
541,LR-REAL-Political,0.26666666666666666,0.5057802865714796,1.6470588235294117,ST-GBR-EPSI(0.2)
542,LR-REAL-Political,0.14901960784313728,0.5026683165240574,1.411764705882353,ST-GBR-EPSI(0.2)
543,LR-REAL-Political,0.25882352941176473,0.49783565118684253,1.6470588235294117,ST-GBR-EPSI(0.2)
544,LR-REAL-Political,0.1450980392156863,0.5049124161177958,1.3529411764705883,ST-GBR-EPSI(0.2)
545,LR-REAL-Political,0.16470588235294117,0.49251764914705215,1.4705882352941178,ST-GBR-EPSI(0.2)
546,LR-REAL-Political,0.12156862745098038,0.5032136245233885,1.411764705882353,ST-GBR-EPSI(0.2)
547,LR-REAL-Political,0.16470588235294117,0.49932948523793724,1.5294117647058822,ST-GBR-EPSI(0.2)
548,LR-REAL-Political,0.1843137254901961,0.48777739468476417,1.4705882352941178,ST-GBR-EPSI(0.2)
549,LR-REAL-Political,0.10980392156862744,0.5843750474605949,1.2941176470588236,ST-GBR-EPSI(0.2)
550,LR-REAL-Political,0.7725490196078432,1.2474625615822639,6.0,Chain-GBR-RR-EPSI(0.0)
551,LR-REAL-Political,0.5843137254901961,1.243007641081368,6.0,Chain-GBR-RR-EPSI(0.0)
552,LR-REAL-Political,0.7254901960784315,1.2718435145037914,6.0,Chain-GBR-RR-EPSI(0.0)
553,LR-REAL-Political,0.623529411764706,1.2592394191863479,6.0,Chain-GBR-RR-EPSI(0.0)
554,LR-REAL-Political,0.6470588235294118,1.2296215179480485,6.0,Chain-GBR-RR-EPSI(0.0)
555,LR-REAL-Political,0.7254901960784315,1.2453806026293088,6.0,Chain-GBR-RR-EPSI(0.0)
556,LR-REAL-Political,0.7176470588235294,1.2860207487132522,6.0,Chain-GBR-RR-EPSI(0.0)
557,LR-REAL-Political,0.7568627450980392,1.2896779469625443,6.0,Chain-GBR-RR-EPSI(0.0)
558,LR-REAL-Political,0.6705882352941177,1.2370503551092682,6.0,Chain-GBR-RR-EPSI(0.0)
559,LR-REAL-Political,0.6549019607843137,1.2528120299329135,6.0,Chain-GBR-RR-EPSI(0.0)
560,LR-REAL-Political,0.7019607843137255,1.2537783983892292,6.0,Chain-GBR-RR-EPSI(0.0)
561,LR-REAL-Political,0.7960784313725491,1.2542639965505005,6.0,Chain-GBR-RR-EPSI(0.0)
562,LR-REAL-Political,0.7254901960784315,1.260665135130643,6.0,Chain-GBR-RR-EPSI(0.0)
563,LR-REAL-Political,0.6784313725490198,1.2410648621651783,6.0,Chain-GBR-RR-EPSI(0.0)
564,LR-REAL-Political,0.6705882352941177,1.2295669308729316,6.0,Chain-GBR-RR-EPSI(0.0)
565,LR-REAL-Political,0.7019607843137255,1.241723734275748,6.0,Chain-GBR-RR-EPSI(0.0)
566,LR-REAL-Political,0.6627450980392158,1.2462577760449272,6.0,Chain-GBR-RR-EPSI(0.0)
567,LR-REAL-Political,0.6313725490196079,1.2686948533622606,6.0,Chain-GBR-RR-EPSI(0.0)
568,LR-REAL-Political,0.6470588235294118,1.248767499224737,6.0,Chain-GBR-RR-EPSI(0.0)
569,LR-REAL-Political,0.6549019607843137,1.253398535488271,6.0,Chain-GBR-RR-EPSI(0.0)
570,LR-REAL-Political,0.6627450980392157,1.2467414127997951,6.0,Chain-GBR-RR-EPSI(0.0)
571,LR-REAL-Political,0.7254901960784315,1.2428189343210838,6.0,Chain-GBR-RR-EPSI(0.0)
572,LR-REAL-Political,0.6627450980392157,1.2450924567964186,6.0,Chain-GBR-RR-EPSI(0.0)
573,LR-REAL-Political,0.7098039215686275,1.227266800776239,6.0,Chain-GBR-RR-EPSI(0.0)
574,LR-REAL-Political,0.6235294117647059,1.228084716821749,6.0,Chain-GBR-RR-EPSI(0.0)
575,LR-REAL-Political,0.6627450980392158,1.23302769922117,6.0,Chain-GBR-RR-EPSI(0.0)
576,LR-REAL-Political,0.592156862745098,1.2313513674586687,6.0,Chain-GBR-RR-EPSI(0.0)
577,LR-REAL-Political,0.8196078431372549,1.2444000740898367,6.0,Chain-GBR-RR-EPSI(0.0)
578,LR-REAL-Political,0.6470588235294118,1.22312048243106,6.0,Chain-GBR-RR-EPSI(0.0)
579,LR-REAL-Political,0.6784313725490196,1.2229850036843035,6.0,Chain-GBR-RR-EPSI(0.0)
580,LR-REAL-Political,0.7019607843137255,1.2288525593882311,6.0,Chain-GBR-RR-EPSI(0.0)
581,LR-REAL-Political,0.5764705882352941,1.2172818319655534,6.0,Chain-GBR-RR-EPSI(0.0)
582,LR-REAL-Political,0.7254901960784315,1.229841862418275,6.0,Chain-GBR-RR-EPSI(0.0)
583,LR-REAL-Political,0.7254901960784315,1.2316983573296827,6.0,Chain-GBR-RR-EPSI(0.0)
584,LR-REAL-Political,0.7254901960784315,1.2231769073983105,6.0,Chain-GBR-RR-EPSI(0.0)
585,LR-REAL-Political,0.6941176470588236,1.2284405731631198,6.0,Chain-GBR-RR-EPSI(0.0)
586,LR-REAL-Political,0.7176470588235294,1.222379288595637,6.0,Chain-GBR-RR-EPSI(0.0)
587,LR-REAL-Political,0.6392156862745098,1.225725589257969,6.0,Chain-GBR-RR-EPSI(0.0)
588,LR-REAL-Political,0.6862745098039216,1.2272679845958574,6.0,Chain-GBR-RR-EPSI(0.0)
589,LR-REAL-Political,0.7254901960784315,1.222251220958392,6.0,Chain-GBR-RR-EPSI(0.0)
590,LR-REAL-Political,0.6862745098039216,1.2180481411969708,6.0,Chain-GBR-RR-EPSI(0.0)
591,LR-REAL-Political,0.7333333333333334,1.2307827053234595,6.0,Chain-GBR-RR-EPSI(0.0)
592,LR-REAL-Political,0.607843137254902,1.2291404483832378,6.0,Chain-GBR-RR-EPSI(0.0)
593,LR-REAL-Political,0.6862745098039216,1.2299215719880159,6.0,Chain-GBR-RR-EPSI(0.0)
594,LR-REAL-Political,0.6784313725490196,1.2222318400184597,6.0,Chain-GBR-RR-EPSI(0.0)
595,LR-REAL-Political,0.6627450980392158,1.210697781000296,6.0,Chain-GBR-RR-EPSI(0.0)
596,LR-REAL-Political,0.6705882352941178,1.2252179687675901,6.0,Chain-GBR-RR-EPSI(0.0)
597,LR-REAL-Political,0.6705882352941178,1.2237462218018549,6.0,Chain-GBR-RR-EPSI(0.0)
598,LR-REAL-Political,0.7019607843137255,1.2231924824252591,6.0,Chain-GBR-RR-EPSI(0.0)
599,LR-REAL-Political,0.8117647058823529,1.220023945884623,6.0,Chain-GBR-RR-EPSI(0.0)
600,LR-REAL-Political,0.7803921568627451,1.2641911434709117,5.764705882352941,Chain-GBR-RR-EPSI(0.01)
601,LR-REAL-Political,0.5803921568627451,1.243190476675566,5.823529411764706,Chain-GBR-RR-EPSI(0.01)
602,LR-REAL-Political,0.7176470588235295,1.2643946540289515,5.764705882352941,Chain-GBR-RR-EPSI(0.01)
603,LR-REAL-Political,0.623529411764706,1.250841107356886,5.882352941176471,Chain-GBR-RR-EPSI(0.01)
604,LR-REAL-Political,0.6549019607843137,1.2285901446552152,5.764705882352941,Chain-GBR-RR-EPSI(0.01)
605,LR-REAL-Political,0.7254901960784315,1.2408050609577805,5.529411764705882,Chain-GBR-RR-EPSI(0.01)
606,LR-REAL-Political,0.7294117647058824,1.2486545269219331,5.705882352941177,Chain-GBR-RR-EPSI(0.01)
607,LR-REAL-Political,0.7607843137254902,1.2649226528377615,5.9411764705882355,Chain-GBR-RR-EPSI(0.01)
608,LR-REAL-Political,0.6588235294117647,1.2427742512478608,5.705882352941177,Chain-GBR-RR-EPSI(0.01)
609,LR-REAL-Political,0.6549019607843137,1.2681005214057823,5.882352941176471,Chain-GBR-RR-EPSI(0.01)
610,LR-REAL-Political,0.7098039215686276,1.2672042008615279,5.764705882352941,Chain-GBR-RR-EPSI(0.01)
611,LR-REAL-Political,0.7960784313725491,1.2548811619372962,6.0,Chain-GBR-RR-EPSI(0.01)
612,LR-REAL-Political,0.7294117647058824,1.2622912030220623,5.882352941176471,Chain-GBR-RR-EPSI(0.01)
613,LR-REAL-Political,0.6823529411764707,1.23422339570721,5.9411764705882355,Chain-GBR-RR-EPSI(0.01)
614,LR-REAL-Political,0.6745098039215687,1.226495348024551,5.823529411764706,Chain-GBR-RR-EPSI(0.01)
615,LR-REAL-Political,0.6980392156862746,1.2423600524589078,5.647058823529412,Chain-GBR-RR-EPSI(0.01)
616,LR-REAL-Political,0.6627450980392158,1.2408590602093788,5.764705882352941,Chain-GBR-RR-EPSI(0.01)
617,LR-REAL-Political,0.6313725490196078,1.25213559601833,5.764705882352941,Chain-GBR-RR-EPSI(0.01)
618,LR-REAL-Political,0.6470588235294118,1.251537522562033,5.647058823529412,Chain-GBR-RR-EPSI(0.01)
619,LR-REAL-Political,0.6588235294117647,1.246625828898121,5.823529411764706,Chain-GBR-RR-EPSI(0.01)
620,LR-REAL-Political,0.6627450980392158,1.2424476661480655,5.529411764705882,Chain-GBR-RR-EPSI(0.01)
621,LR-REAL-Political,0.7176470588235295,1.233501013630543,5.882352941176471,Chain-GBR-RR-EPSI(0.01)
622,LR-REAL-Political,0.6666666666666666,1.2351433574744395,5.823529411764706,Chain-GBR-RR-EPSI(0.01)
623,LR-REAL-Political,0.7215686274509805,1.228563333564437,5.352941176470588,Chain-GBR-RR-EPSI(0.01)
624,LR-REAL-Political,0.6313725490196079,1.2263846705084052,5.764705882352941,Chain-GBR-RR-EPSI(0.01)
625,LR-REAL-Political,0.6627450980392158,1.2294243118905626,5.882352941176471,Chain-GBR-RR-EPSI(0.01)
626,LR-REAL-Political,0.592156862745098,1.2305324594716394,6.0,Chain-GBR-RR-EPSI(0.01)
627,LR-REAL-Political,0.8196078431372549,1.2440286500626156,5.764705882352941,Chain-GBR-RR-EPSI(0.01)
628,LR-REAL-Political,0.6509803921568629,1.2111763049582733,5.647058823529412,Chain-GBR-RR-EPSI(0.01)
629,LR-REAL-Political,0.6705882352941177,1.2232414957166675,5.647058823529412,Chain-GBR-RR-EPSI(0.01)
630,LR-REAL-Political,0.7058823529411765,1.2113461147283842,5.9411764705882355,Chain-GBR-RR-EPSI(0.01)
631,LR-REAL-Political,0.5764705882352941,1.217842610191054,5.705882352941177,Chain-GBR-RR-EPSI(0.01)
632,LR-REAL-Political,0.7254901960784315,1.226882705607801,5.764705882352941,Chain-GBR-RR-EPSI(0.01)
633,LR-REAL-Political,0.7215686274509804,1.2195189442859875,5.823529411764706,Chain-GBR-RR-EPSI(0.01)
634,LR-REAL-Political,0.7490196078431373,1.2247241265317699,5.588235294117647,Chain-GBR-RR-EPSI(0.01)
635,LR-REAL-Political,0.6980392156862746,1.2213554260736113,5.823529411764706,Chain-GBR-RR-EPSI(0.01)
636,LR-REAL-Political,0.7215686274509805,1.2214900749367554,5.9411764705882355,Chain-GBR-RR-EPSI(0.01)
637,LR-REAL-Political,0.6509803921568628,1.2396445959610751,5.705882352941177,Chain-GBR-RR-EPSI(0.01)
638,LR-REAL-Political,0.6901960784313725,1.2194323223006878,5.588235294117647,Chain-GBR-RR-EPSI(0.01)
639,LR-REAL-Political,0.7176470588235295,1.2208987365396415,5.764705882352941,Chain-GBR-RR-EPSI(0.01)
640,LR-REAL-Political,0.6784313725490196,1.2266124116103088,5.647058823529412,Chain-GBR-RR-EPSI(0.01)
641,LR-REAL-Political,0.7333333333333334,1.2238419560303202,5.764705882352941,Chain-GBR-RR-EPSI(0.01)
642,LR-REAL-Political,0.592156862745098,1.2287541288340926,5.764705882352941,Chain-GBR-RR-EPSI(0.01)
643,LR-REAL-Political,0.6980392156862746,1.2263052330400586,5.588235294117647,Chain-GBR-RR-EPSI(0.01)
644,LR-REAL-Political,0.6862745098039217,1.222763463962389,5.882352941176471,Chain-GBR-RR-EPSI(0.01)
645,LR-REAL-Political,0.6666666666666667,1.210507215300742,5.823529411764706,Chain-GBR-RR-EPSI(0.01)
646,LR-REAL-Political,0.6862745098039217,1.2236586988135838,5.647058823529412,Chain-GBR-RR-EPSI(0.01)
647,LR-REAL-Political,0.6666666666666667,1.2231776276791553,5.823529411764706,Chain-GBR-RR-EPSI(0.01)
648,LR-REAL-Political,0.6901960784313727,1.2215555476352866,5.705882352941177,Chain-GBR-RR-EPSI(0.01)
649,LR-REAL-Political,0.807843137254902,1.219051632861453,5.823529411764706,Chain-GBR-RR-EPSI(0.01)
650,LR-REAL-Political,0.788235294117647,1.254637128996397,5.235294117647059,Chain-GBR-RR-EPSI(0.03)
651,LR-REAL-Political,0.5725490196078432,1.2545073518990184,5.352941176470588,Chain-GBR-RR-EPSI(0.03)
652,LR-REAL-Political,0.6941176470588236,1.2507540384301414,5.176470588235294,Chain-GBR-RR-EPSI(0.03)
653,LR-REAL-Political,0.6156862745098038,1.2360380285868182,5.176470588235294,Chain-GBR-RR-EPSI(0.03)
654,LR-REAL-Political,0.6431372549019608,1.2766638274640827,5.235294117647059,Chain-GBR-RR-EPSI(0.03)
655,LR-REAL-Political,0.7215686274509804,1.239491953498578,5.176470588235294,Chain-GBR-RR-EPSI(0.03)
656,LR-REAL-Political,0.7058823529411765,1.2484555877376662,5.235294117647059,Chain-GBR-RR-EPSI(0.03)
657,LR-REAL-Political,0.7490196078431373,1.253575021305989,5.294117647058823,Chain-GBR-RR-EPSI(0.03)
658,LR-REAL-Political,0.6745098039215688,1.237867604023861,5.352941176470588,Chain-GBR-RR-EPSI(0.03)
659,LR-REAL-Political,0.6666666666666667,1.2665702963758974,5.294117647058823,Chain-GBR-RR-EPSI(0.03)
660,LR-REAL-Political,0.7137254901960786,1.2471421940967133,5.235294117647059,Chain-GBR-RR-EPSI(0.03)
661,LR-REAL-Political,0.7686274509803921,1.2542793225474287,5.470588235294118,Chain-GBR-RR-EPSI(0.03)
662,LR-REAL-Political,0.7450980392156863,1.254021747712622,5.411764705882353,Chain-GBR-RR-EPSI(0.03)
663,LR-REAL-Political,0.6823529411764707,1.2360347596353463,5.176470588235294,Chain-GBR-RR-EPSI(0.03)
664,LR-REAL-Political,0.6784313725490196,1.225407833669238,5.529411764705882,Chain-GBR-RR-EPSI(0.03)
665,LR-REAL-Political,0.6980392156862746,1.2359551960326922,5.117647058823529,Chain-GBR-RR-EPSI(0.03)
666,LR-REAL-Political,0.6509803921568627,1.242193676375383,5.411764705882353,Chain-GBR-RR-EPSI(0.03)
667,LR-REAL-Political,0.6235294117647059,1.2439142875408118,5.176470588235294,Chain-GBR-RR-EPSI(0.03)
668,LR-REAL-Political,0.6588235294117647,1.2576581648507401,5.0588235294117645,Chain-GBR-RR-EPSI(0.03)
669,LR-REAL-Political,0.6392156862745099,1.2907646457526316,5.411764705882353,Chain-GBR-RR-EPSI(0.03)
670,LR-REAL-Political,0.6745098039215687,1.2401113058589919,5.0588235294117645,Chain-GBR-RR-EPSI(0.03)
671,LR-REAL-Political,0.7058823529411765,1.2230135525836745,5.411764705882353,Chain-GBR-RR-EPSI(0.03)
672,LR-REAL-Political,0.6549019607843137,1.2317600936972564,5.470588235294118,Chain-GBR-RR-EPSI(0.03)
673,LR-REAL-Political,0.7294117647058824,1.2310009471499792,5.117647058823529,Chain-GBR-RR-EPSI(0.03)
674,LR-REAL-Political,0.611764705882353,1.2358077096698898,5.235294117647059,Chain-GBR-RR-EPSI(0.03)
675,LR-REAL-Political,0.6588235294117648,1.232357609504523,5.352941176470588,Chain-GBR-RR-EPSI(0.03)
676,LR-REAL-Political,0.603921568627451,1.2306927620865489,5.411764705882353,Chain-GBR-RR-EPSI(0.03)
677,LR-REAL-Political,0.8235294117647058,1.2270603585618969,5.588235294117647,Chain-GBR-RR-EPSI(0.03)
678,LR-REAL-Political,0.6705882352941177,1.2096557070553438,5.0588235294117645,Chain-GBR-RR-EPSI(0.03)
679,LR-REAL-Political,0.6784313725490196,1.2231583189044435,5.0588235294117645,Chain-GBR-RR-EPSI(0.03)
680,LR-REAL-Political,0.7215686274509805,1.2123437595385869,5.352941176470588,Chain-GBR-RR-EPSI(0.03)
681,LR-REAL-Political,0.580392156862745,1.2168732488277465,5.176470588235294,Chain-GBR-RR-EPSI(0.03)
682,LR-REAL-Political,0.7333333333333334,1.2237673306486079,5.235294117647059,Chain-GBR-RR-EPSI(0.03)
683,LR-REAL-Political,0.7215686274509804,1.2191804078482449,5.647058823529412,Chain-GBR-RR-EPSI(0.03)
684,LR-REAL-Political,0.7450980392156863,1.2267160642219395,5.0588235294117645,Chain-GBR-RR-EPSI(0.03)
685,LR-REAL-Political,0.7058823529411765,1.2249534540310614,5.294117647058823,Chain-GBR-RR-EPSI(0.03)
686,LR-REAL-Political,0.7098039215686275,1.2223272802725,5.411764705882353,Chain-GBR-RR-EPSI(0.03)
687,LR-REAL-Political,0.6627450980392157,1.2336788662862197,5.176470588235294,Chain-GBR-RR-EPSI(0.03)
688,LR-REAL-Political,0.6549019607843137,1.219944680535467,5.117647058823529,Chain-GBR-RR-EPSI(0.03)
689,LR-REAL-Political,0.6823529411764707,1.222863603641392,4.823529411764706,Chain-GBR-RR-EPSI(0.03)
690,LR-REAL-Political,0.6901960784313727,1.2209426084207258,5.352941176470588,Chain-GBR-RR-EPSI(0.03)
691,LR-REAL-Political,0.7058823529411765,1.2280716211212586,5.235294117647059,Chain-GBR-RR-EPSI(0.03)
692,LR-REAL-Political,0.5843137254901961,1.2301593963090287,5.117647058823529,Chain-GBR-RR-EPSI(0.03)
693,LR-REAL-Political,0.6784313725490196,1.2285635147403462,5.117647058823529,Chain-GBR-RR-EPSI(0.03)
694,LR-REAL-Political,0.7058823529411765,1.2207345313800442,5.235294117647059,Chain-GBR-RR-EPSI(0.03)
695,LR-REAL-Political,0.6588235294117647,1.2104401324578575,5.294117647058823,Chain-GBR-RR-EPSI(0.03)
696,LR-REAL-Political,0.6823529411764707,1.2234108309469893,5.235294117647059,Chain-GBR-RR-EPSI(0.03)
697,LR-REAL-Political,0.6705882352941176,1.2216971329069308,5.294117647058823,Chain-GBR-RR-EPSI(0.03)
698,LR-REAL-Political,0.6823529411764707,1.222419219913453,5.117647058823529,Chain-GBR-RR-EPSI(0.03)
699,LR-REAL-Political,0.8117647058823529,1.220127733806953,5.529411764705882,Chain-GBR-RR-EPSI(0.03)
700,LR-REAL-Political,0.7803921568627451,1.2481302273068495,4.882352941176471,Chain-GBR-RR-EPSI(0.05)
701,LR-REAL-Political,0.5568627450980392,1.2563976443946823,4.117647058823529,Chain-GBR-RR-EPSI(0.05)
702,LR-REAL-Political,0.6980392156862745,1.2473809293040405,4.823529411764706,Chain-GBR-RR-EPSI(0.05)
703,LR-REAL-Political,0.596078431372549,1.2325732751004859,4.588235294117647,Chain-GBR-RR-EPSI(0.05)
704,LR-REAL-Political,0.6352941176470589,1.237789958747048,4.823529411764706,Chain-GBR-RR-EPSI(0.05)
705,LR-REAL-Political,0.6862745098039217,1.233880883094746,4.529411764705882,Chain-GBR-RR-EPSI(0.05)
706,LR-REAL-Political,0.7137254901960784,1.2404387752426504,4.823529411764706,Chain-GBR-RR-EPSI(0.05)
707,LR-REAL-Political,0.7411764705882353,1.2579239257628663,5.0588235294117645,Chain-GBR-RR-EPSI(0.05)
708,LR-REAL-Political,0.6784313725490198,1.2320006175033846,4.9411764705882355,Chain-GBR-RR-EPSI(0.05)
709,LR-REAL-Political,0.6627450980392159,1.2560319741119843,5.0,Chain-GBR-RR-EPSI(0.05)
710,LR-REAL-Political,0.7215686274509804,1.2531155617844847,4.647058823529412,Chain-GBR-RR-EPSI(0.05)
711,LR-REAL-Political,0.7686274509803921,1.2636641792522914,4.764705882352941,Chain-GBR-RR-EPSI(0.05)
712,LR-REAL-Political,0.7411764705882353,1.2578864560834986,5.0,Chain-GBR-RR-EPSI(0.05)
713,LR-REAL-Political,0.6666666666666667,1.237231380365465,4.764705882352941,Chain-GBR-RR-EPSI(0.05)
714,LR-REAL-Political,0.6666666666666667,1.2232273245104472,4.882352941176471,Chain-GBR-RR-EPSI(0.05)
715,LR-REAL-Political,0.6784313725490198,1.239086135849883,4.823529411764706,Chain-GBR-RR-EPSI(0.05)
716,LR-REAL-Political,0.6392156862745098,1.2397039108792416,4.882352941176471,Chain-GBR-RR-EPSI(0.05)
717,LR-REAL-Political,0.6196078431372549,1.2467622936670348,4.588235294117647,Chain-GBR-RR-EPSI(0.05)
718,LR-REAL-Political,0.6588235294117647,1.2498619457839393,4.647058823529412,Chain-GBR-RR-EPSI(0.05)
719,LR-REAL-Political,0.6274509803921569,1.2435582705362693,4.764705882352941,Chain-GBR-RR-EPSI(0.05)
720,LR-REAL-Political,0.6823529411764707,1.2351954172989137,4.588235294117647,Chain-GBR-RR-EPSI(0.05)
721,LR-REAL-Political,0.6901960784313725,1.2337307078462902,4.882352941176471,Chain-GBR-RR-EPSI(0.05)
722,LR-REAL-Political,0.6392156862745099,1.2370293362800122,4.705882352941177,Chain-GBR-RR-EPSI(0.05)
723,LR-REAL-Political,0.7058823529411765,1.2348542429939042,4.823529411764706,Chain-GBR-RR-EPSI(0.05)
724,LR-REAL-Political,0.6039215686274509,1.235506382012422,4.705882352941177,Chain-GBR-RR-EPSI(0.05)
725,LR-REAL-Political,0.6470588235294118,1.2303014172201878,4.705882352941177,Chain-GBR-RR-EPSI(0.05)
726,LR-REAL-Political,0.596078431372549,1.2318331166802585,4.647058823529412,Chain-GBR-RR-EPSI(0.05)
727,LR-REAL-Political,0.807843137254902,1.2357845636918559,4.882352941176471,Chain-GBR-RR-EPSI(0.05)
728,LR-REAL-Political,0.6549019607843137,1.210673084539277,4.411764705882353,Chain-GBR-RR-EPSI(0.05)
729,LR-REAL-Political,0.6549019607843137,1.2233965197273204,4.647058823529412,Chain-GBR-RR-EPSI(0.05)
730,LR-REAL-Political,0.6980392156862746,1.2152860881080396,4.9411764705882355,Chain-GBR-RR-EPSI(0.05)
731,LR-REAL-Political,0.5764705882352942,1.216670249393846,4.705882352941177,Chain-GBR-RR-EPSI(0.05)
732,LR-REAL-Political,0.7372549019607844,1.2253974492245112,4.588235294117647,Chain-GBR-RR-EPSI(0.05)
733,LR-REAL-Political,0.7058823529411764,1.2164623296571526,4.882352941176471,Chain-GBR-RR-EPSI(0.05)
734,LR-REAL-Political,0.7450980392156863,1.2227521708677,4.647058823529412,Chain-GBR-RR-EPSI(0.05)
735,LR-REAL-Political,0.6901960784313725,1.221178696500278,5.0588235294117645,Chain-GBR-RR-EPSI(0.05)
736,LR-REAL-Political,0.7098039215686275,1.221112566374022,4.882352941176471,Chain-GBR-RR-EPSI(0.05)
737,LR-REAL-Political,0.6549019607843137,1.2355970474262985,4.764705882352941,Chain-GBR-RR-EPSI(0.05)
738,LR-REAL-Political,0.6588235294117647,1.2203071493686006,4.823529411764706,Chain-GBR-RR-EPSI(0.05)
739,LR-REAL-Political,0.6745098039215687,1.2217028178854363,4.529411764705882,Chain-GBR-RR-EPSI(0.05)
740,LR-REAL-Political,0.6784313725490198,1.2225482934145662,4.705882352941177,Chain-GBR-RR-EPSI(0.05)
741,LR-REAL-Political,0.7215686274509805,1.2267637976002557,4.764705882352941,Chain-GBR-RR-EPSI(0.05)
742,LR-REAL-Political,0.5843137254901961,1.2352264276838396,4.764705882352941,Chain-GBR-RR-EPSI(0.05)
743,LR-REAL-Political,0.6549019607843137,1.22274011676216,4.764705882352941,Chain-GBR-RR-EPSI(0.05)
744,LR-REAL-Political,0.7098039215686276,1.2237855221534801,4.764705882352941,Chain-GBR-RR-EPSI(0.05)
745,LR-REAL-Political,0.6549019607843137,1.2099912857455402,4.647058823529412,Chain-GBR-RR-EPSI(0.05)
746,LR-REAL-Political,0.6862745098039217,1.2235957887502489,4.705882352941177,Chain-GBR-RR-EPSI(0.05)
747,LR-REAL-Political,0.6392156862745099,1.2199843262588734,4.764705882352941,Chain-GBR-RR-EPSI(0.05)
748,LR-REAL-Political,0.6784313725490196,1.2243723906196646,4.588235294117647,Chain-GBR-RR-EPSI(0.05)
749,LR-REAL-Political,0.8156862745098039,1.2185018635284752,5.176470588235294,Chain-GBR-RR-EPSI(0.05)
750,LR-REAL-Political,0.7568627450980392,1.248840039324373,4.529411764705882,Chain-GBR-RR-EPSI(0.07)
751,LR-REAL-Political,0.5450980392156863,1.2654371836022675,3.8823529411764706,Chain-GBR-RR-EPSI(0.07)
752,LR-REAL-Political,0.7019607843137255,1.303718698314184,4.529411764705882,Chain-GBR-RR-EPSI(0.07)
753,LR-REAL-Political,0.5803921568627451,1.2445167900312233,4.0,Chain-GBR-RR-EPSI(0.07)
754,LR-REAL-Political,0.6313725490196079,1.2461597808544937,4.352941176470588,Chain-GBR-RR-EPSI(0.07)
755,LR-REAL-Political,0.6352941176470589,1.2408222599875913,3.9411764705882355,Chain-GBR-RR-EPSI(0.07)
756,LR-REAL-Political,0.6705882352941177,1.2323215393900642,4.117647058823529,Chain-GBR-RR-EPSI(0.07)
757,LR-REAL-Political,0.7254901960784315,1.2491580142756977,4.352941176470588,Chain-GBR-RR-EPSI(0.07)
758,LR-REAL-Political,0.6666666666666667,1.2249775850881277,4.352941176470588,Chain-GBR-RR-EPSI(0.07)
759,LR-REAL-Political,0.6470588235294118,1.2682957843879643,4.529411764705882,Chain-GBR-RR-EPSI(0.07)
760,LR-REAL-Political,0.7372549019607844,1.254940094364042,3.9411764705882355,Chain-GBR-RR-EPSI(0.07)
761,LR-REAL-Political,0.7294117647058824,1.253068636015478,4.0,Chain-GBR-RR-EPSI(0.07)
762,LR-REAL-Political,0.7137254901960786,1.265639956630234,4.352941176470588,Chain-GBR-RR-EPSI(0.07)
763,LR-REAL-Political,0.6549019607843137,1.2404570071828238,4.294117647058823,Chain-GBR-RR-EPSI(0.07)
764,LR-REAL-Political,0.6705882352941178,1.236462861443541,4.176470588235294,Chain-GBR-RR-EPSI(0.07)
765,LR-REAL-Political,0.6588235294117648,1.2432684435028443,4.176470588235294,Chain-GBR-RR-EPSI(0.07)
766,LR-REAL-Political,0.6352941176470588,1.233853371399384,4.0,Chain-GBR-RR-EPSI(0.07)
767,LR-REAL-Political,0.5921568627450982,1.2407530649895726,4.294117647058823,Chain-GBR-RR-EPSI(0.07)
768,LR-REAL-Political,0.6588235294117648,1.2422478825360286,4.117647058823529,Chain-GBR-RR-EPSI(0.07)
769,LR-REAL-Political,0.5764705882352941,1.2350182241853658,3.9411764705882355,Chain-GBR-RR-EPSI(0.07)
770,LR-REAL-Political,0.6470588235294118,1.2441570735275258,4.176470588235294,Chain-GBR-RR-EPSI(0.07)
771,LR-REAL-Political,0.6823529411764706,1.2363235340213958,4.0588235294117645,Chain-GBR-RR-EPSI(0.07)
772,LR-REAL-Political,0.6117647058823529,1.237242108849769,4.0588235294117645,Chain-GBR-RR-EPSI(0.07)
773,LR-REAL-Political,0.7137254901960784,1.2378685403360337,4.352941176470588,Chain-GBR-RR-EPSI(0.07)
774,LR-REAL-Political,0.584313725490196,1.2342967498247315,3.9411764705882355,Chain-GBR-RR-EPSI(0.07)
775,LR-REAL-Political,0.6274509803921569,1.2322230964656642,4.470588235294118,Chain-GBR-RR-EPSI(0.07)
776,LR-REAL-Political,0.596078431372549,1.2305529497493268,4.470588235294118,Chain-GBR-RR-EPSI(0.07)
777,LR-REAL-Political,0.803921568627451,1.2274371361276935,4.764705882352941,Chain-GBR-RR-EPSI(0.07)
778,LR-REAL-Political,0.6470588235294118,1.2108785618774893,4.117647058823529,Chain-GBR-RR-EPSI(0.07)
779,LR-REAL-Political,0.6392156862745099,1.223320776601314,4.352941176470588,Chain-GBR-RR-EPSI(0.07)
780,LR-REAL-Political,0.6745098039215687,1.2114698362815703,4.294117647058823,Chain-GBR-RR-EPSI(0.07)
781,LR-REAL-Political,0.5529411764705884,1.2162693228674042,4.176470588235294,Chain-GBR-RR-EPSI(0.07)
782,LR-REAL-Political,0.6862745098039216,1.2319505809802664,4.117647058823529,Chain-GBR-RR-EPSI(0.07)
783,LR-REAL-Political,0.7019607843137254,1.218343895948071,4.235294117647059,Chain-GBR-RR-EPSI(0.07)
784,LR-REAL-Political,0.7372549019607844,1.2254665719374922,4.294117647058823,Chain-GBR-RR-EPSI(0.07)
785,LR-REAL-Political,0.6549019607843138,1.2216804970937558,4.235294117647059,Chain-GBR-RR-EPSI(0.07)
786,LR-REAL-Political,0.6941176470588236,1.219398361608069,4.470588235294118,Chain-GBR-RR-EPSI(0.07)
787,LR-REAL-Political,0.6392156862745099,1.2309307483710434,4.235294117647059,Chain-GBR-RR-EPSI(0.07)
788,LR-REAL-Political,0.6549019607843138,1.2170138487084232,4.352941176470588,Chain-GBR-RR-EPSI(0.07)
789,LR-REAL-Political,0.6745098039215687,1.2233490790006885,4.352941176470588,Chain-GBR-RR-EPSI(0.07)
790,LR-REAL-Political,0.6705882352941177,1.218810135018028,4.235294117647059,Chain-GBR-RR-EPSI(0.07)
791,LR-REAL-Political,0.6784313725490198,1.22566487145518,4.0,Chain-GBR-RR-EPSI(0.07)
792,LR-REAL-Political,0.5843137254901961,1.234076188760306,4.235294117647059,Chain-GBR-RR-EPSI(0.07)
793,LR-REAL-Political,0.6509803921568629,1.2207039154050174,4.0588235294117645,Chain-GBR-RR-EPSI(0.07)
794,LR-REAL-Political,0.6980392156862746,1.2250565278320933,4.176470588235294,Chain-GBR-RR-EPSI(0.07)
795,LR-REAL-Political,0.6549019607843138,1.211118108985872,4.294117647058823,Chain-GBR-RR-EPSI(0.07)
796,LR-REAL-Political,0.6627450980392157,1.222832836860131,4.0588235294117645,Chain-GBR-RR-EPSI(0.07)
797,LR-REAL-Political,0.627450980392157,1.2230332683737182,4.411764705882353,Chain-GBR-RR-EPSI(0.07)
798,LR-REAL-Political,0.6588235294117648,1.2242357556385843,3.9411764705882355,Chain-GBR-RR-EPSI(0.07)
799,LR-REAL-Political,0.788235294117647,1.2170662486101589,4.411764705882353,Chain-GBR-RR-EPSI(0.07)
800,LR-REAL-Political,0.7137254901960784,1.255735278116354,3.764705882352941,Chain-GBR-RR-EPSI(0.09)
801,LR-REAL-Political,0.5254901960784314,1.2449938948679802,3.5294117647058822,Chain-GBR-RR-EPSI(0.09)
802,LR-REAL-Political,0.6745098039215687,1.2682008547155406,3.8823529411764706,Chain-GBR-RR-EPSI(0.09)
803,LR-REAL-Political,0.5411764705882353,1.2277479415111232,3.5294117647058822,Chain-GBR-RR-EPSI(0.09)
804,LR-REAL-Political,0.6235294117647059,1.2502817246237543,3.764705882352941,Chain-GBR-RR-EPSI(0.09)
805,LR-REAL-Political,0.6235294117647059,1.2398450698496974,3.2941176470588234,Chain-GBR-RR-EPSI(0.09)
806,LR-REAL-Political,0.6313725490196078,1.2346649546134985,3.6470588235294117,Chain-GBR-RR-EPSI(0.09)
807,LR-REAL-Political,0.6627450980392158,1.2395925584534635,3.764705882352941,Chain-GBR-RR-EPSI(0.09)
808,LR-REAL-Political,0.6431372549019607,1.2341969794003607,3.588235294117647,Chain-GBR-RR-EPSI(0.09)
809,LR-REAL-Political,0.5764705882352941,1.252171408121695,3.5294117647058822,Chain-GBR-RR-EPSI(0.09)
810,LR-REAL-Political,0.7098039215686275,1.2443394475883491,3.7058823529411766,Chain-GBR-RR-EPSI(0.09)
811,LR-REAL-Political,0.6901960784313727,1.2534781219766113,3.5294117647058822,Chain-GBR-RR-EPSI(0.09)
812,LR-REAL-Political,0.6627450980392158,1.2575605003779362,3.764705882352941,Chain-GBR-RR-EPSI(0.09)
813,LR-REAL-Political,0.623529411764706,1.2388729004214754,3.8823529411764706,Chain-GBR-RR-EPSI(0.09)
814,LR-REAL-Political,0.6509803921568628,1.22566225794517,3.6470588235294117,Chain-GBR-RR-EPSI(0.09)
815,LR-REAL-Political,0.6509803921568628,1.2416370363525047,3.764705882352941,Chain-GBR-RR-EPSI(0.09)
816,LR-REAL-Political,0.6000000000000001,1.2379256672050767,3.3529411764705883,Chain-GBR-RR-EPSI(0.09)
817,LR-REAL-Political,0.5647058823529412,1.2407188494285002,3.8823529411764706,Chain-GBR-RR-EPSI(0.09)
818,LR-REAL-Political,0.6274509803921569,1.2723042460422056,3.4705882352941178,Chain-GBR-RR-EPSI(0.09)
819,LR-REAL-Political,0.5607843137254901,1.2414992828151024,3.764705882352941,Chain-GBR-RR-EPSI(0.09)
820,LR-REAL-Political,0.6352941176470589,1.2401557739762032,3.7058823529411766,Chain-GBR-RR-EPSI(0.09)
821,LR-REAL-Political,0.6549019607843136,1.23397817374661,3.764705882352941,Chain-GBR-RR-EPSI(0.09)
822,LR-REAL-Political,0.5490196078431372,1.2338242279127178,3.4705882352941178,Chain-GBR-RR-EPSI(0.09)
823,LR-REAL-Political,0.6941176470588236,1.2332353204675723,3.8823529411764706,Chain-GBR-RR-EPSI(0.09)
824,LR-REAL-Political,0.5647058823529412,1.2327142707142211,3.588235294117647,Chain-GBR-RR-EPSI(0.09)
825,LR-REAL-Political,0.5843137254901962,1.2369707898224398,3.7058823529411766,Chain-GBR-RR-EPSI(0.09)
826,LR-REAL-Political,0.5529411764705883,1.2347076897966596,3.764705882352941,Chain-GBR-RR-EPSI(0.09)
827,LR-REAL-Political,0.7725490196078431,1.2223565881553047,3.8823529411764706,Chain-GBR-RR-EPSI(0.09)
828,LR-REAL-Political,0.6235294117647059,1.210381807986914,3.588235294117647,Chain-GBR-RR-EPSI(0.09)
829,LR-REAL-Political,0.6117647058823529,1.2216579349938383,3.6470588235294117,Chain-GBR-RR-EPSI(0.09)
830,LR-REAL-Political,0.5921568627450979,1.212610420472616,3.4705882352941178,Chain-GBR-RR-EPSI(0.09)
831,LR-REAL-Political,0.5098039215686274,1.2178830381965016,3.6470588235294117,Chain-GBR-RR-EPSI(0.09)
832,LR-REAL-Political,0.6862745098039216,1.2199593036386975,3.5294117647058822,Chain-GBR-RR-EPSI(0.09)
833,LR-REAL-Political,0.6549019607843136,1.2189735286321537,3.4705882352941178,Chain-GBR-RR-EPSI(0.09)
834,LR-REAL-Political,0.6862745098039216,1.2247904350121868,3.823529411764706,Chain-GBR-RR-EPSI(0.09)
835,LR-REAL-Political,0.6235294117647059,1.2222427317863962,3.7058823529411766,Chain-GBR-RR-EPSI(0.09)
836,LR-REAL-Political,0.6784313725490198,1.2198847468830896,4.0,Chain-GBR-RR-EPSI(0.09)
837,LR-REAL-Political,0.619607843137255,1.219916468253172,3.823529411764706,Chain-GBR-RR-EPSI(0.09)
838,LR-REAL-Political,0.6313725490196078,1.217600635054914,3.4705882352941178,Chain-GBR-RR-EPSI(0.09)
839,LR-REAL-Political,0.6470588235294119,1.2219854950944893,3.823529411764706,Chain-GBR-RR-EPSI(0.09)
840,LR-REAL-Political,0.6156862745098041,1.2208650252744304,3.6470588235294117,Chain-GBR-RR-EPSI(0.09)
841,LR-REAL-Political,0.6431372549019608,1.225019362750344,3.588235294117647,Chain-GBR-RR-EPSI(0.09)
842,LR-REAL-Political,0.5607843137254903,1.2224606949445926,3.764705882352941,Chain-GBR-RR-EPSI(0.09)
843,LR-REAL-Political,0.6313725490196078,1.219741624581863,3.6470588235294117,Chain-GBR-RR-EPSI(0.09)
844,LR-REAL-Political,0.6470588235294118,1.220865041294034,3.5294117647058822,Chain-GBR-RR-EPSI(0.09)
845,LR-REAL-Political,0.6196078431372549,1.2172393820825052,3.764705882352941,Chain-GBR-RR-EPSI(0.09)
846,LR-REAL-Political,0.6470588235294118,1.2246964608489044,3.7058823529411766,Chain-GBR-RR-EPSI(0.09)
847,LR-REAL-Political,0.5490196078431372,1.220970474721285,3.5294117647058822,Chain-GBR-RR-EPSI(0.09)
848,LR-REAL-Political,0.6235294117647059,1.2344432307199846,3.4705882352941178,Chain-GBR-RR-EPSI(0.09)
849,LR-REAL-Political,0.7294117647058824,1.2185725031646506,3.411764705882353,Chain-GBR-RR-EPSI(0.09)
850,LR-REAL-Political,0.49411764705882355,1.2498210160443206,2.6470588235294117,Chain-GBR-RR-EPSI(0.12)
851,LR-REAL-Political,0.44705882352941173,1.2537058977690485,2.8823529411764706,Chain-GBR-RR-EPSI(0.12)
852,LR-REAL-Political,0.4980392156862745,1.2756014134185654,2.7058823529411766,Chain-GBR-RR-EPSI(0.12)
853,LR-REAL-Political,0.4980392156862744,1.2248809774117237,2.8823529411764706,Chain-GBR-RR-EPSI(0.12)
854,LR-REAL-Political,0.5294117647058822,1.2484001684187287,2.9411764705882355,Chain-GBR-RR-EPSI(0.12)
855,LR-REAL-Political,0.5607843137254902,1.2330676739224402,2.823529411764706,Chain-GBR-RR-EPSI(0.12)
856,LR-REAL-Political,0.584313725490196,1.2395683200929442,3.0588235294117645,Chain-GBR-RR-EPSI(0.12)
857,LR-REAL-Political,0.5019607843137255,1.2370479967810613,2.6470588235294117,Chain-GBR-RR-EPSI(0.12)
858,LR-REAL-Political,0.5294117647058824,1.2364775863356738,2.7058823529411766,Chain-GBR-RR-EPSI(0.12)
859,LR-REAL-Political,0.4980392156862745,1.2574721032735015,2.6470588235294117,Chain-GBR-RR-EPSI(0.12)
860,LR-REAL-Political,0.6196078431372549,1.2398431915715817,3.0,Chain-GBR-RR-EPSI(0.12)
861,LR-REAL-Political,0.5647058823529411,1.2361795304478493,2.764705882352941,Chain-GBR-RR-EPSI(0.12)
862,LR-REAL-Political,0.5529411764705883,1.2431138887041875,2.8823529411764706,Chain-GBR-RR-EPSI(0.12)
863,LR-REAL-Political,0.5254901960784314,1.2401138686410478,2.764705882352941,Chain-GBR-RR-EPSI(0.12)
864,LR-REAL-Political,0.5215686274509803,1.2366906059554548,2.764705882352941,Chain-GBR-RR-EPSI(0.12)
865,LR-REAL-Political,0.4745098039215686,1.2405558796426157,2.7058823529411766,Chain-GBR-RR-EPSI(0.12)
866,LR-REAL-Political,0.5176470588235293,1.2400162043126755,2.5294117647058822,Chain-GBR-RR-EPSI(0.12)
867,LR-REAL-Political,0.5058823529411764,1.2554778369344455,2.7058823529411766,Chain-GBR-RR-EPSI(0.12)
868,LR-REAL-Political,0.5098039215686274,1.2723900836736468,2.7058823529411766,Chain-GBR-RR-EPSI(0.12)
869,LR-REAL-Political,0.4745098039215686,1.2535575199050621,2.823529411764706,Chain-GBR-RR-EPSI(0.12)
870,LR-REAL-Political,0.5607843137254903,1.2378501498917216,3.0,Chain-GBR-RR-EPSI(0.12)
871,LR-REAL-Political,0.5647058823529412,1.2354797933768071,2.8823529411764706,Chain-GBR-RR-EPSI(0.12)
872,LR-REAL-Political,0.4980392156862744,1.232343091199744,2.9411764705882355,Chain-GBR-RR-EPSI(0.12)
873,LR-REAL-Political,0.584313725490196,1.234733572468157,2.764705882352941,Chain-GBR-RR-EPSI(0.12)
874,LR-REAL-Political,0.5019607843137255,1.2324155476342715,2.764705882352941,Chain-GBR-RR-EPSI(0.12)
875,LR-REAL-Political,0.5254901960784315,1.2297899504514873,2.588235294117647,Chain-GBR-RR-EPSI(0.12)
876,LR-REAL-Political,0.4549019607843137,1.231429833156819,2.823529411764706,Chain-GBR-RR-EPSI(0.12)
877,LR-REAL-Political,0.5725490196078431,1.2210699400041773,2.7058823529411766,Chain-GBR-RR-EPSI(0.12)
878,LR-REAL-Political,0.5098039215686274,1.211984616976216,2.823529411764706,Chain-GBR-RR-EPSI(0.12)
879,LR-REAL-Political,0.4901960784313726,1.2229379087280166,2.823529411764706,Chain-GBR-RR-EPSI(0.12)
880,LR-REAL-Political,0.5137254901960784,1.2130698215253697,2.9411764705882355,Chain-GBR-RR-EPSI(0.12)
881,LR-REAL-Political,0.4156862745098039,1.2184283404416916,2.823529411764706,Chain-GBR-RR-EPSI(0.12)
882,LR-REAL-Political,0.607843137254902,1.2196380905366357,2.9411764705882355,Chain-GBR-RR-EPSI(0.12)
883,LR-REAL-Political,0.5098039215686275,1.2217914467669109,2.588235294117647,Chain-GBR-RR-EPSI(0.12)
884,LR-REAL-Political,0.5058823529411764,1.2222689264185236,2.764705882352941,Chain-GBR-RR-EPSI(0.12)
885,LR-REAL-Political,0.5254901960784314,1.2231971314440486,2.7058823529411766,Chain-GBR-RR-EPSI(0.12)
886,LR-REAL-Political,0.5176470588235295,1.2192684402066187,2.7058823529411766,Chain-GBR-RR-EPSI(0.12)
887,LR-REAL-Political,0.4784313725490196,1.2209423479279795,2.5294117647058822,Chain-GBR-RR-EPSI(0.12)
888,LR-REAL-Political,0.5568627450980392,1.2179301332398123,2.823529411764706,Chain-GBR-RR-EPSI(0.12)
889,LR-REAL-Political,0.5215686274509804,1.2220661594904976,2.9411764705882355,Chain-GBR-RR-EPSI(0.12)
890,LR-REAL-Political,0.5411764705882353,1.2191779297789755,2.764705882352941,Chain-GBR-RR-EPSI(0.12)
891,LR-REAL-Political,0.5294117647058824,1.2235114013767532,2.6470588235294117,Chain-GBR-RR-EPSI(0.12)
892,LR-REAL-Political,0.388235294117647,1.2264450090622212,2.6470588235294117,Chain-GBR-RR-EPSI(0.12)
893,LR-REAL-Political,0.5568627450980392,1.2187220718472818,3.1176470588235294,Chain-GBR-RR-EPSI(0.12)
894,LR-REAL-Political,0.5490196078431372,1.2314573158054276,2.7058823529411766,Chain-GBR-RR-EPSI(0.12)
895,LR-REAL-Political,0.5176470588235295,1.2120560582851634,2.764705882352941,Chain-GBR-RR-EPSI(0.12)
896,LR-REAL-Political,0.4666666666666666,1.2217514446203706,2.6470588235294117,Chain-GBR-RR-EPSI(0.12)
897,LR-REAL-Political,0.44705882352941173,1.221599933405568,2.6470588235294117,Chain-GBR-RR-EPSI(0.12)
898,LR-REAL-Political,0.5450980392156862,1.225364117857054,2.6470588235294117,Chain-GBR-RR-EPSI(0.12)
899,LR-REAL-Political,0.5725490196078432,1.218427978515356,2.7058823529411766,Chain-GBR-RR-EPSI(0.12)
900,LR-REAL-Political,0.36078431372549025,1.24890068933377,2.0,Chain-GBR-RR-EPSI(0.14)
901,LR-REAL-Political,0.392156862745098,1.2569727619391065,2.411764705882353,Chain-GBR-RR-EPSI(0.14)
902,LR-REAL-Political,0.39215686274509803,1.2684984157964545,2.235294117647059,Chain-GBR-RR-EPSI(0.14)
903,LR-REAL-Political,0.4666666666666666,1.241105621425912,2.3529411764705883,Chain-GBR-RR-EPSI(0.14)
904,LR-REAL-Political,0.39607843137254894,1.2357256006454385,2.3529411764705883,Chain-GBR-RR-EPSI(0.14)
905,LR-REAL-Political,0.45490196078431366,1.236766136087567,2.411764705882353,Chain-GBR-RR-EPSI(0.14)
906,LR-REAL-Political,0.4705882352941176,1.2425002852891445,2.2941176470588234,Chain-GBR-RR-EPSI(0.14)
907,LR-REAL-Political,0.3803921568627451,1.2385756841276565,2.1176470588235294,Chain-GBR-RR-EPSI(0.14)
908,LR-REAL-Political,0.40784313725490196,1.2456670493168132,2.176470588235294,Chain-GBR-RR-EPSI(0.14)
909,LR-REAL-Political,0.3372549019607843,1.2381703014188312,2.0588235294117645,Chain-GBR-RR-EPSI(0.14)
910,LR-REAL-Political,0.5098039215686274,1.237654664327913,2.5294117647058822,Chain-GBR-RR-EPSI(0.14)
911,LR-REAL-Political,0.5294117647058822,1.2403803897119907,2.5294117647058822,Chain-GBR-RR-EPSI(0.14)
912,LR-REAL-Political,0.43921568627450974,1.2685915135507078,2.3529411764705883,Chain-GBR-RR-EPSI(0.14)
913,LR-REAL-Political,0.3686274509803922,1.2345638919060473,2.176470588235294,Chain-GBR-RR-EPSI(0.14)
914,LR-REAL-Political,0.3999999999999999,1.2359731467407689,2.0588235294117645,Chain-GBR-RR-EPSI(0.14)
915,LR-REAL-Political,0.40392156862745093,1.2573335187993953,2.2941176470588234,Chain-GBR-RR-EPSI(0.14)
916,LR-REAL-Political,0.4196078431372548,1.2504547659074043,2.1176470588235294,Chain-GBR-RR-EPSI(0.14)
917,LR-REAL-Political,0.4352941176470588,1.2582297414251917,2.3529411764705883,Chain-GBR-RR-EPSI(0.14)
918,LR-REAL-Political,0.4313725490196078,1.2695381886952857,2.411764705882353,Chain-GBR-RR-EPSI(0.14)
919,LR-REAL-Political,0.3647058823529412,1.2476348095958394,2.176470588235294,Chain-GBR-RR-EPSI(0.14)
920,LR-REAL-Political,0.4470588235294118,1.2431752454609806,2.3529411764705883,Chain-GBR-RR-EPSI(0.14)
921,LR-REAL-Political,0.4313725490196078,1.2317693935799872,2.2941176470588234,Chain-GBR-RR-EPSI(0.14)
922,LR-REAL-Political,0.396078431372549,1.2305217292521569,2.235294117647059,Chain-GBR-RR-EPSI(0.14)
923,LR-REAL-Political,0.43921568627450974,1.2344786979177997,2.235294117647059,Chain-GBR-RR-EPSI(0.14)
924,LR-REAL-Political,0.49411764705882355,1.2304874195468787,2.411764705882353,Chain-GBR-RR-EPSI(0.14)
925,LR-REAL-Political,0.4666666666666666,1.2309697281796608,2.2941176470588234,Chain-GBR-RR-EPSI(0.14)
926,LR-REAL-Political,0.38431372549019605,1.2319136049823955,2.235294117647059,Chain-GBR-RR-EPSI(0.14)
927,LR-REAL-Political,0.3686274509803922,1.2219903220911272,1.8823529411764706,Chain-GBR-RR-EPSI(0.14)
928,LR-REAL-Political,0.392156862745098,1.2263676373170629,2.176470588235294,Chain-GBR-RR-EPSI(0.14)
929,LR-REAL-Political,0.40784313725490184,1.223110271210088,2.2941176470588234,Chain-GBR-RR-EPSI(0.14)
930,LR-REAL-Political,0.4156862745098039,1.216348356074042,2.235294117647059,Chain-GBR-RR-EPSI(0.14)
931,LR-REAL-Political,0.3176470588235294,1.2171306286326193,2.235294117647059,Chain-GBR-RR-EPSI(0.14)
932,LR-REAL-Political,0.5176470588235295,1.218982800003679,2.411764705882353,Chain-GBR-RR-EPSI(0.14)
933,LR-REAL-Political,0.3686274509803921,1.2211279278698952,2.0,Chain-GBR-RR-EPSI(0.14)
934,LR-REAL-Political,0.41960784313725485,1.2255180043698413,2.2941176470588234,Chain-GBR-RR-EPSI(0.14)
935,LR-REAL-Political,0.42745098039215684,1.2255162793003402,2.176470588235294,Chain-GBR-RR-EPSI(0.14)
936,LR-REAL-Political,0.3294117647058824,1.2211795178657983,1.9411764705882353,Chain-GBR-RR-EPSI(0.14)
937,LR-REAL-Political,0.3568627450980392,1.2190632490160913,2.1176470588235294,Chain-GBR-RR-EPSI(0.14)
938,LR-REAL-Political,0.4274509803921568,1.2223887063222834,2.2941176470588234,Chain-GBR-RR-EPSI(0.14)
939,LR-REAL-Political,0.42745098039215684,1.2228096375972948,2.4705882352941178,Chain-GBR-RR-EPSI(0.14)
940,LR-REAL-Political,0.4666666666666667,1.222747798164393,2.4705882352941178,Chain-GBR-RR-EPSI(0.14)
941,LR-REAL-Political,0.4705882352941176,1.2275035336344284,2.3529411764705883,Chain-GBR-RR-EPSI(0.14)
942,LR-REAL-Political,0.2980392156862745,1.224967847418564,2.2941176470588234,Chain-GBR-RR-EPSI(0.14)
943,LR-REAL-Political,0.4392156862745098,1.221660072602198,2.3529411764705883,Chain-GBR-RR-EPSI(0.14)
944,LR-REAL-Political,0.4666666666666666,1.2309589620512271,2.2941176470588234,Chain-GBR-RR-EPSI(0.14)
945,LR-REAL-Political,0.41960784313725485,1.206247037151384,2.235294117647059,Chain-GBR-RR-EPSI(0.14)
946,LR-REAL-Political,0.40784313725490196,1.2247635654559408,2.2941176470588234,Chain-GBR-RR-EPSI(0.14)
947,LR-REAL-Political,0.37254901960784315,1.2250043693623909,2.235294117647059,Chain-GBR-RR-EPSI(0.14)
948,LR-REAL-Political,0.5058823529411764,1.2193210819652553,2.3529411764705883,Chain-GBR-RR-EPSI(0.14)
949,LR-REAL-Political,0.4431372549019607,1.2186629099173458,2.235294117647059,Chain-GBR-RR-EPSI(0.14)
950,LR-REAL-Political,0.30980392156862746,1.2910945694342686,1.7647058823529411,Chain-GBR-RR-EPSI(0.16)
951,LR-REAL-Political,0.2901960784313725,1.2514399463887278,2.0,Chain-GBR-RR-EPSI(0.16)
952,LR-REAL-Political,0.22745098039215686,1.302472382398999,1.7647058823529411,Chain-GBR-RR-EPSI(0.16)
953,LR-REAL-Political,0.4117647058823529,1.221450321398659,2.1176470588235294,Chain-GBR-RR-EPSI(0.16)
954,LR-REAL-Political,0.23529411764705882,1.2346588220418178,1.8235294117647058,Chain-GBR-RR-EPSI(0.16)
955,LR-REAL-Political,0.37254901960784315,1.239086768338395,2.1176470588235294,Chain-GBR-RR-EPSI(0.16)
956,LR-REAL-Political,0.32156862745098036,1.2389308616137473,1.8823529411764706,Chain-GBR-RR-EPSI(0.16)
957,LR-REAL-Political,0.2980392156862745,1.232194363379997,1.8235294117647058,Chain-GBR-RR-EPSI(0.16)
958,LR-REAL-Political,0.30980392156862746,1.2337580886655866,1.8235294117647058,Chain-GBR-RR-EPSI(0.16)
959,LR-REAL-Political,0.2941176470588235,1.2382238886961978,1.8823529411764706,Chain-GBR-RR-EPSI(0.16)
960,LR-REAL-Political,0.3215686274509804,1.2446950959975407,1.8235294117647058,Chain-GBR-RR-EPSI(0.16)
961,LR-REAL-Political,0.3333333333333333,1.2580128404309248,1.8823529411764706,Chain-GBR-RR-EPSI(0.16)
962,LR-REAL-Political,0.2745098039215686,1.2655652309509817,1.7058823529411764,Chain-GBR-RR-EPSI(0.16)
963,LR-REAL-Political,0.2901960784313726,1.2382224400661523,1.7647058823529411,Chain-GBR-RR-EPSI(0.16)
964,LR-REAL-Political,0.3372549019607843,1.2359087482838427,1.8235294117647058,Chain-GBR-RR-EPSI(0.16)
965,LR-REAL-Political,0.25490196078431376,1.2628599949723078,1.8823529411764706,Chain-GBR-RR-EPSI(0.16)
966,LR-REAL-Political,0.30196078431372547,1.2633653129600624,1.7647058823529411,Chain-GBR-RR-EPSI(0.16)
967,LR-REAL-Political,0.3254901960784313,1.242671002376938,2.0,Chain-GBR-RR-EPSI(0.16)
968,LR-REAL-Political,0.3294117647058824,1.2644852893858376,1.9411764705882353,Chain-GBR-RR-EPSI(0.16)
969,LR-REAL-Political,0.30588235294117644,1.2483246043547158,1.8823529411764706,Chain-GBR-RR-EPSI(0.16)
970,LR-REAL-Political,0.3215686274509804,1.2409674666795232,1.8823529411764706,Chain-GBR-RR-EPSI(0.16)
971,LR-REAL-Political,0.32156862745098036,1.235360684945421,1.8823529411764706,Chain-GBR-RR-EPSI(0.16)
972,LR-REAL-Political,0.2784313725490196,1.2261027029352787,1.8235294117647058,Chain-GBR-RR-EPSI(0.16)
973,LR-REAL-Political,0.36470588235294116,1.2339754019909426,2.0,Chain-GBR-RR-EPSI(0.16)
974,LR-REAL-Political,0.36470588235294116,1.229506269454606,1.9411764705882353,Chain-GBR-RR-EPSI(0.16)
975,LR-REAL-Political,0.2823529411764706,1.227156093418101,1.8235294117647058,Chain-GBR-RR-EPSI(0.16)
976,LR-REAL-Political,0.25098039215686274,1.2239594830260727,1.7647058823529411,Chain-GBR-RR-EPSI(0.16)
977,LR-REAL-Political,0.21960784313725493,1.2206273055372228,1.5294117647058822,Chain-GBR-RR-EPSI(0.16)
978,LR-REAL-Political,0.33725490196078434,1.2233805521990755,1.9411764705882353,Chain-GBR-RR-EPSI(0.16)
979,LR-REAL-Political,0.33333333333333337,1.2267486182768517,2.0,Chain-GBR-RR-EPSI(0.16)
980,LR-REAL-Political,0.2666666666666666,1.2143158658866888,1.8235294117647058,Chain-GBR-RR-EPSI(0.16)
981,LR-REAL-Political,0.22745098039215686,1.2180052657431226,1.8235294117647058,Chain-GBR-RR-EPSI(0.16)
982,LR-REAL-Political,0.3607843137254902,1.2175441972039933,1.8823529411764706,Chain-GBR-RR-EPSI(0.16)
983,LR-REAL-Political,0.30980392156862746,1.2214399345695808,1.8235294117647058,Chain-GBR-RR-EPSI(0.16)
984,LR-REAL-Political,0.2980392156862745,1.2263518523849042,1.9411764705882353,Chain-GBR-RR-EPSI(0.16)
985,LR-REAL-Political,0.30196078431372547,1.2239155629138638,1.7647058823529411,Chain-GBR-RR-EPSI(0.16)
986,LR-REAL-Political,0.24705882352941172,1.2231840428044798,1.6470588235294117,Chain-GBR-RR-EPSI(0.16)
987,LR-REAL-Political,0.30588235294117644,1.2248769118819598,1.8823529411764706,Chain-GBR-RR-EPSI(0.16)
988,LR-REAL-Political,0.22352941176470587,1.2211911008148848,1.7058823529411764,Chain-GBR-RR-EPSI(0.16)
989,LR-REAL-Political,0.19607843137254902,1.2189930866740382,1.7647058823529411,Chain-GBR-RR-EPSI(0.16)
990,LR-REAL-Political,0.30588235294117644,1.2219789311563338,1.9411764705882353,Chain-GBR-RR-EPSI(0.16)
991,LR-REAL-Political,0.35294117647058826,1.222377516430566,2.0,Chain-GBR-RR-EPSI(0.16)
992,LR-REAL-Political,0.21176470588235294,1.2174408144072222,1.8235294117647058,Chain-GBR-RR-EPSI(0.16)
993,LR-REAL-Political,0.2980392156862745,1.220828762836887,1.9411764705882353,Chain-GBR-RR-EPSI(0.16)
994,LR-REAL-Political,0.30980392156862746,1.2310666274203304,1.8235294117647058,Chain-GBR-RR-EPSI(0.16)
995,LR-REAL-Political,0.28627450980392155,1.210484993895684,1.7647058823529411,Chain-GBR-RR-EPSI(0.16)
996,LR-REAL-Political,0.3333333333333333,1.2201239340974086,2.0,Chain-GBR-RR-EPSI(0.16)
997,LR-REAL-Political,0.3254901960784314,1.2204605807625697,1.8823529411764706,Chain-GBR-RR-EPSI(0.16)
998,LR-REAL-Political,0.37254901960784315,1.2183540381883107,1.9411764705882353,Chain-GBR-RR-EPSI(0.16)
999,LR-REAL-Political,0.32941176470588235,1.217956279543373,1.9411764705882353,Chain-GBR-RR-EPSI(0.16)
1000,LR-REAL-Political,0.22352941176470587,1.2488557271976548,1.4705882352941178,Chain-GBR-RR-EPSI(0.18)
1001,LR-REAL-Political,0.17254901960784313,1.2544947799829251,1.6470588235294117,Chain-GBR-RR-EPSI(0.18)
1002,LR-REAL-Political,0.14901960784313728,1.3222679457932902,1.5294117647058822,Chain-GBR-RR-EPSI(0.18)
1003,LR-REAL-Political,0.19607843137254902,1.2162893979836928,1.5294117647058822,Chain-GBR-RR-EPSI(0.18)
1004,LR-REAL-Political,0.15294117647058825,1.2321153953387747,1.5294117647058822,Chain-GBR-RR-EPSI(0.18)
1005,LR-REAL-Political,0.29411764705882354,1.2361823530120128,1.8823529411764706,Chain-GBR-RR-EPSI(0.18)
1006,LR-REAL-Political,0.2235294117647059,1.2274989483453942,1.588235294117647,Chain-GBR-RR-EPSI(0.18)
1007,LR-REAL-Political,0.19215686274509802,1.233183621964344,1.5294117647058822,Chain-GBR-RR-EPSI(0.18)
1008,LR-REAL-Political,0.2784313725490196,1.2431759676396954,1.6470588235294117,Chain-GBR-RR-EPSI(0.18)
1009,LR-REAL-Political,0.12941176470588237,1.2492441630298432,1.411764705882353,Chain-GBR-RR-EPSI(0.18)
1010,LR-REAL-Political,0.19607843137254902,1.2487732973821615,1.5294117647058822,Chain-GBR-RR-EPSI(0.18)
1011,LR-REAL-Political,0.3058823529411765,1.2775583269258628,1.7647058823529411,Chain-GBR-RR-EPSI(0.18)
1012,LR-REAL-Political,0.19999999999999998,1.2510815437899876,1.5294117647058822,Chain-GBR-RR-EPSI(0.18)
1013,LR-REAL-Political,0.1803921568627451,1.2366132960992102,1.4705882352941178,Chain-GBR-RR-EPSI(0.18)
1014,LR-REAL-Political,0.2745098039215686,1.2292593037791617,1.6470588235294117,Chain-GBR-RR-EPSI(0.18)
1015,LR-REAL-Political,0.17647058823529413,1.2497065613210607,1.588235294117647,Chain-GBR-RR-EPSI(0.18)
1016,LR-REAL-Political,0.2627450980392157,1.2914979303578682,1.6470588235294117,Chain-GBR-RR-EPSI(0.18)
1017,LR-REAL-Political,0.16078431372549024,1.2422058074879647,1.588235294117647,Chain-GBR-RR-EPSI(0.18)
1018,LR-REAL-Political,0.24705882352941178,1.2686212069255451,1.7058823529411764,Chain-GBR-RR-EPSI(0.18)
1019,LR-REAL-Political,0.17647058823529416,1.2610992318317704,1.4705882352941178,Chain-GBR-RR-EPSI(0.18)
1020,LR-REAL-Political,0.19215686274509802,1.2372267219800615,1.5294117647058822,Chain-GBR-RR-EPSI(0.18)
1021,LR-REAL-Political,0.23137254901960783,1.2857821394878681,1.588235294117647,Chain-GBR-RR-EPSI(0.18)
1022,LR-REAL-Political,0.16862745098039214,1.222082372815926,1.4705882352941178,Chain-GBR-RR-EPSI(0.18)
1023,LR-REAL-Political,0.27058823529411763,1.2352139803450297,1.7058823529411764,Chain-GBR-RR-EPSI(0.18)
1024,LR-REAL-Political,0.2823529411764706,1.2324165081143086,1.7058823529411764,Chain-GBR-RR-EPSI(0.18)
1025,LR-REAL-Political,0.17647058823529416,1.2305092589204345,1.5294117647058822,Chain-GBR-RR-EPSI(0.18)
1026,LR-REAL-Political,0.14901960784313725,1.221290258351797,1.3529411764705883,Chain-GBR-RR-EPSI(0.18)
1027,LR-REAL-Political,0.21960784313725493,1.220546254187346,1.5294117647058822,Chain-GBR-RR-EPSI(0.18)
1028,LR-REAL-Political,0.1843137254901961,1.2200444786814575,1.5294117647058822,Chain-GBR-RR-EPSI(0.18)
1029,LR-REAL-Political,0.1843137254901961,1.2234759747793738,1.5294117647058822,Chain-GBR-RR-EPSI(0.18)
1030,LR-REAL-Political,0.16862745098039217,1.2133697981463782,1.4705882352941178,Chain-GBR-RR-EPSI(0.18)
1031,LR-REAL-Political,0.18823529411764706,1.2188937521941594,1.588235294117647,Chain-GBR-RR-EPSI(0.18)
1032,LR-REAL-Political,0.20784313725490197,1.2188500835515872,1.4705882352941178,Chain-GBR-RR-EPSI(0.18)
1033,LR-REAL-Political,0.23529411764705882,1.224003533194963,1.6470588235294117,Chain-GBR-RR-EPSI(0.18)
1034,LR-REAL-Political,0.24313725490196075,1.2225583649717449,1.7647058823529411,Chain-GBR-RR-EPSI(0.18)
1035,LR-REAL-Political,0.20392156862745098,1.2231681733882664,1.4705882352941178,Chain-GBR-RR-EPSI(0.18)
1036,LR-REAL-Political,0.1843137254901961,1.2201243042986378,1.411764705882353,Chain-GBR-RR-EPSI(0.18)
1037,LR-REAL-Political,0.196078431372549,1.2197308074504691,1.588235294117647,Chain-GBR-RR-EPSI(0.18)
1038,LR-REAL-Political,0.1843137254901961,1.221621885921974,1.588235294117647,Chain-GBR-RR-EPSI(0.18)
1039,LR-REAL-Political,0.17254901960784313,1.2195882936481892,1.5294117647058822,Chain-GBR-RR-EPSI(0.18)
1040,LR-REAL-Political,0.2392156862745098,1.2230430991170245,1.7058823529411764,Chain-GBR-RR-EPSI(0.18)
1041,LR-REAL-Political,0.21176470588235294,1.2244247437274551,1.5294117647058822,Chain-GBR-RR-EPSI(0.18)
1042,LR-REAL-Political,0.15686274509803924,1.216116315742468,1.6470588235294117,Chain-GBR-RR-EPSI(0.18)
1043,LR-REAL-Political,0.19215686274509802,1.222578133427607,1.5294117647058822,Chain-GBR-RR-EPSI(0.18)
1044,LR-REAL-Political,0.25098039215686274,1.233087808254905,1.6470588235294117,Chain-GBR-RR-EPSI(0.18)
1045,LR-REAL-Political,0.23529411764705882,1.209027811080527,1.588235294117647,Chain-GBR-RR-EPSI(0.18)
1046,LR-REAL-Political,0.21960784313725493,1.2186423985500137,1.6470588235294117,Chain-GBR-RR-EPSI(0.18)
1047,LR-REAL-Political,0.17254901960784316,1.2199243292812856,1.4705882352941178,Chain-GBR-RR-EPSI(0.18)
1048,LR-REAL-Political,0.3058823529411765,1.2187672565687357,1.7647058823529411,Chain-GBR-RR-EPSI(0.18)
1049,LR-REAL-Political,0.16078431372549024,1.216775592033068,1.411764705882353,Chain-GBR-RR-EPSI(0.18)
1050,LR-REAL-Political,0.08627450980392157,1.2495685443724354,1.1764705882352942,Chain-GBR-RR-EPSI(0.2)
1051,LR-REAL-Political,0.11764705882352941,1.2587793925456234,1.411764705882353,Chain-GBR-RR-EPSI(0.2)
1052,LR-REAL-Political,0.08235294117647059,1.270226933895492,1.2941176470588236,Chain-GBR-RR-EPSI(0.2)
1053,LR-REAL-Political,0.13333333333333333,1.215221474716078,1.3529411764705883,Chain-GBR-RR-EPSI(0.2)
1054,LR-REAL-Political,0.09019607843137255,1.2347034137426094,1.2941176470588236,Chain-GBR-RR-EPSI(0.2)
1055,LR-REAL-Political,0.1803921568627451,1.2382522923335735,1.5294117647058822,Chain-GBR-RR-EPSI(0.2)
1056,LR-REAL-Political,0.10196078431372549,1.2411791597045585,1.2941176470588236,Chain-GBR-RR-EPSI(0.2)
1057,LR-REAL-Political,0.11764705882352941,1.2404153590425155,1.2941176470588236,Chain-GBR-RR-EPSI(0.2)
1058,LR-REAL-Political,0.18823529411764706,1.2412273198058825,1.3529411764705883,Chain-GBR-RR-EPSI(0.2)
1059,LR-REAL-Political,0.11372549019607843,1.248591194640719,1.2941176470588236,Chain-GBR-RR-EPSI(0.2)
1060,LR-REAL-Political,0.15686274509803924,1.250234595651362,1.411764705882353,Chain-GBR-RR-EPSI(0.2)
1061,LR-REAL-Political,0.19215686274509802,1.2810751305723003,1.411764705882353,Chain-GBR-RR-EPSI(0.2)
1062,LR-REAL-Political,0.06274509803921569,1.2468591479916709,1.1764705882352942,Chain-GBR-RR-EPSI(0.2)
1063,LR-REAL-Political,0.08235294117647059,1.2390953420397097,1.2352941176470589,Chain-GBR-RR-EPSI(0.2)
1064,LR-REAL-Political,0.12941176470588237,1.2298257907681271,1.2941176470588236,Chain-GBR-RR-EPSI(0.2)
1065,LR-REAL-Political,0.10196078431372549,1.247753554337634,1.3529411764705883,Chain-GBR-RR-EPSI(0.2)
1066,LR-REAL-Political,0.19215686274509805,1.2926601159683382,1.4705882352941178,Chain-GBR-RR-EPSI(0.2)
1067,LR-REAL-Political,0.0392156862745098,1.2459698420387995,1.1764705882352942,Chain-GBR-RR-EPSI(0.2)
1068,LR-REAL-Political,0.18823529411764706,1.2566423993310092,1.5294117647058822,Chain-GBR-RR-EPSI(0.2)
1069,LR-REAL-Political,0.10588235294117647,1.245016801938683,1.2941176470588236,Chain-GBR-RR-EPSI(0.2)
1070,LR-REAL-Political,0.14117647058823532,1.2400573010830016,1.3529411764705883,Chain-GBR-RR-EPSI(0.2)
1071,LR-REAL-Political,0.12549019607843137,1.2649509918590667,1.3529411764705883,Chain-GBR-RR-EPSI(0.2)
1072,LR-REAL-Political,0.12549019607843137,1.2248281066035227,1.3529411764705883,Chain-GBR-RR-EPSI(0.2)
1073,LR-REAL-Political,0.10980392156862745,1.235462370339568,1.2352941176470589,Chain-GBR-RR-EPSI(0.2)
1074,LR-REAL-Political,0.22745098039215686,1.2313807600649456,1.4705882352941178,Chain-GBR-RR-EPSI(0.2)
1075,LR-REAL-Political,0.11372549019607843,1.2335413486054632,1.3529411764705883,Chain-GBR-RR-EPSI(0.2)
1076,LR-REAL-Political,0.09411764705882353,1.222359017875705,1.2352941176470589,Chain-GBR-RR-EPSI(0.2)
1077,LR-REAL-Political,0.12549019607843137,1.2281551878497392,1.2941176470588236,Chain-GBR-RR-EPSI(0.2)
1078,LR-REAL-Political,0.14901960784313725,1.2133290904236549,1.411764705882353,Chain-GBR-RR-EPSI(0.2)
1079,LR-REAL-Political,0.09411764705882353,1.2232601358600461,1.2941176470588236,Chain-GBR-RR-EPSI(0.2)
1080,LR-REAL-Political,0.10980392156862745,1.217370466753869,1.2941176470588236,Chain-GBR-RR-EPSI(0.2)
1081,LR-REAL-Political,0.13333333333333333,1.2173534772745265,1.4705882352941178,Chain-GBR-RR-EPSI(0.2)
1082,LR-REAL-Political,0.1176470588235294,1.217440773098093,1.2352941176470589,Chain-GBR-RR-EPSI(0.2)
1083,LR-REAL-Political,0.13333333333333333,1.2250843435075764,1.3529411764705883,Chain-GBR-RR-EPSI(0.2)
1084,LR-REAL-Political,0.13725490196078433,1.2255673513484975,1.3529411764705883,Chain-GBR-RR-EPSI(0.2)
1085,LR-REAL-Political,0.08627450980392158,1.2202713568989119,1.1764705882352942,Chain-GBR-RR-EPSI(0.2)
1086,LR-REAL-Political,0.08235294117647059,1.2216396466256332,1.1764705882352942,Chain-GBR-RR-EPSI(0.2)
1087,LR-REAL-Political,0.12941176470588237,1.2151113220064937,1.411764705882353,Chain-GBR-RR-EPSI(0.2)
1088,LR-REAL-Political,0.13725490196078433,1.222281737981808,1.411764705882353,Chain-GBR-RR-EPSI(0.2)
1089,LR-REAL-Political,0.10980392156862744,1.2229457309151968,1.3529411764705883,Chain-GBR-RR-EPSI(0.2)
1090,LR-REAL-Political,0.1176470588235294,1.2255718405167404,1.3529411764705883,Chain-GBR-RR-EPSI(0.2)
1091,LR-REAL-Political,0.17647058823529413,1.2283225935066966,1.411764705882353,Chain-GBR-RR-EPSI(0.2)
1092,LR-REAL-Political,0.0980392156862745,1.2186915432531171,1.3529411764705883,Chain-GBR-RR-EPSI(0.2)
1093,LR-REAL-Political,0.0784313725490196,1.222944642292718,1.2352941176470589,Chain-GBR-RR-EPSI(0.2)
1094,LR-REAL-Political,0.14901960784313725,1.218437395062189,1.411764705882353,Chain-GBR-RR-EPSI(0.2)
1095,LR-REAL-Political,0.1607843137254902,1.2105869639548241,1.3529411764705883,Chain-GBR-RR-EPSI(0.2)
1096,LR-REAL-Political,0.11764705882352941,1.2198405792816407,1.3529411764705883,Chain-GBR-RR-EPSI(0.2)
1097,LR-REAL-Political,0.09019607843137255,1.217995854648725,1.2941176470588236,Chain-GBR-RR-EPSI(0.2)
1098,LR-REAL-Political,0.24705882352941172,1.2186614915302838,1.588235294117647,Chain-GBR-RR-EPSI(0.2)
1099,LR-REAL-Political,0.0392156862745098,1.2167967223049454,1.1176470588235294,Chain-GBR-RR-EPSI(0.2)
