,data,tau_x_score,prediction_time,buckets_per_rank,algo
0,LR-LETTER,0.9497107692307692,38.29623135281073,18.684,SVC-JC
1,LR-LETTER,0.9436153846153845,13.731315224114423,18.0015,SingleTarget-SVR
2,LR-LETTER,0.8053430769230769,61.228640217417954,17.2365,CHAIN-SVR
