,data,tau_x_score,prediction_time,buckets_per_rank,algo
0,LR-LETTER,0.9485061538461539,38.56271813106535,18.672,SVC-JC
1,LR-LETTER,0.9419784615384615,13.898783282863429,17.97,SingleTarget-SVR
2,LR-LETTER,0.7980615384615385,61.14067404163123,17.139,CHAIN-SVR
