,data,tau_x_score,prediction_time,buckets_per_rank,algo
0,LR-LETTER,0.9488507692307692,38.68540352302144,18.679,SVC-JC
1,LR-LETTER,0.9426323076923077,12.804796549848314,17.9875,SingleTarget-SVR
2,LR-LETTER,0.8013476923076923,61.2683726857667,17.2585,CHAIN-SVR
