,data,tau_x_score,prediction_time,buckets_per_rank,algo
0,LR-LETTER,0.9491246153846153,38.762637341491654,18.716,SVC-JC
1,LR-LETTER,0.9439738461538462,14.010533552152689,17.9815,SingleTarget-SVR
2,LR-LETTER,0.8017784615384616,61.24795997422281,17.215,CHAIN-SVR
