,data,tau_x_score,prediction_time,buckets_per_rank,algo
0,LR-LETTER,0.9502153846153846,40.25882669281358,18.781,SVC-JC
1,LR-LETTER,0.9445415384615385,13.71257751996321,18.0775,SingleTarget-SVR
2,LR-LETTER,0.8038476923076923,67.00596399410279,17.279,CHAIN-SVR
