,data,tau_x_score,prediction_time,buckets_per_rank,algo
0,LR-LETTER,0.9493569230769231,38.47321456521395,18.769,SVC-JC
1,LR-LETTER,0.9431138461538461,13.571287598271311,17.9175,SingleTarget-SVR
2,LR-LETTER,0.7877138461538461,61.25184258328881,17.124,CHAIN-SVR
