,data,tau_x_score,prediction_time,buckets_per_rank,algo
0,LR-LETTER,0.9485123076923077,38.20506614703076,18.629,SVC-JC
1,LR-LETTER,0.9425215384615384,13.947858964873408,17.962,SingleTarget-SVR
2,LR-LETTER,0.8032492307692307,61.234330373949525,17.2605,CHAIN-SVR
