,data,tau_x_score,prediction_time,buckets_per_rank,algo
0,LR-LETTER,0.9486615384615383,38.46897325216771,18.667,SVC-JC
1,LR-LETTER,0.94214,13.43783211418425,17.9085,SingleTarget-SVR
2,LR-LETTER,0.797756923076923,61.25766575428747,17.233,CHAIN-SVR
