,data,tau_x_score,prediction_time,buckets_per_rank,algo
0,LR-LETTER,0.9484923076923075,38.673734689890004,18.625,SVC-JC
1,LR-LETTER,0.9429938461538461,13.538225835056847,18.0095,SingleTarget-SVR
2,LR-LETTER,0.8039646153846154,61.22643269916188,17.2395,CHAIN-SVR
