,data,tau_x_score,prediction_time,buckets_per_rank,algo
0,LR-LETTER,0.9495123076923077,41.211977909559295,18.689,SVC-JC
1,LR-LETTER,0.9438984615384616,13.498418195625682,18.0505,SingleTarget-SVR
2,LR-LETTER,0.8041030769230769,68.39046262652427,17.199,CHAIN-SVR
