,data,tau_x_score,prediction_time,buckets_per_rank,algo
0,LR-LETTER,0.9493384615384616,39.01538267206937,18.6835,SVC-JC
1,LR-LETTER,0.9432646153846154,13.90621223759346,17.989,SingleTarget-SVR
2,LR-LETTER,0.7873815384615385,60.76565356111964,17.1855,CHAIN-SVR
