,data,tau_x_score,prediction_time,buckets_per_rank,algo
0,LR-LETTER,0.9493738461538462,38.3679675693149,18.7805,SVC-JC
1,LR-LETTER,0.9442353846153847,12.71440176929299,18.0615,SingleTarget-SVR
2,LR-LETTER,0.8042830769230769,61.19137642242573,17.272,CHAIN-SVR
