,data,tau_x_score,prediction_time,buckets_per_rank,algo
0,LR-LETTER,0.9481799999999999,40.78485011480374,18.648,SVC-JC
1,LR-LETTER,0.9421723076923076,13.811497207471938,17.9935,SingleTarget-SVR
2,LR-LETTER,0.8001123076923077,66.79982655633171,17.1715,CHAIN-SVR
