,data,tau_x_score,prediction_time,buckets_per_rank,algo
0,LR-LETTER,0.9481123076923077,38.52216774789555,18.6235,SVC-JC
1,LR-LETTER,0.9429984615384615,13.886181193581962,17.9645,SingleTarget-SVR
2,LR-LETTER,0.8018015384615385,60.95090227282124,17.266,CHAIN-SVR
