,data,tau_x_score,prediction_time,buckets_per_rank,algo
0,LR-LETTER,0.9495153846153846,39.59243001341287,18.708,SVC-JC
1,LR-LETTER,0.9437046153846154,12.716712364247616,17.9475,SingleTarget-SVR
2,LR-LETTER,0.802976923076923,64.02229166697333,17.166,CHAIN-SVR
