,data,tau_x_score,prediction_time,buckets_per_rank,algo
0,LR-LETTER,0.9489815384615384,38.123165011801,18.6755,SVC-JC
1,LR-LETTER,0.9424476923076922,13.810356953424476,18.017,SingleTarget-SVR
2,LR-LETTER,0.8030123076923077,61.2653930404107,17.273,CHAIN-SVR
