,data,tau_x_score,prediction_time,buckets_per_rank,algo
0,LR-LETTER,0.9486292307692309,39.46702430325845,18.578,SVC-JC
1,LR-LETTER,0.9423523076923077,12.667176217649889,17.9425,SingleTarget-SVR
2,LR-LETTER,0.8046523076923077,61.224765992186384,17.2535,CHAIN-SVR
