,data,tau_x_score,prediction_time,buckets_per_rank,algo
0,LR-LETTER,0.9500015384615386,38.20871531841901,18.797,SVC-JC
1,LR-LETTER,0.9438600000000001,13.607271606240415,17.994,SingleTarget-SVR
2,LR-LETTER,0.7912769230769231,61.20541228441324,17.134,CHAIN-SVR
