,data,tau_x_score,prediction_time,buckets_per_rank,algo
0,LR-LETTER,0.9492276923076923,38.44689698818364,18.7025,SVC-JC
1,LR-LETTER,0.9435784615384616,13.583832816293002,17.961,SingleTarget-SVR
2,LR-LETTER,0.8065953846153845,61.29707618760463,17.2955,CHAIN-SVR
