,data,tau_x_score,prediction_time,buckets_per_rank,algo
0,LR-LETTER,0.9494892307692308,38.457012327038555,18.6675,SVC-JC
1,LR-LETTER,0.9431738461538461,13.790476525450186,17.956,SingleTarget-SVR
2,LR-LETTER,0.8027923076923077,61.37813448782881,17.1895,CHAIN-SVR
