,data,tau_x_score,prediction_time,buckets_per_rank,algo
0,LR-LETTER,0.9478092307692308,39.03424555460239,18.6425,SVC-JC
1,LR-LETTER,0.9419461538461539,13.418990134729787,17.905,SingleTarget-SVR
2,LR-LETTER,0.7990600000000001,61.13169492388531,17.2315,CHAIN-SVR
