,data,tau_x_score,prediction_time,buckets_per_rank,algo
0,LR-LETTER,0.94792,38.7723833929641,18.6415,SVC-JC
1,LR-LETTER,0.9423953846153845,13.706031651283446,17.9805,SingleTarget-SVR
2,LR-LETTER,0.7973892307692309,60.86429905649116,17.205,CHAIN-SVR
