,data,tau_x_score,prediction_time,buckets_per_rank,algo
0,LR-LETTER,0.9492692307692308,38.426793187995656,18.7225,SVC-JC
1,LR-LETTER,0.9435569230769231,13.247069216019456,18.0255,SingleTarget-SVR
2,LR-LETTER,0.8015507692307692,61.16484473405454,17.1915,CHAIN-SVR
