,data,tau_x_score,prediction_time,buckets_per_rank,algo
0,LR-LETTER,0.9491492307692307,38.345648052054095,18.658,SVC-JC
1,LR-LETTER,0.9429307692307694,13.269666320107671,17.9415,SingleTarget-SVR
2,LR-LETTER,0.8021723076923076,61.20037441369133,17.177,CHAIN-SVR
