,data,tau_x_score,prediction_time,buckets_per_rank,algo
0,LR-LETTER,0.9483523076923077,38.54830572624446,18.69,SVC-JC
1,LR-LETTER,0.9433707692307691,13.596804548128327,18.0425,SingleTarget-SVR
2,LR-LETTER,0.8027000000000001,61.1923852739539,17.282,CHAIN-SVR
