,data,tau_x_score,prediction_time,buckets_per_rank,algo
0,LR-LETTER,0.949136923076923,38.23519498489573,18.721,SVC-JC
1,LR-LETTER,0.9429184615384616,13.601396862932944,18.0005,SingleTarget-SVR
2,LR-LETTER,0.8025969230769231,61.20168857933582,17.213,CHAIN-SVR
