,data,tau_x_score,prediction_time,buckets_per_rank,algo
0,LR-LETTER,0.9498615384615384,38.52893826732065,18.7365,SVC-JC
1,LR-LETTER,0.9445461538461538,13.781455729639008,18.07,SingleTarget-SVR
2,LR-LETTER,0.8042123076923077,61.28737377740211,17.2085,CHAIN-SVR
