,data,tau_x_score,prediction_time,buckets_per_rank,algo
0,LR-LETTER,0.9481784615384615,38.95784123297903,18.6055,SVC-JC
1,LR-LETTER,0.9426261538461538,14.002263783153051,18.0025,SingleTarget-SVR
2,LR-LETTER,0.8010307692307692,61.22720068148632,17.3285,CHAIN-SVR
