,data,tau_x_score,prediction_time,buckets_per_rank,algo
0,LR-LETTER,0.9486630769230769,39.519112042997584,18.641,SVC-JC
1,LR-LETTER,0.9420015384615384,13.768899794645808,17.993,SingleTarget-SVR
2,LR-LETTER,0.8006692307692308,61.156004003270226,17.2255,CHAIN-SVR
