,data,tau_x_score,prediction_time,buckets_per_rank,algo
0,LR-LETTER,0.9486830769230769,38.76513727741732,18.688,SVC-JC
1,LR-LETTER,0.943156923076923,13.490162253212382,18.0405,SingleTarget-SVR
2,LR-LETTER,0.7990046153846153,61.32066046518081,17.1855,CHAIN-SVR
