,data,tau_x_score,prediction_time,buckets_per_rank,algo
0,LR-LETTER,0.9493292307692308,39.436031161084,18.7185,SVC-JC
1,LR-LETTER,0.94356,13.325103630966616,17.956,SingleTarget-SVR
2,LR-LETTER,0.80302,61.268933828678605,17.2165,CHAIN-SVR
