,data,tau_x_score,prediction_time,buckets_per_rank,algo
0,LR-LETTER,0.9482076923076923,41.58534459658848,18.6675,SVC-JC
1,LR-LETTER,0.9423230769230769,13.757357109306794,17.9855,SingleTarget-SVR
2,LR-LETTER,0.7992999999999999,66.85272661549419,17.241,CHAIN-SVR
