,data,tau_x_score,prediction_time,buckets_per_rank,algo
0,LR-LETTER,0.9497876923076923,38.44648297757544,18.7615,SVC-JC
1,LR-LETTER,0.9440799999999999,13.969943972149562,18.0305,SingleTarget-SVR
2,LR-LETTER,0.8050707692307693,61.20578321876943,17.193,CHAIN-SVR
