,data,tau_x_score,prediction_time,buckets_per_rank,algo
0,LR-LETTER,0.9480723076923078,38.54031737046274,18.5765,SVC-JC
1,LR-LETTER,0.9424461538461538,13.612960052537462,17.9485,SingleTarget-SVR
2,LR-LETTER,0.7993015384615385,61.17962899002409,17.244,CHAIN-SVR
