,data,tau_x_score,prediction_time,buckets_per_rank,algo
0,LR-LETTER,0.94866,38.49758905130282,18.623,SVC-JC
1,LR-LETTER,0.9419569230769231,13.855869078697719,17.928,SingleTarget-SVR
2,LR-LETTER,0.8008553846153845,61.22513168051982,17.261,CHAIN-SVR
