,data,tau_x_score,prediction_time,buckets_per_rank,algo
0,LR-LETTER,0.9494476923076922,37.951563881426516,18.6915,SVC-JC
1,LR-LETTER,0.9438446153846153,12.665004468021367,17.94,SingleTarget-SVR
2,LR-LETTER,0.808263076923077,61.27568128664086,17.237,CHAIN-SVR
