,data,tau_x_score,prediction_time,buckets_per_rank,algo
0,LR-REAL-Political,0.788235294117647,1.5151317386133516,6.0,ST-GBR-EPSI(0.0)
1,LR-REAL-Political,0.592156862745098,0.5165238024449165,6.0,ST-GBR-EPSI(0.0)
2,LR-REAL-Political,0.7725490196078431,0.5300125082512002,6.0,ST-GBR-EPSI(0.0)
3,LR-REAL-Political,0.6705882352941177,0.5323034957088018,6.0,ST-GBR-EPSI(0.0)
4,LR-REAL-Political,0.6392156862745099,0.4883591198817557,6.0,ST-GBR-EPSI(0.0)
5,LR-REAL-Political,0.7098039215686276,0.5015997505541455,6.0,ST-GBR-EPSI(0.0)
6,LR-REAL-Political,0.6784313725490196,0.5110998004912638,6.0,ST-GBR-EPSI(0.0)
7,LR-REAL-Political,0.780392156862745,0.5152792728837733,6.0,ST-GBR-EPSI(0.0)
8,LR-REAL-Political,0.6862745098039217,0.5246022666341631,6.0,ST-GBR-EPSI(0.0)
9,LR-REAL-Political,0.6705882352941177,0.5282157196827889,6.0,ST-GBR-EPSI(0.0)
10,LR-REAL-Political,0.7647058823529411,0.5085043705573784,6.0,ST-GBR-EPSI(0.0)
11,LR-REAL-Political,0.7647058823529411,0.49844200878136935,6.0,ST-GBR-EPSI(0.0)
12,LR-REAL-Political,0.7647058823529411,0.5138079359706004,6.0,ST-GBR-EPSI(0.0)
13,LR-REAL-Political,0.7019607843137255,0.5127153674245026,6.0,ST-GBR-EPSI(0.0)
14,LR-REAL-Political,0.6549019607843138,0.5129368449257834,6.0,ST-GBR-EPSI(0.0)
15,LR-REAL-Political,0.6627450980392157,0.5067177627402706,6.0,ST-GBR-EPSI(0.0)
16,LR-REAL-Political,0.6941176470588235,0.5798438607428816,6.0,ST-GBR-EPSI(0.0)
17,LR-REAL-Political,0.615686274509804,0.5020464613705822,6.0,ST-GBR-EPSI(0.0)
18,LR-REAL-Political,0.6549019607843137,0.569825599001902,6.0,ST-GBR-EPSI(0.0)
19,LR-REAL-Political,0.623529411764706,0.48648066885923874,6.0,ST-GBR-EPSI(0.0)
20,LR-REAL-Political,0.6784313725490198,0.5772059891176018,6.0,ST-GBR-EPSI(0.0)
21,LR-REAL-Political,0.6941176470588235,0.5019284745111952,6.0,ST-GBR-EPSI(0.0)
22,LR-REAL-Political,0.6235294117647059,0.5964018421432455,6.0,ST-GBR-EPSI(0.0)
23,LR-REAL-Political,0.7490196078431373,0.5168655627745844,6.0,ST-GBR-EPSI(0.0)
24,LR-REAL-Political,0.6705882352941177,0.5656604559465775,6.0,ST-GBR-EPSI(0.0)
25,LR-REAL-Political,0.5921568627450982,0.49287662344276273,6.0,ST-GBR-EPSI(0.0)
26,LR-REAL-Political,0.6078431372549019,0.5331557535779938,6.0,ST-GBR-EPSI(0.0)
27,LR-REAL-Political,0.7882352941176471,0.4942881520377217,6.0,ST-GBR-EPSI(0.0)
28,LR-REAL-Political,0.7098039215686275,0.5658840806176965,6.0,ST-GBR-EPSI(0.0)
29,LR-REAL-Political,0.6470588235294118,0.5060888206383791,6.0,ST-GBR-EPSI(0.0)
30,LR-REAL-Political,0.7333333333333334,0.5255106953617191,6.0,ST-GBR-EPSI(0.0)
31,LR-REAL-Political,0.5764705882352942,0.5115064770369098,6.0,ST-GBR-EPSI(0.0)
32,LR-REAL-Political,0.7568627450980392,0.5465341484997515,6.0,ST-GBR-EPSI(0.0)
33,LR-REAL-Political,0.6941176470588235,0.49712922603372234,6.0,ST-GBR-EPSI(0.0)
34,LR-REAL-Political,0.7098039215686275,0.5567258167326892,6.0,ST-GBR-EPSI(0.0)
35,LR-REAL-Political,0.7411764705882353,0.4855453288636023,6.0,ST-GBR-EPSI(0.0)
36,LR-REAL-Political,0.7176470588235294,0.5783346132831181,6.0,ST-GBR-EPSI(0.0)
37,LR-REAL-Political,0.6627450980392158,0.4846498148168279,6.0,ST-GBR-EPSI(0.0)
38,LR-REAL-Political,0.6392156862745099,0.5544262425255182,6.0,ST-GBR-EPSI(0.0)
39,LR-REAL-Political,0.7647058823529411,0.48139271535886663,6.0,ST-GBR-EPSI(0.0)
40,LR-REAL-Political,0.6470588235294118,0.5561648669687493,6.0,ST-GBR-EPSI(0.0)
41,LR-REAL-Political,0.6941176470588236,0.4777834584776869,6.0,ST-GBR-EPSI(0.0)
42,LR-REAL-Political,0.6000000000000001,0.5569102755151116,6.0,ST-GBR-EPSI(0.0)
43,LR-REAL-Political,0.7490196078431373,0.5033519361166249,6.0,ST-GBR-EPSI(0.0)
44,LR-REAL-Political,0.7568627450980392,0.5561542502580742,6.0,ST-GBR-EPSI(0.0)
45,LR-REAL-Political,0.6941176470588235,0.5020980087799347,6.0,ST-GBR-EPSI(0.0)
46,LR-REAL-Political,0.6549019607843137,0.5567787417336947,6.0,ST-GBR-EPSI(0.0)
47,LR-REAL-Political,0.5843137254901961,0.4931795070609249,6.0,ST-GBR-EPSI(0.0)
48,LR-REAL-Political,0.7098039215686276,0.5522503578635269,6.0,ST-GBR-EPSI(0.0)
49,LR-REAL-Political,0.8509803921568627,0.49324642947677866,6.0,ST-GBR-EPSI(0.0)
50,LR-REAL-Political,0.7882352941176471,0.5042222348208916,5.647058823529412,ST-GBR-EPSI(0.01)
51,LR-REAL-Political,0.5725490196078432,0.5068595610609166,5.705882352941177,ST-GBR-EPSI(0.01)
52,LR-REAL-Political,0.7450980392156863,0.4998797406174271,5.411764705882353,ST-GBR-EPSI(0.01)
53,LR-REAL-Political,0.6549019607843138,0.5333983767735361,5.529411764705882,ST-GBR-EPSI(0.01)
54,LR-REAL-Political,0.6549019607843138,0.49938768746851925,5.647058823529412,ST-GBR-EPSI(0.01)
55,LR-REAL-Political,0.7137254901960786,0.5033583055322332,5.705882352941177,ST-GBR-EPSI(0.01)
56,LR-REAL-Political,0.6666666666666666,0.5045938531898303,5.705882352941177,ST-GBR-EPSI(0.01)
57,LR-REAL-Political,0.7686274509803921,0.49005797905746745,5.823529411764706,ST-GBR-EPSI(0.01)
58,LR-REAL-Political,0.7019607843137255,0.49739240953921426,5.588235294117647,ST-GBR-EPSI(0.01)
59,LR-REAL-Political,0.6745098039215687,0.5140178905642612,5.823529411764706,ST-GBR-EPSI(0.01)
60,LR-REAL-Political,0.7450980392156863,0.5177238547098282,5.411764705882353,ST-GBR-EPSI(0.01)
61,LR-REAL-Political,0.7607843137254902,0.5060887369076604,5.823529411764706,ST-GBR-EPSI(0.01)
62,LR-REAL-Political,0.776470588235294,0.49452517458270834,5.823529411764706,ST-GBR-EPSI(0.01)
63,LR-REAL-Political,0.6941176470588235,0.5138820881642369,5.764705882352941,ST-GBR-EPSI(0.01)
64,LR-REAL-Political,0.6705882352941177,0.47963559401063527,5.764705882352941,ST-GBR-EPSI(0.01)
65,LR-REAL-Political,0.6588235294117647,0.5168335687494967,5.529411764705882,ST-GBR-EPSI(0.01)
66,LR-REAL-Political,0.7019607843137255,0.5071446520445111,5.764705882352941,ST-GBR-EPSI(0.01)
67,LR-REAL-Political,0.615686274509804,0.5085364069525686,5.882352941176471,ST-GBR-EPSI(0.01)
68,LR-REAL-Political,0.6705882352941176,0.5100602361925425,5.764705882352941,ST-GBR-EPSI(0.01)
69,LR-REAL-Political,0.6313725490196078,0.5030592381181084,5.705882352941177,ST-GBR-EPSI(0.01)
70,LR-REAL-Political,0.6705882352941177,0.5000496826596665,5.588235294117647,ST-GBR-EPSI(0.01)
71,LR-REAL-Political,0.6980392156862745,0.5094521580002348,5.823529411764706,ST-GBR-EPSI(0.01)
72,LR-REAL-Political,0.6235294117647058,0.4980886367043807,5.882352941176471,ST-GBR-EPSI(0.01)
73,LR-REAL-Political,0.7529411764705882,0.5035971305155523,5.588235294117647,ST-GBR-EPSI(0.01)
74,LR-REAL-Political,0.6666666666666667,0.45847512360738907,5.705882352941177,ST-GBR-EPSI(0.01)
75,LR-REAL-Political,0.5960784313725491,0.47192219409768277,5.823529411764706,ST-GBR-EPSI(0.01)
76,LR-REAL-Political,0.6117647058823529,0.433512076426763,5.9411764705882355,ST-GBR-EPSI(0.01)
77,LR-REAL-Political,0.788235294117647,0.4966705228415291,5.764705882352941,ST-GBR-EPSI(0.01)
78,LR-REAL-Political,0.7215686274509804,0.49856473422132686,5.411764705882353,ST-GBR-EPSI(0.01)
79,LR-REAL-Political,0.6588235294117648,0.5029024376014465,5.705882352941177,ST-GBR-EPSI(0.01)
80,LR-REAL-Political,0.7137254901960784,0.4787100834724095,5.529411764705882,ST-GBR-EPSI(0.01)
81,LR-REAL-Political,0.5607843137254903,0.507608546968363,5.411764705882353,ST-GBR-EPSI(0.01)
82,LR-REAL-Political,0.7490196078431373,0.44713889225542297,5.764705882352941,ST-GBR-EPSI(0.01)
83,LR-REAL-Political,0.6901960784313725,0.48935585315044455,5.823529411764706,ST-GBR-EPSI(0.01)
84,LR-REAL-Political,0.7176470588235295,0.47505652395659403,5.470588235294118,ST-GBR-EPSI(0.01)
85,LR-REAL-Political,0.7176470588235295,0.48117785733593943,5.588235294117647,ST-GBR-EPSI(0.01)
86,LR-REAL-Political,0.7176470588235294,0.4803240061816925,6.0,ST-GBR-EPSI(0.01)
87,LR-REAL-Political,0.6666666666666667,0.4884432113973117,5.470588235294118,ST-GBR-EPSI(0.01)
88,LR-REAL-Political,0.6431372549019608,0.5105973734978353,5.588235294117647,ST-GBR-EPSI(0.01)
89,LR-REAL-Political,0.7686274509803921,0.4839140377166304,5.705882352941177,ST-GBR-EPSI(0.01)
90,LR-REAL-Political,0.6745098039215688,0.48784598023330805,5.647058823529412,ST-GBR-EPSI(0.01)
91,LR-REAL-Political,0.6862745098039217,0.47996210507474174,5.764705882352941,ST-GBR-EPSI(0.01)
92,LR-REAL-Political,0.596078431372549,0.5033275733989494,5.588235294117647,ST-GBR-EPSI(0.01)
93,LR-REAL-Political,0.7411764705882353,0.4996432469617076,5.764705882352941,ST-GBR-EPSI(0.01)
94,LR-REAL-Political,0.7450980392156863,0.4897666767088989,5.705882352941177,ST-GBR-EPSI(0.01)
95,LR-REAL-Political,0.6784313725490196,0.5000574593012824,5.647058823529412,ST-GBR-EPSI(0.01)
96,LR-REAL-Political,0.6588235294117648,0.454241869385314,5.764705882352941,ST-GBR-EPSI(0.01)
97,LR-REAL-Political,0.5725490196078432,0.4510930516799474,5.705882352941177,ST-GBR-EPSI(0.01)
98,LR-REAL-Political,0.7058823529411765,0.48962998654051854,5.529411764705882,ST-GBR-EPSI(0.01)
99,LR-REAL-Political,0.8431372549019608,0.4685575885054801,5.882352941176471,ST-GBR-EPSI(0.01)
100,LR-REAL-Political,0.7725490196078431,0.5203208337007593,5.176470588235294,ST-GBR-EPSI(0.03)
101,LR-REAL-Political,0.5764705882352942,0.4967112790290166,5.0,ST-GBR-EPSI(0.03)
102,LR-REAL-Political,0.7294117647058824,0.5026093453468264,4.9411764705882355,ST-GBR-EPSI(0.03)
103,LR-REAL-Political,0.6313725490196079,0.49158258484836465,4.705882352941177,ST-GBR-EPSI(0.03)
104,LR-REAL-Political,0.6313725490196079,0.47490901671703956,5.0588235294117645,ST-GBR-EPSI(0.03)
105,LR-REAL-Political,0.6823529411764707,0.4996832341515442,4.588235294117647,ST-GBR-EPSI(0.03)
106,LR-REAL-Political,0.6901960784313725,0.505767069131084,5.117647058823529,ST-GBR-EPSI(0.03)
107,LR-REAL-Political,0.7529411764705882,0.47973661835251585,5.294117647058823,ST-GBR-EPSI(0.03)
108,LR-REAL-Political,0.7333333333333334,0.4865504536044001,5.0588235294117645,ST-GBR-EPSI(0.03)
109,LR-REAL-Political,0.6666666666666667,0.5225806241781954,5.470588235294118,ST-GBR-EPSI(0.03)
110,LR-REAL-Political,0.7529411764705882,0.4974472653217929,5.0,ST-GBR-EPSI(0.03)
111,LR-REAL-Political,0.7607843137254902,0.5115536831204912,5.352941176470588,ST-GBR-EPSI(0.03)
112,LR-REAL-Political,0.7607843137254902,0.5000083157101177,5.352941176470588,ST-GBR-EPSI(0.03)
113,LR-REAL-Political,0.6784313725490196,0.5067998325666769,5.235294117647059,ST-GBR-EPSI(0.03)
114,LR-REAL-Political,0.6549019607843137,0.5374498839842492,5.352941176470588,ST-GBR-EPSI(0.03)
115,LR-REAL-Political,0.6666666666666667,0.49672987470981816,5.411764705882353,ST-GBR-EPSI(0.03)
116,LR-REAL-Political,0.6862745098039216,0.499946105183246,4.9411764705882355,ST-GBR-EPSI(0.03)
117,LR-REAL-Political,0.5960784313725491,0.5183151261086487,5.117647058823529,ST-GBR-EPSI(0.03)
118,LR-REAL-Political,0.6627450980392158,0.5094668071601913,5.176470588235294,ST-GBR-EPSI(0.03)
119,LR-REAL-Political,0.6352941176470589,0.5036695399362628,5.235294117647059,ST-GBR-EPSI(0.03)
120,LR-REAL-Political,0.6901960784313725,0.49264669568772285,5.0,ST-GBR-EPSI(0.03)
121,LR-REAL-Political,0.6941176470588236,0.48866204957819304,5.294117647058823,ST-GBR-EPSI(0.03)
122,LR-REAL-Political,0.6313725490196078,0.480279125228035,5.352941176470588,ST-GBR-EPSI(0.03)
123,LR-REAL-Political,0.7019607843137255,0.5211526846336837,4.764705882352941,ST-GBR-EPSI(0.03)
124,LR-REAL-Political,0.6352941176470589,0.42392053233994154,5.0588235294117645,ST-GBR-EPSI(0.03)
125,LR-REAL-Political,0.6196078431372549,0.47580346355509745,5.176470588235294,ST-GBR-EPSI(0.03)
126,LR-REAL-Political,0.619607843137255,0.44660969700007763,5.235294117647059,ST-GBR-EPSI(0.03)
127,LR-REAL-Political,0.803921568627451,0.4805800078447204,5.176470588235294,ST-GBR-EPSI(0.03)
128,LR-REAL-Political,0.6862745098039216,0.4887946624468607,4.764705882352941,ST-GBR-EPSI(0.03)
129,LR-REAL-Political,0.6666666666666666,0.4900641411741789,5.117647058823529,ST-GBR-EPSI(0.03)
130,LR-REAL-Political,0.7137254901960784,0.49307040467721597,5.176470588235294,ST-GBR-EPSI(0.03)
131,LR-REAL-Political,0.5568627450980392,0.48108772593397353,5.117647058823529,ST-GBR-EPSI(0.03)
132,LR-REAL-Political,0.7529411764705882,0.5041397278330073,5.470588235294118,ST-GBR-EPSI(0.03)
133,LR-REAL-Political,0.6901960784313725,0.49854621912294717,5.352941176470588,ST-GBR-EPSI(0.03)
134,LR-REAL-Political,0.7058823529411765,0.4551378444239785,5.0588235294117645,ST-GBR-EPSI(0.03)
135,LR-REAL-Political,0.7254901960784315,0.48517259660078516,5.235294117647059,ST-GBR-EPSI(0.03)
136,LR-REAL-Political,0.7176470588235295,0.47720935474049153,5.470588235294118,ST-GBR-EPSI(0.03)
137,LR-REAL-Political,0.6470588235294118,0.47619445065063054,4.9411764705882355,ST-GBR-EPSI(0.03)
138,LR-REAL-Political,0.6470588235294119,0.4919438534869039,4.823529411764706,ST-GBR-EPSI(0.03)
139,LR-REAL-Political,0.7372549019607844,0.48997609964386546,5.0588235294117645,ST-GBR-EPSI(0.03)
140,LR-REAL-Political,0.6549019607843138,0.4931558117317963,5.0,ST-GBR-EPSI(0.03)
141,LR-REAL-Political,0.6941176470588236,0.45856957562788686,4.764705882352941,ST-GBR-EPSI(0.03)
142,LR-REAL-Political,0.6000000000000001,0.4881993196415121,5.0588235294117645,ST-GBR-EPSI(0.03)
143,LR-REAL-Political,0.7333333333333334,0.4963613693155691,4.882352941176471,ST-GBR-EPSI(0.03)
144,LR-REAL-Political,0.7333333333333334,0.48915403944483643,5.176470588235294,ST-GBR-EPSI(0.03)
145,LR-REAL-Political,0.6509803921568629,0.4905360289254182,5.117647058823529,ST-GBR-EPSI(0.03)
146,LR-REAL-Political,0.6745098039215687,0.4323967550746982,5.235294117647059,ST-GBR-EPSI(0.03)
147,LR-REAL-Political,0.596078431372549,0.46656172807090507,5.0,ST-GBR-EPSI(0.03)
148,LR-REAL-Political,0.7333333333333334,0.44268708365061427,4.882352941176471,ST-GBR-EPSI(0.03)
149,LR-REAL-Political,0.8196078431372549,0.44127623892534235,5.235294117647059,ST-GBR-EPSI(0.03)
150,LR-REAL-Political,0.7725490196078431,0.5028670688645427,4.647058823529412,ST-GBR-EPSI(0.05)
151,LR-REAL-Political,0.5686274509803921,0.48445177046683807,4.352941176470588,ST-GBR-EPSI(0.05)
152,LR-REAL-Political,0.7372549019607844,0.47980903773364864,4.764705882352941,ST-GBR-EPSI(0.05)
153,LR-REAL-Political,0.6352941176470589,0.47646141250385016,4.470588235294118,ST-GBR-EPSI(0.05)
154,LR-REAL-Political,0.6392156862745099,0.48522093087566925,4.647058823529412,ST-GBR-EPSI(0.05)
155,LR-REAL-Political,0.6549019607843138,0.5036146323700201,4.176470588235294,ST-GBR-EPSI(0.05)
156,LR-REAL-Political,0.6784313725490196,0.507409843951193,4.588235294117647,ST-GBR-EPSI(0.05)
157,LR-REAL-Political,0.7372549019607844,0.4826386916241559,4.882352941176471,ST-GBR-EPSI(0.05)
158,LR-REAL-Political,0.6941176470588236,0.48071947669636605,4.529411764705882,ST-GBR-EPSI(0.05)
159,LR-REAL-Political,0.6470588235294118,0.5159018687144741,4.588235294117647,ST-GBR-EPSI(0.05)
160,LR-REAL-Political,0.7411764705882353,0.4959457685503007,4.294117647058823,ST-GBR-EPSI(0.05)
161,LR-REAL-Political,0.7568627450980392,0.502792723069981,4.705882352941177,ST-GBR-EPSI(0.05)
162,LR-REAL-Political,0.7411764705882353,0.45752993198326347,4.882352941176471,ST-GBR-EPSI(0.05)
163,LR-REAL-Political,0.6862745098039217,0.5019114881531572,4.647058823529412,ST-GBR-EPSI(0.05)
164,LR-REAL-Political,0.6352941176470588,0.44761598286931437,4.882352941176471,ST-GBR-EPSI(0.05)
165,LR-REAL-Political,0.6627450980392158,0.47759192219034796,4.705882352941177,ST-GBR-EPSI(0.05)
166,LR-REAL-Political,0.6627450980392157,0.5098790694756705,4.411764705882353,ST-GBR-EPSI(0.05)
167,LR-REAL-Political,0.607843137254902,0.502958069157907,4.764705882352941,ST-GBR-EPSI(0.05)
168,LR-REAL-Political,0.6431372549019608,0.49588398553644225,4.470588235294118,ST-GBR-EPSI(0.05)
169,LR-REAL-Political,0.6,0.4890636317633065,4.529411764705882,ST-GBR-EPSI(0.05)
170,LR-REAL-Political,0.6823529411764707,0.49512145550334796,4.470588235294118,ST-GBR-EPSI(0.05)
171,LR-REAL-Political,0.7137254901960786,0.4686065821991001,4.705882352941177,ST-GBR-EPSI(0.05)
172,LR-REAL-Political,0.6117647058823529,0.4892885756196076,4.470588235294118,ST-GBR-EPSI(0.05)
173,LR-REAL-Political,0.7058823529411765,0.5130445562402923,4.294117647058823,ST-GBR-EPSI(0.05)
174,LR-REAL-Political,0.6313725490196079,0.4237496120931459,4.352941176470588,ST-GBR-EPSI(0.05)
175,LR-REAL-Political,0.6392156862745099,0.49014328684095126,4.470588235294118,ST-GBR-EPSI(0.05)
176,LR-REAL-Political,0.619607843137255,0.4343416030055243,4.529411764705882,ST-GBR-EPSI(0.05)
177,LR-REAL-Political,0.803921568627451,0.4879451701366524,4.705882352941177,ST-GBR-EPSI(0.05)
178,LR-REAL-Political,0.6470588235294118,0.5029939554872277,4.235294117647059,ST-GBR-EPSI(0.05)
179,LR-REAL-Political,0.6901960784313725,0.4906472693844055,4.470588235294118,ST-GBR-EPSI(0.05)
180,LR-REAL-Political,0.6784313725490198,0.47819077695345225,4.647058823529412,ST-GBR-EPSI(0.05)
181,LR-REAL-Political,0.5411764705882353,0.48914259374326213,4.764705882352941,ST-GBR-EPSI(0.05)
182,LR-REAL-Political,0.7215686274509804,0.4962158935096377,4.647058823529412,ST-GBR-EPSI(0.05)
183,LR-REAL-Political,0.6901960784313725,0.4842293254925917,4.823529411764706,ST-GBR-EPSI(0.05)
184,LR-REAL-Political,0.6745098039215687,0.44449180237766556,4.647058823529412,ST-GBR-EPSI(0.05)
185,LR-REAL-Political,0.7176470588235295,0.4765250609497114,4.823529411764706,ST-GBR-EPSI(0.05)
186,LR-REAL-Political,0.7333333333333334,0.4337419082779359,4.882352941176471,ST-GBR-EPSI(0.05)
187,LR-REAL-Political,0.627450980392157,0.47789362458395707,4.588235294117647,ST-GBR-EPSI(0.05)
188,LR-REAL-Political,0.6509803921568629,0.48772124506820014,4.294117647058823,ST-GBR-EPSI(0.05)
189,LR-REAL-Political,0.7137254901960786,0.4774316265113456,4.764705882352941,ST-GBR-EPSI(0.05)
190,LR-REAL-Political,0.6588235294117648,0.4921868396179371,4.705882352941177,ST-GBR-EPSI(0.05)
191,LR-REAL-Political,0.6823529411764707,0.47252856157373246,4.294117647058823,ST-GBR-EPSI(0.05)
192,LR-REAL-Political,0.592156862745098,0.4787862810245654,4.529411764705882,ST-GBR-EPSI(0.05)
193,LR-REAL-Political,0.6941176470588235,0.4924717765266439,4.294117647058823,ST-GBR-EPSI(0.05)
194,LR-REAL-Political,0.7019607843137255,0.4761488987963011,4.705882352941177,ST-GBR-EPSI(0.05)
195,LR-REAL-Political,0.6588235294117647,0.48525892348372124,4.470588235294118,ST-GBR-EPSI(0.05)
196,LR-REAL-Political,0.6823529411764707,0.4463103328953241,4.588235294117647,ST-GBR-EPSI(0.05)
197,LR-REAL-Political,0.596078431372549,0.45690111504260006,4.764705882352941,ST-GBR-EPSI(0.05)
198,LR-REAL-Political,0.7333333333333334,0.4364528865681089,4.176470588235294,ST-GBR-EPSI(0.05)
199,LR-REAL-Political,0.8156862745098039,0.4467104741901362,5.0,ST-GBR-EPSI(0.05)
200,LR-REAL-Political,0.7490196078431373,0.4841055033820485,4.352941176470588,ST-GBR-EPSI(0.07)
201,LR-REAL-Political,0.5411764705882354,0.5127098798952942,3.9411764705882355,ST-GBR-EPSI(0.07)
202,LR-REAL-Political,0.7098039215686276,0.488723295389573,4.0,ST-GBR-EPSI(0.07)
203,LR-REAL-Political,0.615686274509804,0.46075234593976844,3.8823529411764706,ST-GBR-EPSI(0.07)
204,LR-REAL-Political,0.627450980392157,0.4910948798266458,4.176470588235294,ST-GBR-EPSI(0.07)
205,LR-REAL-Political,0.6392156862745098,0.4861628105897656,3.823529411764706,ST-GBR-EPSI(0.07)
206,LR-REAL-Political,0.6313725490196078,0.49485479357892814,4.117647058823529,ST-GBR-EPSI(0.07)
207,LR-REAL-Political,0.7019607843137254,0.49632689580640554,4.176470588235294,ST-GBR-EPSI(0.07)
208,LR-REAL-Political,0.6823529411764707,0.5008014703884749,4.0588235294117645,ST-GBR-EPSI(0.07)
209,LR-REAL-Political,0.6549019607843137,0.520586158195375,3.9411764705882355,ST-GBR-EPSI(0.07)
210,LR-REAL-Political,0.7176470588235295,0.4966150571030382,4.0588235294117645,ST-GBR-EPSI(0.07)
211,LR-REAL-Political,0.7333333333333334,0.49769142313282483,4.117647058823529,ST-GBR-EPSI(0.07)
212,LR-REAL-Political,0.6980392156862745,0.5609127364297635,4.176470588235294,ST-GBR-EPSI(0.07)
213,LR-REAL-Political,0.6666666666666667,0.4898962302287113,4.0588235294117645,ST-GBR-EPSI(0.07)
214,LR-REAL-Political,0.6509803921568628,0.46786515545246493,4.352941176470588,ST-GBR-EPSI(0.07)
215,LR-REAL-Political,0.6470588235294118,0.4901080272673178,4.294117647058823,ST-GBR-EPSI(0.07)
216,LR-REAL-Political,0.6549019607843136,0.5006351274127968,3.764705882352941,ST-GBR-EPSI(0.07)
217,LR-REAL-Political,0.5725490196078431,0.49519947974508405,4.176470588235294,ST-GBR-EPSI(0.07)
218,LR-REAL-Political,0.6196078431372549,0.5162032499184745,4.176470588235294,ST-GBR-EPSI(0.07)
219,LR-REAL-Political,0.5882352941176471,0.4843602283978744,4.0,ST-GBR-EPSI(0.07)
220,LR-REAL-Political,0.6666666666666666,0.4996378702965829,4.117647058823529,ST-GBR-EPSI(0.07)
221,LR-REAL-Political,0.6980392156862745,0.46171417710093937,4.0,ST-GBR-EPSI(0.07)
222,LR-REAL-Political,0.596078431372549,0.5045214038309278,4.0,ST-GBR-EPSI(0.07)
223,LR-REAL-Political,0.6941176470588235,0.523351921195595,3.9411764705882355,ST-GBR-EPSI(0.07)
224,LR-REAL-Political,0.6392156862745099,0.42838675139798027,3.7058823529411766,ST-GBR-EPSI(0.07)
225,LR-REAL-Political,0.6392156862745099,0.4903105642378981,4.0,ST-GBR-EPSI(0.07)
226,LR-REAL-Political,0.6313725490196079,0.4679901610508996,3.823529411764706,ST-GBR-EPSI(0.07)
227,LR-REAL-Political,0.776470588235294,0.46038392231999764,3.9411764705882355,ST-GBR-EPSI(0.07)
228,LR-REAL-Political,0.6196078431372549,0.5135674488327203,3.8823529411764706,ST-GBR-EPSI(0.07)
229,LR-REAL-Political,0.6588235294117648,0.4944002973212512,4.0,ST-GBR-EPSI(0.07)
230,LR-REAL-Political,0.6627450980392158,0.4713618864477551,3.9411764705882355,ST-GBR-EPSI(0.07)
231,LR-REAL-Political,0.5294117647058822,0.47441022328770327,4.0588235294117645,ST-GBR-EPSI(0.07)
232,LR-REAL-Political,0.7372549019607844,0.49129164243210127,4.117647058823529,ST-GBR-EPSI(0.07)
233,LR-REAL-Political,0.6784313725490196,0.5008313440732901,4.294117647058823,ST-GBR-EPSI(0.07)
234,LR-REAL-Political,0.6823529411764706,0.44404121517710166,4.176470588235294,ST-GBR-EPSI(0.07)
235,LR-REAL-Political,0.6901960784313725,0.466121303434169,4.294117647058823,ST-GBR-EPSI(0.07)
236,LR-REAL-Political,0.7019607843137255,0.44628069742489224,4.235294117647059,ST-GBR-EPSI(0.07)
237,LR-REAL-Political,0.6470588235294118,0.4675970481606335,4.176470588235294,ST-GBR-EPSI(0.07)
238,LR-REAL-Political,0.6431372549019608,0.4814373183989204,3.8823529411764706,ST-GBR-EPSI(0.07)
239,LR-REAL-Political,0.6588235294117648,0.49444313458273725,4.0,ST-GBR-EPSI(0.07)
240,LR-REAL-Political,0.6549019607843137,0.4865890333518373,4.235294117647059,ST-GBR-EPSI(0.07)
241,LR-REAL-Political,0.6509803921568628,0.48435963425567363,3.7058823529411766,ST-GBR-EPSI(0.07)
242,LR-REAL-Political,0.5803921568627451,0.45016453838463916,4.117647058823529,ST-GBR-EPSI(0.07)
243,LR-REAL-Political,0.6705882352941177,0.4890755058652428,3.9411764705882355,ST-GBR-EPSI(0.07)
244,LR-REAL-Political,0.6823529411764707,0.4866304032677147,3.823529411764706,ST-GBR-EPSI(0.07)
245,LR-REAL-Political,0.6549019607843137,0.47466120515393395,3.823529411764706,ST-GBR-EPSI(0.07)
246,LR-REAL-Political,0.6627450980392158,0.49436453224504373,4.294117647058823,ST-GBR-EPSI(0.07)
247,LR-REAL-Political,0.596078431372549,0.4869032402610879,4.117647058823529,ST-GBR-EPSI(0.07)
248,LR-REAL-Political,0.6627450980392158,0.47083953705026543,3.764705882352941,ST-GBR-EPSI(0.07)
249,LR-REAL-Political,0.7686274509803921,0.44125925418426903,4.294117647058823,ST-GBR-EPSI(0.07)
250,LR-REAL-Political,0.7098039215686274,0.5124217775082747,3.8823529411764706,ST-GBR-EPSI(0.09)
251,LR-REAL-Political,0.5019607843137255,0.5045362967563326,3.3529411764705883,ST-GBR-EPSI(0.09)
252,LR-REAL-Political,0.6784313725490196,0.4704566484362618,3.5294117647058822,ST-GBR-EPSI(0.09)
253,LR-REAL-Political,0.5803921568627451,0.45985454393869035,3.411764705882353,ST-GBR-EPSI(0.09)
254,LR-REAL-Political,0.603921568627451,0.4934253935011228,3.4705882352941178,ST-GBR-EPSI(0.09)
255,LR-REAL-Political,0.615686274509804,0.5011722013527453,3.235294117647059,ST-GBR-EPSI(0.09)
256,LR-REAL-Political,0.6196078431372549,0.4911483777898235,3.6470588235294117,ST-GBR-EPSI(0.09)
257,LR-REAL-Political,0.6352941176470588,0.49103194780918613,3.411764705882353,ST-GBR-EPSI(0.09)
258,LR-REAL-Political,0.6588235294117647,0.5004408176525226,3.7058823529411766,ST-GBR-EPSI(0.09)
259,LR-REAL-Political,0.5686274509803921,0.511709427020634,3.2941176470588234,ST-GBR-EPSI(0.09)
260,LR-REAL-Political,0.6666666666666667,0.49138207611155443,3.411764705882353,ST-GBR-EPSI(0.09)
261,LR-REAL-Political,0.6980392156862746,0.5084599603892348,3.588235294117647,ST-GBR-EPSI(0.09)
262,LR-REAL-Political,0.6313725490196078,0.49509831962524453,3.3529411764705883,ST-GBR-EPSI(0.09)
263,LR-REAL-Political,0.6352941176470589,0.49143592562169197,3.588235294117647,ST-GBR-EPSI(0.09)
264,LR-REAL-Political,0.615686274509804,0.4653019950435378,3.4705882352941178,ST-GBR-EPSI(0.09)
265,LR-REAL-Political,0.6313725490196078,0.47649706621901794,3.7058823529411766,ST-GBR-EPSI(0.09)
266,LR-REAL-Political,0.615686274509804,0.4995367392559648,3.2941176470588234,ST-GBR-EPSI(0.09)
267,LR-REAL-Political,0.5372549019607844,0.49913805095189806,3.4705882352941178,ST-GBR-EPSI(0.09)
268,LR-REAL-Political,0.611764705882353,0.49869856738918733,3.588235294117647,ST-GBR-EPSI(0.09)
269,LR-REAL-Political,0.5764705882352942,0.47866408516852466,3.6470588235294117,ST-GBR-EPSI(0.09)
270,LR-REAL-Political,0.6196078431372548,0.4811820351072557,3.7058823529411766,ST-GBR-EPSI(0.09)
271,LR-REAL-Political,0.6470588235294117,0.48513105341616064,3.5294117647058822,ST-GBR-EPSI(0.09)
272,LR-REAL-Political,0.5372549019607843,0.5163178133371366,3.2941176470588234,ST-GBR-EPSI(0.09)
273,LR-REAL-Political,0.7019607843137255,0.5174778319300825,3.6470588235294117,ST-GBR-EPSI(0.09)
274,LR-REAL-Political,0.6274509803921569,0.44516733484636534,3.411764705882353,ST-GBR-EPSI(0.09)
275,LR-REAL-Political,0.6196078431372549,0.4768887569738615,3.5294117647058822,ST-GBR-EPSI(0.09)
276,LR-REAL-Political,0.607843137254902,0.4941577569155392,3.4705882352941178,ST-GBR-EPSI(0.09)
277,LR-REAL-Political,0.7294117647058823,0.4741455851631854,3.588235294117647,ST-GBR-EPSI(0.09)
278,LR-REAL-Political,0.5882352941176471,0.496020709690812,3.3529411764705883,ST-GBR-EPSI(0.09)
279,LR-REAL-Political,0.5960784313725489,0.4802283076971524,3.4705882352941178,ST-GBR-EPSI(0.09)
280,LR-REAL-Political,0.6156862745098038,0.47683237985887084,3.3529411764705883,ST-GBR-EPSI(0.09)
281,LR-REAL-Political,0.5019607843137255,0.4666846880713121,3.6470588235294117,ST-GBR-EPSI(0.09)
282,LR-REAL-Political,0.7019607843137254,0.4997704666380828,3.764705882352941,ST-GBR-EPSI(0.09)
283,LR-REAL-Political,0.6627450980392158,0.4705967921533534,3.6470588235294117,ST-GBR-EPSI(0.09)
284,LR-REAL-Political,0.6588235294117648,0.44519373079524194,3.5294117647058822,ST-GBR-EPSI(0.09)
285,LR-REAL-Political,0.6431372549019608,0.4854147090935494,3.6470588235294117,ST-GBR-EPSI(0.09)
286,LR-REAL-Political,0.6549019607843138,0.4481742398075583,3.5294117647058822,ST-GBR-EPSI(0.09)
287,LR-REAL-Political,0.6313725490196079,0.5027386858191398,3.7058823529411766,ST-GBR-EPSI(0.09)
288,LR-REAL-Political,0.615686274509804,0.4914624876400877,3.2941176470588234,ST-GBR-EPSI(0.09)
289,LR-REAL-Political,0.6431372549019608,0.4865443704497702,3.588235294117647,ST-GBR-EPSI(0.09)
290,LR-REAL-Political,0.6156862745098041,0.4570349678882758,3.764705882352941,ST-GBR-EPSI(0.09)
291,LR-REAL-Political,0.584313725490196,0.46315154234764644,3.1176470588235294,ST-GBR-EPSI(0.09)
292,LR-REAL-Political,0.5450980392156863,0.4440253199083287,3.7058823529411766,ST-GBR-EPSI(0.09)
293,LR-REAL-Political,0.6352941176470588,0.4459675072867247,3.411764705882353,ST-GBR-EPSI(0.09)
294,LR-REAL-Political,0.611764705882353,0.43284677157209084,3.411764705882353,ST-GBR-EPSI(0.09)
295,LR-REAL-Political,0.611764705882353,0.49433821564974245,3.4705882352941178,ST-GBR-EPSI(0.09)
296,LR-REAL-Political,0.6196078431372549,0.4894656389041742,3.6470588235294117,ST-GBR-EPSI(0.09)
297,LR-REAL-Political,0.5568627450980392,0.4761946980543433,3.2941176470588234,ST-GBR-EPSI(0.09)
298,LR-REAL-Political,0.6352941176470589,0.4398794278721855,3.4705882352941178,ST-GBR-EPSI(0.09)
299,LR-REAL-Political,0.7137254901960784,0.447287929595109,3.7058823529411766,ST-GBR-EPSI(0.09)
300,LR-REAL-Political,0.5294117647058822,0.48179167539173223,2.588235294117647,ST-GBR-EPSI(0.12)
301,LR-REAL-Political,0.4901960784313725,0.49965169908533996,2.823529411764706,ST-GBR-EPSI(0.12)
302,LR-REAL-Political,0.6431372549019608,0.4509228983373473,3.0588235294117645,ST-GBR-EPSI(0.12)
303,LR-REAL-Political,0.5176470588235295,0.4599820595850187,2.8823529411764706,ST-GBR-EPSI(0.12)
304,LR-REAL-Political,0.5490196078431372,0.45902718689287825,2.8823529411764706,ST-GBR-EPSI(0.12)
305,LR-REAL-Political,0.5686274509803921,0.474949080355849,2.8823529411764706,ST-GBR-EPSI(0.12)
306,LR-REAL-Political,0.5764705882352941,0.49303249643715535,2.8823529411764706,ST-GBR-EPSI(0.12)
307,LR-REAL-Political,0.5098039215686274,0.4725672898238362,2.6470588235294117,ST-GBR-EPSI(0.12)
308,LR-REAL-Political,0.5568627450980392,0.4895782610997428,2.823529411764706,ST-GBR-EPSI(0.12)
309,LR-REAL-Political,0.4745098039215686,0.5076245317665365,2.7058823529411766,ST-GBR-EPSI(0.12)
310,LR-REAL-Political,0.5843137254901961,0.529142848263188,3.0,ST-GBR-EPSI(0.12)
311,LR-REAL-Political,0.6117647058823529,0.5064247333863418,2.823529411764706,ST-GBR-EPSI(0.12)
312,LR-REAL-Political,0.5803921568627451,0.4830208208975531,2.8823529411764706,ST-GBR-EPSI(0.12)
313,LR-REAL-Political,0.5490196078431373,0.4917305810391132,2.764705882352941,ST-GBR-EPSI(0.12)
314,LR-REAL-Political,0.4784313725490196,0.43419382953478064,2.5294117647058822,ST-GBR-EPSI(0.12)
315,LR-REAL-Political,0.5019607843137254,0.49066353626828874,2.8823529411764706,ST-GBR-EPSI(0.12)
316,LR-REAL-Political,0.5215686274509804,0.49579953401448873,2.764705882352941,ST-GBR-EPSI(0.12)
317,LR-REAL-Political,0.4901960784313726,0.4907993996806542,2.9411764705882355,ST-GBR-EPSI(0.12)
318,LR-REAL-Political,0.49411764705882355,0.4876534861104659,2.588235294117647,ST-GBR-EPSI(0.12)
319,LR-REAL-Political,0.49411764705882344,0.4849102155052863,3.0,ST-GBR-EPSI(0.12)
320,LR-REAL-Political,0.5215686274509803,0.49041114997694724,2.8823529411764706,ST-GBR-EPSI(0.12)
321,LR-REAL-Political,0.5686274509803922,0.43593100107981897,2.8823529411764706,ST-GBR-EPSI(0.12)
322,LR-REAL-Political,0.47058823529411764,0.48796446155999157,2.8823529411764706,ST-GBR-EPSI(0.12)
323,LR-REAL-Political,0.6039215686274509,0.5026683452418004,2.8823529411764706,ST-GBR-EPSI(0.12)
324,LR-REAL-Political,0.5921568627450979,0.4425697710540007,3.0,ST-GBR-EPSI(0.12)
325,LR-REAL-Political,0.5333333333333333,0.45741961659428554,2.823529411764706,ST-GBR-EPSI(0.12)
326,LR-REAL-Political,0.4901960784313725,0.4854002482981291,2.823529411764706,ST-GBR-EPSI(0.12)
327,LR-REAL-Political,0.584313725490196,0.46275805735876635,2.764705882352941,ST-GBR-EPSI(0.12)
328,LR-REAL-Political,0.4784313725490196,0.4881256723506146,2.7058823529411766,ST-GBR-EPSI(0.12)
329,LR-REAL-Political,0.5215686274509803,0.5067943370335674,2.9411764705882355,ST-GBR-EPSI(0.12)
330,LR-REAL-Political,0.592156862745098,0.4637904445007831,3.0588235294117645,ST-GBR-EPSI(0.12)
331,LR-REAL-Political,0.4392156862745098,0.4549343635172158,2.8823529411764706,ST-GBR-EPSI(0.12)
332,LR-REAL-Political,0.5450980392156862,0.47188710357446206,2.6470588235294117,ST-GBR-EPSI(0.12)
333,LR-REAL-Political,0.5019607843137255,0.4575551649158844,2.764705882352941,ST-GBR-EPSI(0.12)
334,LR-REAL-Political,0.5568627450980392,0.428019684303747,2.823529411764706,ST-GBR-EPSI(0.12)
335,LR-REAL-Political,0.5529411764705883,0.4750007910941463,2.6470588235294117,ST-GBR-EPSI(0.12)
336,LR-REAL-Political,0.5254901960784314,0.4478726609139283,2.5294117647058822,ST-GBR-EPSI(0.12)
337,LR-REAL-Political,0.5529411764705883,0.4834181165061134,3.1176470588235294,ST-GBR-EPSI(0.12)
338,LR-REAL-Political,0.5607843137254902,0.46699475838509147,2.8823529411764706,ST-GBR-EPSI(0.12)
339,LR-REAL-Political,0.5411764705882354,0.4295803478324845,2.764705882352941,ST-GBR-EPSI(0.12)
340,LR-REAL-Political,0.5137254901960784,0.4371389736538129,3.0588235294117645,ST-GBR-EPSI(0.12)
341,LR-REAL-Political,0.5294117647058824,0.45282618868713187,2.764705882352941,ST-GBR-EPSI(0.12)
342,LR-REAL-Political,0.4588235294117647,0.432675697813283,2.764705882352941,ST-GBR-EPSI(0.12)
343,LR-REAL-Political,0.592156862745098,0.4331274134550106,2.8823529411764706,ST-GBR-EPSI(0.12)
344,LR-REAL-Political,0.5215686274509803,0.4432733836785373,2.8823529411764706,ST-GBR-EPSI(0.12)
345,LR-REAL-Political,0.5137254901960785,0.490186188331942,2.823529411764706,ST-GBR-EPSI(0.12)
346,LR-REAL-Political,0.5176470588235293,0.4938513253837367,2.823529411764706,ST-GBR-EPSI(0.12)
347,LR-REAL-Political,0.45882352941176463,0.43317823970614033,2.4705882352941178,ST-GBR-EPSI(0.12)
348,LR-REAL-Political,0.5764705882352941,0.4391813083938726,2.8823529411764706,ST-GBR-EPSI(0.12)
349,LR-REAL-Political,0.5764705882352941,0.4391462250464275,2.7058823529411766,ST-GBR-EPSI(0.12)
350,LR-REAL-Political,0.4549019607843137,0.4847300750828949,2.235294117647059,ST-GBR-EPSI(0.14)
351,LR-REAL-Political,0.4352941176470588,0.49431427818122725,2.3529411764705883,ST-GBR-EPSI(0.14)
352,LR-REAL-Political,0.4666666666666666,0.44749580940090566,2.4705882352941178,ST-GBR-EPSI(0.14)
353,LR-REAL-Political,0.4666666666666666,0.5317074378800326,2.4705882352941178,ST-GBR-EPSI(0.14)
354,LR-REAL-Political,0.42745098039215684,0.4835117313288638,2.3529411764705883,ST-GBR-EPSI(0.14)
355,LR-REAL-Political,0.5137254901960784,0.4760274551116755,2.588235294117647,ST-GBR-EPSI(0.14)
356,LR-REAL-Political,0.4784313725490196,0.4904477227030837,2.411764705882353,ST-GBR-EPSI(0.14)
357,LR-REAL-Political,0.4156862745098039,0.4399980927674589,2.235294117647059,ST-GBR-EPSI(0.14)
358,LR-REAL-Political,0.5098039215686274,0.4976213675779383,2.588235294117647,ST-GBR-EPSI(0.14)
359,LR-REAL-Political,0.388235294117647,0.5114754314916736,2.2941176470588234,ST-GBR-EPSI(0.14)
360,LR-REAL-Political,0.4627450980392156,0.49243849360435604,2.3529411764705883,ST-GBR-EPSI(0.14)
361,LR-REAL-Political,0.48235294117647054,0.49092838567696745,2.235294117647059,ST-GBR-EPSI(0.14)
362,LR-REAL-Political,0.4666666666666666,0.4510047229335978,2.411764705882353,ST-GBR-EPSI(0.14)
363,LR-REAL-Political,0.4352941176470588,0.5096772636184379,2.2941176470588234,ST-GBR-EPSI(0.14)
364,LR-REAL-Political,0.40784313725490196,0.49780114600661085,2.176470588235294,ST-GBR-EPSI(0.14)
365,LR-REAL-Political,0.43137254901960786,0.44481650344740237,2.3529411764705883,ST-GBR-EPSI(0.14)
366,LR-REAL-Political,0.43921568627450974,0.5032208932911961,2.3529411764705883,ST-GBR-EPSI(0.14)
367,LR-REAL-Political,0.43921568627450974,0.49255213211354865,2.411764705882353,ST-GBR-EPSI(0.14)
368,LR-REAL-Political,0.4196078431372549,0.4891545506539044,2.2941176470588234,ST-GBR-EPSI(0.14)
369,LR-REAL-Political,0.388235294117647,0.4804202972187321,2.4705882352941178,ST-GBR-EPSI(0.14)
370,LR-REAL-Political,0.4509803921568627,0.4895555490656921,2.4705882352941178,ST-GBR-EPSI(0.14)
371,LR-REAL-Political,0.4745098039215686,0.42241687434640485,2.4705882352941178,ST-GBR-EPSI(0.14)
372,LR-REAL-Political,0.4235294117647059,0.4789646853956261,2.4705882352941178,ST-GBR-EPSI(0.14)
373,LR-REAL-Political,0.46274509803921565,0.5021780712296509,2.3529411764705883,ST-GBR-EPSI(0.14)
374,LR-REAL-Political,0.580392156862745,0.4219609080371817,2.764705882352941,ST-GBR-EPSI(0.14)
375,LR-REAL-Political,0.44313725490196076,0.4894285551299169,2.411764705882353,ST-GBR-EPSI(0.14)
376,LR-REAL-Political,0.42745098039215684,0.48360896005730086,2.411764705882353,ST-GBR-EPSI(0.14)
377,LR-REAL-Political,0.46274509803921565,0.4716127774660224,2.2941176470588234,ST-GBR-EPSI(0.14)
378,LR-REAL-Political,0.4235294117647059,0.5012595751108266,2.3529411764705883,ST-GBR-EPSI(0.14)
379,LR-REAL-Political,0.5058823529411764,0.5019769087771205,2.588235294117647,ST-GBR-EPSI(0.14)
380,LR-REAL-Political,0.37254901960784315,0.4649498561963824,2.176470588235294,ST-GBR-EPSI(0.14)
381,LR-REAL-Political,0.2823529411764706,0.47174475104622837,2.3529411764705883,ST-GBR-EPSI(0.14)
382,LR-REAL-Political,0.4980392156862744,0.4470589839221605,2.411764705882353,ST-GBR-EPSI(0.14)
383,LR-REAL-Political,0.35686274509803917,0.4745483781133802,2.0588235294117645,ST-GBR-EPSI(0.14)
384,LR-REAL-Political,0.4352941176470588,0.4780356082065474,2.3529411764705883,ST-GBR-EPSI(0.14)
385,LR-REAL-Political,0.46274509803921565,0.4768167798379872,2.235294117647059,ST-GBR-EPSI(0.14)
386,LR-REAL-Political,0.43137254901960786,0.43282778524441445,2.0588235294117645,ST-GBR-EPSI(0.14)
387,LR-REAL-Political,0.4274509803921568,0.4859082811163363,2.4705882352941178,ST-GBR-EPSI(0.14)
388,LR-REAL-Political,0.4862745098039216,0.43116250139585705,2.4705882352941178,ST-GBR-EPSI(0.14)
389,LR-REAL-Political,0.38431372549019605,0.44529547366000716,2.1176470588235294,ST-GBR-EPSI(0.14)
390,LR-REAL-Political,0.41960784313725485,0.43814588983481834,2.2941176470588234,ST-GBR-EPSI(0.14)
391,LR-REAL-Political,0.4666666666666667,0.47046104018945495,2.4705882352941178,ST-GBR-EPSI(0.14)
392,LR-REAL-Political,0.39999999999999997,0.46706507571472533,2.235294117647059,ST-GBR-EPSI(0.14)
393,LR-REAL-Political,0.4784313725490196,0.43941723888950496,2.3529411764705883,ST-GBR-EPSI(0.14)
394,LR-REAL-Political,0.4862745098039215,0.4326613943965821,2.6470588235294117,ST-GBR-EPSI(0.14)
395,LR-REAL-Political,0.41176470588235287,0.48510670001931855,2.3529411764705883,ST-GBR-EPSI(0.14)
396,LR-REAL-Political,0.4235294117647059,0.47710681925842263,2.3529411764705883,ST-GBR-EPSI(0.14)
397,LR-REAL-Political,0.3490196078431373,0.4191700659274996,2.1176470588235294,ST-GBR-EPSI(0.14)
398,LR-REAL-Political,0.5372549019607843,0.4383674604791646,2.588235294117647,ST-GBR-EPSI(0.14)
399,LR-REAL-Political,0.4313725490196078,0.44420640860027616,2.1176470588235294,ST-GBR-EPSI(0.14)
400,LR-REAL-Political,0.33333333333333337,0.4889278260334818,1.8235294117647058,ST-GBR-EPSI(0.16)
401,LR-REAL-Political,0.38431372549019605,0.5001995677461643,2.0,ST-GBR-EPSI(0.16)
402,LR-REAL-Political,0.27058823529411763,0.44672764360995487,1.8823529411764706,ST-GBR-EPSI(0.16)
403,LR-REAL-Political,0.3764705882352941,0.5126683164482763,2.1176470588235294,ST-GBR-EPSI(0.16)
404,LR-REAL-Political,0.30980392156862746,0.4456994546342951,2.0,ST-GBR-EPSI(0.16)
405,LR-REAL-Political,0.38431372549019605,0.4476025511704569,2.1176470588235294,ST-GBR-EPSI(0.16)
406,LR-REAL-Political,0.33333333333333337,0.4916507901659774,1.8823529411764706,ST-GBR-EPSI(0.16)
407,LR-REAL-Political,0.3333333333333333,0.5041182186769947,1.8235294117647058,ST-GBR-EPSI(0.16)
408,LR-REAL-Political,0.3607843137254902,0.5757321603363714,1.9411764705882353,ST-GBR-EPSI(0.16)
409,LR-REAL-Political,0.2627450980392157,0.49080667488166124,1.9411764705882353,ST-GBR-EPSI(0.16)
410,LR-REAL-Political,0.4156862745098039,0.49131664083006304,2.176470588235294,ST-GBR-EPSI(0.16)
411,LR-REAL-Political,0.4431372549019607,0.49628483666516576,2.1176470588235294,ST-GBR-EPSI(0.16)
412,LR-REAL-Political,0.2745098039215686,0.5104923047290552,1.8235294117647058,ST-GBR-EPSI(0.16)
413,LR-REAL-Political,0.30196078431372547,0.5019332236118615,1.8823529411764706,ST-GBR-EPSI(0.16)
414,LR-REAL-Political,0.3568627450980392,0.4718786712371041,2.0,ST-GBR-EPSI(0.16)
415,LR-REAL-Political,0.3411764705882353,0.4484363739900043,1.9411764705882353,ST-GBR-EPSI(0.16)
416,LR-REAL-Political,0.3803921568627451,0.5153416492648233,2.176470588235294,ST-GBR-EPSI(0.16)
417,LR-REAL-Political,0.2941176470588235,0.48662814304207413,1.9411764705882353,ST-GBR-EPSI(0.16)
418,LR-REAL-Political,0.30980392156862746,0.5003699493082423,1.8235294117647058,ST-GBR-EPSI(0.16)
419,LR-REAL-Political,0.2745098039215686,0.489179031897397,1.9411764705882353,ST-GBR-EPSI(0.16)
420,LR-REAL-Political,0.42745098039215684,0.48779684643736326,2.176470588235294,ST-GBR-EPSI(0.16)
421,LR-REAL-Political,0.34901960784313724,0.44823224549082374,2.0588235294117645,ST-GBR-EPSI(0.16)
422,LR-REAL-Political,0.35294117647058826,0.49809842684356065,2.176470588235294,ST-GBR-EPSI(0.16)
423,LR-REAL-Political,0.3764705882352941,0.5020835378646105,1.9411764705882353,ST-GBR-EPSI(0.16)
424,LR-REAL-Political,0.5019607843137255,0.4777192378511706,2.411764705882353,ST-GBR-EPSI(0.16)
425,LR-REAL-Political,0.34901960784313724,0.48061169653352626,2.0588235294117645,ST-GBR-EPSI(0.16)
426,LR-REAL-Political,0.3568627450980392,0.47684329488238686,2.0,ST-GBR-EPSI(0.16)
427,LR-REAL-Political,0.30980392156862746,0.475968123131445,1.7647058823529411,ST-GBR-EPSI(0.16)
428,LR-REAL-Political,0.3647058823529412,0.5057100615091241,2.0588235294117645,ST-GBR-EPSI(0.16)
429,LR-REAL-Political,0.3058823529411765,0.500338773959333,1.9411764705882353,ST-GBR-EPSI(0.16)
430,LR-REAL-Political,0.3254901960784313,0.44778078512303016,2.0,ST-GBR-EPSI(0.16)
431,LR-REAL-Political,0.2392156862745098,0.4512791898181266,1.9411764705882353,ST-GBR-EPSI(0.16)
432,LR-REAL-Political,0.4078431372549019,0.4497121806476361,2.0588235294117645,ST-GBR-EPSI(0.16)
433,LR-REAL-Political,0.2156862745098039,0.49592021099546846,1.6470588235294117,ST-GBR-EPSI(0.16)
434,LR-REAL-Political,0.32941176470588235,0.47871231882774623,1.9411764705882353,ST-GBR-EPSI(0.16)
435,LR-REAL-Political,0.3803921568627451,0.47138557880454235,1.9411764705882353,ST-GBR-EPSI(0.16)
436,LR-REAL-Political,0.3607843137254902,0.46792265775689396,1.8235294117647058,ST-GBR-EPSI(0.16)
437,LR-REAL-Political,0.32156862745098036,0.47190406252718614,2.0,ST-GBR-EPSI(0.16)
438,LR-REAL-Political,0.3294117647058824,0.4868394115449232,2.0588235294117645,ST-GBR-EPSI(0.16)
439,LR-REAL-Political,0.3137254901960784,0.4753978296531699,1.8823529411764706,ST-GBR-EPSI(0.16)
440,LR-REAL-Political,0.24313725490196075,0.4705031264876587,1.7058823529411764,ST-GBR-EPSI(0.16)
441,LR-REAL-Political,0.4117647058823529,0.4926023003153684,2.235294117647059,ST-GBR-EPSI(0.16)
442,LR-REAL-Political,0.33333333333333337,0.4781721371200392,1.8823529411764706,ST-GBR-EPSI(0.16)
443,LR-REAL-Political,0.39999999999999997,0.4666515008255183,2.0588235294117645,ST-GBR-EPSI(0.16)
444,LR-REAL-Political,0.3803921568627451,0.4422531748499886,2.0588235294117645,ST-GBR-EPSI(0.16)
445,LR-REAL-Political,0.3333333333333333,0.49939319643836383,2.1176470588235294,ST-GBR-EPSI(0.16)
446,LR-REAL-Political,0.33725490196078434,0.4931703519892223,2.0,ST-GBR-EPSI(0.16)
447,LR-REAL-Political,0.3137254901960785,0.43625944590862636,2.0588235294117645,ST-GBR-EPSI(0.16)
448,LR-REAL-Political,0.4784313725490196,0.44132588929406713,2.2941176470588234,ST-GBR-EPSI(0.16)
449,LR-REAL-Political,0.2588235294117647,0.44457151644578646,1.7058823529411764,ST-GBR-EPSI(0.16)
450,LR-REAL-Political,0.24705882352941178,0.5075150480617383,1.588235294117647,ST-GBR-EPSI(0.18)
451,LR-REAL-Political,0.2549019607843137,0.505117107459497,1.6470588235294117,ST-GBR-EPSI(0.18)
452,LR-REAL-Political,0.18823529411764706,0.4592071104359266,1.588235294117647,ST-GBR-EPSI(0.18)
453,LR-REAL-Political,0.2549019607843137,0.5424036775105352,1.7058823529411764,ST-GBR-EPSI(0.18)
454,LR-REAL-Political,0.2156862745098039,0.5053329398085452,1.7058823529411764,ST-GBR-EPSI(0.18)
455,LR-REAL-Political,0.3333333333333333,0.4379485919282551,2.0,ST-GBR-EPSI(0.18)
456,LR-REAL-Political,0.17647058823529413,0.4881410445144998,1.4705882352941178,ST-GBR-EPSI(0.18)
457,LR-REAL-Political,0.2627450980392157,0.5033934889723558,1.6470588235294117,ST-GBR-EPSI(0.18)
458,LR-REAL-Political,0.23137254901960785,0.5032319447633448,1.7058823529411764,ST-GBR-EPSI(0.18)
459,LR-REAL-Political,0.14509803921568626,0.5023971413927795,1.6470588235294117,ST-GBR-EPSI(0.18)
460,LR-REAL-Political,0.2980392156862745,0.48751370853168297,1.8235294117647058,ST-GBR-EPSI(0.18)
461,LR-REAL-Political,0.26666666666666666,0.48810590552050637,1.6470588235294117,ST-GBR-EPSI(0.18)
462,LR-REAL-Political,0.1607843137254902,0.5095202999347982,1.4705882352941178,ST-GBR-EPSI(0.18)
463,LR-REAL-Political,0.2196078431372549,0.5147307988736699,1.6470588235294117,ST-GBR-EPSI(0.18)
464,LR-REAL-Political,0.2862745098039216,0.4887634490374954,1.7647058823529411,ST-GBR-EPSI(0.18)
465,LR-REAL-Political,0.12156862745098038,0.45242869999262625,1.3529411764705883,ST-GBR-EPSI(0.18)
466,LR-REAL-Political,0.29411764705882354,0.5069453281256262,1.7647058823529411,ST-GBR-EPSI(0.18)
467,LR-REAL-Political,0.20784313725490197,0.4719924797884986,1.6470588235294117,ST-GBR-EPSI(0.18)
468,LR-REAL-Political,0.25882352941176473,0.5004777618791374,1.6470588235294117,ST-GBR-EPSI(0.18)
469,LR-REAL-Political,0.20392156862745098,0.5043638927242374,1.6470588235294117,ST-GBR-EPSI(0.18)
470,LR-REAL-Political,0.30196078431372547,0.4947225532866267,1.7647058823529411,ST-GBR-EPSI(0.18)
471,LR-REAL-Political,0.14901960784313728,0.4721334251462451,1.411764705882353,ST-GBR-EPSI(0.18)
472,LR-REAL-Political,0.2196078431372549,0.4856176529608413,1.7058823529411764,ST-GBR-EPSI(0.18)
473,LR-REAL-Political,0.3098039215686274,0.5152118094797544,1.7647058823529411,ST-GBR-EPSI(0.18)
474,LR-REAL-Political,0.2588235294117647,0.4490732724517655,1.7058823529411764,ST-GBR-EPSI(0.18)
475,LR-REAL-Political,0.2392156862745098,0.47004251600252367,1.7647058823529411,ST-GBR-EPSI(0.18)
476,LR-REAL-Political,0.25098039215686274,0.465986026421897,1.7647058823529411,ST-GBR-EPSI(0.18)
477,LR-REAL-Political,0.20392156862745095,0.5028788355701325,1.5294117647058822,ST-GBR-EPSI(0.18)
478,LR-REAL-Political,0.27450980392156865,0.5059951182175748,1.8235294117647058,ST-GBR-EPSI(0.18)
479,LR-REAL-Political,0.24705882352941178,0.4910390962834332,1.7647058823529411,ST-GBR-EPSI(0.18)
480,LR-REAL-Political,0.2549019607843137,0.4982536541147551,1.7647058823529411,ST-GBR-EPSI(0.18)
481,LR-REAL-Political,0.23137254901960785,0.45578620837492606,1.7058823529411764,ST-GBR-EPSI(0.18)
482,LR-REAL-Political,0.1686274509803922,0.4475282612176646,1.4705882352941178,ST-GBR-EPSI(0.18)
483,LR-REAL-Political,0.19215686274509802,0.4825255450545834,1.5294117647058822,ST-GBR-EPSI(0.18)
484,LR-REAL-Political,0.2117647058823529,0.4442864432383884,1.6470588235294117,ST-GBR-EPSI(0.18)
485,LR-REAL-Political,0.2627450980392157,0.4775681184537524,1.588235294117647,ST-GBR-EPSI(0.18)
486,LR-REAL-Political,0.2980392156862745,0.465165611841766,1.7058823529411764,ST-GBR-EPSI(0.18)
487,LR-REAL-Political,0.1607843137254902,0.4568250998148843,1.5294117647058822,ST-GBR-EPSI(0.18)
488,LR-REAL-Political,0.25098039215686274,0.49469145881095355,1.8235294117647058,ST-GBR-EPSI(0.18)
489,LR-REAL-Political,0.20392156862745098,0.46811533022985313,1.588235294117647,ST-GBR-EPSI(0.18)
490,LR-REAL-Political,0.19999999999999998,0.45770111979034667,1.588235294117647,ST-GBR-EPSI(0.18)
491,LR-REAL-Political,0.3568627450980392,0.46510767056112506,2.0,ST-GBR-EPSI(0.18)
492,LR-REAL-Political,0.24705882352941178,0.49087333738118555,1.7058823529411764,ST-GBR-EPSI(0.18)
493,LR-REAL-Political,0.31764705882352945,0.4957340872228075,1.8235294117647058,ST-GBR-EPSI(0.18)
494,LR-REAL-Political,0.2117647058823529,0.4519766837683612,1.5294117647058822,ST-GBR-EPSI(0.18)
495,LR-REAL-Political,0.20392156862745095,0.44682753859419216,1.588235294117647,ST-GBR-EPSI(0.18)
496,LR-REAL-Political,0.1411764705882353,0.44629172944121387,1.4705882352941178,ST-GBR-EPSI(0.18)
497,LR-REAL-Political,0.24705882352941178,0.4365669949879723,1.7058823529411764,ST-GBR-EPSI(0.18)
498,LR-REAL-Political,0.2823529411764706,0.4596039790099848,1.7058823529411764,ST-GBR-EPSI(0.18)
499,LR-REAL-Political,0.2392156862745098,0.43363911266851474,1.6470588235294117,ST-GBR-EPSI(0.18)
500,LR-REAL-Political,0.21176470588235294,0.5094653099982592,1.4705882352941178,ST-GBR-EPSI(0.2)
501,LR-REAL-Political,0.15294117647058825,0.49518170679372,1.411764705882353,ST-GBR-EPSI(0.2)
502,LR-REAL-Political,0.11372549019607843,0.45357173035420384,1.3529411764705883,ST-GBR-EPSI(0.2)
503,LR-REAL-Political,0.1843137254901961,0.5251868554793088,1.4705882352941178,ST-GBR-EPSI(0.2)
504,LR-REAL-Political,0.16078431372549018,0.4939133042070397,1.4705882352941178,ST-GBR-EPSI(0.2)
505,LR-REAL-Political,0.2431372549019608,0.4344724416357133,1.7058823529411764,ST-GBR-EPSI(0.2)
506,LR-REAL-Political,0.12549019607843137,0.49899063450446995,1.3529411764705883,ST-GBR-EPSI(0.2)
507,LR-REAL-Political,0.1568627450980392,0.4827401341136275,1.411764705882353,ST-GBR-EPSI(0.2)
508,LR-REAL-Political,0.21176470588235294,0.4803506863147034,1.588235294117647,ST-GBR-EPSI(0.2)
509,LR-REAL-Political,0.1254901960784314,0.5005784525704249,1.411764705882353,ST-GBR-EPSI(0.2)
510,LR-REAL-Political,0.2117647058823529,0.5078324259003125,1.588235294117647,ST-GBR-EPSI(0.2)
511,LR-REAL-Political,0.14509803921568626,0.4397960130456276,1.3529411764705883,ST-GBR-EPSI(0.2)
512,LR-REAL-Political,0.10980392156862745,0.507729435509437,1.2941176470588236,ST-GBR-EPSI(0.2)
513,LR-REAL-Political,0.10980392156862745,0.5122210716163293,1.2941176470588236,ST-GBR-EPSI(0.2)
514,LR-REAL-Political,0.1803921568627451,0.4834234462395505,1.411764705882353,ST-GBR-EPSI(0.2)
515,LR-REAL-Political,0.054901960784313725,0.4911629243823657,1.1764705882352942,ST-GBR-EPSI(0.2)
516,LR-REAL-Political,0.25490196078431376,0.5003225517350312,1.6470588235294117,ST-GBR-EPSI(0.2)
517,LR-REAL-Political,0.11372549019607842,0.47913827673801396,1.411764705882353,ST-GBR-EPSI(0.2)
518,LR-REAL-Political,0.20392156862745098,0.5036402710078515,1.5294117647058822,ST-GBR-EPSI(0.2)
519,LR-REAL-Political,0.06666666666666667,0.48129691686383314,1.2941176470588236,ST-GBR-EPSI(0.2)
520,LR-REAL-Political,0.14901960784313725,0.43164749485262366,1.3529411764705883,ST-GBR-EPSI(0.2)
521,LR-REAL-Political,0.09803921568627451,0.43251478240385577,1.2941176470588236,ST-GBR-EPSI(0.2)
522,LR-REAL-Political,0.14901960784313725,0.4815154411433039,1.4705882352941178,ST-GBR-EPSI(0.2)
523,LR-REAL-Political,0.16862745098039217,0.5007973884088813,1.411764705882353,ST-GBR-EPSI(0.2)
524,LR-REAL-Political,0.08627450980392157,0.43844074302617264,1.2941176470588236,ST-GBR-EPSI(0.2)
525,LR-REAL-Political,0.1411764705882353,0.4759871545066257,1.411764705882353,ST-GBR-EPSI(0.2)
526,LR-REAL-Political,0.19215686274509805,0.4797723256745666,1.5294117647058822,ST-GBR-EPSI(0.2)
527,LR-REAL-Political,0.19215686274509802,0.4333739475346668,1.4705882352941178,ST-GBR-EPSI(0.2)
528,LR-REAL-Political,0.203921568627451,0.5015964056896188,1.6470588235294117,ST-GBR-EPSI(0.2)
529,LR-REAL-Political,0.18823529411764706,0.4842653217658125,1.588235294117647,ST-GBR-EPSI(0.2)
530,LR-REAL-Political,0.2196078431372549,0.4653649313505039,1.6470588235294117,ST-GBR-EPSI(0.2)
531,LR-REAL-Political,0.17647058823529413,0.4312022732157007,1.4705882352941178,ST-GBR-EPSI(0.2)
532,LR-REAL-Political,0.1215686274509804,0.4454701242974289,1.3529411764705883,ST-GBR-EPSI(0.2)
533,LR-REAL-Political,0.18039215686274512,0.45906433058361384,1.4705882352941178,ST-GBR-EPSI(0.2)
534,LR-REAL-Political,0.1568627450980392,0.42160858245649013,1.4705882352941178,ST-GBR-EPSI(0.2)
535,LR-REAL-Political,0.21176470588235294,0.4358112768597537,1.4705882352941178,ST-GBR-EPSI(0.2)
536,LR-REAL-Political,0.25098039215686274,0.4455326021581577,1.588235294117647,ST-GBR-EPSI(0.2)
537,LR-REAL-Political,0.058823529411764705,0.4445008076818276,1.2941176470588236,ST-GBR-EPSI(0.2)
538,LR-REAL-Political,0.18823529411764706,0.5019743549369685,1.5294117647058822,ST-GBR-EPSI(0.2)
539,LR-REAL-Political,0.1843137254901961,0.46750511126796795,1.5294117647058822,ST-GBR-EPSI(0.2)
540,LR-REAL-Political,0.10980392156862745,0.46240350588176155,1.411764705882353,ST-GBR-EPSI(0.2)
541,LR-REAL-Political,0.26666666666666666,0.48643111379381315,1.6470588235294117,ST-GBR-EPSI(0.2)
542,LR-REAL-Political,0.14901960784313728,0.4408218515594888,1.411764705882353,ST-GBR-EPSI(0.2)
543,LR-REAL-Political,0.25882352941176473,0.5012930359374884,1.6470588235294117,ST-GBR-EPSI(0.2)
544,LR-REAL-Political,0.1450980392156863,0.46056702847182135,1.3529411764705883,ST-GBR-EPSI(0.2)
545,LR-REAL-Political,0.16470588235294117,0.45922371427306546,1.4705882352941178,ST-GBR-EPSI(0.2)
546,LR-REAL-Political,0.12156862745098038,0.43512177035398325,1.411764705882353,ST-GBR-EPSI(0.2)
547,LR-REAL-Political,0.16470588235294117,0.49485070583235446,1.5294117647058822,ST-GBR-EPSI(0.2)
548,LR-REAL-Political,0.1843137254901961,0.45369079120621725,1.4705882352941178,ST-GBR-EPSI(0.2)
549,LR-REAL-Political,0.10980392156862744,0.449656229949973,1.2941176470588236,ST-GBR-EPSI(0.2)
550,LR-REAL-Political,0.7725490196078432,1.2515793445462062,6.0,Chain-GBR-RR-EPSI(0.0)
551,LR-REAL-Political,0.5843137254901961,1.230024655371089,6.0,Chain-GBR-RR-EPSI(0.0)
552,LR-REAL-Political,0.7254901960784315,1.2392881643728275,6.0,Chain-GBR-RR-EPSI(0.0)
553,LR-REAL-Political,0.623529411764706,1.234948727738768,6.0,Chain-GBR-RR-EPSI(0.0)
554,LR-REAL-Political,0.6470588235294118,1.2226948511105664,6.0,Chain-GBR-RR-EPSI(0.0)
555,LR-REAL-Political,0.7254901960784315,1.2314314830103312,6.0,Chain-GBR-RR-EPSI(0.0)
556,LR-REAL-Political,0.7176470588235294,1.2744287091725286,6.0,Chain-GBR-RR-EPSI(0.0)
557,LR-REAL-Political,0.7568627450980392,1.2387280838783437,6.0,Chain-GBR-RR-EPSI(0.0)
558,LR-REAL-Political,0.6705882352941177,1.2485282902981958,6.0,Chain-GBR-RR-EPSI(0.0)
559,LR-REAL-Political,0.6549019607843137,1.2576521595794656,6.0,Chain-GBR-RR-EPSI(0.0)
560,LR-REAL-Political,0.7019607843137255,1.2456372042792352,6.0,Chain-GBR-RR-EPSI(0.0)
561,LR-REAL-Political,0.7960784313725491,1.2564235035002569,6.0,Chain-GBR-RR-EPSI(0.0)
562,LR-REAL-Political,0.7254901960784315,1.267527509819078,6.0,Chain-GBR-RR-EPSI(0.0)
563,LR-REAL-Political,0.6784313725490198,1.2666280103258953,6.0,Chain-GBR-RR-EPSI(0.0)
564,LR-REAL-Political,0.6705882352941177,1.2333159811799077,6.0,Chain-GBR-RR-EPSI(0.0)
565,LR-REAL-Political,0.7019607843137255,1.2420230931370402,6.0,Chain-GBR-RR-EPSI(0.0)
566,LR-REAL-Political,0.6627450980392158,1.247247872224766,6.0,Chain-GBR-RR-EPSI(0.0)
567,LR-REAL-Political,0.6313725490196079,1.2456100916879507,6.0,Chain-GBR-RR-EPSI(0.0)
568,LR-REAL-Political,0.6470588235294118,1.2455412318385315,6.0,Chain-GBR-RR-EPSI(0.0)
569,LR-REAL-Political,0.6549019607843137,1.2751220534261338,6.0,Chain-GBR-RR-EPSI(0.0)
570,LR-REAL-Political,0.6627450980392157,1.2379358254333144,6.0,Chain-GBR-RR-EPSI(0.0)
571,LR-REAL-Political,0.7254901960784315,1.247491199815577,6.0,Chain-GBR-RR-EPSI(0.0)
572,LR-REAL-Political,0.6627450980392157,1.238820930861096,6.0,Chain-GBR-RR-EPSI(0.0)
573,LR-REAL-Political,0.7098039215686275,1.2487308295158355,6.0,Chain-GBR-RR-EPSI(0.0)
574,LR-REAL-Political,0.6235294117647059,1.2339121080389686,6.0,Chain-GBR-RR-EPSI(0.0)
575,LR-REAL-Political,0.6627450980392158,1.235998308187525,6.0,Chain-GBR-RR-EPSI(0.0)
576,LR-REAL-Political,0.592156862745098,1.2247120222545558,6.0,Chain-GBR-RR-EPSI(0.0)
577,LR-REAL-Political,0.8196078431372549,1.2310392684430866,6.0,Chain-GBR-RR-EPSI(0.0)
578,LR-REAL-Political,0.6470588235294118,1.2373387370433726,6.0,Chain-GBR-RR-EPSI(0.0)
579,LR-REAL-Political,0.6784313725490196,1.2186349480530132,6.0,Chain-GBR-RR-EPSI(0.0)
580,LR-REAL-Political,0.7019607843137255,1.2140538144291897,6.0,Chain-GBR-RR-EPSI(0.0)
581,LR-REAL-Political,0.5764705882352941,1.221157361775865,6.0,Chain-GBR-RR-EPSI(0.0)
582,LR-REAL-Political,0.7254901960784315,1.2243810726826212,6.0,Chain-GBR-RR-EPSI(0.0)
583,LR-REAL-Political,0.7254901960784315,1.224075073819639,6.0,Chain-GBR-RR-EPSI(0.0)
584,LR-REAL-Political,0.7254901960784315,1.213979811365535,6.0,Chain-GBR-RR-EPSI(0.0)
585,LR-REAL-Political,0.6941176470588236,1.2263812023011496,6.0,Chain-GBR-RR-EPSI(0.0)
586,LR-REAL-Political,0.7176470588235294,1.2261712568736638,6.0,Chain-GBR-RR-EPSI(0.0)
587,LR-REAL-Political,0.6392156862745098,1.2210402824181612,6.0,Chain-GBR-RR-EPSI(0.0)
588,LR-REAL-Political,0.6862745098039216,1.22177381747486,6.0,Chain-GBR-RR-EPSI(0.0)
589,LR-REAL-Political,0.7254901960784315,1.2232209427316663,6.0,Chain-GBR-RR-EPSI(0.0)
590,LR-REAL-Political,0.6862745098039216,1.2234567909863472,6.0,Chain-GBR-RR-EPSI(0.0)
591,LR-REAL-Political,0.7333333333333334,1.221477630198308,6.0,Chain-GBR-RR-EPSI(0.0)
592,LR-REAL-Political,0.607843137254902,1.2242175966895197,6.0,Chain-GBR-RR-EPSI(0.0)
593,LR-REAL-Political,0.6862745098039216,1.2434918315394452,6.0,Chain-GBR-RR-EPSI(0.0)
594,LR-REAL-Political,0.6784313725490196,1.2192044064357477,6.0,Chain-GBR-RR-EPSI(0.0)
595,LR-REAL-Political,0.6627450980392158,1.2210255475531653,6.0,Chain-GBR-RR-EPSI(0.0)
596,LR-REAL-Political,0.6705882352941178,1.2315997042816305,6.0,Chain-GBR-RR-EPSI(0.0)
597,LR-REAL-Political,0.6705882352941178,1.218015133244914,6.0,Chain-GBR-RR-EPSI(0.0)
598,LR-REAL-Political,0.7019607843137255,1.2344126533396926,6.0,Chain-GBR-RR-EPSI(0.0)
599,LR-REAL-Political,0.8117647058823529,1.2219382983559912,6.0,Chain-GBR-RR-EPSI(0.0)
600,LR-REAL-Political,0.7803921568627451,1.2576275720654848,5.764705882352941,Chain-GBR-RR-EPSI(0.01)
601,LR-REAL-Political,0.5803921568627451,1.232729164284533,5.823529411764706,Chain-GBR-RR-EPSI(0.01)
602,LR-REAL-Political,0.7176470588235295,1.2765566864692561,5.764705882352941,Chain-GBR-RR-EPSI(0.01)
603,LR-REAL-Political,0.623529411764706,1.2419685955869375,5.882352941176471,Chain-GBR-RR-EPSI(0.01)
604,LR-REAL-Political,0.6549019607843137,1.2247093306668067,5.764705882352941,Chain-GBR-RR-EPSI(0.01)
605,LR-REAL-Political,0.7254901960784315,1.2290869375225917,5.529411764705882,Chain-GBR-RR-EPSI(0.01)
606,LR-REAL-Political,0.7294117647058824,1.2337874379010696,5.705882352941177,Chain-GBR-RR-EPSI(0.01)
607,LR-REAL-Political,0.7607843137254902,1.2461018356521305,5.9411764705882355,Chain-GBR-RR-EPSI(0.01)
608,LR-REAL-Political,0.6588235294117647,1.2343561508302858,5.705882352941177,Chain-GBR-RR-EPSI(0.01)
609,LR-REAL-Political,0.6549019607843137,1.266098833351071,5.882352941176471,Chain-GBR-RR-EPSI(0.01)
610,LR-REAL-Political,0.7098039215686276,1.249404686118432,5.764705882352941,Chain-GBR-RR-EPSI(0.01)
611,LR-REAL-Political,0.7960784313725491,1.258460046993902,6.0,Chain-GBR-RR-EPSI(0.01)
612,LR-REAL-Political,0.7294117647058824,1.2831654935048025,5.882352941176471,Chain-GBR-RR-EPSI(0.01)
613,LR-REAL-Political,0.6823529411764707,1.256910099606933,5.9411764705882355,Chain-GBR-RR-EPSI(0.01)
614,LR-REAL-Political,0.6745098039215687,1.2272426874121538,5.823529411764706,Chain-GBR-RR-EPSI(0.01)
615,LR-REAL-Political,0.6980392156862746,1.2409271715717096,5.647058823529412,Chain-GBR-RR-EPSI(0.01)
616,LR-REAL-Political,0.6627450980392158,1.2577173166660203,5.764705882352941,Chain-GBR-RR-EPSI(0.01)
617,LR-REAL-Political,0.6313725490196078,1.2470975479312425,5.764705882352941,Chain-GBR-RR-EPSI(0.01)
618,LR-REAL-Political,0.6470588235294118,1.248135482973766,5.647058823529412,Chain-GBR-RR-EPSI(0.01)
619,LR-REAL-Political,0.6588235294117647,1.2741020737882736,5.823529411764706,Chain-GBR-RR-EPSI(0.01)
620,LR-REAL-Political,0.6627450980392158,1.249371585985598,5.529411764705882,Chain-GBR-RR-EPSI(0.01)
621,LR-REAL-Political,0.7176470588235295,1.2495876973386428,5.882352941176471,Chain-GBR-RR-EPSI(0.01)
622,LR-REAL-Political,0.6666666666666666,1.2377367834547992,5.823529411764706,Chain-GBR-RR-EPSI(0.01)
623,LR-REAL-Political,0.7215686274509805,1.2345029683115072,5.352941176470588,Chain-GBR-RR-EPSI(0.01)
624,LR-REAL-Political,0.6313725490196079,1.2349222383343557,5.764705882352941,Chain-GBR-RR-EPSI(0.01)
625,LR-REAL-Political,0.6627450980392158,1.237064023913595,5.882352941176471,Chain-GBR-RR-EPSI(0.01)
626,LR-REAL-Political,0.592156862745098,1.225221510579231,6.0,Chain-GBR-RR-EPSI(0.01)
627,LR-REAL-Political,0.8196078431372549,1.2297837837246113,5.764705882352941,Chain-GBR-RR-EPSI(0.01)
628,LR-REAL-Political,0.6509803921568629,1.2241656451644891,5.647058823529412,Chain-GBR-RR-EPSI(0.01)
629,LR-REAL-Political,0.6705882352941177,1.224730341167593,5.647058823529412,Chain-GBR-RR-EPSI(0.01)
630,LR-REAL-Political,0.7058823529411765,1.214291830508272,5.9411764705882355,Chain-GBR-RR-EPSI(0.01)
631,LR-REAL-Political,0.5764705882352941,1.2202021600828066,5.705882352941177,Chain-GBR-RR-EPSI(0.01)
632,LR-REAL-Political,0.7254901960784315,1.2254754339607603,5.764705882352941,Chain-GBR-RR-EPSI(0.01)
633,LR-REAL-Political,0.7215686274509804,1.229407616631335,5.823529411764706,Chain-GBR-RR-EPSI(0.01)
634,LR-REAL-Political,0.7490196078431373,1.2282062373671787,5.588235294117647,Chain-GBR-RR-EPSI(0.01)
635,LR-REAL-Political,0.6980392156862746,1.2314816884741955,5.823529411764706,Chain-GBR-RR-EPSI(0.01)
636,LR-REAL-Political,0.7215686274509805,1.2270538927365924,5.9411764705882355,Chain-GBR-RR-EPSI(0.01)
637,LR-REAL-Political,0.6509803921568628,1.2199449794119235,5.705882352941177,Chain-GBR-RR-EPSI(0.01)
638,LR-REAL-Political,0.6901960784313725,1.230987887769373,5.588235294117647,Chain-GBR-RR-EPSI(0.01)
639,LR-REAL-Political,0.7176470588235295,1.2297452248877603,5.764705882352941,Chain-GBR-RR-EPSI(0.01)
640,LR-REAL-Political,0.6784313725490196,1.2250409027613212,5.647058823529412,Chain-GBR-RR-EPSI(0.01)
641,LR-REAL-Political,0.7333333333333334,1.2203428919459642,5.764705882352941,Chain-GBR-RR-EPSI(0.01)
642,LR-REAL-Political,0.592156862745098,1.2248157630745695,5.764705882352941,Chain-GBR-RR-EPSI(0.01)
643,LR-REAL-Political,0.6980392156862746,1.2318484998533914,5.588235294117647,Chain-GBR-RR-EPSI(0.01)
644,LR-REAL-Political,0.6862745098039217,1.2305855778833275,5.882352941176471,Chain-GBR-RR-EPSI(0.01)
645,LR-REAL-Political,0.6666666666666667,1.2137667928227889,5.823529411764706,Chain-GBR-RR-EPSI(0.01)
646,LR-REAL-Political,0.6862745098039217,1.2191952921996319,5.647058823529412,Chain-GBR-RR-EPSI(0.01)
647,LR-REAL-Political,0.6666666666666667,1.220664007704544,5.823529411764706,Chain-GBR-RR-EPSI(0.01)
648,LR-REAL-Political,0.6901960784313727,1.223551576997279,5.705882352941177,Chain-GBR-RR-EPSI(0.01)
649,LR-REAL-Political,0.807843137254902,1.2209411160215595,5.823529411764706,Chain-GBR-RR-EPSI(0.01)
650,LR-REAL-Political,0.788235294117647,1.2637669635855984,5.235294117647059,Chain-GBR-RR-EPSI(0.03)
651,LR-REAL-Political,0.5725490196078432,1.2377534758457944,5.352941176470588,Chain-GBR-RR-EPSI(0.03)
652,LR-REAL-Political,0.6941176470588236,1.268170141722236,5.176470588235294,Chain-GBR-RR-EPSI(0.03)
653,LR-REAL-Political,0.6156862745098038,1.2407400350693425,5.176470588235294,Chain-GBR-RR-EPSI(0.03)
654,LR-REAL-Political,0.6431372549019608,1.2626175454510398,5.235294117647059,Chain-GBR-RR-EPSI(0.03)
655,LR-REAL-Political,0.7215686274509804,1.240300491027502,5.176470588235294,Chain-GBR-RR-EPSI(0.03)
656,LR-REAL-Political,0.7058823529411765,1.2351051148820797,5.235294117647059,Chain-GBR-RR-EPSI(0.03)
657,LR-REAL-Political,0.7490196078431373,1.2566846591247214,5.294117647058823,Chain-GBR-RR-EPSI(0.03)
658,LR-REAL-Political,0.6745098039215688,1.2327941700227796,5.352941176470588,Chain-GBR-RR-EPSI(0.03)
659,LR-REAL-Political,0.6666666666666667,1.262072936411325,5.294117647058823,Chain-GBR-RR-EPSI(0.03)
660,LR-REAL-Political,0.7137254901960786,1.2399994274684139,5.235294117647059,Chain-GBR-RR-EPSI(0.03)
661,LR-REAL-Political,0.7686274509803921,1.2540299790530252,5.470588235294118,Chain-GBR-RR-EPSI(0.03)
662,LR-REAL-Political,0.7450980392156863,1.2941351538973418,5.411764705882353,Chain-GBR-RR-EPSI(0.03)
663,LR-REAL-Political,0.6823529411764707,1.2481268101974201,5.176470588235294,Chain-GBR-RR-EPSI(0.03)
664,LR-REAL-Political,0.6784313725490196,1.2301058158289535,5.529411764705882,Chain-GBR-RR-EPSI(0.03)
665,LR-REAL-Political,0.6980392156862746,1.2372903789153573,5.117647058823529,Chain-GBR-RR-EPSI(0.03)
666,LR-REAL-Political,0.6509803921568627,1.2473642526340727,5.411764705882353,Chain-GBR-RR-EPSI(0.03)
667,LR-REAL-Political,0.6235294117647059,1.2712019282152658,5.176470588235294,Chain-GBR-RR-EPSI(0.03)
668,LR-REAL-Political,0.6588235294117647,1.237003239263568,5.0588235294117645,Chain-GBR-RR-EPSI(0.03)
669,LR-REAL-Political,0.6392156862745099,1.2702740403602122,5.411764705882353,Chain-GBR-RR-EPSI(0.03)
670,LR-REAL-Political,0.6745098039215687,1.2598658263107814,5.0588235294117645,Chain-GBR-RR-EPSI(0.03)
671,LR-REAL-Political,0.7058823529411765,1.2368614630581236,5.411764705882353,Chain-GBR-RR-EPSI(0.03)
672,LR-REAL-Political,0.6549019607843137,1.2373336263221513,5.470588235294118,Chain-GBR-RR-EPSI(0.03)
673,LR-REAL-Political,0.7294117647058824,1.2316856070421582,5.117647058823529,Chain-GBR-RR-EPSI(0.03)
674,LR-REAL-Political,0.611764705882353,1.2341705727153853,5.235294117647059,Chain-GBR-RR-EPSI(0.03)
675,LR-REAL-Political,0.6588235294117648,1.2371160469531721,5.352941176470588,Chain-GBR-RR-EPSI(0.03)
676,LR-REAL-Political,0.603921568627451,1.2261198188022517,5.411764705882353,Chain-GBR-RR-EPSI(0.03)
677,LR-REAL-Political,0.8235294117647058,1.231204320149781,5.588235294117647,Chain-GBR-RR-EPSI(0.03)
678,LR-REAL-Political,0.6705882352941177,1.229448669942083,5.0588235294117645,Chain-GBR-RR-EPSI(0.03)
679,LR-REAL-Political,0.6784313725490196,1.219887028455114,5.0588235294117645,Chain-GBR-RR-EPSI(0.03)
680,LR-REAL-Political,0.7215686274509805,1.2195625885969663,5.352941176470588,Chain-GBR-RR-EPSI(0.03)
681,LR-REAL-Political,0.580392156862745,1.2199665078668713,5.176470588235294,Chain-GBR-RR-EPSI(0.03)
682,LR-REAL-Political,0.7333333333333334,1.2201043613602982,5.235294117647059,Chain-GBR-RR-EPSI(0.03)
683,LR-REAL-Political,0.7215686274509804,1.2249003438074852,5.647058823529412,Chain-GBR-RR-EPSI(0.03)
684,LR-REAL-Political,0.7450980392156863,1.223059218395257,5.0588235294117645,Chain-GBR-RR-EPSI(0.03)
685,LR-REAL-Political,0.7058823529411765,1.2324527923254622,5.294117647058823,Chain-GBR-RR-EPSI(0.03)
686,LR-REAL-Political,0.7098039215686275,1.225256814496998,5.411764705882353,Chain-GBR-RR-EPSI(0.03)
687,LR-REAL-Political,0.6627450980392157,1.2201167162959479,5.176470588235294,Chain-GBR-RR-EPSI(0.03)
688,LR-REAL-Political,0.6549019607843137,1.2279036355322928,5.117647058823529,Chain-GBR-RR-EPSI(0.03)
689,LR-REAL-Political,0.6823529411764707,1.223352338837165,4.823529411764706,Chain-GBR-RR-EPSI(0.03)
690,LR-REAL-Political,0.6901960784313727,1.2233038602445536,5.352941176470588,Chain-GBR-RR-EPSI(0.03)
691,LR-REAL-Political,0.7058823529411765,1.2240633104500365,5.235294117647059,Chain-GBR-RR-EPSI(0.03)
692,LR-REAL-Political,0.5843137254901961,1.2257081738340707,5.117647058823529,Chain-GBR-RR-EPSI(0.03)
693,LR-REAL-Political,0.6784313725490196,1.2304797679165635,5.117647058823529,Chain-GBR-RR-EPSI(0.03)
694,LR-REAL-Political,0.7058823529411765,1.227376618710079,5.235294117647059,Chain-GBR-RR-EPSI(0.03)
695,LR-REAL-Political,0.6588235294117647,1.2121165446088755,5.294117647058823,Chain-GBR-RR-EPSI(0.03)
696,LR-REAL-Political,0.6823529411764707,1.2217978649780568,5.235294117647059,Chain-GBR-RR-EPSI(0.03)
697,LR-REAL-Political,0.6705882352941176,1.220568701018407,5.294117647058823,Chain-GBR-RR-EPSI(0.03)
698,LR-REAL-Political,0.6823529411764707,1.2257279860866026,5.117647058823529,Chain-GBR-RR-EPSI(0.03)
699,LR-REAL-Political,0.8117647058823529,1.2185027180353944,5.529411764705882,Chain-GBR-RR-EPSI(0.03)
700,LR-REAL-Political,0.7803921568627451,1.260054197084215,4.882352941176471,Chain-GBR-RR-EPSI(0.05)
701,LR-REAL-Political,0.5568627450980392,1.2475656916048776,4.117647058823529,Chain-GBR-RR-EPSI(0.05)
702,LR-REAL-Political,0.6980392156862745,1.2504818375081455,4.823529411764706,Chain-GBR-RR-EPSI(0.05)
703,LR-REAL-Political,0.596078431372549,1.2350489177824024,4.588235294117647,Chain-GBR-RR-EPSI(0.05)
704,LR-REAL-Political,0.6352941176470589,1.2243933042159159,4.823529411764706,Chain-GBR-RR-EPSI(0.05)
705,LR-REAL-Political,0.6862745098039217,1.2393891078606027,4.529411764705882,Chain-GBR-RR-EPSI(0.05)
706,LR-REAL-Political,0.7137254901960784,1.2434835173340748,4.823529411764706,Chain-GBR-RR-EPSI(0.05)
707,LR-REAL-Political,0.7411764705882353,1.275640348212333,5.0588235294117645,Chain-GBR-RR-EPSI(0.05)
708,LR-REAL-Political,0.6784313725490198,1.2434837266690872,4.9411764705882355,Chain-GBR-RR-EPSI(0.05)
709,LR-REAL-Political,0.6627450980392159,1.2531075901352502,5.0,Chain-GBR-RR-EPSI(0.05)
710,LR-REAL-Political,0.7215686274509804,1.237130189301359,4.647058823529412,Chain-GBR-RR-EPSI(0.05)
711,LR-REAL-Political,0.7686274509803921,1.2512946427991067,4.764705882352941,Chain-GBR-RR-EPSI(0.05)
712,LR-REAL-Political,0.7411764705882353,1.2859750363426692,5.0,Chain-GBR-RR-EPSI(0.05)
713,LR-REAL-Political,0.6666666666666667,1.244974939411145,4.764705882352941,Chain-GBR-RR-EPSI(0.05)
714,LR-REAL-Political,0.6666666666666667,1.2417722868787533,4.882352941176471,Chain-GBR-RR-EPSI(0.05)
715,LR-REAL-Political,0.6784313725490198,1.2375229953034592,4.823529411764706,Chain-GBR-RR-EPSI(0.05)
716,LR-REAL-Political,0.6392156862745098,1.2428114002022446,4.882352941176471,Chain-GBR-RR-EPSI(0.05)
717,LR-REAL-Political,0.6196078431372549,1.2931923435243171,4.588235294117647,Chain-GBR-RR-EPSI(0.05)
718,LR-REAL-Political,0.6588235294117647,1.2350468987383016,4.647058823529412,Chain-GBR-RR-EPSI(0.05)
719,LR-REAL-Political,0.6274509803921569,1.2654734380212245,4.764705882352941,Chain-GBR-RR-EPSI(0.05)
720,LR-REAL-Political,0.6823529411764707,1.2476937245083894,4.588235294117647,Chain-GBR-RR-EPSI(0.05)
721,LR-REAL-Political,0.6901960784313725,1.245594873611328,4.882352941176471,Chain-GBR-RR-EPSI(0.05)
722,LR-REAL-Political,0.6392156862745099,1.2321317107462058,4.705882352941177,Chain-GBR-RR-EPSI(0.05)
723,LR-REAL-Political,0.7058823529411765,1.232225855535237,4.823529411764706,Chain-GBR-RR-EPSI(0.05)
724,LR-REAL-Political,0.6039215686274509,1.2335953717586494,4.705882352941177,Chain-GBR-RR-EPSI(0.05)
725,LR-REAL-Political,0.6470588235294118,1.2380958788415921,4.705882352941177,Chain-GBR-RR-EPSI(0.05)
726,LR-REAL-Political,0.596078431372549,1.2340106165988713,4.647058823529412,Chain-GBR-RR-EPSI(0.05)
727,LR-REAL-Political,0.807843137254902,1.2306375436963304,4.882352941176471,Chain-GBR-RR-EPSI(0.05)
728,LR-REAL-Political,0.6549019607843137,1.2165128772934897,4.411764705882353,Chain-GBR-RR-EPSI(0.05)
729,LR-REAL-Political,0.6549019607843137,1.220276906563471,4.647058823529412,Chain-GBR-RR-EPSI(0.05)
730,LR-REAL-Political,0.6980392156862746,1.2122754177648882,4.9411764705882355,Chain-GBR-RR-EPSI(0.05)
731,LR-REAL-Political,0.5764705882352942,1.2267797567733698,4.705882352941177,Chain-GBR-RR-EPSI(0.05)
732,LR-REAL-Political,0.7372549019607844,1.2231283228670207,4.588235294117647,Chain-GBR-RR-EPSI(0.05)
733,LR-REAL-Political,0.7058823529411764,1.232159699651358,4.882352941176471,Chain-GBR-RR-EPSI(0.05)
734,LR-REAL-Political,0.7450980392156863,1.2197120603030647,4.647058823529412,Chain-GBR-RR-EPSI(0.05)
735,LR-REAL-Political,0.6901960784313725,1.2268995016452704,5.0588235294117645,Chain-GBR-RR-EPSI(0.05)
736,LR-REAL-Political,0.7098039215686275,1.2212071034529561,4.882352941176471,Chain-GBR-RR-EPSI(0.05)
737,LR-REAL-Political,0.6549019607843137,1.2236843456002326,4.764705882352941,Chain-GBR-RR-EPSI(0.05)
738,LR-REAL-Political,0.6588235294117647,1.2247602397978914,4.823529411764706,Chain-GBR-RR-EPSI(0.05)
739,LR-REAL-Political,0.6745098039215687,1.2267373117623663,4.529411764705882,Chain-GBR-RR-EPSI(0.05)
740,LR-REAL-Political,0.6784313725490198,1.221289134700449,4.705882352941177,Chain-GBR-RR-EPSI(0.05)
741,LR-REAL-Political,0.7215686274509805,1.2220445434209186,4.764705882352941,Chain-GBR-RR-EPSI(0.05)
742,LR-REAL-Political,0.5843137254901961,1.2299675344504142,4.764705882352941,Chain-GBR-RR-EPSI(0.05)
743,LR-REAL-Political,0.6549019607843137,1.233771689774109,4.764705882352941,Chain-GBR-RR-EPSI(0.05)
744,LR-REAL-Political,0.7098039215686276,1.2319489008269668,4.764705882352941,Chain-GBR-RR-EPSI(0.05)
745,LR-REAL-Political,0.6549019607843137,1.2184406592493713,4.647058823529412,Chain-GBR-RR-EPSI(0.05)
746,LR-REAL-Political,0.6862745098039217,1.21686414391853,4.705882352941177,Chain-GBR-RR-EPSI(0.05)
747,LR-REAL-Political,0.6392156862745099,1.2171222257924341,4.764705882352941,Chain-GBR-RR-EPSI(0.05)
748,LR-REAL-Political,0.6784313725490196,1.2176526047167309,4.588235294117647,Chain-GBR-RR-EPSI(0.05)
749,LR-REAL-Political,0.8156862745098039,1.2206068000935744,5.176470588235294,Chain-GBR-RR-EPSI(0.05)
750,LR-REAL-Political,0.7568627450980392,1.2535500228384704,4.529411764705882,Chain-GBR-RR-EPSI(0.07)
751,LR-REAL-Political,0.5450980392156863,1.2469716331763936,3.8823529411764706,Chain-GBR-RR-EPSI(0.07)
752,LR-REAL-Political,0.7019607843137255,1.284946206720573,4.529411764705882,Chain-GBR-RR-EPSI(0.07)
753,LR-REAL-Political,0.5803921568627451,1.2258148249391525,4.0,Chain-GBR-RR-EPSI(0.07)
754,LR-REAL-Political,0.6313725490196079,1.2317851472699037,4.352941176470588,Chain-GBR-RR-EPSI(0.07)
755,LR-REAL-Political,0.6352941176470589,1.2380501997129074,3.9411764705882355,Chain-GBR-RR-EPSI(0.07)
756,LR-REAL-Political,0.6705882352941177,1.2418289109339904,4.117647058823529,Chain-GBR-RR-EPSI(0.07)
757,LR-REAL-Political,0.7254901960784315,1.3077381030408493,4.352941176470588,Chain-GBR-RR-EPSI(0.07)
758,LR-REAL-Political,0.6666666666666667,1.2387001433916742,4.352941176470588,Chain-GBR-RR-EPSI(0.07)
759,LR-REAL-Political,0.6470588235294118,1.249825955731738,4.529411764705882,Chain-GBR-RR-EPSI(0.07)
760,LR-REAL-Political,0.7372549019607844,1.2432279547898653,3.9411764705882355,Chain-GBR-RR-EPSI(0.07)
761,LR-REAL-Political,0.7294117647058824,1.2511933125544972,4.0,Chain-GBR-RR-EPSI(0.07)
762,LR-REAL-Political,0.7137254901960786,1.2509003805121548,4.352941176470588,Chain-GBR-RR-EPSI(0.07)
763,LR-REAL-Political,0.6549019607843137,1.2482978720638016,4.294117647058823,Chain-GBR-RR-EPSI(0.07)
764,LR-REAL-Political,0.6705882352941178,1.2292879853868117,4.176470588235294,Chain-GBR-RR-EPSI(0.07)
765,LR-REAL-Political,0.6588235294117648,1.2439178816852037,4.176470588235294,Chain-GBR-RR-EPSI(0.07)
766,LR-REAL-Political,0.6352941176470588,1.234464983512283,4.0,Chain-GBR-RR-EPSI(0.07)
767,LR-REAL-Political,0.5921568627450982,1.2877104763675495,4.294117647058823,Chain-GBR-RR-EPSI(0.07)
768,LR-REAL-Political,0.6588235294117648,1.2357214924131656,4.117647058823529,Chain-GBR-RR-EPSI(0.07)
769,LR-REAL-Political,0.5764705882352941,1.271775732703581,3.9411764705882355,Chain-GBR-RR-EPSI(0.07)
770,LR-REAL-Political,0.6470588235294118,1.2539052933543706,4.176470588235294,Chain-GBR-RR-EPSI(0.07)
771,LR-REAL-Political,0.6823529411764706,1.2356468488580605,4.0588235294117645,Chain-GBR-RR-EPSI(0.07)
772,LR-REAL-Political,0.6117647058823529,1.234610979016638,4.0588235294117645,Chain-GBR-RR-EPSI(0.07)
773,LR-REAL-Political,0.7137254901960784,1.2286877253845243,4.352941176470588,Chain-GBR-RR-EPSI(0.07)
774,LR-REAL-Political,0.584313725490196,1.2337356251456024,3.9411764705882355,Chain-GBR-RR-EPSI(0.07)
775,LR-REAL-Political,0.6274509803921569,1.241641108510324,4.470588235294118,Chain-GBR-RR-EPSI(0.07)
776,LR-REAL-Political,0.596078431372549,1.2264204474516898,4.470588235294118,Chain-GBR-RR-EPSI(0.07)
777,LR-REAL-Political,0.803921568627451,1.2355168804932373,4.764705882352941,Chain-GBR-RR-EPSI(0.07)
778,LR-REAL-Political,0.6470588235294118,1.2108674117539742,4.117647058823529,Chain-GBR-RR-EPSI(0.07)
779,LR-REAL-Political,0.6392156862745099,1.2227616828334207,4.352941176470588,Chain-GBR-RR-EPSI(0.07)
780,LR-REAL-Political,0.6745098039215687,1.2135583046477274,4.294117647058823,Chain-GBR-RR-EPSI(0.07)
781,LR-REAL-Political,0.5529411764705884,1.2258616669213867,4.176470588235294,Chain-GBR-RR-EPSI(0.07)
782,LR-REAL-Political,0.6862745098039216,1.2204582651605107,4.117647058823529,Chain-GBR-RR-EPSI(0.07)
783,LR-REAL-Political,0.7019607843137254,1.2333043067060745,4.235294117647059,Chain-GBR-RR-EPSI(0.07)
784,LR-REAL-Political,0.7372549019607844,1.221378463091346,4.294117647058823,Chain-GBR-RR-EPSI(0.07)
785,LR-REAL-Political,0.6549019607843138,1.2279024815264554,4.235294117647059,Chain-GBR-RR-EPSI(0.07)
786,LR-REAL-Political,0.6941176470588236,1.2276932737860364,4.470588235294118,Chain-GBR-RR-EPSI(0.07)
787,LR-REAL-Political,0.6392156862745099,1.2233926852557617,4.235294117647059,Chain-GBR-RR-EPSI(0.07)
788,LR-REAL-Political,0.6549019607843138,1.2337031660030549,4.352941176470588,Chain-GBR-RR-EPSI(0.07)
789,LR-REAL-Political,0.6745098039215687,1.2222275180307565,4.352941176470588,Chain-GBR-RR-EPSI(0.07)
790,LR-REAL-Political,0.6705882352941177,1.221821979466272,4.235294117647059,Chain-GBR-RR-EPSI(0.07)
791,LR-REAL-Political,0.6784313725490198,1.2238695162309952,4.0,Chain-GBR-RR-EPSI(0.07)
792,LR-REAL-Political,0.5843137254901961,1.2244840406469986,4.235294117647059,Chain-GBR-RR-EPSI(0.07)
793,LR-REAL-Political,0.6509803921568629,1.2357871124611088,4.0588235294117645,Chain-GBR-RR-EPSI(0.07)
794,LR-REAL-Political,0.6980392156862746,1.225375345078291,4.176470588235294,Chain-GBR-RR-EPSI(0.07)
795,LR-REAL-Political,0.6549019607843138,1.2116158269843214,4.294117647058823,Chain-GBR-RR-EPSI(0.07)
796,LR-REAL-Political,0.6627450980392157,1.2183557470267028,4.0588235294117645,Chain-GBR-RR-EPSI(0.07)
797,LR-REAL-Political,0.627450980392157,1.2240341035406486,4.411764705882353,Chain-GBR-RR-EPSI(0.07)
798,LR-REAL-Political,0.6588235294117648,1.2225264698991003,3.9411764705882355,Chain-GBR-RR-EPSI(0.07)
799,LR-REAL-Political,0.788235294117647,1.2220125217621978,4.411764705882353,Chain-GBR-RR-EPSI(0.07)
800,LR-REAL-Political,0.7137254901960784,1.251545190557517,3.764705882352941,Chain-GBR-RR-EPSI(0.09)
801,LR-REAL-Political,0.5254901960784314,1.2489625335829004,3.5294117647058822,Chain-GBR-RR-EPSI(0.09)
802,LR-REAL-Political,0.6745098039215687,1.2733830779680582,3.8823529411764706,Chain-GBR-RR-EPSI(0.09)
803,LR-REAL-Political,0.5411764705882353,1.2229977906123621,3.5294117647058822,Chain-GBR-RR-EPSI(0.09)
804,LR-REAL-Political,0.6235294117647059,1.2293284722301792,3.764705882352941,Chain-GBR-RR-EPSI(0.09)
805,LR-REAL-Political,0.6235294117647059,1.2324849273554808,3.2941176470588234,Chain-GBR-RR-EPSI(0.09)
806,LR-REAL-Political,0.6313725490196078,1.2426757381566609,3.6470588235294117,Chain-GBR-RR-EPSI(0.09)
807,LR-REAL-Political,0.6627450980392158,1.2613362357687177,3.764705882352941,Chain-GBR-RR-EPSI(0.09)
808,LR-REAL-Political,0.6431372549019607,1.2484900388446551,3.588235294117647,Chain-GBR-RR-EPSI(0.09)
809,LR-REAL-Political,0.5764705882352941,1.2617220778908553,3.5294117647058822,Chain-GBR-RR-EPSI(0.09)
810,LR-REAL-Political,0.7098039215686275,1.2545006504067366,3.7058823529411766,Chain-GBR-RR-EPSI(0.09)
811,LR-REAL-Political,0.6901960784313727,1.256616881946357,3.5294117647058822,Chain-GBR-RR-EPSI(0.09)
812,LR-REAL-Political,0.6627450980392158,1.253633876211472,3.764705882352941,Chain-GBR-RR-EPSI(0.09)
813,LR-REAL-Political,0.623529411764706,1.2445605728049915,3.8823529411764706,Chain-GBR-RR-EPSI(0.09)
814,LR-REAL-Political,0.6509803921568628,1.2255723701729162,3.6470588235294117,Chain-GBR-RR-EPSI(0.09)
815,LR-REAL-Political,0.6509803921568628,1.2444880287204854,3.764705882352941,Chain-GBR-RR-EPSI(0.09)
816,LR-REAL-Political,0.6000000000000001,1.2384518267446327,3.3529411764705883,Chain-GBR-RR-EPSI(0.09)
817,LR-REAL-Political,0.5647058823529412,1.2478486203612607,3.8823529411764706,Chain-GBR-RR-EPSI(0.09)
818,LR-REAL-Political,0.6274509803921569,1.2450846349911382,3.4705882352941178,Chain-GBR-RR-EPSI(0.09)
819,LR-REAL-Political,0.5607843137254901,1.2540403206027444,3.764705882352941,Chain-GBR-RR-EPSI(0.09)
820,LR-REAL-Political,0.6352941176470589,1.2603036348950731,3.7058823529411766,Chain-GBR-RR-EPSI(0.09)
821,LR-REAL-Political,0.6549019607843136,1.2335845975916835,3.764705882352941,Chain-GBR-RR-EPSI(0.09)
822,LR-REAL-Political,0.5490196078431372,1.3026123365034548,3.4705882352941178,Chain-GBR-RR-EPSI(0.09)
823,LR-REAL-Political,0.6941176470588236,1.2270209957383142,3.8823529411764706,Chain-GBR-RR-EPSI(0.09)
824,LR-REAL-Political,0.5647058823529412,1.2346340866496752,3.588235294117647,Chain-GBR-RR-EPSI(0.09)
825,LR-REAL-Political,0.5843137254901962,1.2322418146342848,3.7058823529411766,Chain-GBR-RR-EPSI(0.09)
826,LR-REAL-Political,0.5529411764705883,1.2265401617221028,3.764705882352941,Chain-GBR-RR-EPSI(0.09)
827,LR-REAL-Political,0.7725490196078431,1.2335045467591732,3.8823529411764706,Chain-GBR-RR-EPSI(0.09)
828,LR-REAL-Political,0.6235294117647059,1.210701951452015,3.588235294117647,Chain-GBR-RR-EPSI(0.09)
829,LR-REAL-Political,0.6117647058823529,1.218515390348525,3.6470588235294117,Chain-GBR-RR-EPSI(0.09)
830,LR-REAL-Political,0.5921568627450979,1.2143956796256716,3.4705882352941178,Chain-GBR-RR-EPSI(0.09)
831,LR-REAL-Political,0.5098039215686274,1.2200257661251435,3.6470588235294117,Chain-GBR-RR-EPSI(0.09)
832,LR-REAL-Political,0.6862745098039216,1.2221368019101708,3.5294117647058822,Chain-GBR-RR-EPSI(0.09)
833,LR-REAL-Political,0.6549019607843136,1.2201505955500238,3.4705882352941178,Chain-GBR-RR-EPSI(0.09)
834,LR-REAL-Political,0.6862745098039216,1.2166324649063884,3.823529411764706,Chain-GBR-RR-EPSI(0.09)
835,LR-REAL-Political,0.6235294117647059,1.2283554852157248,3.7058823529411766,Chain-GBR-RR-EPSI(0.09)
836,LR-REAL-Political,0.6784313725490198,1.2278859161328652,4.0,Chain-GBR-RR-EPSI(0.09)
837,LR-REAL-Political,0.619607843137255,1.2252119994672852,3.823529411764706,Chain-GBR-RR-EPSI(0.09)
838,LR-REAL-Political,0.6313725490196078,1.236042990203454,3.4705882352941178,Chain-GBR-RR-EPSI(0.09)
839,LR-REAL-Political,0.6470588235294119,1.222452537488258,3.823529411764706,Chain-GBR-RR-EPSI(0.09)
840,LR-REAL-Political,0.6156862745098041,1.2185966967638662,3.6470588235294117,Chain-GBR-RR-EPSI(0.09)
841,LR-REAL-Political,0.6431372549019608,1.227180666487401,3.588235294117647,Chain-GBR-RR-EPSI(0.09)
842,LR-REAL-Political,0.5607843137254903,1.2292567634462883,3.764705882352941,Chain-GBR-RR-EPSI(0.09)
843,LR-REAL-Political,0.6313725490196078,1.2355413864006597,3.6470588235294117,Chain-GBR-RR-EPSI(0.09)
844,LR-REAL-Political,0.6470588235294118,1.231736699267141,3.5294117647058822,Chain-GBR-RR-EPSI(0.09)
845,LR-REAL-Political,0.6196078431372549,1.2157751040498825,3.764705882352941,Chain-GBR-RR-EPSI(0.09)
846,LR-REAL-Political,0.6470588235294118,1.2185541425038198,3.7058823529411766,Chain-GBR-RR-EPSI(0.09)
847,LR-REAL-Political,0.5490196078431372,1.223356037545824,3.5294117647058822,Chain-GBR-RR-EPSI(0.09)
848,LR-REAL-Political,0.6235294117647059,1.226951947692894,3.4705882352941178,Chain-GBR-RR-EPSI(0.09)
849,LR-REAL-Political,0.7294117647058824,1.2215956309100768,3.411764705882353,Chain-GBR-RR-EPSI(0.09)
850,LR-REAL-Political,0.49411764705882355,1.2466623110085364,2.6470588235294117,Chain-GBR-RR-EPSI(0.12)
851,LR-REAL-Political,0.44705882352941173,1.2357903489081628,2.8823529411764706,Chain-GBR-RR-EPSI(0.12)
852,LR-REAL-Political,0.4980392156862745,1.2692980918988797,2.7058823529411766,Chain-GBR-RR-EPSI(0.12)
853,LR-REAL-Political,0.4980392156862744,1.2279668607283463,2.8823529411764706,Chain-GBR-RR-EPSI(0.12)
854,LR-REAL-Political,0.5294117647058822,1.2366112253843224,2.9411764705882355,Chain-GBR-RR-EPSI(0.12)
855,LR-REAL-Political,0.5607843137254902,1.227150116849045,2.823529411764706,Chain-GBR-RR-EPSI(0.12)
856,LR-REAL-Political,0.584313725490196,1.2317576118264386,3.0588235294117645,Chain-GBR-RR-EPSI(0.12)
857,LR-REAL-Political,0.5019607843137255,1.2672872584324713,2.6470588235294117,Chain-GBR-RR-EPSI(0.12)
858,LR-REAL-Political,0.5294117647058824,1.2437738180276092,2.7058823529411766,Chain-GBR-RR-EPSI(0.12)
859,LR-REAL-Political,0.4980392156862745,1.2555635045903626,2.6470588235294117,Chain-GBR-RR-EPSI(0.12)
860,LR-REAL-Political,0.6196078431372549,1.2472794412689354,3.0,Chain-GBR-RR-EPSI(0.12)
861,LR-REAL-Political,0.5647058823529411,1.2571333757023395,2.764705882352941,Chain-GBR-RR-EPSI(0.12)
862,LR-REAL-Political,0.5529411764705883,1.2563740067400264,2.8823529411764706,Chain-GBR-RR-EPSI(0.12)
863,LR-REAL-Political,0.5254901960784314,1.235598085329917,2.764705882352941,Chain-GBR-RR-EPSI(0.12)
864,LR-REAL-Political,0.5215686274509803,1.2233693203740166,2.764705882352941,Chain-GBR-RR-EPSI(0.12)
865,LR-REAL-Political,0.4745098039215686,1.244798060266749,2.7058823529411766,Chain-GBR-RR-EPSI(0.12)
866,LR-REAL-Political,0.5176470588235293,1.2320950534986705,2.5294117647058822,Chain-GBR-RR-EPSI(0.12)
867,LR-REAL-Political,0.5058823529411764,1.2462192456511008,2.7058823529411766,Chain-GBR-RR-EPSI(0.12)
868,LR-REAL-Political,0.5098039215686274,1.233388243034318,2.7058823529411766,Chain-GBR-RR-EPSI(0.12)
869,LR-REAL-Political,0.4745098039215686,1.2399964795271732,2.823529411764706,Chain-GBR-RR-EPSI(0.12)
870,LR-REAL-Political,0.5607843137254903,1.2395180454528176,3.0,Chain-GBR-RR-EPSI(0.12)
871,LR-REAL-Political,0.5647058823529412,1.2389157528073198,2.8823529411764706,Chain-GBR-RR-EPSI(0.12)
872,LR-REAL-Political,0.4980392156862744,1.2700025714268381,2.9411764705882355,Chain-GBR-RR-EPSI(0.12)
873,LR-REAL-Political,0.584313725490196,1.2237878052047724,2.764705882352941,Chain-GBR-RR-EPSI(0.12)
874,LR-REAL-Political,0.5019607843137255,1.234719001015884,2.764705882352941,Chain-GBR-RR-EPSI(0.12)
875,LR-REAL-Political,0.5254901960784315,1.2344742411393634,2.588235294117647,Chain-GBR-RR-EPSI(0.12)
876,LR-REAL-Political,0.4549019607843137,1.2214203775833727,2.823529411764706,Chain-GBR-RR-EPSI(0.12)
877,LR-REAL-Political,0.5725490196078431,1.2304635785766194,2.7058823529411766,Chain-GBR-RR-EPSI(0.12)
878,LR-REAL-Political,0.5098039215686274,1.2115771653787277,2.823529411764706,Chain-GBR-RR-EPSI(0.12)
879,LR-REAL-Political,0.4901960784313726,1.233030593579439,2.823529411764706,Chain-GBR-RR-EPSI(0.12)
880,LR-REAL-Political,0.5137254901960784,1.2127747875834827,2.9411764705882355,Chain-GBR-RR-EPSI(0.12)
881,LR-REAL-Political,0.4156862745098039,1.2211815323825141,2.823529411764706,Chain-GBR-RR-EPSI(0.12)
882,LR-REAL-Political,0.607843137254902,1.2209629484228555,2.9411764705882355,Chain-GBR-RR-EPSI(0.12)
883,LR-REAL-Political,0.5098039215686275,1.2167769100547439,2.588235294117647,Chain-GBR-RR-EPSI(0.12)
884,LR-REAL-Political,0.5058823529411764,1.220895921359462,2.764705882352941,Chain-GBR-RR-EPSI(0.12)
885,LR-REAL-Political,0.5254901960784314,1.2279773921931836,2.7058823529411766,Chain-GBR-RR-EPSI(0.12)
886,LR-REAL-Political,0.5176470588235295,1.2245440226095976,2.7058823529411766,Chain-GBR-RR-EPSI(0.12)
887,LR-REAL-Political,0.4784313725490196,1.2226218882963698,2.5294117647058822,Chain-GBR-RR-EPSI(0.12)
888,LR-REAL-Political,0.5568627450980392,1.2368276477337488,2.823529411764706,Chain-GBR-RR-EPSI(0.12)
889,LR-REAL-Political,0.5215686274509804,1.2236152519798766,2.9411764705882355,Chain-GBR-RR-EPSI(0.12)
890,LR-REAL-Political,0.5411764705882353,1.218980504514924,2.764705882352941,Chain-GBR-RR-EPSI(0.12)
891,LR-REAL-Political,0.5294117647058824,1.2214675405804343,2.6470588235294117,Chain-GBR-RR-EPSI(0.12)
892,LR-REAL-Political,0.388235294117647,1.228575087959481,2.6470588235294117,Chain-GBR-RR-EPSI(0.12)
893,LR-REAL-Political,0.5568627450980392,1.229939979895381,3.1176470588235294,Chain-GBR-RR-EPSI(0.12)
894,LR-REAL-Political,0.5490196078431372,1.2267730408427695,2.7058823529411766,Chain-GBR-RR-EPSI(0.12)
895,LR-REAL-Political,0.5176470588235295,1.213174913708949,2.764705882352941,Chain-GBR-RR-EPSI(0.12)
896,LR-REAL-Political,0.4666666666666666,1.216259645650935,2.6470588235294117,Chain-GBR-RR-EPSI(0.12)
897,LR-REAL-Political,0.44705882352941173,1.2240702036872535,2.6470588235294117,Chain-GBR-RR-EPSI(0.12)
898,LR-REAL-Political,0.5450980392156862,1.2256565632171117,2.6470588235294117,Chain-GBR-RR-EPSI(0.12)
899,LR-REAL-Political,0.5725490196078432,1.2221524119101428,2.7058823529411766,Chain-GBR-RR-EPSI(0.12)
900,LR-REAL-Political,0.36078431372549025,1.245626875956238,2.0,Chain-GBR-RR-EPSI(0.14)
901,LR-REAL-Political,0.392156862745098,1.24499107021314,2.411764705882353,Chain-GBR-RR-EPSI(0.14)
902,LR-REAL-Political,0.39215686274509803,1.2743953619421673,2.235294117647059,Chain-GBR-RR-EPSI(0.14)
903,LR-REAL-Political,0.4666666666666666,1.2186874031992652,2.3529411764705883,Chain-GBR-RR-EPSI(0.14)
904,LR-REAL-Political,0.39607843137254894,1.245970677707733,2.3529411764705883,Chain-GBR-RR-EPSI(0.14)
905,LR-REAL-Political,0.45490196078431366,1.2320588267837669,2.411764705882353,Chain-GBR-RR-EPSI(0.14)
906,LR-REAL-Political,0.4705882352941176,1.230001257084334,2.2941176470588234,Chain-GBR-RR-EPSI(0.14)
907,LR-REAL-Political,0.3803921568627451,1.2581476207891649,2.1176470588235294,Chain-GBR-RR-EPSI(0.14)
908,LR-REAL-Political,0.40784313725490196,1.2299880390608162,2.176470588235294,Chain-GBR-RR-EPSI(0.14)
909,LR-REAL-Political,0.3372549019607843,1.2525910527913544,2.0588235294117645,Chain-GBR-RR-EPSI(0.14)
910,LR-REAL-Political,0.5098039215686274,1.2431181575543442,2.5294117647058822,Chain-GBR-RR-EPSI(0.14)
911,LR-REAL-Political,0.5294117647058822,1.2634429175160258,2.5294117647058822,Chain-GBR-RR-EPSI(0.14)
912,LR-REAL-Political,0.43921568627450974,1.2516759920543372,2.3529411764705883,Chain-GBR-RR-EPSI(0.14)
913,LR-REAL-Political,0.3686274509803922,1.2285977314922485,2.176470588235294,Chain-GBR-RR-EPSI(0.14)
914,LR-REAL-Political,0.3999999999999999,1.2245731508108397,2.0588235294117645,Chain-GBR-RR-EPSI(0.14)
915,LR-REAL-Political,0.40392156862745093,1.2449863271574073,2.2941176470588234,Chain-GBR-RR-EPSI(0.14)
916,LR-REAL-Political,0.4196078431372548,1.2435728979327627,2.1176470588235294,Chain-GBR-RR-EPSI(0.14)
917,LR-REAL-Political,0.4352941176470588,1.261343141279151,2.3529411764705883,Chain-GBR-RR-EPSI(0.14)
918,LR-REAL-Political,0.4313725490196078,1.2399150523665674,2.411764705882353,Chain-GBR-RR-EPSI(0.14)
919,LR-REAL-Political,0.3647058823529412,1.255298445850008,2.176470588235294,Chain-GBR-RR-EPSI(0.14)
920,LR-REAL-Political,0.4470588235294118,1.2326032883627058,2.3529411764705883,Chain-GBR-RR-EPSI(0.14)
921,LR-REAL-Political,0.4313725490196078,1.2404923152024638,2.2941176470588234,Chain-GBR-RR-EPSI(0.14)
922,LR-REAL-Political,0.396078431372549,1.263228488635987,2.235294117647059,Chain-GBR-RR-EPSI(0.14)
923,LR-REAL-Political,0.43921568627450974,1.2225469564759595,2.235294117647059,Chain-GBR-RR-EPSI(0.14)
924,LR-REAL-Political,0.49411764705882355,1.2354636616413308,2.411764705882353,Chain-GBR-RR-EPSI(0.14)
925,LR-REAL-Political,0.4666666666666666,1.2350362081181328,2.2941176470588234,Chain-GBR-RR-EPSI(0.14)
926,LR-REAL-Political,0.38431372549019605,1.2281278679052263,2.235294117647059,Chain-GBR-RR-EPSI(0.14)
927,LR-REAL-Political,0.3686274509803922,1.2302614646731154,1.8823529411764706,Chain-GBR-RR-EPSI(0.14)
928,LR-REAL-Political,0.392156862745098,1.2124538894616104,2.176470588235294,Chain-GBR-RR-EPSI(0.14)
929,LR-REAL-Political,0.40784313725490184,1.2355715540689456,2.2941176470588234,Chain-GBR-RR-EPSI(0.14)
930,LR-REAL-Political,0.4156862745098039,1.2133729381913412,2.235294117647059,Chain-GBR-RR-EPSI(0.14)
931,LR-REAL-Political,0.3176470588235294,1.2218618520135398,2.235294117647059,Chain-GBR-RR-EPSI(0.14)
932,LR-REAL-Political,0.5176470588235295,1.221818114137013,2.411764705882353,Chain-GBR-RR-EPSI(0.14)
933,LR-REAL-Political,0.3686274509803921,1.2205778889310284,2.0,Chain-GBR-RR-EPSI(0.14)
934,LR-REAL-Political,0.41960784313725485,1.2230291038003054,2.2941176470588234,Chain-GBR-RR-EPSI(0.14)
935,LR-REAL-Political,0.42745098039215684,1.235183843905238,2.176470588235294,Chain-GBR-RR-EPSI(0.14)
936,LR-REAL-Political,0.3294117647058824,1.223803943592384,1.9411764705882353,Chain-GBR-RR-EPSI(0.14)
937,LR-REAL-Political,0.3568627450980392,1.2233207305422444,2.1176470588235294,Chain-GBR-RR-EPSI(0.14)
938,LR-REAL-Political,0.4274509803921568,1.2229547677009023,2.2941176470588234,Chain-GBR-RR-EPSI(0.14)
939,LR-REAL-Political,0.42745098039215684,1.220403945881409,2.4705882352941178,Chain-GBR-RR-EPSI(0.14)
940,LR-REAL-Political,0.4666666666666667,1.2191377143036755,2.4705882352941178,Chain-GBR-RR-EPSI(0.14)
941,LR-REAL-Political,0.4705882352941176,1.2200542495393472,2.3529411764705883,Chain-GBR-RR-EPSI(0.14)
942,LR-REAL-Political,0.2980392156862745,1.2261832453488246,2.2941176470588234,Chain-GBR-RR-EPSI(0.14)
943,LR-REAL-Political,0.4392156862745098,1.2462884095445366,2.3529411764705883,Chain-GBR-RR-EPSI(0.14)
944,LR-REAL-Political,0.4666666666666666,1.225454520212583,2.2941176470588234,Chain-GBR-RR-EPSI(0.14)
945,LR-REAL-Political,0.41960784313725485,1.2145879294442485,2.235294117647059,Chain-GBR-RR-EPSI(0.14)
946,LR-REAL-Political,0.40784313725490196,1.217200987469352,2.2941176470588234,Chain-GBR-RR-EPSI(0.14)
947,LR-REAL-Political,0.37254901960784315,1.2251631098564815,2.235294117647059,Chain-GBR-RR-EPSI(0.14)
948,LR-REAL-Political,0.5058823529411764,1.2224878493779776,2.3529411764705883,Chain-GBR-RR-EPSI(0.14)
949,LR-REAL-Political,0.4431372549019607,1.2230457707658704,2.235294117647059,Chain-GBR-RR-EPSI(0.14)
950,LR-REAL-Political,0.30980392156862746,1.2864458609004052,1.7647058823529411,Chain-GBR-RR-EPSI(0.16)
951,LR-REAL-Political,0.2901960784313725,1.2506499694238449,2.0,Chain-GBR-RR-EPSI(0.16)
952,LR-REAL-Political,0.22745098039215686,1.2757269958300106,1.7647058823529411,Chain-GBR-RR-EPSI(0.16)
953,LR-REAL-Political,0.4117647058823529,1.2354623646858796,2.1176470588235294,Chain-GBR-RR-EPSI(0.16)
954,LR-REAL-Political,0.23529411764705882,1.2443903316128588,1.8235294117647058,Chain-GBR-RR-EPSI(0.16)
955,LR-REAL-Political,0.37254901960784315,1.232604969512947,2.1176470588235294,Chain-GBR-RR-EPSI(0.16)
956,LR-REAL-Political,0.32156862745098036,1.2325396545734433,1.8823529411764706,Chain-GBR-RR-EPSI(0.16)
957,LR-REAL-Political,0.2980392156862745,1.261720548841062,1.8235294117647058,Chain-GBR-RR-EPSI(0.16)
958,LR-REAL-Political,0.30980392156862746,1.228622273074979,1.8235294117647058,Chain-GBR-RR-EPSI(0.16)
959,LR-REAL-Political,0.2941176470588235,1.2608854535976965,1.8823529411764706,Chain-GBR-RR-EPSI(0.16)
960,LR-REAL-Political,0.3215686274509804,1.2488389091395968,1.8235294117647058,Chain-GBR-RR-EPSI(0.16)
961,LR-REAL-Political,0.3333333333333333,1.2667736129259983,1.8823529411764706,Chain-GBR-RR-EPSI(0.16)
962,LR-REAL-Political,0.2745098039215686,1.2560784325352004,1.7058823529411764,Chain-GBR-RR-EPSI(0.16)
963,LR-REAL-Political,0.2901960784313726,1.233320578068048,1.7647058823529411,Chain-GBR-RR-EPSI(0.16)
964,LR-REAL-Political,0.3372549019607843,1.221573463688627,1.8235294117647058,Chain-GBR-RR-EPSI(0.16)
965,LR-REAL-Political,0.25490196078431376,1.2424471631751104,1.8823529411764706,Chain-GBR-RR-EPSI(0.16)
966,LR-REAL-Political,0.30196078431372547,1.234877872871055,1.7647058823529411,Chain-GBR-RR-EPSI(0.16)
967,LR-REAL-Political,0.3254901960784313,1.2435606756825555,2.0,Chain-GBR-RR-EPSI(0.16)
968,LR-REAL-Political,0.3294117647058824,1.2476583161035388,1.9411764705882353,Chain-GBR-RR-EPSI(0.16)
969,LR-REAL-Political,0.30588235294117644,1.2420565225717655,1.8823529411764706,Chain-GBR-RR-EPSI(0.16)
970,LR-REAL-Political,0.3215686274509804,1.2398432813353875,1.8823529411764706,Chain-GBR-RR-EPSI(0.16)
971,LR-REAL-Political,0.32156862745098036,1.2720388775975071,1.8823529411764706,Chain-GBR-RR-EPSI(0.16)
972,LR-REAL-Political,0.2784313725490196,1.2377754296709833,1.8235294117647058,Chain-GBR-RR-EPSI(0.16)
973,LR-REAL-Political,0.36470588235294116,1.2215717532522752,2.0,Chain-GBR-RR-EPSI(0.16)
974,LR-REAL-Political,0.36470588235294116,1.235904781198433,1.9411764705882353,Chain-GBR-RR-EPSI(0.16)
975,LR-REAL-Political,0.2823529411764706,1.2337302235886276,1.8235294117647058,Chain-GBR-RR-EPSI(0.16)
976,LR-REAL-Political,0.25098039215686274,1.2296915366138044,1.7647058823529411,Chain-GBR-RR-EPSI(0.16)
977,LR-REAL-Political,0.21960784313725493,1.2272681283995088,1.5294117647058822,Chain-GBR-RR-EPSI(0.16)
978,LR-REAL-Political,0.33725490196078434,1.2105043117115957,1.9411764705882353,Chain-GBR-RR-EPSI(0.16)
979,LR-REAL-Political,0.33333333333333337,1.2310410875267936,2.0,Chain-GBR-RR-EPSI(0.16)
980,LR-REAL-Political,0.2666666666666666,1.2129568198626057,1.8235294117647058,Chain-GBR-RR-EPSI(0.16)
981,LR-REAL-Political,0.22745098039215686,1.2274303725778068,1.8235294117647058,Chain-GBR-RR-EPSI(0.16)
982,LR-REAL-Political,0.3607843137254902,1.2225401121653587,1.8823529411764706,Chain-GBR-RR-EPSI(0.16)
983,LR-REAL-Political,0.30980392156862746,1.2212534240111677,1.8235294117647058,Chain-GBR-RR-EPSI(0.16)
984,LR-REAL-Political,0.2980392156862745,1.2216501003680271,1.9411764705882353,Chain-GBR-RR-EPSI(0.16)
985,LR-REAL-Political,0.30196078431372547,1.2329356721560518,1.7647058823529411,Chain-GBR-RR-EPSI(0.16)
986,LR-REAL-Political,0.24705882352941172,1.2276600301646,1.6470588235294117,Chain-GBR-RR-EPSI(0.16)
987,LR-REAL-Political,0.30588235294117644,1.221450433863383,1.8823529411764706,Chain-GBR-RR-EPSI(0.16)
988,LR-REAL-Political,0.22352941176470587,1.2201592618564603,1.7058823529411764,Chain-GBR-RR-EPSI(0.16)
989,LR-REAL-Political,0.19607843137254902,1.2200929112169532,1.7647058823529411,Chain-GBR-RR-EPSI(0.16)
990,LR-REAL-Political,0.30588235294117644,1.220454872827993,1.9411764705882353,Chain-GBR-RR-EPSI(0.16)
991,LR-REAL-Political,0.35294117647058826,1.2217043059237154,2.0,Chain-GBR-RR-EPSI(0.16)
992,LR-REAL-Political,0.21176470588235294,1.2284718806661459,1.8235294117647058,Chain-GBR-RR-EPSI(0.16)
993,LR-REAL-Political,0.2980392156862745,1.2307012754564561,1.9411764705882353,Chain-GBR-RR-EPSI(0.16)
994,LR-REAL-Political,0.30980392156862746,1.2217077763543085,1.8235294117647058,Chain-GBR-RR-EPSI(0.16)
995,LR-REAL-Political,0.28627450980392155,1.212601366119596,1.7647058823529411,Chain-GBR-RR-EPSI(0.16)
996,LR-REAL-Political,0.3333333333333333,1.2226700054558834,2.0,Chain-GBR-RR-EPSI(0.16)
997,LR-REAL-Political,0.3254901960784314,1.2219955278486367,1.8823529411764706,Chain-GBR-RR-EPSI(0.16)
998,LR-REAL-Political,0.37254901960784315,1.2240158944257413,1.9411764705882353,Chain-GBR-RR-EPSI(0.16)
999,LR-REAL-Political,0.32941176470588235,1.221254189275684,1.9411764705882353,Chain-GBR-RR-EPSI(0.16)
1000,LR-REAL-Political,0.22352941176470587,1.245911995643104,1.4705882352941178,Chain-GBR-RR-EPSI(0.18)
1001,LR-REAL-Political,0.17254901960784313,1.246287476942581,1.6470588235294117,Chain-GBR-RR-EPSI(0.18)
1002,LR-REAL-Political,0.14901960784313728,1.287305395860901,1.5294117647058822,Chain-GBR-RR-EPSI(0.18)
1003,LR-REAL-Political,0.19607843137254902,1.2267038429424912,1.5294117647058822,Chain-GBR-RR-EPSI(0.18)
1004,LR-REAL-Political,0.15294117647058825,1.2307669066425964,1.5294117647058822,Chain-GBR-RR-EPSI(0.18)
1005,LR-REAL-Political,0.29411764705882354,1.2300265482637516,1.8823529411764706,Chain-GBR-RR-EPSI(0.18)
1006,LR-REAL-Political,0.2235294117647059,1.233036214219494,1.588235294117647,Chain-GBR-RR-EPSI(0.18)
1007,LR-REAL-Political,0.19215686274509802,1.2402339458464833,1.5294117647058822,Chain-GBR-RR-EPSI(0.18)
1008,LR-REAL-Political,0.2784313725490196,1.2513459049014863,1.6470588235294117,Chain-GBR-RR-EPSI(0.18)
1009,LR-REAL-Political,0.12941176470588237,1.2432828256135156,1.411764705882353,Chain-GBR-RR-EPSI(0.18)
1010,LR-REAL-Political,0.19607843137254902,1.2493692889322763,1.5294117647058822,Chain-GBR-RR-EPSI(0.18)
1011,LR-REAL-Political,0.3058823529411765,1.2579434183060352,1.7647058823529411,Chain-GBR-RR-EPSI(0.18)
1012,LR-REAL-Political,0.19999999999999998,1.2631978416450347,1.5294117647058822,Chain-GBR-RR-EPSI(0.18)
1013,LR-REAL-Political,0.1803921568627451,1.2398074312575447,1.4705882352941178,Chain-GBR-RR-EPSI(0.18)
1014,LR-REAL-Political,0.2745098039215686,1.2254536469937065,1.6470588235294117,Chain-GBR-RR-EPSI(0.18)
1015,LR-REAL-Political,0.17647058823529413,1.2369816455481604,1.588235294117647,Chain-GBR-RR-EPSI(0.18)
1016,LR-REAL-Political,0.2627450980392157,1.2362670393703417,1.6470588235294117,Chain-GBR-RR-EPSI(0.18)
1017,LR-REAL-Political,0.16078431372549024,1.2423435261641858,1.588235294117647,Chain-GBR-RR-EPSI(0.18)
1018,LR-REAL-Political,0.24705882352941178,1.2515460172947748,1.7058823529411764,Chain-GBR-RR-EPSI(0.18)
1019,LR-REAL-Political,0.17647058823529416,1.236317579546846,1.4705882352941178,Chain-GBR-RR-EPSI(0.18)
1020,LR-REAL-Political,0.19215686274509802,1.2384697104341043,1.5294117647058822,Chain-GBR-RR-EPSI(0.18)
1021,LR-REAL-Political,0.23137254901960783,1.2723911120592855,1.588235294117647,Chain-GBR-RR-EPSI(0.18)
1022,LR-REAL-Political,0.16862745098039214,1.2426174494874471,1.4705882352941178,Chain-GBR-RR-EPSI(0.18)
1023,LR-REAL-Political,0.27058823529411763,1.222664892833375,1.7058823529411764,Chain-GBR-RR-EPSI(0.18)
1024,LR-REAL-Political,0.2823529411764706,1.2340400545425652,1.7058823529411764,Chain-GBR-RR-EPSI(0.18)
1025,LR-REAL-Political,0.17647058823529416,1.2314202020975529,1.5294117647058822,Chain-GBR-RR-EPSI(0.18)
1026,LR-REAL-Political,0.14901960784313725,1.2244295945751569,1.3529411764705883,Chain-GBR-RR-EPSI(0.18)
1027,LR-REAL-Political,0.21960784313725493,1.2262504159346292,1.5294117647058822,Chain-GBR-RR-EPSI(0.18)
1028,LR-REAL-Political,0.1843137254901961,1.217599695012791,1.5294117647058822,Chain-GBR-RR-EPSI(0.18)
1029,LR-REAL-Political,0.1843137254901961,1.2310881660214716,1.5294117647058822,Chain-GBR-RR-EPSI(0.18)
1030,LR-REAL-Political,0.16862745098039217,1.2148906627410108,1.4705882352941178,Chain-GBR-RR-EPSI(0.18)
1031,LR-REAL-Political,0.18823529411764706,1.2206977702977038,1.588235294117647,Chain-GBR-RR-EPSI(0.18)
1032,LR-REAL-Political,0.20784313725490197,1.221881204522885,1.4705882352941178,Chain-GBR-RR-EPSI(0.18)
1033,LR-REAL-Political,0.23529411764705882,1.2185890339044652,1.6470588235294117,Chain-GBR-RR-EPSI(0.18)
1034,LR-REAL-Political,0.24313725490196075,1.2216800435078663,1.7647058823529411,Chain-GBR-RR-EPSI(0.18)
1035,LR-REAL-Political,0.20392156862745098,1.2331046764908682,1.4705882352941178,Chain-GBR-RR-EPSI(0.18)
1036,LR-REAL-Political,0.1843137254901961,1.2222049172608074,1.411764705882353,Chain-GBR-RR-EPSI(0.18)
1037,LR-REAL-Political,0.196078431372549,1.224470622736536,1.588235294117647,Chain-GBR-RR-EPSI(0.18)
1038,LR-REAL-Political,0.1843137254901961,1.219700780188304,1.588235294117647,Chain-GBR-RR-EPSI(0.18)
1039,LR-REAL-Political,0.17254901960784313,1.220632910425705,1.5294117647058822,Chain-GBR-RR-EPSI(0.18)
1040,LR-REAL-Political,0.2392156862745098,1.2194466636234078,1.7058823529411764,Chain-GBR-RR-EPSI(0.18)
1041,LR-REAL-Political,0.21176470588235294,1.2212069844835134,1.5294117647058822,Chain-GBR-RR-EPSI(0.18)
1042,LR-REAL-Political,0.15686274509803924,1.22564094921528,1.6470588235294117,Chain-GBR-RR-EPSI(0.18)
1043,LR-REAL-Political,0.19215686274509802,1.230102198741639,1.5294117647058822,Chain-GBR-RR-EPSI(0.18)
1044,LR-REAL-Political,0.25098039215686274,1.221435461095776,1.6470588235294117,Chain-GBR-RR-EPSI(0.18)
1045,LR-REAL-Political,0.23529411764705882,1.2136858553797922,1.588235294117647,Chain-GBR-RR-EPSI(0.18)
1046,LR-REAL-Political,0.21960784313725493,1.2239139984264962,1.6470588235294117,Chain-GBR-RR-EPSI(0.18)
1047,LR-REAL-Political,0.17254901960784316,1.2293131385851068,1.4705882352941178,Chain-GBR-RR-EPSI(0.18)
1048,LR-REAL-Political,0.3058823529411765,1.2223953301535444,1.7647058823529411,Chain-GBR-RR-EPSI(0.18)
1049,LR-REAL-Political,0.16078431372549024,1.229414768523623,1.411764705882353,Chain-GBR-RR-EPSI(0.18)
1050,LR-REAL-Political,0.08627450980392157,1.2490726271868486,1.1764705882352942,Chain-GBR-RR-EPSI(0.2)
1051,LR-REAL-Political,0.11764705882352941,1.2517622986003492,1.411764705882353,Chain-GBR-RR-EPSI(0.2)
1052,LR-REAL-Political,0.08235294117647059,1.3176682444377896,1.2941176470588236,Chain-GBR-RR-EPSI(0.2)
1053,LR-REAL-Political,0.13333333333333333,1.2197682760663433,1.3529411764705883,Chain-GBR-RR-EPSI(0.2)
1054,LR-REAL-Political,0.09019607843137255,1.2283223918236645,1.2941176470588236,Chain-GBR-RR-EPSI(0.2)
1055,LR-REAL-Political,0.1803921568627451,1.230415905468626,1.5294117647058822,Chain-GBR-RR-EPSI(0.2)
1056,LR-REAL-Political,0.10196078431372549,1.2328192180672901,1.2941176470588236,Chain-GBR-RR-EPSI(0.2)
1057,LR-REAL-Political,0.11764705882352941,1.2356211164657787,1.2941176470588236,Chain-GBR-RR-EPSI(0.2)
1058,LR-REAL-Political,0.18823529411764706,1.250410785828322,1.3529411764705883,Chain-GBR-RR-EPSI(0.2)
1059,LR-REAL-Political,0.11372549019607843,1.2548731476971902,1.2941176470588236,Chain-GBR-RR-EPSI(0.2)
1060,LR-REAL-Political,0.15686274509803924,1.2418203084828,1.411764705882353,Chain-GBR-RR-EPSI(0.2)
1061,LR-REAL-Political,0.19215686274509802,1.2576093361543268,1.411764705882353,Chain-GBR-RR-EPSI(0.2)
1062,LR-REAL-Political,0.06274509803921569,1.257932783455947,1.1764705882352942,Chain-GBR-RR-EPSI(0.2)
1063,LR-REAL-Political,0.08235294117647059,1.234455519853684,1.2352941176470589,Chain-GBR-RR-EPSI(0.2)
1064,LR-REAL-Political,0.12941176470588237,1.2348143404595124,1.2941176470588236,Chain-GBR-RR-EPSI(0.2)
1065,LR-REAL-Political,0.10196078431372549,1.2360409136355741,1.3529411764705883,Chain-GBR-RR-EPSI(0.2)
1066,LR-REAL-Political,0.19215686274509805,1.243500833227454,1.4705882352941178,Chain-GBR-RR-EPSI(0.2)
1067,LR-REAL-Political,0.0392156862745098,1.2484827683325794,1.1764705882352942,Chain-GBR-RR-EPSI(0.2)
1068,LR-REAL-Political,0.18823529411764706,1.257742538861053,1.5294117647058822,Chain-GBR-RR-EPSI(0.2)
1069,LR-REAL-Political,0.10588235294117647,1.2382775830867396,1.2941176470588236,Chain-GBR-RR-EPSI(0.2)
1070,LR-REAL-Political,0.14117647058823532,1.2371468800905343,1.3529411764705883,Chain-GBR-RR-EPSI(0.2)
1071,LR-REAL-Political,0.12549019607843137,1.2424582566423572,1.3529411764705883,Chain-GBR-RR-EPSI(0.2)
1072,LR-REAL-Political,0.12549019607843137,1.2393942086030472,1.3529411764705883,Chain-GBR-RR-EPSI(0.2)
1073,LR-REAL-Political,0.10980392156862745,1.2199777141474173,1.2352941176470589,Chain-GBR-RR-EPSI(0.2)
1074,LR-REAL-Political,0.22745098039215686,1.227345324244543,1.4705882352941178,Chain-GBR-RR-EPSI(0.2)
1075,LR-REAL-Political,0.11372549019607843,1.2302732372874237,1.3529411764705883,Chain-GBR-RR-EPSI(0.2)
1076,LR-REAL-Political,0.09411764705882353,1.219074390641738,1.2352941176470589,Chain-GBR-RR-EPSI(0.2)
1077,LR-REAL-Political,0.12549019607843137,1.2321544873285881,1.2941176470588236,Chain-GBR-RR-EPSI(0.2)
1078,LR-REAL-Political,0.14901960784313725,1.2134699501405117,1.411764705882353,Chain-GBR-RR-EPSI(0.2)
1079,LR-REAL-Political,0.09411764705882353,1.2230825058216201,1.2941176470588236,Chain-GBR-RR-EPSI(0.2)
1080,LR-REAL-Political,0.10980392156862745,1.2184194997773545,1.2941176470588236,Chain-GBR-RR-EPSI(0.2)
1081,LR-REAL-Political,0.13333333333333333,1.2267463995723469,1.4705882352941178,Chain-GBR-RR-EPSI(0.2)
1082,LR-REAL-Political,0.1176470588235294,1.2250699571904398,1.2352941176470589,Chain-GBR-RR-EPSI(0.2)
1083,LR-REAL-Political,0.13333333333333333,1.2194443594612447,1.3529411764705883,Chain-GBR-RR-EPSI(0.2)
1084,LR-REAL-Political,0.13725490196078433,1.2302046023023436,1.3529411764705883,Chain-GBR-RR-EPSI(0.2)
1085,LR-REAL-Political,0.08627450980392158,1.2267373622482767,1.1764705882352942,Chain-GBR-RR-EPSI(0.2)
1086,LR-REAL-Political,0.08235294117647059,1.2294879819329942,1.1764705882352942,Chain-GBR-RR-EPSI(0.2)
1087,LR-REAL-Political,0.12941176470588237,1.218681171503318,1.411764705882353,Chain-GBR-RR-EPSI(0.2)
1088,LR-REAL-Political,0.13725490196078433,1.2226537294636055,1.411764705882353,Chain-GBR-RR-EPSI(0.2)
1089,LR-REAL-Political,0.10980392156862744,1.2228583627379817,1.3529411764705883,Chain-GBR-RR-EPSI(0.2)
1090,LR-REAL-Political,0.1176470588235294,1.2207267900080374,1.3529411764705883,Chain-GBR-RR-EPSI(0.2)
1091,LR-REAL-Political,0.17647058823529413,1.2221215590208785,1.411764705882353,Chain-GBR-RR-EPSI(0.2)
1092,LR-REAL-Political,0.0980392156862745,1.2251183503137546,1.3529411764705883,Chain-GBR-RR-EPSI(0.2)
1093,LR-REAL-Political,0.0784313725490196,1.2273191404485724,1.2352941176470589,Chain-GBR-RR-EPSI(0.2)
1094,LR-REAL-Political,0.14901960784313725,1.2217068280377348,1.411764705882353,Chain-GBR-RR-EPSI(0.2)
1095,LR-REAL-Political,0.1607843137254902,1.2272340669526056,1.3529411764705883,Chain-GBR-RR-EPSI(0.2)
1096,LR-REAL-Political,0.11764705882352941,1.2220702812392352,1.3529411764705883,Chain-GBR-RR-EPSI(0.2)
1097,LR-REAL-Political,0.09019607843137255,1.2266180848173618,1.2941176470588236,Chain-GBR-RR-EPSI(0.2)
1098,LR-REAL-Political,0.24705882352941172,1.2213240246028927,1.588235294117647,Chain-GBR-RR-EPSI(0.2)
1099,LR-REAL-Political,0.0392156862745098,1.2277155216728395,1.1176470588235294,Chain-GBR-RR-EPSI(0.2)
