,data,tau_x_score,prediction_time,buckets_per_rank,algo
0,PLR-REAL-Political,0.6031446540880503,1.5650296702615485,6.0,ST-GBR-EPSI(0.0)
1,PLR-REAL-Political,0.5641509433962264,0.8131144159430482,6.0,ST-GBR-EPSI(0.0)
2,PLR-REAL-Political,0.5823899371069182,0.821805727395405,6.0,ST-GBR-EPSI(0.0)
3,PLR-REAL-Political,0.5638095238095239,0.7624578558109408,6.0,ST-GBR-EPSI(0.0)
4,PLR-REAL-Political,0.5866666666666667,0.7599371781381442,6.0,ST-GBR-EPSI(0.0)
5,PLR-REAL-Political,0.5949206349206348,0.8172548728316168,6.0,ST-GBR-EPSI(0.0)
6,PLR-REAL-Political,0.6114285714285713,0.7531126093290343,6.0,ST-GBR-EPSI(0.0)
7,PLR-REAL-Political,0.5415873015873015,0.8291223757033165,6.0,ST-GBR-EPSI(0.0)
8,PLR-REAL-Political,0.5955555555555555,0.7583180558840116,6.0,ST-GBR-EPSI(0.0)
9,PLR-REAL-Political,0.5968253968253968,0.8242579836117796,6.0,ST-GBR-EPSI(0.0)
10,PLR-REAL-Political,0.5641509433962264,0.831488729064274,6.0,ST-GBR-EPSI(0.0)
11,PLR-REAL-Political,0.5792452830188679,0.821264048296347,6.0,ST-GBR-EPSI(0.0)
12,PLR-REAL-Political,0.6044025157232704,0.8276302646846677,6.0,ST-GBR-EPSI(0.0)
13,PLR-REAL-Political,0.6,0.8220753681818618,6.0,ST-GBR-EPSI(0.0)
14,PLR-REAL-Political,0.5873015873015873,0.7579501195447066,6.0,ST-GBR-EPSI(0.0)
15,PLR-REAL-Political,0.5714285714285714,0.801606149419143,6.0,ST-GBR-EPSI(0.0)
16,PLR-REAL-Political,0.5828571428571429,0.830854396800671,6.0,ST-GBR-EPSI(0.0)
17,PLR-REAL-Political,0.6063492063492063,0.7846158241174817,6.0,ST-GBR-EPSI(0.0)
18,PLR-REAL-Political,0.5917460317460318,0.8018975304566234,6.0,ST-GBR-EPSI(0.0)
19,PLR-REAL-Political,0.5873015873015872,0.8325654042378153,6.0,ST-GBR-EPSI(0.0)
20,PLR-REAL-Political,0.5849056603773585,0.7844002135705879,6.0,ST-GBR-EPSI(0.0)
21,PLR-REAL-Political,0.5792452830188679,0.8404628589758404,6.0,ST-GBR-EPSI(0.0)
22,PLR-REAL-Political,0.5918238993710692,0.7978770066386512,6.0,ST-GBR-EPSI(0.0)
23,PLR-REAL-Political,0.5377777777777777,0.8420302937024919,6.0,ST-GBR-EPSI(0.0)
24,PLR-REAL-Political,0.6203174603174603,0.8907230332654722,6.0,ST-GBR-EPSI(0.0)
25,PLR-REAL-Political,0.5853968253968254,0.8480760039348284,6.0,ST-GBR-EPSI(0.0)
26,PLR-REAL-Political,0.5853968253968254,0.8087303966432177,6.0,ST-GBR-EPSI(0.0)
27,PLR-REAL-Political,0.6171428571428571,0.8701662302378167,6.0,ST-GBR-EPSI(0.0)
28,PLR-REAL-Political,0.5733333333333334,0.9419427995787376,6.0,ST-GBR-EPSI(0.0)
29,PLR-REAL-Political,0.5853968253968254,0.852124294071883,6.0,ST-GBR-EPSI(0.0)
30,PLR-REAL-Political,0.5660377358490566,0.8689470670317524,6.0,ST-GBR-EPSI(0.0)
31,PLR-REAL-Political,0.580503144654088,0.8305017164672365,6.0,ST-GBR-EPSI(0.0)
32,PLR-REAL-Political,0.579245283018868,0.9224424050573733,6.0,ST-GBR-EPSI(0.0)
33,PLR-REAL-Political,0.5834920634920634,0.8515999817473736,6.0,ST-GBR-EPSI(0.0)
34,PLR-REAL-Political,0.5726984126984126,0.8065502691117508,6.0,ST-GBR-EPSI(0.0)
35,PLR-REAL-Political,0.5752380952380952,0.8431593159631907,6.0,ST-GBR-EPSI(0.0)
36,PLR-REAL-Political,0.6031746031746031,0.8398434223130052,6.0,ST-GBR-EPSI(0.0)
37,PLR-REAL-Political,0.5961904761904762,0.8601987764784125,6.0,ST-GBR-EPSI(0.0)
38,PLR-REAL-Political,0.6082539682539682,0.8899356486254488,6.0,ST-GBR-EPSI(0.0)
39,PLR-REAL-Political,0.6190476190476191,0.8509610063034101,6.0,ST-GBR-EPSI(0.0)
40,PLR-REAL-Political,0.610691823899371,0.8991812172645559,6.0,ST-GBR-EPSI(0.0)
41,PLR-REAL-Political,0.5742138364779874,0.8520313353628539,6.0,ST-GBR-EPSI(0.0)
42,PLR-REAL-Political,0.5723270440251572,0.8667841732672653,6.0,ST-GBR-EPSI(0.0)
43,PLR-REAL-Political,0.5949206349206348,0.8527453731136926,6.0,ST-GBR-EPSI(0.0)
44,PLR-REAL-Political,0.5377777777777777,0.8914527852501712,6.0,ST-GBR-EPSI(0.0)
45,PLR-REAL-Political,0.584126984126984,0.8573340569755196,6.0,ST-GBR-EPSI(0.0)
46,PLR-REAL-Political,0.5930158730158729,0.8806777183166004,6.0,ST-GBR-EPSI(0.0)
47,PLR-REAL-Political,0.598095238095238,0.846685450225191,6.0,ST-GBR-EPSI(0.0)
48,PLR-REAL-Political,0.5682539682539681,0.930896890022772,6.0,ST-GBR-EPSI(0.0)
49,PLR-REAL-Political,0.6069841269841271,0.8434299556294768,6.0,ST-GBR-EPSI(0.0)
50,PLR-REAL-Political,0.618867924528302,0.7530025237906398,5.669811320754717,ST-GBR-EPSI(0.01)
51,PLR-REAL-Political,0.5779874213836478,0.8086362893206851,5.7075471698113205,ST-GBR-EPSI(0.01)
52,PLR-REAL-Political,0.5993710691823899,0.7473970209947425,5.60377358490566,ST-GBR-EPSI(0.01)
53,PLR-REAL-Political,0.5796825396825397,0.7474853241767184,5.685714285714286,ST-GBR-EPSI(0.01)
54,PLR-REAL-Political,0.6082539682539683,0.7423146866689672,5.561904761904762,ST-GBR-EPSI(0.01)
55,PLR-REAL-Political,0.6133333333333334,0.7564203881201466,5.6571428571428575,ST-GBR-EPSI(0.01)
56,PLR-REAL-Political,0.6253968253968254,0.8194547374972058,5.619047619047619,ST-GBR-EPSI(0.01)
57,PLR-REAL-Political,0.5549206349206349,0.8179809126500763,5.619047619047619,ST-GBR-EPSI(0.01)
58,PLR-REAL-Political,0.6057142857142856,0.7283746318299437,5.704761904761905,ST-GBR-EPSI(0.01)
59,PLR-REAL-Political,0.6139682539682539,0.7571473637622312,5.571428571428571,ST-GBR-EPSI(0.01)
60,PLR-REAL-Political,0.5767295597484277,0.724615930517315,5.660377358490566,ST-GBR-EPSI(0.01)
61,PLR-REAL-Political,0.590566037735849,0.7250692162892788,5.69811320754717,ST-GBR-EPSI(0.01)
62,PLR-REAL-Political,0.6251572327044025,0.809923602233249,5.584905660377358,ST-GBR-EPSI(0.01)
63,PLR-REAL-Political,0.6126984126984126,0.8160738148400797,5.771428571428571,ST-GBR-EPSI(0.01)
64,PLR-REAL-Political,0.6006349206349206,0.7494173158222575,5.609523809523809,ST-GBR-EPSI(0.01)
65,PLR-REAL-Political,0.586031746031746,0.8064531831271802,5.609523809523809,ST-GBR-EPSI(0.01)
66,PLR-REAL-Political,0.5987301587301588,0.736617665698184,5.609523809523809,ST-GBR-EPSI(0.01)
67,PLR-REAL-Political,0.6266666666666668,0.7454331785395242,5.523809523809524,ST-GBR-EPSI(0.01)
68,PLR-REAL-Political,0.6088888888888888,0.7494942877416917,5.6,ST-GBR-EPSI(0.01)
69,PLR-REAL-Political,0.6,0.7893526433771196,5.6761904761904765,ST-GBR-EPSI(0.01)
70,PLR-REAL-Political,0.6,0.744645587546686,5.566037735849057,ST-GBR-EPSI(0.01)
71,PLR-REAL-Political,0.5981132075471698,0.8362530938130114,5.6415094339622645,ST-GBR-EPSI(0.01)
72,PLR-REAL-Political,0.6025157232704402,0.7287303650259294,5.622641509433962,ST-GBR-EPSI(0.01)
73,PLR-REAL-Political,0.5536507936507936,0.8345723246097748,5.685714285714286,ST-GBR-EPSI(0.01)
74,PLR-REAL-Political,0.6361904761904763,0.8449844787982526,5.628571428571429,ST-GBR-EPSI(0.01)
75,PLR-REAL-Political,0.593015873015873,0.841312496444143,5.704761904761905,ST-GBR-EPSI(0.01)
76,PLR-REAL-Political,0.606984126984127,0.7525055026876171,5.6,ST-GBR-EPSI(0.01)
77,PLR-REAL-Political,0.6292063492063492,0.8860295932409721,5.685714285714286,ST-GBR-EPSI(0.01)
78,PLR-REAL-Political,0.5885714285714285,0.8768937365849087,5.6571428571428575,ST-GBR-EPSI(0.01)
79,PLR-REAL-Political,0.5974603174603175,0.852002818006437,5.6,ST-GBR-EPSI(0.01)
80,PLR-REAL-Political,0.5842767295597484,0.8148061246908194,5.5754716981132075,ST-GBR-EPSI(0.01)
81,PLR-REAL-Political,0.5937106918238992,0.7978950521319589,5.5754716981132075,ST-GBR-EPSI(0.01)
82,PLR-REAL-Political,0.5962264150943396,0.8632729592507753,5.518867924528302,ST-GBR-EPSI(0.01)
83,PLR-REAL-Political,0.5923809523809525,0.8469701667968097,5.628571428571429,ST-GBR-EPSI(0.01)
84,PLR-REAL-Political,0.5873015873015873,0.7289219648603151,5.647619047619048,ST-GBR-EPSI(0.01)
85,PLR-REAL-Political,0.594920634920635,0.8469664952473991,5.533333333333333,ST-GBR-EPSI(0.01)
86,PLR-REAL-Political,0.6114285714285714,0.8567479407977897,5.714285714285714,ST-GBR-EPSI(0.01)
87,PLR-REAL-Political,0.6171428571428571,0.8601570125926394,5.552380952380952,ST-GBR-EPSI(0.01)
88,PLR-REAL-Political,0.6209523809523808,0.8427018171623549,5.561904761904762,ST-GBR-EPSI(0.01)
89,PLR-REAL-Political,0.6374603174603174,0.8425538936308719,5.628571428571429,ST-GBR-EPSI(0.01)
90,PLR-REAL-Political,0.6264150943396227,0.855981084939352,5.584905660377358,ST-GBR-EPSI(0.01)
91,PLR-REAL-Political,0.5893081761006289,0.8584742002718954,5.679245283018868,ST-GBR-EPSI(0.01)
92,PLR-REAL-Political,0.5918238993710692,0.8210725419511412,5.59433962264151,ST-GBR-EPSI(0.01)
93,PLR-REAL-Political,0.6082539682539683,0.8528432363527315,5.59047619047619,ST-GBR-EPSI(0.01)
94,PLR-REAL-Political,0.5549206349206349,0.8560291043418188,5.6571428571428575,ST-GBR-EPSI(0.01)
95,PLR-REAL-Political,0.6006349206349206,0.8614409917723842,5.647619047619048,ST-GBR-EPSI(0.01)
96,PLR-REAL-Political,0.6038095238095238,0.8188207066877521,5.609523809523809,ST-GBR-EPSI(0.01)
97,PLR-REAL-Political,0.6101587301587301,0.8553934973230303,5.752380952380952,ST-GBR-EPSI(0.01)
98,PLR-REAL-Political,0.5834920634920634,0.8982975057707637,5.6380952380952385,ST-GBR-EPSI(0.01)
99,PLR-REAL-Political,0.6196825396825395,0.8361427186692334,5.647619047619048,ST-GBR-EPSI(0.01)
100,PLR-REAL-Political,0.6471698113207548,0.735649436104852,5.037735849056604,ST-GBR-EPSI(0.03)
101,PLR-REAL-Political,0.6194968553459118,0.8196478330748758,4.89622641509434,ST-GBR-EPSI(0.03)
102,PLR-REAL-Political,0.6257861635220127,0.747786493402133,4.981132075471698,ST-GBR-EPSI(0.03)
103,PLR-REAL-Political,0.6158730158730159,0.7512554982594289,5.0095238095238095,ST-GBR-EPSI(0.03)
104,PLR-REAL-Political,0.6406349206349207,0.7564241014811752,4.9523809523809526,ST-GBR-EPSI(0.03)
105,PLR-REAL-Political,0.6425396825396825,0.7569846800798937,5.057142857142857,ST-GBR-EPSI(0.03)
106,PLR-REAL-Political,0.6495238095238095,0.8220301141334058,5.057142857142857,ST-GBR-EPSI(0.03)
107,PLR-REAL-Political,0.5866666666666666,0.8214572230852445,4.847619047619047,ST-GBR-EPSI(0.03)
108,PLR-REAL-Political,0.6400000000000001,0.7363907536956961,4.942857142857143,ST-GBR-EPSI(0.03)
109,PLR-REAL-Political,0.633015873015873,0.7514559892129035,4.942857142857143,ST-GBR-EPSI(0.03)
110,PLR-REAL-Political,0.6062893081761007,0.7698042029672871,4.981132075471698,ST-GBR-EPSI(0.03)
111,PLR-REAL-Political,0.6176100628930817,0.7516705756241528,5.056603773584905,ST-GBR-EPSI(0.03)
112,PLR-REAL-Political,0.6509433962264151,0.8306022851585018,4.8584905660377355,ST-GBR-EPSI(0.03)
113,PLR-REAL-Political,0.6298412698412699,0.8113608249012447,5.171428571428572,ST-GBR-EPSI(0.03)
114,PLR-REAL-Political,0.6285714285714286,0.790828509039785,4.9714285714285715,ST-GBR-EPSI(0.03)
115,PLR-REAL-Political,0.626031746031746,0.8110189958738802,4.876190476190477,ST-GBR-EPSI(0.03)
116,PLR-REAL-Political,0.6285714285714284,0.74798556592011,4.9714285714285715,ST-GBR-EPSI(0.03)
117,PLR-REAL-Political,0.6514285714285715,0.7495648753548343,4.914285714285715,ST-GBR-EPSI(0.03)
118,PLR-REAL-Political,0.6387301587301587,0.7473623907795975,4.980952380952381,ST-GBR-EPSI(0.03)
119,PLR-REAL-Political,0.6234920634920635,0.7468981943509261,4.923809523809524,ST-GBR-EPSI(0.03)
120,PLR-REAL-Political,0.6352201257861635,0.7526129304921191,4.886792452830188,ST-GBR-EPSI(0.03)
121,PLR-REAL-Political,0.6276729559748427,0.7513285848608808,4.9245283018867925,ST-GBR-EPSI(0.03)
122,PLR-REAL-Political,0.631446540880503,0.7595672054134037,4.89622641509434,ST-GBR-EPSI(0.03)
123,PLR-REAL-Political,0.5974603174603174,0.8346968779819015,5.0285714285714285,ST-GBR-EPSI(0.03)
124,PLR-REAL-Political,0.6558730158730159,0.8516075232835112,4.980952380952381,ST-GBR-EPSI(0.03)
125,PLR-REAL-Political,0.6184126984126983,0.8573030957605982,5.104761904761904,ST-GBR-EPSI(0.03)
126,PLR-REAL-Political,0.6298412698412699,0.8228827983967857,4.904761904761905,ST-GBR-EPSI(0.03)
127,PLR-REAL-Political,0.6501587301587302,0.858487207077943,5.095238095238095,ST-GBR-EPSI(0.03)
128,PLR-REAL-Political,0.6234920634920635,0.8648141363547761,5.038095238095238,ST-GBR-EPSI(0.03)
129,PLR-REAL-Political,0.6406349206349207,0.8369310977096746,4.809523809523809,ST-GBR-EPSI(0.03)
130,PLR-REAL-Political,0.6138364779874214,0.8244072988856718,4.886792452830188,ST-GBR-EPSI(0.03)
131,PLR-REAL-Political,0.6138364779874214,0.8170498046557298,4.943396226415095,ST-GBR-EPSI(0.03)
132,PLR-REAL-Political,0.6226415094339622,0.8714252790439385,4.839622641509434,ST-GBR-EPSI(0.03)
133,PLR-REAL-Political,0.6190476190476191,0.8668931410996323,4.961904761904762,ST-GBR-EPSI(0.03)
134,PLR-REAL-Political,0.627936507936508,0.7585448052363556,4.942857142857143,ST-GBR-EPSI(0.03)
135,PLR-REAL-Political,0.6158730158730159,0.7874888784279838,4.904761904761905,ST-GBR-EPSI(0.03)
136,PLR-REAL-Political,0.6368253968253968,0.8599516396991324,5.0285714285714285,ST-GBR-EPSI(0.03)
137,PLR-REAL-Political,0.6431746031746032,0.8504980991220411,4.914285714285715,ST-GBR-EPSI(0.03)
138,PLR-REAL-Political,0.6609523809523808,0.832941842010383,4.809523809523809,ST-GBR-EPSI(0.03)
139,PLR-REAL-Political,0.6615873015873016,0.8476898625077661,5.0285714285714285,ST-GBR-EPSI(0.03)
140,PLR-REAL-Political,0.6553459119496855,0.8670009265200558,4.915094339622642,ST-GBR-EPSI(0.03)
141,PLR-REAL-Political,0.6283018867924528,0.8401821452763802,4.90566037735849,ST-GBR-EPSI(0.03)
142,PLR-REAL-Political,0.6238993710691824,0.8417379536774023,4.80188679245283,ST-GBR-EPSI(0.03)
143,PLR-REAL-Political,0.6444444444444445,0.8368998601992576,4.857142857142857,ST-GBR-EPSI(0.03)
144,PLR-REAL-Political,0.5765079365079365,0.8489398329592235,4.9523809523809526,ST-GBR-EPSI(0.03)
145,PLR-REAL-Political,0.6349206349206349,0.8434833970784732,4.914285714285715,ST-GBR-EPSI(0.03)
146,PLR-REAL-Political,0.6387301587301588,0.7307165510937957,4.904761904761905,ST-GBR-EPSI(0.03)
147,PLR-REAL-Political,0.64,0.8512938878551863,5.104761904761904,ST-GBR-EPSI(0.03)
148,PLR-REAL-Political,0.6025396825396825,0.8792797582435542,4.828571428571428,ST-GBR-EPSI(0.03)
149,PLR-REAL-Political,0.6552380952380952,0.8451758672673506,4.961904761904762,ST-GBR-EPSI(0.03)
150,PLR-REAL-Political,0.6698113207547168,0.7852411924029614,4.40566037735849,ST-GBR-EPSI(0.05)
151,PLR-REAL-Political,0.6389937106918238,0.8081980937415818,4.235849056603773,ST-GBR-EPSI(0.05)
152,PLR-REAL-Political,0.6459119496855346,0.7382723439400998,4.39622641509434,ST-GBR-EPSI(0.05)
153,PLR-REAL-Political,0.6501587301587302,0.7490215015510696,4.333333333333333,ST-GBR-EPSI(0.05)
154,PLR-REAL-Political,0.6711111111111112,0.7444907507383931,4.457142857142857,ST-GBR-EPSI(0.05)
155,PLR-REAL-Political,0.6615873015873016,0.7143912870249642,4.514285714285714,ST-GBR-EPSI(0.05)
156,PLR-REAL-Political,0.6793650793650793,0.8126940776271923,4.457142857142857,ST-GBR-EPSI(0.05)
157,PLR-REAL-Political,0.6209523809523808,0.729974769008673,4.171428571428572,ST-GBR-EPSI(0.05)
158,PLR-REAL-Political,0.6812698412698412,0.7425950838547446,4.295238095238095,ST-GBR-EPSI(0.05)
159,PLR-REAL-Political,0.6673015873015873,0.7446046362501868,4.419047619047619,ST-GBR-EPSI(0.05)
160,PLR-REAL-Political,0.6295597484276731,0.745121421526957,4.377358490566038,ST-GBR-EPSI(0.05)
161,PLR-REAL-Political,0.652830188679245,0.7490870064588667,4.40566037735849,ST-GBR-EPSI(0.05)
162,PLR-REAL-Political,0.6792452830188681,0.7411719614770549,4.264150943396227,ST-GBR-EPSI(0.05)
163,PLR-REAL-Political,0.6501587301587302,0.7414320350862156,4.504761904761905,ST-GBR-EPSI(0.05)
164,PLR-REAL-Political,0.6501587301587302,0.7583417715574299,4.4,ST-GBR-EPSI(0.05)
165,PLR-REAL-Political,0.6438095238095239,0.7426374890790702,4.171428571428572,ST-GBR-EPSI(0.05)
166,PLR-REAL-Political,0.6406349206349204,0.7500520038705132,4.4,ST-GBR-EPSI(0.05)
167,PLR-REAL-Political,0.666031746031746,0.7688363133653311,4.3428571428571425,ST-GBR-EPSI(0.05)
168,PLR-REAL-Political,0.648888888888889,0.7415954449441239,4.438095238095238,ST-GBR-EPSI(0.05)
169,PLR-REAL-Political,0.662222222222222,0.7219040222598853,4.266666666666667,ST-GBR-EPSI(0.05)
170,PLR-REAL-Political,0.6484276729559748,0.7440472497953339,4.245283018867925,ST-GBR-EPSI(0.05)
171,PLR-REAL-Political,0.6503144654088051,0.7625580607991945,4.377358490566038,ST-GBR-EPSI(0.05)
172,PLR-REAL-Political,0.6584905660377358,0.7161413867407804,4.320754716981132,ST-GBR-EPSI(0.05)
173,PLR-REAL-Political,0.6234920634920633,0.8440367235780006,4.457142857142857,ST-GBR-EPSI(0.05)
174,PLR-REAL-Political,0.6850793650793651,0.8411790014032232,4.419047619047619,ST-GBR-EPSI(0.05)
175,PLR-REAL-Political,0.6495238095238094,0.8335065405246269,4.4,ST-GBR-EPSI(0.05)
176,PLR-REAL-Political,0.6565079365079366,0.7244873728185685,4.3619047619047615,ST-GBR-EPSI(0.05)
177,PLR-REAL-Political,0.6571428571428571,0.8767832828398842,4.504761904761905,ST-GBR-EPSI(0.05)
178,PLR-REAL-Political,0.65015873015873,0.8422667907702884,4.390476190476191,ST-GBR-EPSI(0.05)
179,PLR-REAL-Political,0.6749206349206348,0.835735783014187,4.20952380952381,ST-GBR-EPSI(0.05)
180,PLR-REAL-Political,0.6220125786163523,0.8026257149043818,4.339622641509434,ST-GBR-EPSI(0.05)
181,PLR-REAL-Political,0.6213836477987422,0.8308511831124537,4.518867924528302,ST-GBR-EPSI(0.05)
182,PLR-REAL-Political,0.6566037735849056,0.839944037282633,4.30188679245283,ST-GBR-EPSI(0.05)
183,PLR-REAL-Political,0.6501587301587302,0.8457274460984514,4.295238095238095,ST-GBR-EPSI(0.05)
184,PLR-REAL-Political,0.6507936507936509,0.8039235567318974,4.295238095238095,ST-GBR-EPSI(0.05)
185,PLR-REAL-Political,0.6501587301587302,0.73639754011158,4.180952380952381,ST-GBR-EPSI(0.05)
186,PLR-REAL-Political,0.6495238095238095,0.8397868580732951,4.466666666666667,ST-GBR-EPSI(0.05)
187,PLR-REAL-Political,0.667936507936508,0.7524444554023922,4.371428571428571,ST-GBR-EPSI(0.05)
188,PLR-REAL-Political,0.695873015873016,0.8340354681556541,4.133333333333334,ST-GBR-EPSI(0.05)
189,PLR-REAL-Political,0.6761904761904762,0.8464748399854967,4.447619047619048,ST-GBR-EPSI(0.05)
190,PLR-REAL-Political,0.6748427672955974,0.8608306499126563,4.462264150943396,ST-GBR-EPSI(0.05)
191,PLR-REAL-Political,0.6522012578616353,0.8458638506521043,4.349056603773585,ST-GBR-EPSI(0.05)
192,PLR-REAL-Political,0.6496855345911949,0.8128297032528866,4.254716981132075,ST-GBR-EPSI(0.05)
193,PLR-REAL-Political,0.6901587301587302,0.8332746224906087,4.161904761904762,ST-GBR-EPSI(0.05)
194,PLR-REAL-Political,0.6146031746031746,0.8408159611419903,4.266666666666667,ST-GBR-EPSI(0.05)
195,PLR-REAL-Political,0.6590476190476191,0.8579455787931796,4.4,ST-GBR-EPSI(0.05)
196,PLR-REAL-Political,0.6641269841269841,0.7138154765185102,4.295238095238095,ST-GBR-EPSI(0.05)
197,PLR-REAL-Political,0.6514285714285715,0.8496186869757711,4.466666666666667,ST-GBR-EPSI(0.05)
198,PLR-REAL-Political,0.6482539682539682,0.8600568028285505,4.133333333333334,ST-GBR-EPSI(0.05)
199,PLR-REAL-Political,0.6838095238095239,0.8440417038258047,4.371428571428571,ST-GBR-EPSI(0.05)
200,PLR-REAL-Political,0.6842767295597485,0.7457490225735413,3.811320754716981,ST-GBR-EPSI(0.07)
201,PLR-REAL-Political,0.6710691823899372,0.8164315254004061,3.641509433962264,ST-GBR-EPSI(0.07)
202,PLR-REAL-Political,0.659748427672956,0.742097434426617,3.8679245283018866,ST-GBR-EPSI(0.07)
203,PLR-REAL-Political,0.6863492063492065,0.7575225736333927,3.6952380952380954,ST-GBR-EPSI(0.07)
204,PLR-REAL-Political,0.6863492063492065,0.7620197868922238,3.8666666666666667,ST-GBR-EPSI(0.07)
205,PLR-REAL-Political,0.6711111111111111,0.7343400099717655,3.895238095238095,ST-GBR-EPSI(0.07)
206,PLR-REAL-Political,0.6812698412698411,0.8030854974765259,3.8857142857142857,ST-GBR-EPSI(0.07)
207,PLR-REAL-Political,0.6393650793650792,0.7594542091908528,3.704761904761905,ST-GBR-EPSI(0.07)
208,PLR-REAL-Political,0.6926984126984126,0.7502087796707454,3.7714285714285714,ST-GBR-EPSI(0.07)
209,PLR-REAL-Political,0.6844444444444445,0.7553303041153068,3.8095238095238093,ST-GBR-EPSI(0.07)
210,PLR-REAL-Political,0.6383647798742137,0.7568904340258721,3.8207547169811322,ST-GBR-EPSI(0.07)
211,PLR-REAL-Political,0.6591194968553459,0.7546974839217487,3.9056603773584904,ST-GBR-EPSI(0.07)
212,PLR-REAL-Political,0.6905660377358491,0.7926882009131296,3.7452830188679247,ST-GBR-EPSI(0.07)
213,PLR-REAL-Political,0.6622222222222224,0.7614927671908754,3.914285714285714,ST-GBR-EPSI(0.07)
214,PLR-REAL-Political,0.6704761904761904,0.7476086908070197,3.8380952380952382,ST-GBR-EPSI(0.07)
215,PLR-REAL-Political,0.653968253968254,0.7515988394661796,3.7333333333333334,ST-GBR-EPSI(0.07)
216,PLR-REAL-Political,0.6755555555555555,0.7522615778544081,3.780952380952381,ST-GBR-EPSI(0.07)
217,PLR-REAL-Political,0.6939682539682539,0.7536174728822718,3.7523809523809524,ST-GBR-EPSI(0.07)
218,PLR-REAL-Political,0.6768253968253968,0.7521395984646377,3.8190476190476192,ST-GBR-EPSI(0.07)
219,PLR-REAL-Political,0.6742857142857143,0.7248451557493218,3.7142857142857144,ST-GBR-EPSI(0.07)
220,PLR-REAL-Political,0.6647798742138364,0.7491340580388961,3.7358490566037736,ST-GBR-EPSI(0.07)
221,PLR-REAL-Political,0.6654088050314465,0.760401080640787,3.7735849056603774,ST-GBR-EPSI(0.07)
222,PLR-REAL-Political,0.6742138364779873,0.7234541045563507,3.7641509433962264,ST-GBR-EPSI(0.07)
223,PLR-REAL-Political,0.6603174603174603,0.8227524862079082,3.9523809523809526,ST-GBR-EPSI(0.07)
224,PLR-REAL-Political,0.6914285714285714,0.8521658838782586,3.876190476190476,ST-GBR-EPSI(0.07)
225,PLR-REAL-Political,0.6628571428571429,0.8342926613625989,3.8666666666666667,ST-GBR-EPSI(0.07)
226,PLR-REAL-Political,0.6755555555555556,0.738614584210515,3.7714285714285714,ST-GBR-EPSI(0.07)
227,PLR-REAL-Political,0.6787301587301587,0.8440366005472465,3.876190476190476,ST-GBR-EPSI(0.07)
228,PLR-REAL-Political,0.6787301587301589,0.8742223406744367,3.8,ST-GBR-EPSI(0.07)
229,PLR-REAL-Political,0.6901587301587303,0.8302466013979034,3.8380952380952382,ST-GBR-EPSI(0.07)
230,PLR-REAL-Political,0.660377358490566,0.7426295626602811,3.8867924528301887,ST-GBR-EPSI(0.07)
231,PLR-REAL-Political,0.6364779874213835,0.8272054600792474,3.9150943396226414,ST-GBR-EPSI(0.07)
232,PLR-REAL-Political,0.6704402515723271,0.8311322525665452,3.80188679245283,ST-GBR-EPSI(0.07)
233,PLR-REAL-Political,0.6596825396825396,0.8325706220147185,3.895238095238095,ST-GBR-EPSI(0.07)
234,PLR-REAL-Political,0.6653968253968253,0.7456230356361625,3.8095238095238093,ST-GBR-EPSI(0.07)
235,PLR-REAL-Political,0.667936507936508,0.7461599643894172,3.761904761904762,ST-GBR-EPSI(0.07)
236,PLR-REAL-Political,0.6641269841269841,0.8234950765489415,3.8857142857142857,ST-GBR-EPSI(0.07)
237,PLR-REAL-Political,0.7003174603174603,0.802586146751552,3.742857142857143,ST-GBR-EPSI(0.07)
238,PLR-REAL-Political,0.7085714285714286,0.8231477490940483,3.657142857142857,ST-GBR-EPSI(0.07)
239,PLR-REAL-Political,0.6857142857142857,0.8504236429995001,3.8380952380952382,ST-GBR-EPSI(0.07)
240,PLR-REAL-Political,0.6949685534591195,0.8181209672153823,3.9150943396226414,ST-GBR-EPSI(0.07)
241,PLR-REAL-Political,0.6572327044025158,0.8461628412134817,3.839622641509434,ST-GBR-EPSI(0.07)
242,PLR-REAL-Political,0.6729559748427673,0.7713016710146751,3.7358490566037736,ST-GBR-EPSI(0.07)
243,PLR-REAL-Political,0.6990476190476191,0.7337908647315582,3.7714285714285714,ST-GBR-EPSI(0.07)
244,PLR-REAL-Political,0.6431746031746031,0.8605491344216184,3.8190476190476192,ST-GBR-EPSI(0.07)
245,PLR-REAL-Political,0.6723809523809523,0.8625616207086534,3.8857142857142857,ST-GBR-EPSI(0.07)
246,PLR-REAL-Political,0.6717460317460318,0.7490514752488187,3.7904761904761903,ST-GBR-EPSI(0.07)
247,PLR-REAL-Political,0.65015873015873,0.8299978525953707,3.8380952380952382,ST-GBR-EPSI(0.07)
248,PLR-REAL-Political,0.6825396825396826,0.856947710187228,3.580952380952381,ST-GBR-EPSI(0.07)
249,PLR-REAL-Political,0.6971428571428572,0.8162458258760537,3.8857142857142857,ST-GBR-EPSI(0.07)
250,PLR-REAL-Political,0.6748427672955973,0.735658998042027,3.3207547169811322,ST-GBR-EPSI(0.09)
251,PLR-REAL-Political,0.689308176100629,0.8260977606976351,3.169811320754717,ST-GBR-EPSI(0.09)
252,PLR-REAL-Political,0.6440251572327044,0.7407248835822499,3.292452830188679,ST-GBR-EPSI(0.09)
253,PLR-REAL-Political,0.6901587301587301,0.7434827494710834,3.3142857142857145,ST-GBR-EPSI(0.09)
254,PLR-REAL-Political,0.6863492063492062,0.7485169304596546,3.3523809523809525,ST-GBR-EPSI(0.09)
255,PLR-REAL-Political,0.6901587301587302,0.7447503119132617,3.3714285714285714,ST-GBR-EPSI(0.09)
256,PLR-REAL-Political,0.6920634920634922,0.7511598508460647,3.3523809523809525,ST-GBR-EPSI(0.09)
257,PLR-REAL-Political,0.6495238095238094,0.7606910950394202,3.2857142857142856,ST-GBR-EPSI(0.09)
258,PLR-REAL-Political,0.6869841269841269,0.737536878214365,3.361904761904762,ST-GBR-EPSI(0.09)
259,PLR-REAL-Political,0.6926984126984127,0.7417477239653639,3.361904761904762,ST-GBR-EPSI(0.09)
260,PLR-REAL-Political,0.6559748427672957,0.7494566030460387,3.30188679245283,ST-GBR-EPSI(0.09)
261,PLR-REAL-Political,0.6685534591194968,0.7481745002230409,3.3867924528301887,ST-GBR-EPSI(0.09)
262,PLR-REAL-Political,0.6968553459119496,0.7296598993621678,3.349056603773585,ST-GBR-EPSI(0.09)
263,PLR-REAL-Political,0.6476190476190476,0.7587320982662956,3.3523809523809525,ST-GBR-EPSI(0.09)
264,PLR-REAL-Political,0.6857142857142857,0.7587844413999552,3.295238095238095,ST-GBR-EPSI(0.09)
265,PLR-REAL-Political,0.6692063492063492,0.7447661889271275,3.2476190476190476,ST-GBR-EPSI(0.09)
266,PLR-REAL-Political,0.6907936507936507,0.7423533335932064,3.3523809523809525,ST-GBR-EPSI(0.09)
267,PLR-REAL-Political,0.7015873015873016,0.7545921356997729,3.3523809523809525,ST-GBR-EPSI(0.09)
268,PLR-REAL-Political,0.6698412698412698,0.7502389691041469,3.2666666666666666,ST-GBR-EPSI(0.09)
269,PLR-REAL-Political,0.6755555555555556,0.7638284152048829,3.295238095238095,ST-GBR-EPSI(0.09)
270,PLR-REAL-Political,0.6830188679245283,0.7594685065475056,3.2547169811320753,ST-GBR-EPSI(0.09)
271,PLR-REAL-Political,0.6716981132075474,0.7165383923994514,3.292452830188679,ST-GBR-EPSI(0.09)
272,PLR-REAL-Political,0.6786163522012577,0.7232653551050705,3.311320754716981,ST-GBR-EPSI(0.09)
273,PLR-REAL-Political,0.6692063492063492,0.8155793309671548,3.3904761904761904,ST-GBR-EPSI(0.09)
274,PLR-REAL-Political,0.6914285714285714,0.7487019902270525,3.4285714285714284,ST-GBR-EPSI(0.09)
275,PLR-REAL-Political,0.6742857142857143,0.8347926539104928,3.2857142857142856,ST-GBR-EPSI(0.09)
276,PLR-REAL-Political,0.6838095238095236,0.7232368598327634,3.276190476190476,ST-GBR-EPSI(0.09)
277,PLR-REAL-Political,0.6590476190476191,0.7625540689250552,3.257142857142857,ST-GBR-EPSI(0.09)
278,PLR-REAL-Political,0.674920634920635,0.8694990003222852,3.3142857142857145,ST-GBR-EPSI(0.09)
279,PLR-REAL-Political,0.6952380952380952,0.8281328076093523,3.3142857142857145,ST-GBR-EPSI(0.09)
280,PLR-REAL-Political,0.6691823899371068,0.7194773114310599,3.3773584905660377,ST-GBR-EPSI(0.09)
281,PLR-REAL-Political,0.651572327044025,0.8329430322401474,3.3867924528301887,ST-GBR-EPSI(0.09)
282,PLR-REAL-Political,0.6955974842767295,0.8414217584432845,3.311320754716981,ST-GBR-EPSI(0.09)
283,PLR-REAL-Political,0.6698412698412698,0.73098472550396,3.447619047619048,ST-GBR-EPSI(0.09)
284,PLR-REAL-Political,0.674920634920635,0.7508571899444981,3.295238095238095,ST-GBR-EPSI(0.09)
285,PLR-REAL-Political,0.6774603174603175,0.7234754571473185,3.3333333333333335,ST-GBR-EPSI(0.09)
286,PLR-REAL-Political,0.6704761904761902,0.8325050168156533,3.2666666666666666,ST-GBR-EPSI(0.09)
287,PLR-REAL-Political,0.6946031746031747,0.7370548323883283,3.219047619047619,ST-GBR-EPSI(0.09)
288,PLR-REAL-Political,0.723174603174603,0.8403126926624053,3.342857142857143,ST-GBR-EPSI(0.09)
289,PLR-REAL-Political,0.6958730158730159,0.8247781088257248,3.3333333333333335,ST-GBR-EPSI(0.09)
290,PLR-REAL-Political,0.7088050314465408,0.8369955798791734,3.3773584905660377,ST-GBR-EPSI(0.09)
291,PLR-REAL-Political,0.670440251572327,0.8546731915182834,3.349056603773585,ST-GBR-EPSI(0.09)
292,PLR-REAL-Political,0.6893081761006288,0.7696456079905849,3.2169811320754715,ST-GBR-EPSI(0.09)
293,PLR-REAL-Political,0.6996825396825397,0.7394244605864924,3.3047619047619046,ST-GBR-EPSI(0.09)
294,PLR-REAL-Political,0.6552380952380951,0.8468509053263693,3.323809523809524,ST-GBR-EPSI(0.09)
295,PLR-REAL-Political,0.6996825396825396,0.8448125200141785,3.3904761904761904,ST-GBR-EPSI(0.09)
296,PLR-REAL-Political,0.6819047619047619,0.7365474039243495,3.276190476190476,ST-GBR-EPSI(0.09)
297,PLR-REAL-Political,0.6615873015873016,0.8454781105198008,3.3714285714285714,ST-GBR-EPSI(0.09)
298,PLR-REAL-Political,0.6698412698412698,0.8585673780053131,3.1619047619047618,ST-GBR-EPSI(0.09)
299,PLR-REAL-Political,0.6977777777777777,0.8374631559350662,3.361904761904762,ST-GBR-EPSI(0.09)
300,PLR-REAL-Political,0.6660377358490567,0.756279862913738,2.641509433962264,ST-GBR-EPSI(0.12)
301,PLR-REAL-Political,0.6660377358490566,0.8331956813665753,2.6226415094339623,ST-GBR-EPSI(0.12)
302,PLR-REAL-Political,0.6132075471698113,0.7414555874629025,2.6132075471698113,ST-GBR-EPSI(0.12)
303,PLR-REAL-Political,0.6628571428571429,0.8256377089534426,2.7523809523809524,ST-GBR-EPSI(0.12)
304,PLR-REAL-Political,0.6723809523809523,0.7457968360723605,2.657142857142857,ST-GBR-EPSI(0.12)
305,PLR-REAL-Political,0.6685714285714286,0.770877146469157,2.580952380952381,ST-GBR-EPSI(0.12)
306,PLR-REAL-Political,0.6857142857142857,0.7346026012096586,2.7904761904761903,ST-GBR-EPSI(0.12)
307,PLR-REAL-Political,0.6361904761904762,0.7560698656003791,2.742857142857143,ST-GBR-EPSI(0.12)
308,PLR-REAL-Political,0.6692063492063492,0.7473549942440424,2.7523809523809524,ST-GBR-EPSI(0.12)
309,PLR-REAL-Political,0.7034920634920636,0.7575066418698866,2.6476190476190475,ST-GBR-EPSI(0.12)
310,PLR-REAL-Political,0.6446540880503143,0.793857763185944,2.650943396226415,ST-GBR-EPSI(0.12)
311,PLR-REAL-Political,0.6509433962264151,0.7545035175496815,2.7641509433962264,ST-GBR-EPSI(0.12)
312,PLR-REAL-Political,0.6905660377358489,0.7692638407014689,2.7547169811320753,ST-GBR-EPSI(0.12)
313,PLR-REAL-Political,0.6063492063492063,0.7571246224160045,2.6285714285714286,ST-GBR-EPSI(0.12)
314,PLR-REAL-Political,0.6907936507936507,0.7440206181886393,2.657142857142857,ST-GBR-EPSI(0.12)
315,PLR-REAL-Political,0.6692063492063492,0.7479293546667428,2.6095238095238096,ST-GBR-EPSI(0.12)
316,PLR-REAL-Political,0.6755555555555556,0.757119615980738,2.7333333333333334,ST-GBR-EPSI(0.12)
317,PLR-REAL-Political,0.693968253968254,0.7577596952042849,2.6857142857142855,ST-GBR-EPSI(0.12)
318,PLR-REAL-Political,0.6711111111111111,0.7502287786458361,2.6952380952380954,ST-GBR-EPSI(0.12)
319,PLR-REAL-Political,0.6844444444444445,0.7558206078841612,2.6952380952380954,ST-GBR-EPSI(0.12)
320,PLR-REAL-Political,0.649056603773585,0.7562295927444973,2.650943396226415,ST-GBR-EPSI(0.12)
321,PLR-REAL-Political,0.6716981132075474,0.7247415503025034,2.641509433962264,ST-GBR-EPSI(0.12)
322,PLR-REAL-Political,0.680503144654088,0.7315939120774027,2.80188679245283,ST-GBR-EPSI(0.12)
323,PLR-REAL-Political,0.6882539682539682,0.8451464458405753,2.6857142857142855,ST-GBR-EPSI(0.12)
324,PLR-REAL-Political,0.6622222222222222,0.7555631031054402,2.7142857142857144,ST-GBR-EPSI(0.12)
325,PLR-REAL-Political,0.6685714285714286,0.8287351088243264,2.619047619047619,ST-GBR-EPSI(0.12)
326,PLR-REAL-Political,0.6799999999999999,0.7254266705285165,2.657142857142857,ST-GBR-EPSI(0.12)
327,PLR-REAL-Political,0.6565079365079366,0.7380814244035692,2.704761904761905,ST-GBR-EPSI(0.12)
328,PLR-REAL-Political,0.6552380952380954,0.8691426646819451,2.657142857142857,ST-GBR-EPSI(0.12)
329,PLR-REAL-Political,0.6850793650793651,0.8394958041468511,2.7333333333333334,ST-GBR-EPSI(0.12)
330,PLR-REAL-Political,0.660377358490566,0.7318686767607522,2.7169811320754715,ST-GBR-EPSI(0.12)
331,PLR-REAL-Political,0.6591194968553459,0.8294014410873968,2.660377358490566,ST-GBR-EPSI(0.12)
332,PLR-REAL-Political,0.6786163522012577,0.8536057233721321,2.792452830188679,ST-GBR-EPSI(0.12)
333,PLR-REAL-Political,0.6374603174603174,0.7380012644834302,2.6666666666666665,ST-GBR-EPSI(0.12)
334,PLR-REAL-Political,0.6730158730158732,0.7597306024035129,2.638095238095238,ST-GBR-EPSI(0.12)
335,PLR-REAL-Political,0.6634920634920634,0.7623019504522417,2.7333333333333334,ST-GBR-EPSI(0.12)
336,PLR-REAL-Political,0.6673015873015873,0.8283125225340364,2.704761904761905,ST-GBR-EPSI(0.12)
337,PLR-REAL-Political,0.6888888888888889,0.7394283014938012,2.6857142857142855,ST-GBR-EPSI(0.12)
338,PLR-REAL-Political,0.6888888888888889,0.7679597588989759,2.7333333333333334,ST-GBR-EPSI(0.12)
339,PLR-REAL-Political,0.6888888888888889,0.8263289209899214,2.6666666666666665,ST-GBR-EPSI(0.12)
340,PLR-REAL-Political,0.6830188679245283,0.8300879662996218,2.69811320754717,ST-GBR-EPSI(0.12)
341,PLR-REAL-Political,0.6666666666666667,0.8617331261961676,2.6792452830188678,ST-GBR-EPSI(0.12)
342,PLR-REAL-Political,0.6679245283018869,0.7543500948907798,2.811320754716981,ST-GBR-EPSI(0.12)
343,PLR-REAL-Political,0.6615873015873016,0.7384507953392913,2.723809523809524,ST-GBR-EPSI(0.12)
344,PLR-REAL-Political,0.6698412698412698,0.8499077163503683,2.6285714285714286,ST-GBR-EPSI(0.12)
345,PLR-REAL-Political,0.6876190476190477,0.8439632660612083,2.723809523809524,ST-GBR-EPSI(0.12)
346,PLR-REAL-Political,0.6946031746031746,0.7296556924048472,2.619047619047619,ST-GBR-EPSI(0.12)
347,PLR-REAL-Political,0.6457142857142857,0.8471038629204238,2.780952380952381,ST-GBR-EPSI(0.12)
348,PLR-REAL-Political,0.6546031746031746,0.8542694357314529,2.676190476190476,ST-GBR-EPSI(0.12)
349,PLR-REAL-Political,0.6692063492063492,0.8225531528405723,2.761904761904762,ST-GBR-EPSI(0.12)
350,PLR-REAL-Political,0.6540880503144654,0.7331997390164867,2.311320754716981,ST-GBR-EPSI(0.14)
351,PLR-REAL-Political,0.6270440251572327,0.8182809736392677,2.339622641509434,ST-GBR-EPSI(0.14)
352,PLR-REAL-Political,0.6094339622641509,0.748751315479325,2.330188679245283,ST-GBR-EPSI(0.14)
353,PLR-REAL-Political,0.6393650793650792,0.8126319150026078,2.2857142857142856,ST-GBR-EPSI(0.14)
354,PLR-REAL-Political,0.6234920634920635,0.7597437220458713,2.323809523809524,ST-GBR-EPSI(0.14)
355,PLR-REAL-Political,0.633015873015873,0.7629178115827064,2.295238095238095,ST-GBR-EPSI(0.14)
356,PLR-REAL-Political,0.6336507936507937,0.7939843582274182,2.419047619047619,ST-GBR-EPSI(0.14)
357,PLR-REAL-Political,0.6101587301587301,0.7621714640498781,2.3047619047619046,ST-GBR-EPSI(0.14)
358,PLR-REAL-Political,0.6431746031746032,0.7499864423042997,2.276190476190476,ST-GBR-EPSI(0.14)
359,PLR-REAL-Political,0.6685714285714286,0.74928816030305,2.3523809523809525,ST-GBR-EPSI(0.14)
360,PLR-REAL-Political,0.5981132075471699,0.7492306023675547,2.2547169811320753,ST-GBR-EPSI(0.14)
361,PLR-REAL-Political,0.5930817610062893,0.7327081686603297,2.330188679245283,ST-GBR-EPSI(0.14)
362,PLR-REAL-Political,0.6477987421383646,0.727709245938971,2.4622641509433962,ST-GBR-EPSI(0.14)
363,PLR-REAL-Political,0.5650793650793651,0.7637923449303978,2.257142857142857,ST-GBR-EPSI(0.14)
364,PLR-REAL-Political,0.6476190476190476,0.7433814991381362,2.3142857142857145,ST-GBR-EPSI(0.14)
365,PLR-REAL-Political,0.6692063492063492,0.7368943714783809,2.295238095238095,ST-GBR-EPSI(0.14)
366,PLR-REAL-Political,0.6552380952380952,0.7401705201017345,2.342857142857143,ST-GBR-EPSI(0.14)
367,PLR-REAL-Political,0.6558730158730159,0.7501254821153467,2.3714285714285714,ST-GBR-EPSI(0.14)
368,PLR-REAL-Political,0.631111111111111,0.7394548610832119,2.3047619047619046,ST-GBR-EPSI(0.14)
369,PLR-REAL-Political,0.6653968253968254,0.7411564428729955,2.5047619047619047,ST-GBR-EPSI(0.14)
370,PLR-REAL-Political,0.6295597484276728,0.7628426971117696,2.292452830188679,ST-GBR-EPSI(0.14)
371,PLR-REAL-Political,0.6364779874213836,0.8299079501797207,2.207547169811321,ST-GBR-EPSI(0.14)
372,PLR-REAL-Political,0.631446540880503,0.7362806813363455,2.4339622641509435,ST-GBR-EPSI(0.14)
373,PLR-REAL-Political,0.6723809523809524,0.8468079937225061,2.238095238095238,ST-GBR-EPSI(0.14)
374,PLR-REAL-Political,0.5942857142857143,0.7437558881642768,2.2476190476190476,ST-GBR-EPSI(0.14)
375,PLR-REAL-Political,0.6558730158730158,0.8395255916677408,2.2285714285714286,ST-GBR-EPSI(0.14)
376,PLR-REAL-Political,0.6431746031746032,0.7220813777974467,2.3142857142857145,ST-GBR-EPSI(0.14)
377,PLR-REAL-Political,0.5752380952380952,0.7314897620493588,2.2666666666666666,ST-GBR-EPSI(0.14)
378,PLR-REAL-Political,0.6355555555555555,0.834630532171068,2.361904761904762,ST-GBR-EPSI(0.14)
379,PLR-REAL-Political,0.6558730158730158,0.8340634206927203,2.3904761904761904,ST-GBR-EPSI(0.14)
380,PLR-REAL-Political,0.6295597484276731,0.7143352320549686,2.19811320754717,ST-GBR-EPSI(0.14)
381,PLR-REAL-Political,0.6540880503144653,0.8201282680350719,2.3773584905660377,ST-GBR-EPSI(0.14)
382,PLR-REAL-Political,0.6584905660377358,0.8530530821962803,2.3679245283018866,ST-GBR-EPSI(0.14)
383,PLR-REAL-Political,0.6076190476190476,0.7457347950072662,2.295238095238095,ST-GBR-EPSI(0.14)
384,PLR-REAL-Political,0.6577777777777778,0.823540831367284,2.257142857142857,ST-GBR-EPSI(0.14)
385,PLR-REAL-Political,0.6146031746031746,0.7575935804598735,2.3333333333333335,ST-GBR-EPSI(0.14)
386,PLR-REAL-Political,0.6476190476190476,0.8338722074286712,2.4,ST-GBR-EPSI(0.14)
387,PLR-REAL-Political,0.6539682539682539,0.8264091604109053,2.3523809523809525,ST-GBR-EPSI(0.14)
388,PLR-REAL-Political,0.6552380952380952,0.7581317004454508,2.447619047619048,ST-GBR-EPSI(0.14)
389,PLR-REAL-Political,0.6311111111111111,0.7973499921869827,2.276190476190476,ST-GBR-EPSI(0.14)
390,PLR-REAL-Political,0.6578616352201256,0.8375170859864296,2.339622641509434,ST-GBR-EPSI(0.14)
391,PLR-REAL-Political,0.6327044025157232,0.8524674421554412,2.3207547169811322,ST-GBR-EPSI(0.14)
392,PLR-REAL-Political,0.6389937106918239,0.7566580249497098,2.4716981132075473,ST-GBR-EPSI(0.14)
393,PLR-REAL-Political,0.6234920634920635,0.7348315761228152,2.4,ST-GBR-EPSI(0.14)
394,PLR-REAL-Political,0.6520634920634921,0.8382191369703929,2.238095238095238,ST-GBR-EPSI(0.14)
395,PLR-REAL-Political,0.6342857142857142,0.8511729213275755,2.3047619047619046,ST-GBR-EPSI(0.14)
396,PLR-REAL-Political,0.653968253968254,0.802551848596806,2.2666666666666666,ST-GBR-EPSI(0.14)
397,PLR-REAL-Political,0.6006349206349206,0.8485374764775003,2.323809523809524,ST-GBR-EPSI(0.14)
398,PLR-REAL-Political,0.6450793650793649,0.8562027365847241,2.3523809523809525,ST-GBR-EPSI(0.14)
399,PLR-REAL-Political,0.6215873015873016,0.7480873235170087,2.342857142857143,ST-GBR-EPSI(0.14)
400,PLR-REAL-Political,0.6044025157232704,0.7242897786387477,2.0283018867924527,ST-GBR-EPSI(0.16)
401,PLR-REAL-Political,0.5993710691823899,0.8199657308963493,2.150943396226415,ST-GBR-EPSI(0.16)
402,PLR-REAL-Political,0.5836477987421383,0.7655745271910441,2.0283018867924527,ST-GBR-EPSI(0.16)
403,PLR-REAL-Political,0.6038095238095239,0.752202377871506,2.0095238095238095,ST-GBR-EPSI(0.16)
404,PLR-REAL-Political,0.5619047619047618,0.7549913971050418,1.9714285714285715,ST-GBR-EPSI(0.16)
405,PLR-REAL-Political,0.5923809523809525,0.7629112061421325,2.066666666666667,ST-GBR-EPSI(0.16)
406,PLR-REAL-Political,0.5574603174603174,0.735818256347557,2.0,ST-GBR-EPSI(0.16)
407,PLR-REAL-Political,0.5834920634920635,0.7768288439366715,2.019047619047619,ST-GBR-EPSI(0.16)
408,PLR-REAL-Political,0.6126984126984126,0.7734734919390617,2.038095238095238,ST-GBR-EPSI(0.16)
409,PLR-REAL-Political,0.5892063492063492,0.7667682029233497,2.0,ST-GBR-EPSI(0.16)
410,PLR-REAL-Political,0.5603773584905659,0.7495344537523773,1.9528301886792452,ST-GBR-EPSI(0.16)
411,PLR-REAL-Political,0.5427672955974844,0.7439311688922196,1.9056603773584906,ST-GBR-EPSI(0.16)
412,PLR-REAL-Political,0.5987421383647799,0.746661465786955,2.150943396226415,ST-GBR-EPSI(0.16)
413,PLR-REAL-Political,0.5187301587301587,0.7596210719770181,2.019047619047619,ST-GBR-EPSI(0.16)
414,PLR-REAL-Political,0.5955555555555555,0.7481548926050868,2.0095238095238095,ST-GBR-EPSI(0.16)
415,PLR-REAL-Political,0.6222222222222223,0.7574616448308265,1.9904761904761905,ST-GBR-EPSI(0.16)
416,PLR-REAL-Political,0.6082539682539682,0.756283934699798,2.0095238095238095,ST-GBR-EPSI(0.16)
417,PLR-REAL-Political,0.598095238095238,0.7505198982692023,2.0285714285714285,ST-GBR-EPSI(0.16)
418,PLR-REAL-Political,0.5987301587301587,0.7413771974360268,2.057142857142857,ST-GBR-EPSI(0.16)
419,PLR-REAL-Political,0.6361904761904763,0.7543217589947332,2.1714285714285713,ST-GBR-EPSI(0.16)
420,PLR-REAL-Political,0.5849056603773585,0.7466734274487778,2.018867924528302,ST-GBR-EPSI(0.16)
421,PLR-REAL-Political,0.5773584905660377,0.7660078069705195,1.9339622641509433,ST-GBR-EPSI(0.16)
422,PLR-REAL-Political,0.559748427672956,0.7529299082922705,2.018867924528302,ST-GBR-EPSI(0.16)
423,PLR-REAL-Political,0.6171428571428571,0.8487315433255302,1.9142857142857144,ST-GBR-EPSI(0.16)
424,PLR-REAL-Political,0.5498412698412698,0.7485144071695485,1.9904761904761905,ST-GBR-EPSI(0.16)
425,PLR-REAL-Political,0.6025396825396825,0.841408676553059,1.9904761904761905,ST-GBR-EPSI(0.16)
426,PLR-REAL-Political,0.6006349206349206,0.7350118322184365,2.057142857142857,ST-GBR-EPSI(0.16)
427,PLR-REAL-Political,0.5015873015873016,0.7373717808038439,1.9333333333333333,ST-GBR-EPSI(0.16)
428,PLR-REAL-Political,0.5695238095238095,0.8574373025527247,2.0095238095238095,ST-GBR-EPSI(0.16)
429,PLR-REAL-Political,0.593015873015873,0.8397547175655203,2.066666666666667,ST-GBR-EPSI(0.16)
430,PLR-REAL-Political,0.5836477987421383,0.752707435594023,1.971698113207547,ST-GBR-EPSI(0.16)
431,PLR-REAL-Political,0.5616352201257863,0.8392311229328171,2.009433962264151,ST-GBR-EPSI(0.16)
432,PLR-REAL-Political,0.6163522012578616,0.8665250162558135,2.141509433962264,ST-GBR-EPSI(0.16)
433,PLR-REAL-Political,0.5492063492063491,0.7379952405283667,2.0095238095238095,ST-GBR-EPSI(0.16)
434,PLR-REAL-Political,0.6222222222222222,0.8272106857701849,2.0476190476190474,ST-GBR-EPSI(0.16)
435,PLR-REAL-Political,0.5695238095238095,0.7571115607168208,2.019047619047619,ST-GBR-EPSI(0.16)
436,PLR-REAL-Political,0.6088888888888889,0.8184270796616789,2.1142857142857143,ST-GBR-EPSI(0.16)
437,PLR-REAL-Political,0.6025396825396826,0.7912938488167094,2.0476190476190474,ST-GBR-EPSI(0.16)
438,PLR-REAL-Political,0.606984126984127,0.7771197719996373,2.1333333333333333,ST-GBR-EPSI(0.16)
439,PLR-REAL-Political,0.5530158730158731,0.8424494967256653,1.9428571428571428,ST-GBR-EPSI(0.16)
440,PLR-REAL-Political,0.5880503144654088,0.8431576110684929,2.0283018867924527,ST-GBR-EPSI(0.16)
441,PLR-REAL-Political,0.5773584905660377,0.8523535717836216,2.0283018867924527,ST-GBR-EPSI(0.16)
442,PLR-REAL-Political,0.6044025157232705,0.749972487605643,2.1226415094339623,ST-GBR-EPSI(0.16)
443,PLR-REAL-Political,0.5955555555555555,0.7512250310644842,2.123809523809524,ST-GBR-EPSI(0.16)
444,PLR-REAL-Political,0.6057142857142858,0.8267763403166649,1.9619047619047618,ST-GBR-EPSI(0.16)
445,PLR-REAL-Political,0.5733333333333333,0.8590598352098816,1.980952380952381,ST-GBR-EPSI(0.16)
446,PLR-REAL-Political,0.6044444444444445,0.8295942601652729,2.0285714285714285,ST-GBR-EPSI(0.16)
447,PLR-REAL-Political,0.5326984126984128,0.848570379653764,2.019047619047619,ST-GBR-EPSI(0.16)
448,PLR-REAL-Political,0.5873015873015873,0.8555304785888457,2.057142857142857,ST-GBR-EPSI(0.16)
449,PLR-REAL-Political,0.5631746031746031,0.7355858124461464,2.0095238095238095,ST-GBR-EPSI(0.16)
450,PLR-REAL-Political,0.5138364779874214,0.7565939879531868,1.7547169811320755,ST-GBR-EPSI(0.18)
451,PLR-REAL-Political,0.5528301886792453,0.8201302780120491,1.8867924528301887,ST-GBR-EPSI(0.18)
452,PLR-REAL-Political,0.530817610062893,0.7551666148216565,1.830188679245283,ST-GBR-EPSI(0.18)
453,PLR-REAL-Political,0.5276190476190477,0.7435684720368122,1.7523809523809524,ST-GBR-EPSI(0.18)
454,PLR-REAL-Political,0.4971428571428571,0.7549043537584998,1.7333333333333334,ST-GBR-EPSI(0.18)
455,PLR-REAL-Political,0.5041269841269842,0.7688576920168207,1.8,ST-GBR-EPSI(0.18)
456,PLR-REAL-Political,0.4615873015873016,0.7653009193446882,1.6666666666666667,ST-GBR-EPSI(0.18)
457,PLR-REAL-Political,0.5225396825396826,0.7514028034043904,1.7809523809523808,ST-GBR-EPSI(0.18)
458,PLR-REAL-Political,0.5511111111111112,0.7938472603970438,1.819047619047619,ST-GBR-EPSI(0.18)
459,PLR-REAL-Political,0.5485714285714286,0.7163660641364017,1.8095238095238095,ST-GBR-EPSI(0.18)
460,PLR-REAL-Political,0.5289308176100629,0.7424243806222476,1.820754716981132,ST-GBR-EPSI(0.18)
461,PLR-REAL-Political,0.5031446540880503,0.7476162523823583,1.650943396226415,ST-GBR-EPSI(0.18)
462,PLR-REAL-Political,0.5169811320754717,0.724164490740168,1.8396226415094339,ST-GBR-EPSI(0.18)
463,PLR-REAL-Political,0.45206349206349206,0.7296082571547822,1.7428571428571429,ST-GBR-EPSI(0.18)
464,PLR-REAL-Political,0.5333333333333333,0.7478057538705429,1.7428571428571429,ST-GBR-EPSI(0.18)
465,PLR-REAL-Political,0.5612698412698413,0.7152935199981766,1.7809523809523808,ST-GBR-EPSI(0.18)
466,PLR-REAL-Political,0.5599999999999999,0.7486557748240277,1.8095238095238095,ST-GBR-EPSI(0.18)
467,PLR-REAL-Political,0.539047619047619,0.7449505083335113,1.8476190476190477,ST-GBR-EPSI(0.18)
468,PLR-REAL-Political,0.540952380952381,0.8203448936333382,1.838095238095238,ST-GBR-EPSI(0.18)
469,PLR-REAL-Political,0.5466666666666666,0.7439475290821771,1.7714285714285714,ST-GBR-EPSI(0.18)
470,PLR-REAL-Political,0.5578616352201259,0.7489071908738362,1.8962264150943395,ST-GBR-EPSI(0.18)
471,PLR-REAL-Political,0.5188679245283019,0.7642125998346835,1.7735849056603774,ST-GBR-EPSI(0.18)
472,PLR-REAL-Political,0.5000000000000001,0.7490237415069401,1.7735849056603774,ST-GBR-EPSI(0.18)
473,PLR-REAL-Political,0.5758730158730159,0.8443863894893063,1.7142857142857142,ST-GBR-EPSI(0.18)
474,PLR-REAL-Political,0.4850793650793651,0.7398536861975011,1.6952380952380952,ST-GBR-EPSI(0.18)
475,PLR-REAL-Political,0.5523809523809524,0.8280468883652969,1.7333333333333334,ST-GBR-EPSI(0.18)
476,PLR-REAL-Political,0.532063492063492,0.7335951328010648,1.7714285714285714,ST-GBR-EPSI(0.18)
477,PLR-REAL-Political,0.4514285714285714,0.7308742836930676,1.723809523809524,ST-GBR-EPSI(0.18)
478,PLR-REAL-Political,0.5250793650793651,0.8511942375592755,1.8,ST-GBR-EPSI(0.18)
479,PLR-REAL-Political,0.5333333333333333,0.8393005089022916,1.8285714285714285,ST-GBR-EPSI(0.18)
480,PLR-REAL-Political,0.5433962264150943,0.7724166181029903,1.7735849056603774,ST-GBR-EPSI(0.18)
481,PLR-REAL-Political,0.5138364779874215,0.832738540458085,1.7924528301886793,ST-GBR-EPSI(0.18)
482,PLR-REAL-Political,0.5352201257861635,0.8249468609961695,1.830188679245283,ST-GBR-EPSI(0.18)
483,PLR-REAL-Political,0.4952380952380953,0.7288308925199923,1.7619047619047619,ST-GBR-EPSI(0.18)
484,PLR-REAL-Political,0.5511111111111111,0.831813042082199,1.8,ST-GBR-EPSI(0.18)
485,PLR-REAL-Political,0.5079365079365079,0.7563173153765496,1.7714285714285714,ST-GBR-EPSI(0.18)
486,PLR-REAL-Political,0.5092063492063493,0.844193879344871,1.7809523809523808,ST-GBR-EPSI(0.18)
487,PLR-REAL-Political,0.5479365079365079,0.7219248569443782,1.8095238095238095,ST-GBR-EPSI(0.18)
488,PLR-REAL-Political,0.5377777777777778,0.7640312128691895,1.8476190476190477,ST-GBR-EPSI(0.18)
489,PLR-REAL-Political,0.5015873015873016,0.8421445508057089,1.7428571428571429,ST-GBR-EPSI(0.18)
490,PLR-REAL-Political,0.5044025157232704,0.8501384408710627,1.7452830188679245,ST-GBR-EPSI(0.18)
491,PLR-REAL-Political,0.5169811320754717,0.8393703629135907,1.7547169811320755,ST-GBR-EPSI(0.18)
492,PLR-REAL-Political,0.5421383647798742,0.7429598591650598,1.8679245283018868,ST-GBR-EPSI(0.18)
493,PLR-REAL-Political,0.5403174603174603,0.7299765022195582,1.8476190476190477,ST-GBR-EPSI(0.18)
494,PLR-REAL-Political,0.5390476190476191,0.8205322153030763,1.6952380952380952,ST-GBR-EPSI(0.18)
495,PLR-REAL-Political,0.5276190476190477,0.8771733361156624,1.7809523809523808,ST-GBR-EPSI(0.18)
496,PLR-REAL-Political,0.5352380952380953,0.8229196862525507,1.7619047619047619,ST-GBR-EPSI(0.18)
497,PLR-REAL-Political,0.45269841269841266,0.8373405728481855,1.7047619047619047,ST-GBR-EPSI(0.18)
498,PLR-REAL-Political,0.5504761904761906,0.8590585879307562,1.8761904761904762,ST-GBR-EPSI(0.18)
499,PLR-REAL-Political,0.5047619047619047,0.7293419715207182,1.7619047619047619,ST-GBR-EPSI(0.18)
500,PLR-REAL-Political,0.4641509433962264,0.7479717961475031,1.6037735849056605,ST-GBR-EPSI(0.2)
501,PLR-REAL-Political,0.5157232704402516,0.810531914239717,1.6603773584905661,ST-GBR-EPSI(0.2)
502,PLR-REAL-Political,0.4660377358490566,0.7694425229172855,1.5943396226415094,ST-GBR-EPSI(0.2)
503,PLR-REAL-Political,0.48571428571428577,0.7593610656062237,1.5714285714285714,ST-GBR-EPSI(0.2)
504,PLR-REAL-Political,0.44253968253968257,0.7540568475574649,1.5238095238095237,ST-GBR-EPSI(0.2)
505,PLR-REAL-Political,0.453968253968254,0.7443896506484835,1.5904761904761904,ST-GBR-EPSI(0.2)
506,PLR-REAL-Political,0.42412698412698413,0.7634421970277201,1.5142857142857142,ST-GBR-EPSI(0.2)
507,PLR-REAL-Political,0.4977777777777778,0.7596802136382869,1.619047619047619,ST-GBR-EPSI(0.2)
508,PLR-REAL-Political,0.5161904761904762,0.7318076298270472,1.6952380952380952,ST-GBR-EPSI(0.2)
509,PLR-REAL-Political,0.49714285714285716,0.7294554879890877,1.6,ST-GBR-EPSI(0.2)
510,PLR-REAL-Political,0.4924528301886792,0.7442764755207121,1.6415094339622642,ST-GBR-EPSI(0.2)
511,PLR-REAL-Political,0.4729559748427673,0.8160130281621609,1.5188679245283019,ST-GBR-EPSI(0.2)
512,PLR-REAL-Political,0.48742138364779874,0.7789864603063853,1.679245283018868,ST-GBR-EPSI(0.2)
513,PLR-REAL-Political,0.40190476190476193,0.7577013513076916,1.4857142857142858,ST-GBR-EPSI(0.2)
514,PLR-REAL-Political,0.47301587301587306,0.7449816384268929,1.5714285714285714,ST-GBR-EPSI(0.2)
515,PLR-REAL-Political,0.5168253968253969,0.7272870657843241,1.6285714285714286,ST-GBR-EPSI(0.2)
516,PLR-REAL-Political,0.45142857142857146,0.7641372866148607,1.542857142857143,ST-GBR-EPSI(0.2)
517,PLR-REAL-Political,0.4634920634920635,0.7616990282488914,1.6,ST-GBR-EPSI(0.2)
518,PLR-REAL-Political,0.47301587301587306,0.7791926157674334,1.6285714285714286,ST-GBR-EPSI(0.2)
519,PLR-REAL-Political,0.49714285714285716,0.7269536396047338,1.6,ST-GBR-EPSI(0.2)
520,PLR-REAL-Political,0.5276729559748428,0.7377766128332748,1.7358490566037736,ST-GBR-EPSI(0.2)
521,PLR-REAL-Political,0.459119496855346,0.7522019661939444,1.5943396226415094,ST-GBR-EPSI(0.2)
522,PLR-REAL-Political,0.46226415094339623,0.7574191934686639,1.6132075471698113,ST-GBR-EPSI(0.2)
523,PLR-REAL-Political,0.5371428571428571,0.8491757629195397,1.5809523809523809,ST-GBR-EPSI(0.2)
524,PLR-REAL-Political,0.45777777777777773,0.7681911498162216,1.5714285714285714,ST-GBR-EPSI(0.2)
525,PLR-REAL-Political,0.5085714285714286,0.8419676854119761,1.5714285714285714,ST-GBR-EPSI(0.2)
526,PLR-REAL-Political,0.46222222222222226,0.7650156473068356,1.5523809523809524,ST-GBR-EPSI(0.2)
527,PLR-REAL-Political,0.4133333333333334,0.7340938525804112,1.5333333333333334,ST-GBR-EPSI(0.2)
528,PLR-REAL-Political,0.4596825396825397,0.8291332420793929,1.5809523809523809,ST-GBR-EPSI(0.2)
529,PLR-REAL-Political,0.4844444444444445,0.8346028374276002,1.619047619047619,ST-GBR-EPSI(0.2)
530,PLR-REAL-Political,0.4679245283018868,0.8200311399635083,1.5660377358490567,ST-GBR-EPSI(0.2)
531,PLR-REAL-Political,0.47295597484276736,0.8461136851027214,1.5943396226415094,ST-GBR-EPSI(0.2)
532,PLR-REAL-Political,0.47358490566037736,0.8186550448406208,1.6320754716981132,ST-GBR-EPSI(0.2)
533,PLR-REAL-Political,0.4336507936507937,0.7476760110515691,1.5238095238095237,ST-GBR-EPSI(0.2)
534,PLR-REAL-Political,0.507936507936508,0.8274793447123608,1.6095238095238096,ST-GBR-EPSI(0.2)
535,PLR-REAL-Political,0.48507936507936505,0.7948513151997004,1.6095238095238096,ST-GBR-EPSI(0.2)
536,PLR-REAL-Political,0.4501587301587302,0.847004441520682,1.5809523809523809,ST-GBR-EPSI(0.2)
537,PLR-REAL-Political,0.5041269841269842,0.7530039931218893,1.619047619047619,ST-GBR-EPSI(0.2)
538,PLR-REAL-Political,0.4838095238095238,0.7355774416019385,1.6476190476190475,ST-GBR-EPSI(0.2)
539,PLR-REAL-Political,0.45206349206349206,0.8325824736128736,1.561904761904762,ST-GBR-EPSI(0.2)
540,PLR-REAL-Political,0.45220125786163523,0.8461584782563492,1.5943396226415094,ST-GBR-EPSI(0.2)
541,PLR-REAL-Political,0.49433962264150944,0.8256499967727382,1.6415094339622642,ST-GBR-EPSI(0.2)
542,PLR-REAL-Political,0.47169811320754723,0.7387728000828243,1.5943396226415094,ST-GBR-EPSI(0.2)
543,PLR-REAL-Political,0.47809523809523813,0.738861083354133,1.5809523809523809,ST-GBR-EPSI(0.2)
544,PLR-REAL-Political,0.5168253968253969,0.817819113716485,1.6095238095238096,ST-GBR-EPSI(0.2)
545,PLR-REAL-Political,0.4850793650793651,0.8609340868214141,1.6,ST-GBR-EPSI(0.2)
546,PLR-REAL-Political,0.4787301587301588,0.7488537121123929,1.619047619047619,ST-GBR-EPSI(0.2)
547,PLR-REAL-Political,0.41206349206349213,0.8157656799729137,1.542857142857143,ST-GBR-EPSI(0.2)
548,PLR-REAL-Political,0.49079365079365084,0.8454218786624816,1.6952380952380952,ST-GBR-EPSI(0.2)
549,PLR-REAL-Political,0.44317460317460317,0.7388350192364801,1.5238095238095237,ST-GBR-EPSI(0.2)
550,PLR-REAL-Political,0.610691823899371,1.9340465162464713,6.0,Chain-GBR-RR-EPSI(0.0)
551,PLR-REAL-Political,0.570440251572327,1.9210498301196552,6.0,Chain-GBR-RR-EPSI(0.0)
552,PLR-REAL-Political,0.5823899371069182,1.9252889687798684,6.0,Chain-GBR-RR-EPSI(0.0)
553,PLR-REAL-Political,0.5536507936507936,1.9254704100252564,6.0,Chain-GBR-RR-EPSI(0.0)
554,PLR-REAL-Political,0.5866666666666667,1.9301548222552973,6.0,Chain-GBR-RR-EPSI(0.0)
555,PLR-REAL-Political,0.5898412698412697,1.9279560908037139,6.0,Chain-GBR-RR-EPSI(0.0)
556,PLR-REAL-Political,0.6076190476190476,1.9506828004933296,6.0,Chain-GBR-RR-EPSI(0.0)
557,PLR-REAL-Political,0.5199999999999999,1.92674680171127,6.0,Chain-GBR-RR-EPSI(0.0)
558,PLR-REAL-Political,0.5968253968253967,1.9222432717498608,6.0,Chain-GBR-RR-EPSI(0.0)
559,PLR-REAL-Political,0.5879365079365079,1.9402566253307134,6.0,Chain-GBR-RR-EPSI(0.0)
560,PLR-REAL-Political,0.5666666666666667,1.9244770403094453,6.0,Chain-GBR-RR-EPSI(0.0)
561,PLR-REAL-Political,0.5654088050314465,1.9290646783949144,6.0,Chain-GBR-RR-EPSI(0.0)
562,PLR-REAL-Political,0.6132075471698112,1.9292255156995377,6.0,Chain-GBR-RR-EPSI(0.0)
563,PLR-REAL-Political,0.5936507936507937,1.927716516471937,6.0,Chain-GBR-RR-EPSI(0.0)
564,PLR-REAL-Political,0.5695238095238095,1.9288559798738942,6.0,Chain-GBR-RR-EPSI(0.0)
565,PLR-REAL-Political,0.5549206349206349,1.9262263584496344,6.0,Chain-GBR-RR-EPSI(0.0)
566,PLR-REAL-Political,0.5676190476190476,1.925567519338479,6.0,Chain-GBR-RR-EPSI(0.0)
567,PLR-REAL-Political,0.586031746031746,1.9278400168995762,6.0,Chain-GBR-RR-EPSI(0.0)
568,PLR-REAL-Political,0.5841269841269842,1.9255558408162485,6.0,Chain-GBR-RR-EPSI(0.0)
569,PLR-REAL-Political,0.591111111111111,1.9242960324548275,6.0,Chain-GBR-RR-EPSI(0.0)
570,PLR-REAL-Political,0.569811320754717,1.920312157105942,6.0,Chain-GBR-RR-EPSI(0.0)
571,PLR-REAL-Political,0.5754716981132075,1.9270038027182381,6.0,Chain-GBR-RR-EPSI(0.0)
572,PLR-REAL-Political,0.5968553459119498,1.9353974440561574,6.0,Chain-GBR-RR-EPSI(0.0)
573,PLR-REAL-Political,0.5428571428571428,1.9684146948465502,6.0,Chain-GBR-RR-EPSI(0.0)
574,PLR-REAL-Political,0.5974603174603174,1.9744324843094159,6.0,Chain-GBR-RR-EPSI(0.0)
575,PLR-REAL-Political,0.5815873015873015,1.9413694487600974,6.0,Chain-GBR-RR-EPSI(0.0)
576,PLR-REAL-Political,0.5815873015873015,1.9375138479360874,6.0,Chain-GBR-RR-EPSI(0.0)
577,PLR-REAL-Political,0.626031746031746,1.9458818160333784,6.0,Chain-GBR-RR-EPSI(0.0)
578,PLR-REAL-Political,0.5809523809523809,1.964651298388135,6.0,Chain-GBR-RR-EPSI(0.0)
579,PLR-REAL-Political,0.5739682539682539,1.9586262796387786,6.0,Chain-GBR-RR-EPSI(0.0)
580,PLR-REAL-Political,0.5647798742138365,1.9338798313724221,6.0,Chain-GBR-RR-EPSI(0.0)
581,PLR-REAL-Political,0.5679245283018868,1.9327323752990084,6.0,Chain-GBR-RR-EPSI(0.0)
582,PLR-REAL-Political,0.5830188679245283,2.0688194376965963,6.0,Chain-GBR-RR-EPSI(0.0)
583,PLR-REAL-Political,0.5809523809523809,1.9458728717099711,6.0,Chain-GBR-RR-EPSI(0.0)
584,PLR-REAL-Political,0.5574603174603174,1.9248475244672276,6.0,Chain-GBR-RR-EPSI(0.0)
585,PLR-REAL-Political,0.5726984126984126,1.944910670529937,6.0,Chain-GBR-RR-EPSI(0.0)
586,PLR-REAL-Political,0.5892063492063492,1.9450005219864575,6.0,Chain-GBR-RR-EPSI(0.0)
587,PLR-REAL-Political,0.5898412698412698,1.9542326461428774,6.0,Chain-GBR-RR-EPSI(0.0)
588,PLR-REAL-Political,0.5955555555555556,1.9422938205169573,6.0,Chain-GBR-RR-EPSI(0.0)
589,PLR-REAL-Political,0.6126984126984126,1.959668667512232,6.0,Chain-GBR-RR-EPSI(0.0)
590,PLR-REAL-Political,0.6056603773584905,1.944141650060698,6.0,Chain-GBR-RR-EPSI(0.0)
591,PLR-REAL-Political,0.570440251572327,1.9464465057039282,6.0,Chain-GBR-RR-EPSI(0.0)
592,PLR-REAL-Political,0.5735849056603773,1.9431123823367116,6.0,Chain-GBR-RR-EPSI(0.0)
593,PLR-REAL-Political,0.5847619047619046,1.9612288227766748,6.0,Chain-GBR-RR-EPSI(0.0)
594,PLR-REAL-Political,0.5263492063492063,1.9569788985759737,6.0,Chain-GBR-RR-EPSI(0.0)
595,PLR-REAL-Political,0.5866666666666666,1.941912353871228,6.0,Chain-GBR-RR-EPSI(0.0)
596,PLR-REAL-Political,0.5853968253968252,1.9314883360602049,6.0,Chain-GBR-RR-EPSI(0.0)
597,PLR-REAL-Political,0.6158730158730158,1.9550433839365573,6.0,Chain-GBR-RR-EPSI(0.0)
598,PLR-REAL-Political,0.5631746031746031,1.935246215684144,6.0,Chain-GBR-RR-EPSI(0.0)
599,PLR-REAL-Political,0.5828571428571429,1.9395698171797087,6.0,Chain-GBR-RR-EPSI(0.0)
600,PLR-REAL-Political,0.6163522012578617,1.9299743244679621,5.622641509433962,Chain-GBR-RR-EPSI(0.01)
601,PLR-REAL-Political,0.5924528301886793,1.9291482258272599,5.547169811320755,Chain-GBR-RR-EPSI(0.01)
602,PLR-REAL-Political,0.5968553459119498,1.9301449857436528,5.632075471698113,Chain-GBR-RR-EPSI(0.01)
603,PLR-REAL-Political,0.5682539682539682,1.925165741296587,5.6571428571428575,Chain-GBR-RR-EPSI(0.01)
604,PLR-REAL-Political,0.6057142857142858,1.9317461067921737,5.628571428571429,Chain-GBR-RR-EPSI(0.01)
605,PLR-REAL-Political,0.606984126984127,1.933518547705346,5.6571428571428575,Chain-GBR-RR-EPSI(0.01)
606,PLR-REAL-Political,0.6228571428571428,1.93341806124131,5.647619047619048,Chain-GBR-RR-EPSI(0.01)
607,PLR-REAL-Political,0.5377777777777777,1.9256148370392119,5.6380952380952385,Chain-GBR-RR-EPSI(0.01)
608,PLR-REAL-Political,0.6082539682539684,1.9231824953359922,5.628571428571429,Chain-GBR-RR-EPSI(0.01)
609,PLR-REAL-Political,0.606984126984127,1.9382135501072093,5.552380952380952,Chain-GBR-RR-EPSI(0.01)
610,PLR-REAL-Political,0.588679245283019,1.9313075710946777,5.622641509433962,Chain-GBR-RR-EPSI(0.01)
611,PLR-REAL-Political,0.5786163522012578,1.923168366964927,5.650943396226415,Chain-GBR-RR-EPSI(0.01)
612,PLR-REAL-Political,0.6251572327044024,1.9287674410305553,5.60377358490566,Chain-GBR-RR-EPSI(0.01)
613,PLR-REAL-Political,0.6057142857142858,1.9272378482067158,5.6571428571428575,Chain-GBR-RR-EPSI(0.01)
614,PLR-REAL-Political,0.5898412698412698,1.920887041373258,5.504761904761905,Chain-GBR-RR-EPSI(0.01)
615,PLR-REAL-Political,0.5752380952380952,1.9338803059718621,5.495238095238095,Chain-GBR-RR-EPSI(0.01)
616,PLR-REAL-Political,0.5866666666666666,1.920345415633676,5.647619047619048,Chain-GBR-RR-EPSI(0.01)
617,PLR-REAL-Political,0.6012698412698413,1.9329853813081719,5.6571428571428575,Chain-GBR-RR-EPSI(0.01)
618,PLR-REAL-Political,0.5987301587301588,1.922273055292663,5.6380952380952385,Chain-GBR-RR-EPSI(0.01)
619,PLR-REAL-Political,0.6152380952380954,1.9269364779754898,5.542857142857143,Chain-GBR-RR-EPSI(0.01)
620,PLR-REAL-Political,0.5949685534591195,1.9257405331893789,5.566037735849057,Chain-GBR-RR-EPSI(0.01)
621,PLR-REAL-Political,0.591823899371069,1.929685874988474,5.59433962264151,Chain-GBR-RR-EPSI(0.01)
622,PLR-REAL-Political,0.6132075471698113,1.9289961323957798,5.613207547169812,Chain-GBR-RR-EPSI(0.01)
623,PLR-REAL-Political,0.5676190476190476,1.9560390306094702,5.59047619047619,Chain-GBR-RR-EPSI(0.01)
624,PLR-REAL-Political,0.606984126984127,1.958744940097733,5.59047619047619,Chain-GBR-RR-EPSI(0.01)
625,PLR-REAL-Political,0.5942857142857143,1.9443194957691325,5.6380952380952385,Chain-GBR-RR-EPSI(0.01)
626,PLR-REAL-Political,0.6031746031746033,1.9394893426769213,5.580952380952381,Chain-GBR-RR-EPSI(0.01)
627,PLR-REAL-Political,0.6393650793650792,1.943258638502686,5.619047619047619,Chain-GBR-RR-EPSI(0.01)
628,PLR-REAL-Political,0.5961904761904762,1.9550357134236478,5.628571428571429,Chain-GBR-RR-EPSI(0.01)
629,PLR-REAL-Political,0.5885714285714286,1.9767979229130266,5.504761904761905,Chain-GBR-RR-EPSI(0.01)
630,PLR-REAL-Political,0.5786163522012578,1.9393879945773294,5.59433962264151,Chain-GBR-RR-EPSI(0.01)
631,PLR-REAL-Political,0.5823899371069183,1.9421424896854877,5.584905660377358,Chain-GBR-RR-EPSI(0.01)
632,PLR-REAL-Political,0.5987421383647799,1.9446050447153171,5.584905660377358,Chain-GBR-RR-EPSI(0.01)
633,PLR-REAL-Political,0.5980952380952381,1.9509126404603359,5.552380952380952,Chain-GBR-RR-EPSI(0.01)
634,PLR-REAL-Political,0.5828571428571427,1.9274950700231754,5.504761904761905,Chain-GBR-RR-EPSI(0.01)
635,PLR-REAL-Political,0.5892063492063492,1.939816168903197,5.6761904761904765,Chain-GBR-RR-EPSI(0.01)
636,PLR-REAL-Political,0.6044444444444443,1.9296378648606098,5.609523809523809,Chain-GBR-RR-EPSI(0.01)
637,PLR-REAL-Political,0.6101587301587302,1.956540617764086,5.542857142857143,Chain-GBR-RR-EPSI(0.01)
638,PLR-REAL-Political,0.6101587301587301,1.947308379653761,5.542857142857143,Chain-GBR-RR-EPSI(0.01)
639,PLR-REAL-Political,0.6279365079365078,1.9367990816997849,5.609523809523809,Chain-GBR-RR-EPSI(0.01)
640,PLR-REAL-Political,0.6251572327044026,1.9487590725567043,5.6415094339622645,Chain-GBR-RR-EPSI(0.01)
641,PLR-REAL-Political,0.5874213836477986,1.9656101482573962,5.632075471698113,Chain-GBR-RR-EPSI(0.01)
642,PLR-REAL-Political,0.5955974842767295,1.9407618381873704,5.60377358490566,Chain-GBR-RR-EPSI(0.01)
643,PLR-REAL-Political,0.6082539682539683,1.95074068160186,5.428571428571429,Chain-GBR-RR-EPSI(0.01)
644,PLR-REAL-Political,0.5523809523809524,1.949465156271997,5.504761904761905,Chain-GBR-RR-EPSI(0.01)
645,PLR-REAL-Political,0.5993650793650794,1.9545946666725686,5.704761904761905,Chain-GBR-RR-EPSI(0.01)
646,PLR-REAL-Political,0.6063492063492064,1.930225314984339,5.580952380952381,Chain-GBR-RR-EPSI(0.01)
647,PLR-REAL-Political,0.6323809523809525,1.954465829515792,5.580952380952381,Chain-GBR-RR-EPSI(0.01)
648,PLR-REAL-Political,0.5758730158730159,1.9385789620764835,5.6,Chain-GBR-RR-EPSI(0.01)
649,PLR-REAL-Political,0.6088888888888889,1.9546935253866136,5.561904761904762,Chain-GBR-RR-EPSI(0.01)
650,PLR-REAL-Political,0.6484276729559748,1.9270575211005536,4.726415094339623,Chain-GBR-RR-EPSI(0.03)
651,PLR-REAL-Political,0.6364779874213835,1.9236739883543703,4.80188679245283,Chain-GBR-RR-EPSI(0.03)
652,PLR-REAL-Political,0.6320754716981131,1.9415229605415185,4.90566037735849,Chain-GBR-RR-EPSI(0.03)
653,PLR-REAL-Political,0.6057142857142856,1.9239040451754383,4.923809523809524,Chain-GBR-RR-EPSI(0.03)
654,PLR-REAL-Political,0.6222222222222222,1.953837371136047,5.0095238095238095,Chain-GBR-RR-EPSI(0.03)
655,PLR-REAL-Political,0.6387301587301587,1.9266019790534339,5.066666666666666,Chain-GBR-RR-EPSI(0.03)
656,PLR-REAL-Political,0.6476190476190476,1.9322131307029615,5.0285714285714285,Chain-GBR-RR-EPSI(0.03)
657,PLR-REAL-Political,0.5739682539682539,1.923435230122086,4.933333333333334,Chain-GBR-RR-EPSI(0.03)
658,PLR-REAL-Political,0.6438095238095237,1.9261572194687802,4.895238095238096,Chain-GBR-RR-EPSI(0.03)
659,PLR-REAL-Political,0.6393650793650795,1.936485199254992,4.819047619047619,Chain-GBR-RR-EPSI(0.03)
660,PLR-REAL-Political,0.6245283018867924,1.930315004958982,4.839622641509434,Chain-GBR-RR-EPSI(0.03)
661,PLR-REAL-Political,0.6150943396226415,1.9293832206018036,4.830188679245283,Chain-GBR-RR-EPSI(0.03)
662,PLR-REAL-Political,0.6559748427672956,1.931605405746778,4.90566037735849,Chain-GBR-RR-EPSI(0.03)
663,PLR-REAL-Political,0.6304761904761905,1.9270522435951707,5.0476190476190474,Chain-GBR-RR-EPSI(0.03)
664,PLR-REAL-Political,0.6355555555555555,1.9211039728941366,4.761904761904762,Chain-GBR-RR-EPSI(0.03)
665,PLR-REAL-Political,0.6196825396825396,1.9331340843081122,4.771428571428571,Chain-GBR-RR-EPSI(0.03)
666,PLR-REAL-Political,0.6215873015873016,1.9213548073548237,4.857142857142857,Chain-GBR-RR-EPSI(0.03)
667,PLR-REAL-Political,0.6368253968253968,1.9327390065190302,4.885714285714286,Chain-GBR-RR-EPSI(0.03)
668,PLR-REAL-Political,0.6273015873015872,1.9238489670278038,4.885714285714286,Chain-GBR-RR-EPSI(0.03)
669,PLR-REAL-Political,0.6603174603174603,1.9251271424845868,4.761904761904762,Chain-GBR-RR-EPSI(0.03)
670,PLR-REAL-Political,0.640251572327044,1.9193213829598117,4.7924528301886795,Chain-GBR-RR-EPSI(0.03)
671,PLR-REAL-Political,0.6201257861635219,1.9317866203670608,4.9245283018867925,Chain-GBR-RR-EPSI(0.03)
672,PLR-REAL-Political,0.6433962264150944,1.9363027373287396,4.89622641509434,Chain-GBR-RR-EPSI(0.03)
673,PLR-REAL-Political,0.5936507936507937,1.9433456595334608,4.9714285714285715,Chain-GBR-RR-EPSI(0.03)
674,PLR-REAL-Political,0.633015873015873,1.9562335791942205,4.933333333333334,Chain-GBR-RR-EPSI(0.03)
675,PLR-REAL-Political,0.6368253968253967,1.9524438888735507,4.79047619047619,Chain-GBR-RR-EPSI(0.03)
676,PLR-REAL-Political,0.6355555555555555,1.9486418892464628,4.904761904761905,Chain-GBR-RR-EPSI(0.03)
677,PLR-REAL-Political,0.6628571428571429,1.9421254062259479,4.876190476190477,Chain-GBR-RR-EPSI(0.03)
678,PLR-REAL-Political,0.6361904761904763,1.9437972311145433,4.904761904761905,Chain-GBR-RR-EPSI(0.03)
679,PLR-REAL-Political,0.6292063492063492,1.9585960648461758,4.771428571428571,Chain-GBR-RR-EPSI(0.03)
680,PLR-REAL-Political,0.6031446540880503,1.92887203750923,5.066037735849057,Chain-GBR-RR-EPSI(0.03)
681,PLR-REAL-Political,0.6056603773584905,1.9393640622110373,4.877358490566038,Chain-GBR-RR-EPSI(0.03)
682,PLR-REAL-Political,0.649685534591195,1.9424661354290584,4.669811320754717,Chain-GBR-RR-EPSI(0.03)
683,PLR-REAL-Political,0.6311111111111111,1.9627789857061584,4.866666666666666,Chain-GBR-RR-EPSI(0.03)
684,PLR-REAL-Political,0.6152380952380951,1.929160703778106,4.838095238095238,Chain-GBR-RR-EPSI(0.03)
685,PLR-REAL-Political,0.6088888888888888,1.9502541590958797,4.942857142857143,Chain-GBR-RR-EPSI(0.03)
686,PLR-REAL-Political,0.6355555555555557,1.9352659864655468,4.866666666666666,Chain-GBR-RR-EPSI(0.03)
687,PLR-REAL-Political,0.6387301587301588,1.959559810115624,4.771428571428571,Chain-GBR-RR-EPSI(0.03)
688,PLR-REAL-Political,0.6450793650793649,1.9566082085532337,4.857142857142857,Chain-GBR-RR-EPSI(0.03)
689,PLR-REAL-Political,0.6628571428571429,1.9372554555506727,4.809523809523809,Chain-GBR-RR-EPSI(0.03)
690,PLR-REAL-Political,0.6452830188679246,1.9530748675588145,5.122641509433962,Chain-GBR-RR-EPSI(0.03)
691,PLR-REAL-Political,0.6345911949685534,1.958512635447668,4.80188679245283,Chain-GBR-RR-EPSI(0.03)
692,PLR-REAL-Political,0.6289308176100628,1.9419985815961753,4.7924528301886795,Chain-GBR-RR-EPSI(0.03)
693,PLR-REAL-Political,0.6444444444444444,1.9370823814344433,4.733333333333333,Chain-GBR-RR-EPSI(0.03)
694,PLR-REAL-Political,0.580952380952381,1.9466778861579357,4.809523809523809,Chain-GBR-RR-EPSI(0.03)
695,PLR-REAL-Political,0.6184126984126984,1.9662279283466395,5.019047619047619,Chain-GBR-RR-EPSI(0.03)
696,PLR-REAL-Political,0.6533333333333333,1.9303506904153283,4.733333333333333,Chain-GBR-RR-EPSI(0.03)
697,PLR-REAL-Political,0.6546031746031746,1.9527649180363862,4.8,Chain-GBR-RR-EPSI(0.03)
698,PLR-REAL-Political,0.6082539682539683,1.9527320735988039,4.847619047619047,Chain-GBR-RR-EPSI(0.03)
699,PLR-REAL-Political,0.6355555555555557,1.9405569294955796,4.819047619047619,Chain-GBR-RR-EPSI(0.03)
700,PLR-REAL-Political,0.6767295597484275,1.9278029890516835,4.066037735849057,Chain-GBR-RR-EPSI(0.05)
701,PLR-REAL-Political,0.660377358490566,1.9380526768641408,4.179245283018868,Chain-GBR-RR-EPSI(0.05)
702,PLR-REAL-Political,0.6553459119496855,1.9316580444240927,4.169811320754717,Chain-GBR-RR-EPSI(0.05)
703,PLR-REAL-Political,0.6488888888888888,1.9302343132394837,4.3619047619047615,Chain-GBR-RR-EPSI(0.05)
704,PLR-REAL-Political,0.6501587301587302,1.927836661828174,4.438095238095238,Chain-GBR-RR-EPSI(0.05)
705,PLR-REAL-Political,0.6806349206349205,1.933297491978865,4.352380952380952,Chain-GBR-RR-EPSI(0.05)
706,PLR-REAL-Political,0.6609523809523808,1.9305436627902082,4.3619047619047615,Chain-GBR-RR-EPSI(0.05)
707,PLR-REAL-Political,0.6038095238095238,1.9324710510232002,4.247619047619048,Chain-GBR-RR-EPSI(0.05)
708,PLR-REAL-Political,0.6692063492063492,1.922342903226861,4.304761904761905,Chain-GBR-RR-EPSI(0.05)
709,PLR-REAL-Political,0.6838095238095238,1.9352479982052515,4.238095238095238,Chain-GBR-RR-EPSI(0.05)
710,PLR-REAL-Political,0.6622641509433963,1.9355480964437377,4.216981132075472,Chain-GBR-RR-EPSI(0.05)
711,PLR-REAL-Political,0.6509433962264151,1.926029959165629,4.2075471698113205,Chain-GBR-RR-EPSI(0.05)
712,PLR-REAL-Political,0.6943396226415094,1.9304034296433419,4.216981132075472,Chain-GBR-RR-EPSI(0.05)
713,PLR-REAL-Political,0.6634920634920634,1.9207672419541888,4.352380952380952,Chain-GBR-RR-EPSI(0.05)
714,PLR-REAL-Political,0.6628571428571429,1.9261119964253222,4.161904761904762,Chain-GBR-RR-EPSI(0.05)
715,PLR-REAL-Political,0.6406349206349207,1.9229617157513983,4.161904761904762,Chain-GBR-RR-EPSI(0.05)
716,PLR-REAL-Political,0.6514285714285715,1.9312171180076205,4.295238095238095,Chain-GBR-RR-EPSI(0.05)
717,PLR-REAL-Political,0.6819047619047619,1.9239082012357926,4.276190476190476,Chain-GBR-RR-EPSI(0.05)
718,PLR-REAL-Political,0.6622222222222222,1.921928283148555,4.285714285714286,Chain-GBR-RR-EPSI(0.05)
719,PLR-REAL-Political,0.6812698412698414,1.9219991505267267,4.142857142857143,Chain-GBR-RR-EPSI(0.05)
720,PLR-REAL-Political,0.6597484276729558,1.9274483597055927,4.254716981132075,Chain-GBR-RR-EPSI(0.05)
721,PLR-REAL-Political,0.6584905660377358,1.9319020579902042,4.150943396226415,Chain-GBR-RR-EPSI(0.05)
722,PLR-REAL-Political,0.6742138364779873,1.9406118986532925,4.235849056603773,Chain-GBR-RR-EPSI(0.05)
723,PLR-REAL-Political,0.6336507936507937,1.940509435736056,4.238095238095238,Chain-GBR-RR-EPSI(0.05)
724,PLR-REAL-Political,0.6787301587301587,1.9437074814336426,4.190476190476191,Chain-GBR-RR-EPSI(0.05)
725,PLR-REAL-Political,0.6673015873015873,1.94622615175644,4.228571428571429,Chain-GBR-RR-EPSI(0.05)
726,PLR-REAL-Political,0.6577777777777779,1.9410477756782445,4.20952380952381,Chain-GBR-RR-EPSI(0.05)
727,PLR-REAL-Political,0.6952380952380952,1.9504643943720874,4.238095238095238,Chain-GBR-RR-EPSI(0.05)
728,PLR-REAL-Political,0.6704761904761906,1.9525089708623116,4.219047619047619,Chain-GBR-RR-EPSI(0.05)
729,PLR-REAL-Political,0.6552380952380952,1.9554947743530113,4.219047619047619,Chain-GBR-RR-EPSI(0.05)
730,PLR-REAL-Political,0.6528301886792454,1.9248935184467078,4.490566037735849,Chain-GBR-RR-EPSI(0.05)
731,PLR-REAL-Political,0.6433962264150942,1.9549111279230047,4.245283018867925,Chain-GBR-RR-EPSI(0.05)
732,PLR-REAL-Political,0.6729559748427674,1.9458181131565024,4.150943396226415,Chain-GBR-RR-EPSI(0.05)
733,PLR-REAL-Political,0.6526984126984128,1.9601761153838666,4.247619047619048,Chain-GBR-RR-EPSI(0.05)
734,PLR-REAL-Political,0.6393650793650792,1.9387611696703497,4.20952380952381,Chain-GBR-RR-EPSI(0.05)
735,PLR-REAL-Political,0.6285714285714284,1.9507962169290765,4.352380952380952,Chain-GBR-RR-EPSI(0.05)
736,PLR-REAL-Political,0.648888888888889,1.9264006464904,4.3238095238095235,Chain-GBR-RR-EPSI(0.05)
737,PLR-REAL-Political,0.6761904761904763,1.9476748888211837,4.180952380952381,Chain-GBR-RR-EPSI(0.05)
738,PLR-REAL-Political,0.6857142857142856,1.9528740871906711,4.180952380952381,Chain-GBR-RR-EPSI(0.05)
739,PLR-REAL-Political,0.7003174603174601,1.958190805964108,4.190476190476191,Chain-GBR-RR-EPSI(0.05)
740,PLR-REAL-Political,0.6742138364779875,1.9395230449700256,4.443396226415095,Chain-GBR-RR-EPSI(0.05)
741,PLR-REAL-Political,0.6553459119496855,1.9557210896782795,4.188679245283019,Chain-GBR-RR-EPSI(0.05)
742,PLR-REAL-Political,0.6691823899371068,1.9380778217270689,4.132075471698113,Chain-GBR-RR-EPSI(0.05)
743,PLR-REAL-Political,0.6869841269841269,1.9489120830324582,4.180952380952381,Chain-GBR-RR-EPSI(0.05)
744,PLR-REAL-Political,0.6190476190476191,1.9399144900279215,4.2,Chain-GBR-RR-EPSI(0.05)
745,PLR-REAL-Political,0.6495238095238095,1.9513017572527582,4.304761904761905,Chain-GBR-RR-EPSI(0.05)
746,PLR-REAL-Political,0.6819047619047619,1.933178293263682,4.142857142857143,Chain-GBR-RR-EPSI(0.05)
747,PLR-REAL-Political,0.6685714285714286,1.9627454841624925,4.20952380952381,Chain-GBR-RR-EPSI(0.05)
748,PLR-REAL-Political,0.6425396825396825,1.9290381238563052,4.180952380952381,Chain-GBR-RR-EPSI(0.05)
749,PLR-REAL-Political,0.6590476190476192,1.9467643352731239,4.276190476190476,Chain-GBR-RR-EPSI(0.05)
750,PLR-REAL-Political,0.7000000000000001,1.9295421282069063,3.5660377358490565,Chain-GBR-RR-EPSI(0.07)
751,PLR-REAL-Political,0.6993710691823899,1.9354764627704262,3.5943396226415096,Chain-GBR-RR-EPSI(0.07)
752,PLR-REAL-Political,0.6742138364779873,1.954917086981963,3.6132075471698113,Chain-GBR-RR-EPSI(0.07)
753,PLR-REAL-Political,0.6730158730158731,1.9486285940279287,3.742857142857143,Chain-GBR-RR-EPSI(0.07)
754,PLR-REAL-Political,0.6723809523809523,1.9277104044837534,3.9047619047619047,Chain-GBR-RR-EPSI(0.07)
755,PLR-REAL-Political,0.6958730158730159,1.9395284825347294,3.6857142857142855,Chain-GBR-RR-EPSI(0.07)
756,PLR-REAL-Political,0.6907936507936507,1.9325655756338327,3.7333333333333334,Chain-GBR-RR-EPSI(0.07)
757,PLR-REAL-Political,0.6412698412698412,1.9304923674398096,3.5714285714285716,Chain-GBR-RR-EPSI(0.07)
758,PLR-REAL-Political,0.6996825396825396,1.924941767132628,3.704761904761905,Chain-GBR-RR-EPSI(0.07)
759,PLR-REAL-Political,0.7047619047619048,1.9339106820200502,3.6666666666666665,Chain-GBR-RR-EPSI(0.07)
760,PLR-REAL-Political,0.6723270440251573,1.9304175053035364,3.660377358490566,Chain-GBR-RR-EPSI(0.07)
761,PLR-REAL-Political,0.6779874213836479,1.927051422729138,3.69811320754717,Chain-GBR-RR-EPSI(0.07)
762,PLR-REAL-Political,0.7113207547169812,1.9315276303331543,3.69811320754717,Chain-GBR-RR-EPSI(0.07)
763,PLR-REAL-Political,0.6761904761904762,1.9281565127664766,3.7523809523809524,Chain-GBR-RR-EPSI(0.07)
764,PLR-REAL-Political,0.6844444444444444,1.925401003256836,3.657142857142857,Chain-GBR-RR-EPSI(0.07)
765,PLR-REAL-Political,0.6558730158730158,1.9230886563100182,3.6,Chain-GBR-RR-EPSI(0.07)
766,PLR-REAL-Political,0.6806349206349207,1.9271770938035166,3.6666666666666665,Chain-GBR-RR-EPSI(0.07)
767,PLR-REAL-Political,0.7117460317460316,1.9335029725237993,3.742857142857143,Chain-GBR-RR-EPSI(0.07)
768,PLR-REAL-Political,0.6787301587301587,1.9209886887511236,3.7142857142857144,Chain-GBR-RR-EPSI(0.07)
769,PLR-REAL-Political,0.7117460317460318,1.9251056292661988,3.552380952380952,Chain-GBR-RR-EPSI(0.07)
770,PLR-REAL-Political,0.6779874213836478,1.927185435774548,3.7735849056603774,Chain-GBR-RR-EPSI(0.07)
771,PLR-REAL-Political,0.6729559748427674,1.928749714715075,3.5754716981132075,Chain-GBR-RR-EPSI(0.07)
772,PLR-REAL-Political,0.6779874213836478,1.9388300208311384,3.650943396226415,Chain-GBR-RR-EPSI(0.07)
773,PLR-REAL-Political,0.6723809523809523,1.9585425735870021,3.7142857142857144,Chain-GBR-RR-EPSI(0.07)
774,PLR-REAL-Political,0.686984126984127,1.9491308745278288,3.723809523809524,Chain-GBR-RR-EPSI(0.07)
775,PLR-REAL-Political,0.6946031746031746,1.9504777224381018,3.6952380952380954,Chain-GBR-RR-EPSI(0.07)
776,PLR-REAL-Political,0.6780952380952381,1.942286034681233,3.7333333333333334,Chain-GBR-RR-EPSI(0.07)
777,PLR-REAL-Political,0.7028571428571428,1.9347139119400478,3.8190476190476192,Chain-GBR-RR-EPSI(0.07)
778,PLR-REAL-Political,0.6812698412698412,1.9578375230972591,3.6857142857142855,Chain-GBR-RR-EPSI(0.07)
779,PLR-REAL-Political,0.686984126984127,1.9604063309649304,3.7714285714285714,Chain-GBR-RR-EPSI(0.07)
780,PLR-REAL-Political,0.680503144654088,1.929052187994637,3.792452830188679,Chain-GBR-RR-EPSI(0.07)
781,PLR-REAL-Political,0.6459119496855344,1.944786959968118,3.839622641509434,Chain-GBR-RR-EPSI(0.07)
782,PLR-REAL-Political,0.7031446540880503,1.9354396091690147,3.69811320754717,Chain-GBR-RR-EPSI(0.07)
783,PLR-REAL-Political,0.6736507936507936,1.9577344537113344,3.676190476190476,Chain-GBR-RR-EPSI(0.07)
784,PLR-REAL-Political,0.6666666666666666,1.9384605904312713,3.6095238095238096,Chain-GBR-RR-EPSI(0.07)
785,PLR-REAL-Political,0.6666666666666666,1.9637404355403383,3.7142857142857144,Chain-GBR-RR-EPSI(0.07)
786,PLR-REAL-Political,0.6628571428571428,1.9369830986929961,3.8095238095238093,Chain-GBR-RR-EPSI(0.07)
787,PLR-REAL-Political,0.7066666666666667,1.9461026815452964,3.704761904761905,Chain-GBR-RR-EPSI(0.07)
788,PLR-REAL-Political,0.6831746031746031,1.945448019724795,3.6857142857142855,Chain-GBR-RR-EPSI(0.07)
789,PLR-REAL-Political,0.7066666666666666,1.9562715411618876,3.6476190476190475,Chain-GBR-RR-EPSI(0.07)
790,PLR-REAL-Political,0.6855345911949686,1.9415993136366156,3.792452830188679,Chain-GBR-RR-EPSI(0.07)
791,PLR-REAL-Political,0.6861635220125786,1.9540070980846107,3.688679245283019,Chain-GBR-RR-EPSI(0.07)
792,PLR-REAL-Political,0.6943396226415095,1.9442645777851975,3.6037735849056602,Chain-GBR-RR-EPSI(0.07)
793,PLR-REAL-Political,0.7066666666666666,1.951441584858298,3.6952380952380954,Chain-GBR-RR-EPSI(0.07)
794,PLR-REAL-Political,0.6520634920634919,1.9441233630829107,3.6857142857142855,Chain-GBR-RR-EPSI(0.07)
795,PLR-REAL-Political,0.6787301587301587,1.9750624770248566,3.6857142857142855,Chain-GBR-RR-EPSI(0.07)
796,PLR-REAL-Political,0.706031746031746,1.9279151018217213,3.676190476190476,Chain-GBR-RR-EPSI(0.07)
797,PLR-REAL-Political,0.6711111111111111,1.966723644565766,3.780952380952381,Chain-GBR-RR-EPSI(0.07)
798,PLR-REAL-Political,0.6711111111111111,1.934183712265294,3.6095238095238096,Chain-GBR-RR-EPSI(0.07)
799,PLR-REAL-Political,0.678095238095238,1.9618819169087836,3.6857142857142855,Chain-GBR-RR-EPSI(0.07)
800,PLR-REAL-Political,0.7113207547169812,1.960369196597071,3.2169811320754715,Chain-GBR-RR-EPSI(0.09)
801,PLR-REAL-Political,0.6943396226415094,1.92303454423051,3.1132075471698113,Chain-GBR-RR-EPSI(0.09)
802,PLR-REAL-Political,0.6635220125786163,1.9341701346894062,3.2169811320754715,Chain-GBR-RR-EPSI(0.09)
803,PLR-REAL-Political,0.6882539682539682,1.935722364290095,3.3523809523809525,Chain-GBR-RR-EPSI(0.09)
804,PLR-REAL-Political,0.688888888888889,1.9301524314075984,3.4,Chain-GBR-RR-EPSI(0.09)
805,PLR-REAL-Political,0.6831746031746031,1.9391640769967655,3.257142857142857,Chain-GBR-RR-EPSI(0.09)
806,PLR-REAL-Political,0.707936507936508,1.9332377912901437,3.1809523809523808,Chain-GBR-RR-EPSI(0.09)
807,PLR-REAL-Political,0.6457142857142857,1.9223895694891493,3.123809523809524,Chain-GBR-RR-EPSI(0.09)
808,PLR-REAL-Political,0.7111111111111111,1.9210155494511052,3.219047619047619,Chain-GBR-RR-EPSI(0.09)
809,PLR-REAL-Political,0.7257142857142856,1.9296083190344706,3.2095238095238097,Chain-GBR-RR-EPSI(0.09)
810,PLR-REAL-Political,0.6823899371069182,1.924739745586562,3.2264150943396226,Chain-GBR-RR-EPSI(0.09)
811,PLR-REAL-Political,0.6742138364779875,1.9248695280358787,3.292452830188679,Chain-GBR-RR-EPSI(0.09)
812,PLR-REAL-Political,0.7018867924528303,1.921143582094497,3.2547169811320753,Chain-GBR-RR-EPSI(0.09)
813,PLR-REAL-Political,0.6584126984126983,1.9209717669645212,3.323809523809524,Chain-GBR-RR-EPSI(0.09)
814,PLR-REAL-Political,0.7117460317460318,1.9322546276212513,3.1523809523809523,Chain-GBR-RR-EPSI(0.09)
815,PLR-REAL-Political,0.6768253968253969,1.923755880151497,3.0952380952380953,Chain-GBR-RR-EPSI(0.09)
816,PLR-REAL-Political,0.686984126984127,1.9253219335777996,3.1809523809523808,Chain-GBR-RR-EPSI(0.09)
817,PLR-REAL-Political,0.7092063492063492,1.934166681536198,3.257142857142857,Chain-GBR-RR-EPSI(0.09)
818,PLR-REAL-Political,0.6768253968253968,1.9219989385320184,3.2476190476190476,Chain-GBR-RR-EPSI(0.09)
819,PLR-REAL-Political,0.7117460317460319,1.925048570264026,3.1333333333333333,Chain-GBR-RR-EPSI(0.09)
820,PLR-REAL-Political,0.6886792452830188,1.9255200998709272,3.1792452830188678,Chain-GBR-RR-EPSI(0.09)
821,PLR-REAL-Political,0.6754716981132075,1.928309187996589,3.1132075471698113,Chain-GBR-RR-EPSI(0.09)
822,PLR-REAL-Political,0.6880503144654087,1.9470990634876753,3.2169811320754715,Chain-GBR-RR-EPSI(0.09)
823,PLR-REAL-Political,0.6946031746031747,1.948699168577807,3.295238095238095,Chain-GBR-RR-EPSI(0.09)
824,PLR-REAL-Political,0.6838095238095238,1.9341090604207516,3.1714285714285713,Chain-GBR-RR-EPSI(0.09)
825,PLR-REAL-Political,0.7098412698412698,1.9570769668234202,3.1714285714285713,Chain-GBR-RR-EPSI(0.09)
826,PLR-REAL-Political,0.6850793650793651,1.9457605343417184,3.2095238095238097,Chain-GBR-RR-EPSI(0.09)
827,PLR-REAL-Political,0.6965079365079365,1.9460811329263779,3.295238095238095,Chain-GBR-RR-EPSI(0.09)
828,PLR-REAL-Political,0.6819047619047619,1.9390820369593087,3.2,Chain-GBR-RR-EPSI(0.09)
829,PLR-REAL-Political,0.6920634920634922,1.9592271299743507,3.361904761904762,Chain-GBR-RR-EPSI(0.09)
830,PLR-REAL-Political,0.69937106918239,1.9335393226072548,3.160377358490566,Chain-GBR-RR-EPSI(0.09)
831,PLR-REAL-Political,0.6698113207547169,1.9395085501650478,3.311320754716981,Chain-GBR-RR-EPSI(0.09)
832,PLR-REAL-Political,0.6874213836477987,1.929291527436193,3.141509433962264,Chain-GBR-RR-EPSI(0.09)
833,PLR-REAL-Political,0.6704761904761906,1.9528182387252406,3.1714285714285713,Chain-GBR-RR-EPSI(0.09)
834,PLR-REAL-Political,0.6787301587301587,1.9428349534954288,3.1714285714285713,Chain-GBR-RR-EPSI(0.09)
835,PLR-REAL-Political,0.673015873015873,1.9746202802026795,3.2,Chain-GBR-RR-EPSI(0.09)
836,PLR-REAL-Political,0.6755555555555555,1.9481948801382396,3.1809523809523808,Chain-GBR-RR-EPSI(0.09)
837,PLR-REAL-Political,0.7295238095238096,1.9409130972075355,3.1904761904761907,Chain-GBR-RR-EPSI(0.09)
838,PLR-REAL-Political,0.7092063492063492,1.9412164887996493,3.2095238095238097,Chain-GBR-RR-EPSI(0.09)
839,PLR-REAL-Political,0.7003174603174603,1.9540124231355263,3.2095238095238097,Chain-GBR-RR-EPSI(0.09)
840,PLR-REAL-Political,0.688679245283019,1.9503438691953194,3.2264150943396226,Chain-GBR-RR-EPSI(0.09)
841,PLR-REAL-Political,0.6893081761006289,1.9558688821593917,3.160377358490566,Chain-GBR-RR-EPSI(0.09)
842,PLR-REAL-Political,0.6842767295597485,1.9430217413679973,3.2358490566037736,Chain-GBR-RR-EPSI(0.09)
843,PLR-REAL-Political,0.7136507936507936,1.9541428483931986,3.238095238095238,Chain-GBR-RR-EPSI(0.09)
844,PLR-REAL-Political,0.6666666666666665,1.9635690000808765,3.2095238095238097,Chain-GBR-RR-EPSI(0.09)
845,PLR-REAL-Political,0.6926984126984127,1.9627298872881622,3.361904761904762,Chain-GBR-RR-EPSI(0.09)
846,PLR-REAL-Political,0.706031746031746,1.9389700211067022,3.2,Chain-GBR-RR-EPSI(0.09)
847,PLR-REAL-Political,0.6774603174603174,1.952759865723962,3.361904761904762,Chain-GBR-RR-EPSI(0.09)
848,PLR-REAL-Political,0.6806349206349205,1.9424693825265238,3.1809523809523808,Chain-GBR-RR-EPSI(0.09)
849,PLR-REAL-Political,0.6831746031746032,1.9605388796624874,3.2857142857142856,Chain-GBR-RR-EPSI(0.09)
850,PLR-REAL-Political,0.6924528301886792,1.9311282092490054,2.6226415094339623,Chain-GBR-RR-EPSI(0.12)
851,PLR-REAL-Political,0.6993710691823899,1.9212626983091705,2.6226415094339623,Chain-GBR-RR-EPSI(0.12)
852,PLR-REAL-Political,0.6358490566037736,1.934044491847306,2.6037735849056602,Chain-GBR-RR-EPSI(0.12)
853,PLR-REAL-Political,0.667936507936508,1.9482870352514072,2.657142857142857,Chain-GBR-RR-EPSI(0.12)
854,PLR-REAL-Political,0.6539682539682539,1.9275945228160882,2.5428571428571427,Chain-GBR-RR-EPSI(0.12)
855,PLR-REAL-Political,0.6736507936507936,1.940595296273059,2.619047619047619,Chain-GBR-RR-EPSI(0.12)
856,PLR-REAL-Political,0.667936507936508,1.931595316501131,2.6095238095238096,Chain-GBR-RR-EPSI(0.12)
857,PLR-REAL-Political,0.6444444444444445,1.9225727809631148,2.6285714285714286,Chain-GBR-RR-EPSI(0.12)
858,PLR-REAL-Political,0.6812698412698412,1.9260272073078328,2.6666666666666665,Chain-GBR-RR-EPSI(0.12)
859,PLR-REAL-Political,0.7123809523809523,1.933714077798653,2.657142857142857,Chain-GBR-RR-EPSI(0.12)
860,PLR-REAL-Political,0.6591194968553459,1.9317520160590784,2.6792452830188678,Chain-GBR-RR-EPSI(0.12)
861,PLR-REAL-Political,0.6402515723270441,1.9288375202119172,2.6792452830188678,Chain-GBR-RR-EPSI(0.12)
862,PLR-REAL-Political,0.6955974842767295,1.9246658345754502,2.7358490566037736,Chain-GBR-RR-EPSI(0.12)
863,PLR-REAL-Political,0.6044444444444443,1.9186421176662931,2.5714285714285716,Chain-GBR-RR-EPSI(0.12)
864,PLR-REAL-Political,0.6920634920634922,1.927540138376523,2.580952380952381,Chain-GBR-RR-EPSI(0.12)
865,PLR-REAL-Political,0.6736507936507935,1.9284440734795598,2.5619047619047617,Chain-GBR-RR-EPSI(0.12)
866,PLR-REAL-Political,0.6831746031746032,1.9292809911500006,2.6476190476190475,Chain-GBR-RR-EPSI(0.12)
867,PLR-REAL-Political,0.6857142857142857,1.9209927956077348,2.638095238095238,Chain-GBR-RR-EPSI(0.12)
868,PLR-REAL-Political,0.646984126984127,1.9246251234432632,2.6476190476190475,Chain-GBR-RR-EPSI(0.12)
869,PLR-REAL-Political,0.7047619047619048,1.9250532681178703,2.6952380952380954,Chain-GBR-RR-EPSI(0.12)
870,PLR-REAL-Political,0.6641509433962264,1.9219040781240422,2.6132075471698113,Chain-GBR-RR-EPSI(0.12)
871,PLR-REAL-Political,0.6698113207547169,1.9206967725526545,2.556603773584906,Chain-GBR-RR-EPSI(0.12)
872,PLR-REAL-Political,0.6515723270440251,1.9542320554381278,2.7264150943396226,Chain-GBR-RR-EPSI(0.12)
873,PLR-REAL-Political,0.6901587301587302,1.93686209620767,2.704761904761905,Chain-GBR-RR-EPSI(0.12)
874,PLR-REAL-Political,0.6660317460317461,1.9433678871236735,2.6952380952380954,Chain-GBR-RR-EPSI(0.12)
875,PLR-REAL-Political,0.6806349206349205,1.967826136174464,2.6,Chain-GBR-RR-EPSI(0.12)
876,PLR-REAL-Political,0.6768253968253968,1.947965756741653,2.638095238095238,Chain-GBR-RR-EPSI(0.12)
877,PLR-REAL-Political,0.6501587301587302,1.9542550277404183,2.7333333333333334,Chain-GBR-RR-EPSI(0.12)
878,PLR-REAL-Political,0.6774603174603175,1.9426533111283715,2.6285714285714286,Chain-GBR-RR-EPSI(0.12)
879,PLR-REAL-Political,0.6882539682539682,1.947090787939672,2.7142857142857144,Chain-GBR-RR-EPSI(0.12)
880,PLR-REAL-Political,0.6874213836477988,1.9407349652560462,2.556603773584906,Chain-GBR-RR-EPSI(0.12)
881,PLR-REAL-Political,0.671698113207547,1.9457998665839789,2.650943396226415,Chain-GBR-RR-EPSI(0.12)
882,PLR-REAL-Political,0.6679245283018868,1.9399784201262538,2.5660377358490565,Chain-GBR-RR-EPSI(0.12)
883,PLR-REAL-Political,0.6558730158730158,1.955520487185501,2.6952380952380954,Chain-GBR-RR-EPSI(0.12)
884,PLR-REAL-Political,0.6761904761904762,1.9299751105531167,2.7142857142857144,Chain-GBR-RR-EPSI(0.12)
885,PLR-REAL-Political,0.6609523809523807,1.983654066081894,2.5619047619047617,Chain-GBR-RR-EPSI(0.12)
886,PLR-REAL-Political,0.6634920634920634,1.9366809453405975,2.6666666666666665,Chain-GBR-RR-EPSI(0.12)
887,PLR-REAL-Political,0.6984126984126984,1.9343975082391347,2.6095238095238096,Chain-GBR-RR-EPSI(0.12)
888,PLR-REAL-Political,0.6831746031746031,1.941094143387353,2.704761904761905,Chain-GBR-RR-EPSI(0.12)
889,PLR-REAL-Political,0.6825396825396824,1.9785352590138392,2.6476190476190475,Chain-GBR-RR-EPSI(0.12)
890,PLR-REAL-Political,0.6522012578616353,1.9429924227883344,2.660377358490566,Chain-GBR-RR-EPSI(0.12)
891,PLR-REAL-Political,0.6704402515723271,1.9571136461546872,2.660377358490566,Chain-GBR-RR-EPSI(0.12)
892,PLR-REAL-Political,0.691194968553459,1.9493850513317907,2.707547169811321,Chain-GBR-RR-EPSI(0.12)
893,PLR-REAL-Political,0.6850793650793651,1.9532640328990012,2.5904761904761906,Chain-GBR-RR-EPSI(0.12)
894,PLR-REAL-Political,0.6730158730158731,1.9515788121244193,2.676190476190476,Chain-GBR-RR-EPSI(0.12)
895,PLR-REAL-Political,0.695873015873016,1.9634127565343737,2.723809523809524,Chain-GBR-RR-EPSI(0.12)
896,PLR-REAL-Political,0.6984126984126985,1.9368387654247334,2.676190476190476,Chain-GBR-RR-EPSI(0.12)
897,PLR-REAL-Political,0.6558730158730158,1.975998703126615,2.6476190476190475,Chain-GBR-RR-EPSI(0.12)
898,PLR-REAL-Political,0.6342857142857142,1.9445231908893292,2.5428571428571427,Chain-GBR-RR-EPSI(0.12)
899,PLR-REAL-Political,0.6469841269841269,1.9574662277660382,2.6666666666666665,Chain-GBR-RR-EPSI(0.12)
900,PLR-REAL-Political,0.640251572327044,1.9315326260787835,2.30188679245283,Chain-GBR-RR-EPSI(0.14)
901,PLR-REAL-Political,0.6566037735849056,1.9262102715063936,2.330188679245283,Chain-GBR-RR-EPSI(0.14)
902,PLR-REAL-Political,0.6075471698113208,1.9306988112429586,2.292452830188679,Chain-GBR-RR-EPSI(0.14)
903,PLR-REAL-Political,0.627936507936508,1.9449731682110158,2.323809523809524,Chain-GBR-RR-EPSI(0.14)
904,PLR-REAL-Political,0.6203174603174603,1.9278723762514356,2.2476190476190476,Chain-GBR-RR-EPSI(0.14)
905,PLR-REAL-Political,0.6228571428571429,1.9356701808727512,2.2095238095238097,Chain-GBR-RR-EPSI(0.14)
906,PLR-REAL-Political,0.6234920634920635,1.9302635201879987,2.3047619047619046,Chain-GBR-RR-EPSI(0.14)
907,PLR-REAL-Political,0.638095238095238,1.9280629481898413,2.323809523809524,Chain-GBR-RR-EPSI(0.14)
908,PLR-REAL-Political,0.641904761904762,1.9236873979460782,2.3714285714285714,Chain-GBR-RR-EPSI(0.14)
909,PLR-REAL-Political,0.6876190476190477,1.9329233772732661,2.3904761904761904,Chain-GBR-RR-EPSI(0.14)
910,PLR-REAL-Political,0.6169811320754718,1.9284524401535876,2.30188679245283,Chain-GBR-RR-EPSI(0.14)
911,PLR-REAL-Political,0.620125786163522,1.9318419068112844,2.3679245283018866,Chain-GBR-RR-EPSI(0.14)
912,PLR-REAL-Political,0.6628930817610063,1.9257667458260799,2.4056603773584904,Chain-GBR-RR-EPSI(0.14)
913,PLR-REAL-Political,0.5574603174603175,1.9173408515269583,2.1904761904761907,Chain-GBR-RR-EPSI(0.14)
914,PLR-REAL-Political,0.6711111111111111,1.9248110482213843,2.3047619047619046,Chain-GBR-RR-EPSI(0.14)
915,PLR-REAL-Political,0.6590476190476191,1.9214834736622035,2.238095238095238,Chain-GBR-RR-EPSI(0.14)
916,PLR-REAL-Political,0.653968253968254,1.9265191070012018,2.361904761904762,Chain-GBR-RR-EPSI(0.14)
917,PLR-REAL-Political,0.6425396825396825,1.9250687406449816,2.257142857142857,Chain-GBR-RR-EPSI(0.14)
918,PLR-REAL-Political,0.6336507936507937,1.9265876094024124,2.361904761904762,Chain-GBR-RR-EPSI(0.14)
919,PLR-REAL-Political,0.6863492063492063,1.9368469034980111,2.466666666666667,Chain-GBR-RR-EPSI(0.14)
920,PLR-REAL-Political,0.6251572327044026,1.924449313756625,2.2547169811320753,Chain-GBR-RR-EPSI(0.14)
921,PLR-REAL-Political,0.6377358490566037,1.9263744702782144,2.3207547169811322,Chain-GBR-RR-EPSI(0.14)
922,PLR-REAL-Political,0.6213836477987422,1.9526722085145265,2.349056603773585,Chain-GBR-RR-EPSI(0.14)
923,PLR-REAL-Political,0.6704761904761904,1.9615690011898523,2.342857142857143,Chain-GBR-RR-EPSI(0.14)
924,PLR-REAL-Political,0.6241269841269841,1.943146648936686,2.3047619047619046,Chain-GBR-RR-EPSI(0.14)
925,PLR-REAL-Political,0.6711111111111111,1.9545532221225825,2.3142857142857145,Chain-GBR-RR-EPSI(0.14)
926,PLR-REAL-Political,0.627936507936508,1.9485652287679118,2.276190476190476,Chain-GBR-RR-EPSI(0.14)
927,PLR-REAL-Political,0.5961904761904762,1.9616255391387165,2.323809523809524,Chain-GBR-RR-EPSI(0.14)
928,PLR-REAL-Political,0.633015873015873,1.9452846199071505,2.361904761904762,Chain-GBR-RR-EPSI(0.14)
929,PLR-REAL-Political,0.6546031746031746,1.9486037604789308,2.4285714285714284,Chain-GBR-RR-EPSI(0.14)
930,PLR-REAL-Political,0.6528301886792455,1.9374735581897133,2.2641509433962264,Chain-GBR-RR-EPSI(0.14)
931,PLR-REAL-Political,0.628930817610063,1.953378454929225,2.2830188679245285,Chain-GBR-RR-EPSI(0.14)
932,PLR-REAL-Political,0.6440251572327043,1.9439232894644933,2.30188679245283,Chain-GBR-RR-EPSI(0.14)
933,PLR-REAL-Political,0.6228571428571429,1.9335970221116094,2.3904761904761904,Chain-GBR-RR-EPSI(0.14)
934,PLR-REAL-Political,0.6704761904761906,1.9386530452308057,2.342857142857143,Chain-GBR-RR-EPSI(0.14)
935,PLR-REAL-Political,0.6336507936507937,1.9762785668988179,2.3142857142857145,Chain-GBR-RR-EPSI(0.14)
936,PLR-REAL-Political,0.6444444444444444,1.937933043521438,2.3523809523809525,Chain-GBR-RR-EPSI(0.14)
937,PLR-REAL-Political,0.6628571428571428,1.9334644312915086,2.3523809523809525,Chain-GBR-RR-EPSI(0.14)
938,PLR-REAL-Political,0.6438095238095239,1.9445476079074977,2.342857142857143,Chain-GBR-RR-EPSI(0.14)
939,PLR-REAL-Political,0.6558730158730158,1.9899056369498178,2.4095238095238094,Chain-GBR-RR-EPSI(0.14)
940,PLR-REAL-Political,0.630188679245283,1.9567359110892157,2.4150943396226414,Chain-GBR-RR-EPSI(0.14)
941,PLR-REAL-Political,0.6547169811320754,1.979269157232153,2.4245283018867925,Chain-GBR-RR-EPSI(0.14)
942,PLR-REAL-Political,0.6490566037735849,1.9682852339800774,2.4056603773584904,Chain-GBR-RR-EPSI(0.14)
943,PLR-REAL-Political,0.6514285714285715,1.9600712866764396,2.3333333333333335,Chain-GBR-RR-EPSI(0.14)
944,PLR-REAL-Political,0.6488888888888888,1.9500940317588942,2.3142857142857145,Chain-GBR-RR-EPSI(0.14)
945,PLR-REAL-Political,0.6501587301587302,1.9541168819953671,2.3047619047619046,Chain-GBR-RR-EPSI(0.14)
946,PLR-REAL-Political,0.6584126984126983,1.9318858546429065,2.2666666666666666,Chain-GBR-RR-EPSI(0.14)
947,PLR-REAL-Political,0.6317460317460318,1.985844434137716,2.380952380952381,Chain-GBR-RR-EPSI(0.14)
948,PLR-REAL-Political,0.6,1.931575759834236,2.219047619047619,Chain-GBR-RR-EPSI(0.14)
949,PLR-REAL-Political,0.6184126984126984,1.9546486044996312,2.3047619047619046,Chain-GBR-RR-EPSI(0.14)
950,PLR-REAL-Political,0.6163522012578616,1.956801113285588,2.160377358490566,Chain-GBR-RR-EPSI(0.16)
951,PLR-REAL-Political,0.6245283018867924,1.9275321620079753,2.0660377358490565,Chain-GBR-RR-EPSI(0.16)
952,PLR-REAL-Political,0.5779874213836479,1.930240734955802,2.056603773584906,Chain-GBR-RR-EPSI(0.16)
953,PLR-REAL-Political,0.5784126984126984,1.928307530671712,2.0952380952380953,Chain-GBR-RR-EPSI(0.16)
954,PLR-REAL-Political,0.5631746031746032,1.9296005512737613,1.9428571428571428,Chain-GBR-RR-EPSI(0.16)
955,PLR-REAL-Political,0.5676190476190476,1.950477585161348,1.9523809523809523,Chain-GBR-RR-EPSI(0.16)
956,PLR-REAL-Political,0.5619047619047619,1.9421146635900957,2.0095238095238095,Chain-GBR-RR-EPSI(0.16)
957,PLR-REAL-Political,0.5949206349206348,1.9337757008130134,2.038095238095238,Chain-GBR-RR-EPSI(0.16)
958,PLR-REAL-Political,0.598095238095238,1.9322497137524548,2.066666666666667,Chain-GBR-RR-EPSI(0.16)
959,PLR-REAL-Political,0.6292063492063492,1.9317953580050542,2.066666666666667,Chain-GBR-RR-EPSI(0.16)
960,PLR-REAL-Political,0.5836477987421383,1.930917073517751,2.0283018867924527,Chain-GBR-RR-EPSI(0.16)
961,PLR-REAL-Political,0.5905660377358489,1.9283366129787138,2.0283018867924527,Chain-GBR-RR-EPSI(0.16)
962,PLR-REAL-Political,0.5893081761006289,1.9327153655120821,2.018867924528302,Chain-GBR-RR-EPSI(0.16)
963,PLR-REAL-Political,0.5238095238095238,1.9260190921815372,1.9904761904761905,Chain-GBR-RR-EPSI(0.16)
964,PLR-REAL-Political,0.6298412698412699,1.9237551924634344,2.0952380952380953,Chain-GBR-RR-EPSI(0.16)
965,PLR-REAL-Political,0.6368253968253968,1.9232539310040615,2.019047619047619,Chain-GBR-RR-EPSI(0.16)
966,PLR-REAL-Political,0.6273015873015874,1.9253067738799712,2.0952380952380953,Chain-GBR-RR-EPSI(0.16)
967,PLR-REAL-Political,0.6006349206349206,1.9224553118887655,2.0285714285714285,Chain-GBR-RR-EPSI(0.16)
968,PLR-REAL-Political,0.5784126984126984,1.922455464004279,2.085714285714286,Chain-GBR-RR-EPSI(0.16)
969,PLR-REAL-Political,0.633015873015873,1.9325172727142634,2.123809523809524,Chain-GBR-RR-EPSI(0.16)
970,PLR-REAL-Political,0.5792452830188679,1.926273442882052,1.9811320754716981,Chain-GBR-RR-EPSI(0.16)
971,PLR-REAL-Political,0.5918238993710692,1.9276839233258642,2.047169811320755,Chain-GBR-RR-EPSI(0.16)
972,PLR-REAL-Political,0.5974842767295597,1.9504387187395327,2.0,Chain-GBR-RR-EPSI(0.16)
973,PLR-REAL-Political,0.6526984126984128,1.958044026579781,2.0476190476190474,Chain-GBR-RR-EPSI(0.16)
974,PLR-REAL-Political,0.580952380952381,1.9493450862520847,2.066666666666667,Chain-GBR-RR-EPSI(0.16)
975,PLR-REAL-Political,0.6469841269841269,1.945276961423277,2.123809523809524,Chain-GBR-RR-EPSI(0.16)
976,PLR-REAL-Political,0.6012698412698413,1.9473974576418553,2.0095238095238095,Chain-GBR-RR-EPSI(0.16)
977,PLR-REAL-Political,0.5231746031746032,1.9545724423920636,1.9238095238095239,Chain-GBR-RR-EPSI(0.16)
978,PLR-REAL-Political,0.6146031746031746,1.9561668988483765,2.142857142857143,Chain-GBR-RR-EPSI(0.16)
979,PLR-REAL-Political,0.579047619047619,1.9395760754608418,1.9904761904761905,Chain-GBR-RR-EPSI(0.16)
980,PLR-REAL-Political,0.5754716981132075,1.9245542211354838,1.9339622641509433,Chain-GBR-RR-EPSI(0.16)
981,PLR-REAL-Political,0.5773584905660377,1.9565191248427833,2.018867924528302,Chain-GBR-RR-EPSI(0.16)
982,PLR-REAL-Political,0.60188679245283,1.9594562440950565,2.0754716981132075,Chain-GBR-RR-EPSI(0.16)
983,PLR-REAL-Political,0.5955555555555555,1.9326204834322511,2.104761904761905,Chain-GBR-RR-EPSI(0.16)
984,PLR-REAL-Political,0.6476190476190476,1.9365768146324405,2.066666666666667,Chain-GBR-RR-EPSI(0.16)
985,PLR-REAL-Political,0.6006349206349206,1.9730857917313729,2.066666666666667,Chain-GBR-RR-EPSI(0.16)
986,PLR-REAL-Political,0.5955555555555555,1.9422212222314306,2.0952380952380953,Chain-GBR-RR-EPSI(0.16)
987,PLR-REAL-Political,0.6215873015873016,1.937372606025108,2.057142857142857,Chain-GBR-RR-EPSI(0.16)
988,PLR-REAL-Political,0.6031746031746031,1.9557688966610713,2.1142857142857143,Chain-GBR-RR-EPSI(0.16)
989,PLR-REAL-Political,0.587936507936508,1.98952676769533,2.0476190476190474,Chain-GBR-RR-EPSI(0.16)
990,PLR-REAL-Political,0.5968553459119497,1.9646904129047986,2.1320754716981134,Chain-GBR-RR-EPSI(0.16)
991,PLR-REAL-Political,0.6025157232704402,1.9599241166298333,2.0849056603773586,Chain-GBR-RR-EPSI(0.16)
992,PLR-REAL-Political,0.6169811320754717,1.9530479723523169,2.141509433962264,Chain-GBR-RR-EPSI(0.16)
993,PLR-REAL-Political,0.6158730158730158,1.961538801339129,2.142857142857143,Chain-GBR-RR-EPSI(0.16)
994,PLR-REAL-Political,0.6196825396825396,1.939176225151403,2.085714285714286,Chain-GBR-RR-EPSI(0.16)
995,PLR-REAL-Political,0.6063492063492063,1.944353474059407,2.0476190476190474,Chain-GBR-RR-EPSI(0.16)
996,PLR-REAL-Political,0.605079365079365,1.9336140759199294,1.9904761904761905,Chain-GBR-RR-EPSI(0.16)
997,PLR-REAL-Political,0.5853968253968254,1.9677060965286683,2.0476190476190474,Chain-GBR-RR-EPSI(0.16)
998,PLR-REAL-Political,0.5714285714285714,1.926614701176041,1.9714285714285715,Chain-GBR-RR-EPSI(0.16)
999,PLR-REAL-Political,0.6076190476190476,1.9583733029653414,2.085714285714286,Chain-GBR-RR-EPSI(0.16)
1000,PLR-REAL-Political,0.568553459119497,1.927139354897817,1.9433962264150944,Chain-GBR-RR-EPSI(0.18)
1001,PLR-REAL-Political,0.5836477987421383,1.9214635036302021,1.8396226415094339,Chain-GBR-RR-EPSI(0.18)
1002,PLR-REAL-Political,0.5490566037735849,1.9238206105642195,1.8962264150943395,Chain-GBR-RR-EPSI(0.18)
1003,PLR-REAL-Political,0.5473015873015873,1.9269314256069203,1.7904761904761906,Chain-GBR-RR-EPSI(0.18)
1004,PLR-REAL-Political,0.4920634920634921,1.9268886016174782,1.6952380952380952,Chain-GBR-RR-EPSI(0.18)
1005,PLR-REAL-Political,0.5282539682539683,1.9358681155729893,1.8,Chain-GBR-RR-EPSI(0.18)
1006,PLR-REAL-Political,0.4996825396825396,1.9435094983855796,1.7904761904761906,Chain-GBR-RR-EPSI(0.18)
1007,PLR-REAL-Political,0.5612698412698413,1.9237967169080985,1.8952380952380952,Chain-GBR-RR-EPSI(0.18)
1008,PLR-REAL-Political,0.5606349206349207,1.9458596193136013,1.8285714285714285,Chain-GBR-RR-EPSI(0.18)
1009,PLR-REAL-Political,0.5987301587301588,1.9320714815256974,1.8476190476190477,Chain-GBR-RR-EPSI(0.18)
1010,PLR-REAL-Political,0.5138364779874214,1.93409162984622,1.7924528301886793,Chain-GBR-RR-EPSI(0.18)
1011,PLR-REAL-Political,0.5314465408805031,1.9304068333230446,1.7735849056603774,Chain-GBR-RR-EPSI(0.18)
1012,PLR-REAL-Political,0.5408805031446541,1.9309178235273408,1.8113207547169812,Chain-GBR-RR-EPSI(0.18)
1013,PLR-REAL-Political,0.48063492063492075,1.92673708580226,1.7714285714285714,Chain-GBR-RR-EPSI(0.18)
1014,PLR-REAL-Political,0.5784126984126984,1.923996665997969,1.8761904761904762,Chain-GBR-RR-EPSI(0.18)
1015,PLR-REAL-Political,0.5815873015873017,1.924734463903397,1.819047619047619,Chain-GBR-RR-EPSI(0.18)
1016,PLR-REAL-Political,0.5498412698412698,1.9252214803056036,1.819047619047619,Chain-GBR-RR-EPSI(0.18)
1017,PLR-REAL-Political,0.5504761904761906,1.928644953456116,1.8285714285714285,Chain-GBR-RR-EPSI(0.18)
1018,PLR-REAL-Political,0.5307936507936508,1.923971178332361,1.838095238095238,Chain-GBR-RR-EPSI(0.18)
1019,PLR-REAL-Political,0.5784126984126984,1.9220799597525298,1.9333333333333333,Chain-GBR-RR-EPSI(0.18)
1020,PLR-REAL-Political,0.5408805031446541,1.921884727162657,1.8679245283018868,Chain-GBR-RR-EPSI(0.18)
1021,PLR-REAL-Political,0.5490566037735849,1.9308867299594175,1.8867924528301887,Chain-GBR-RR-EPSI(0.18)
1022,PLR-REAL-Political,0.5490566037735849,1.9456848153051407,1.849056603773585,Chain-GBR-RR-EPSI(0.18)
1023,PLR-REAL-Political,0.6082539682539684,1.9489604861514576,1.8476190476190477,Chain-GBR-RR-EPSI(0.18)
1024,PLR-REAL-Political,0.5473015873015873,1.9515810018239639,1.8666666666666667,Chain-GBR-RR-EPSI(0.18)
1025,PLR-REAL-Political,0.5873015873015873,1.9350348131103234,1.8571428571428572,Chain-GBR-RR-EPSI(0.18)
1026,PLR-REAL-Political,0.568888888888889,1.9307829278081352,1.8285714285714285,Chain-GBR-RR-EPSI(0.18)
1027,PLR-REAL-Political,0.4584126984126984,1.9818072836795024,1.7333333333333334,Chain-GBR-RR-EPSI(0.18)
1028,PLR-REAL-Political,0.5644444444444444,1.9558902112835783,1.8666666666666667,Chain-GBR-RR-EPSI(0.18)
1029,PLR-REAL-Political,0.5428571428571428,1.9272734101521842,1.8,Chain-GBR-RR-EPSI(0.18)
1030,PLR-REAL-Political,0.5459119496855346,1.9233715447464192,1.7641509433962264,Chain-GBR-RR-EPSI(0.18)
1031,PLR-REAL-Political,0.5188679245283018,1.9753298744367085,1.8113207547169812,Chain-GBR-RR-EPSI(0.18)
1032,PLR-REAL-Political,0.5566037735849056,1.946031640021469,1.8679245283018868,Chain-GBR-RR-EPSI(0.18)
1033,PLR-REAL-Political,0.5428571428571428,1.9234652525552105,1.8571428571428572,Chain-GBR-RR-EPSI(0.18)
1034,PLR-REAL-Political,0.5739682539682539,1.9301074848497461,1.8476190476190477,Chain-GBR-RR-EPSI(0.18)
1035,PLR-REAL-Political,0.5695238095238095,1.9816976173216725,1.838095238095238,Chain-GBR-RR-EPSI(0.18)
1036,PLR-REAL-Political,0.5428571428571428,1.94824018454389,1.838095238095238,Chain-GBR-RR-EPSI(0.18)
1037,PLR-REAL-Political,0.5777777777777777,1.9374341126744634,1.8761904761904762,Chain-GBR-RR-EPSI(0.18)
1038,PLR-REAL-Political,0.5599999999999999,1.9549384484047605,1.819047619047619,Chain-GBR-RR-EPSI(0.18)
1039,PLR-REAL-Political,0.5403174603174603,1.9634556308261666,1.8857142857142857,Chain-GBR-RR-EPSI(0.18)
1040,PLR-REAL-Political,0.5056603773584906,1.9436483427124518,1.7641509433962264,Chain-GBR-RR-EPSI(0.18)
1041,PLR-REAL-Political,0.5408805031446542,1.9498773035224226,1.820754716981132,Chain-GBR-RR-EPSI(0.18)
1042,PLR-REAL-Political,0.5641509433962264,1.9452776254645503,1.9150943396226414,Chain-GBR-RR-EPSI(0.18)
1043,PLR-REAL-Political,0.572063492063492,1.9502081104139442,1.8857142857142857,Chain-GBR-RR-EPSI(0.18)
1044,PLR-REAL-Political,0.5828571428571429,1.9468457267620893,1.8952380952380952,Chain-GBR-RR-EPSI(0.18)
1045,PLR-REAL-Political,0.5371428571428571,1.9378436893145639,1.7904761904761906,Chain-GBR-RR-EPSI(0.18)
1046,PLR-REAL-Political,0.5625396825396826,1.9342007630675404,1.7904761904761906,Chain-GBR-RR-EPSI(0.18)
1047,PLR-REAL-Political,0.5244444444444445,1.967720449884303,1.8571428571428572,Chain-GBR-RR-EPSI(0.18)
1048,PLR-REAL-Political,0.5314285714285715,1.9266408545469695,1.8666666666666667,Chain-GBR-RR-EPSI(0.18)
1049,PLR-REAL-Political,0.5447619047619048,1.9604851342945768,1.8666666666666667,Chain-GBR-RR-EPSI(0.18)
1050,PLR-REAL-Political,0.49685534591194974,1.9274128430263016,1.6886792452830188,Chain-GBR-RR-EPSI(0.2)
1051,PLR-REAL-Political,0.5232704402515723,1.9237196780393566,1.650943396226415,Chain-GBR-RR-EPSI(0.2)
1052,PLR-REAL-Political,0.5132075471698114,1.9263908282769666,1.7547169811320755,Chain-GBR-RR-EPSI(0.2)
1053,PLR-REAL-Political,0.4755555555555555,1.9283822016084973,1.5333333333333334,Chain-GBR-RR-EPSI(0.2)
1054,PLR-REAL-Political,0.4406349206349206,1.9256915461847415,1.561904761904762,Chain-GBR-RR-EPSI(0.2)
1055,PLR-REAL-Political,0.4647619047619048,1.9374531533072918,1.619047619047619,Chain-GBR-RR-EPSI(0.2)
1056,PLR-REAL-Political,0.4336507936507936,1.9351482791701826,1.6,Chain-GBR-RR-EPSI(0.2)
1057,PLR-REAL-Political,0.5117460317460317,1.923130212822619,1.7047619047619047,Chain-GBR-RR-EPSI(0.2)
1058,PLR-REAL-Political,0.506031746031746,1.9307999015607065,1.6666666666666667,Chain-GBR-RR-EPSI(0.2)
1059,PLR-REAL-Political,0.5371428571428571,1.9241299661097722,1.6666666666666667,Chain-GBR-RR-EPSI(0.2)
1060,PLR-REAL-Political,0.47861635220125787,1.944983262520063,1.6226415094339623,Chain-GBR-RR-EPSI(0.2)
1061,PLR-REAL-Political,0.470440251572327,1.9302034096220573,1.6226415094339623,Chain-GBR-RR-EPSI(0.2)
1062,PLR-REAL-Political,0.5081761006289308,1.9288163354299277,1.6886792452830188,Chain-GBR-RR-EPSI(0.2)
1063,PLR-REAL-Political,0.4406349206349207,1.9240173520297974,1.5904761904761904,Chain-GBR-RR-EPSI(0.2)
1064,PLR-REAL-Political,0.5346031746031746,1.932688585256904,1.723809523809524,Chain-GBR-RR-EPSI(0.2)
1065,PLR-REAL-Political,0.5498412698412698,1.9252393501259095,1.7047619047619047,Chain-GBR-RR-EPSI(0.2)
1066,PLR-REAL-Political,0.4768253968253969,1.927498575473975,1.561904761904762,Chain-GBR-RR-EPSI(0.2)
1067,PLR-REAL-Political,0.49714285714285716,1.9232551324109837,1.6666666666666667,Chain-GBR-RR-EPSI(0.2)
1068,PLR-REAL-Political,0.49523809523809526,1.9226690259479544,1.6666666666666667,Chain-GBR-RR-EPSI(0.2)
1069,PLR-REAL-Political,0.5346031746031746,1.922475212516598,1.7523809523809524,Chain-GBR-RR-EPSI(0.2)
1070,PLR-REAL-Political,0.5132075471698112,1.9235998485408243,1.7264150943396226,Chain-GBR-RR-EPSI(0.2)
1071,PLR-REAL-Political,0.5075471698113208,1.9364490468293907,1.7169811320754718,Chain-GBR-RR-EPSI(0.2)
1072,PLR-REAL-Political,0.5106918238993712,1.9396896753468738,1.7075471698113207,Chain-GBR-RR-EPSI(0.2)
1073,PLR-REAL-Political,0.5365079365079365,1.9505864643173751,1.6285714285714286,Chain-GBR-RR-EPSI(0.2)
1074,PLR-REAL-Political,0.4857142857142857,1.962470895339172,1.638095238095238,Chain-GBR-RR-EPSI(0.2)
1075,PLR-REAL-Political,0.5320634920634921,1.9307895985234762,1.6952380952380952,Chain-GBR-RR-EPSI(0.2)
1076,PLR-REAL-Political,0.5295238095238095,1.9295871868778418,1.6952380952380952,Chain-GBR-RR-EPSI(0.2)
1077,PLR-REAL-Political,0.38666666666666666,1.9709286794609506,1.542857142857143,Chain-GBR-RR-EPSI(0.2)
1078,PLR-REAL-Political,0.5047619047619047,1.9429545136552526,1.6571428571428573,Chain-GBR-RR-EPSI(0.2)
1079,PLR-REAL-Political,0.48507936507936505,1.9253146322484214,1.6571428571428573,Chain-GBR-RR-EPSI(0.2)
1080,PLR-REAL-Political,0.5119496855345913,1.9329034305143853,1.6226415094339623,Chain-GBR-RR-EPSI(0.2)
1081,PLR-REAL-Political,0.4761006289308176,1.9561743052165208,1.6226415094339623,Chain-GBR-RR-EPSI(0.2)
1082,PLR-REAL-Political,0.5308176100628931,1.948817395742537,1.7547169811320755,Chain-GBR-RR-EPSI(0.2)
1083,PLR-REAL-Political,0.46984126984126984,1.9304336133910158,1.638095238095238,Chain-GBR-RR-EPSI(0.2)
1084,PLR-REAL-Political,0.5415873015873016,1.9453112968954327,1.6857142857142857,Chain-GBR-RR-EPSI(0.2)
1085,PLR-REAL-Political,0.5206349206349206,1.9491781775680213,1.6285714285714286,Chain-GBR-RR-EPSI(0.2)
1086,PLR-REAL-Political,0.49396825396825395,1.9345366478888504,1.6571428571428573,Chain-GBR-RR-EPSI(0.2)
1087,PLR-REAL-Political,0.5123809523809524,1.9324728712852455,1.6666666666666667,Chain-GBR-RR-EPSI(0.2)
1088,PLR-REAL-Political,0.4901587301587302,1.9500162704336126,1.6095238095238096,Chain-GBR-RR-EPSI(0.2)
1089,PLR-REAL-Political,0.47555555555555556,1.9519844406116804,1.6571428571428573,Chain-GBR-RR-EPSI(0.2)
1090,PLR-REAL-Political,0.43962264150943403,1.9451453465532966,1.5754716981132075,Chain-GBR-RR-EPSI(0.2)
1091,PLR-REAL-Political,0.5176100628930819,1.936387616385077,1.7075471698113207,Chain-GBR-RR-EPSI(0.2)
1092,PLR-REAL-Political,0.5037735849056604,1.9321268723703457,1.6886792452830188,Chain-GBR-RR-EPSI(0.2)
1093,PLR-REAL-Political,0.5288888888888889,1.9611635030399013,1.7047619047619047,Chain-GBR-RR-EPSI(0.2)
1094,PLR-REAL-Political,0.513015873015873,1.936193098959266,1.6857142857142857,Chain-GBR-RR-EPSI(0.2)
1095,PLR-REAL-Political,0.4819047619047619,1.93412510718703,1.619047619047619,Chain-GBR-RR-EPSI(0.2)
1096,PLR-REAL-Political,0.5142857142857143,1.934271195976274,1.619047619047619,Chain-GBR-RR-EPSI(0.2)
1097,PLR-REAL-Political,0.4755555555555555,1.9650444794214201,1.7142857142857142,Chain-GBR-RR-EPSI(0.2)
1098,PLR-REAL-Political,0.48825396825396833,1.9204940627230573,1.7333333333333334,Chain-GBR-RR-EPSI(0.2)
1099,PLR-REAL-Political,0.48063492063492064,1.9609943152267129,1.6666666666666667,Chain-GBR-RR-EPSI(0.2)
