,data,tau_x_score,prediction_time,buckets_per_rank,algo
0,PLR-LETTER,0.7294138461538462,80.8642282043859,3.945,SVC-JC
1,PLR-LETTER,0.6526676923076923,13.321695600823578,6.044,SingleTarget-SVR
2,PLR-LETTER,0.6372184615384615,59.484237270977886,4.613,CHAIN-SVR
