,data,tau_x_score,prediction_time,buckets_per_rank,algo
0,PLR-LETTER,0.7385923076923077,76.09658074980769,3.919,SVC-JC
1,PLR-LETTER,0.6575184615384615,12.851430578266603,5.97,SingleTarget-SVR
2,PLR-LETTER,0.6457646153846154,53.808384482188195,4.567,CHAIN-SVR
