,data,tau_x_score,prediction_time,buckets_per_rank,algo
0,PLR-LETTER,0.7334246153846155,75.7668726935327,3.947,SVC-JC
1,PLR-LETTER,0.6434969230769232,13.387020685686467,6.0605,SingleTarget-SVR
2,PLR-LETTER,0.6376507692307692,53.802151753986536,4.623,CHAIN-SVR
