,data,tau_x_score,prediction_time,buckets_per_rank,algo
0,PLR-LETTER,0.7337723076923076,79.7529985762479,3.962,SVC-JC
1,PLR-LETTER,0.6457476923076924,13.632736178698735,6.0335,SingleTarget-SVR
2,PLR-LETTER,0.634443076923077,58.37868310229343,4.575,CHAIN-SVR
