,data,tau_x_score,prediction_time,buckets_per_rank,algo
0,PLR-LETTER,0.7315769230769231,77.79656887568375,3.9635,SVC-JC
1,PLR-LETTER,0.6471953846153846,13.841660421062256,6.067,SingleTarget-SVR
2,PLR-LETTER,0.6369676923076923,53.7780781205595,4.5865,CHAIN-SVR
