,data,tau_x_score,prediction_time,buckets_per_rank,algo
0,PLR-LETTER,0.7264876923076923,78.22020621979976,3.921,SVC-JC
1,PLR-LETTER,0.6449276923076924,13.64863762560205,6.0185,SingleTarget-SVR
2,PLR-LETTER,0.6320384615384615,53.415775841711785,4.5765,CHAIN-SVR
