,data,tau_x_score,prediction_time,buckets_per_rank,algo
0,PLR-LETTER,0.7295169230769231,82.43902561696736,3.9795,SVC-JC
1,PLR-LETTER,0.6533692307692307,13.662593267861318,6.071,SingleTarget-SVR
2,PLR-LETTER,0.6360369230769232,59.48436375801625,4.59,CHAIN-SVR
