,data,tau_x_score,prediction_time,buckets_per_rank,algo
0,PLR-LETTER,0.7299000000000001,83.17899024271689,3.8925,SVC-JC
1,PLR-LETTER,0.6492538461538462,12.595871805992621,6.0005,SingleTarget-SVR
2,PLR-LETTER,0.6369030769230769,58.72647955077849,4.572,CHAIN-SVR
