,data,tau_x_score,prediction_time,buckets_per_rank,algo
0,PLR-LETTER,0.7256923076923076,76.21194389265372,3.912,SVC-JC
1,PLR-LETTER,0.650176923076923,13.730666835918791,5.9825,SingleTarget-SVR
2,PLR-LETTER,0.6340323076923078,53.57868986612122,4.5965,CHAIN-SVR
