,data,tau_x_score,prediction_time,buckets_per_rank,algo
0,PLR-LETTER,0.7353661538461538,75.89884300421181,3.938,SVC-JC
1,PLR-LETTER,0.6542046153846154,13.389777628138576,6.023,SingleTarget-SVR
2,PLR-LETTER,0.6390661538461538,53.72542132427639,4.578,CHAIN-SVR
