,data,tau_x_score,prediction_time,buckets_per_rank,algo
0,PLR-LETTER,0.7273692307692308,75.44204094140746,3.9245,SVC-JC
1,PLR-LETTER,0.6532538461538462,12.52091785050135,5.9535,SingleTarget-SVR
2,PLR-LETTER,0.6338076923076923,53.433512703208955,4.5605,CHAIN-SVR
