,data,tau_x_score,prediction_time,buckets_per_rank,algo
0,PLR-LETTER,0.733456923076923,76.42402733464137,3.9475,SVC-JC
1,PLR-LETTER,0.648876923076923,13.375968157894313,6.032,SingleTarget-SVR
2,PLR-LETTER,0.6373584615384617,53.38334592240348,4.619,CHAIN-SVR
