,data,tau_x_score,prediction_time,buckets_per_rank,algo
0,PLR-LETTER,0.7299984615384616,76.3660191911167,3.964,SVC-JC
1,PLR-LETTER,0.6547969230769232,13.650197083339092,6.08,SingleTarget-SVR
2,PLR-LETTER,0.634103076923077,53.401907963002515,4.592,CHAIN-SVR
