,data,tau_x_score,prediction_time,buckets_per_rank,algo
0,PLR-LETTER,0.7294753846153846,76.48945861375937,3.9955,SVC-JC
1,PLR-LETTER,0.6551923076923076,12.579707938740404,6.1015,SingleTarget-SVR
2,PLR-LETTER,0.6332753846153846,53.752421703761314,4.6975,CHAIN-SVR
