,data,tau_x_score,prediction_time,buckets_per_rank,algo
0,PLR-LETTER,0.7265338461538461,75.13998077325412,3.9325,SVC-JC
1,PLR-LETTER,0.6499707692307692,13.341182227261578,6.036,SingleTarget-SVR
2,PLR-LETTER,0.6311907692307693,53.70423097882512,4.626,CHAIN-SVR
