,data,tau_x_score,prediction_time,buckets_per_rank,algo
0,PLR-LETTER,0.7277092307692308,82.17872863010234,3.9515,SVC-JC
1,PLR-LETTER,0.6530876923076923,13.346301765844998,6.0815,SingleTarget-SVR
2,PLR-LETTER,0.637043076923077,58.419432577987315,4.68,CHAIN-SVR
