,data,tau_x_score,prediction_time,buckets_per_rank,algo
0,PLR-LETTER,0.7302553846153846,76.15085868202009,3.9215,SVC-JC
1,PLR-LETTER,0.6497907692307693,13.157617886760887,5.9875,SingleTarget-SVR
2,PLR-LETTER,0.6360092307692308,53.34504778370722,4.5705,CHAIN-SVR
