,data,tau_x_score,prediction_time,buckets_per_rank,algo
0,PLR-LETTER,0.7320769230769231,76.75165898388126,3.952,SVC-JC
1,PLR-LETTER,0.6551923076923076,12.581711092574023,6.1225,SingleTarget-SVR
2,PLR-LETTER,0.6359046153846154,53.30793075182153,4.6675,CHAIN-SVR
