,data,tau_x_score,prediction_time,buckets_per_rank,algo
0,PLR-LETTER,0.7274107692307691,75.76775999266445,3.9535,SVC-JC
1,PLR-LETTER,0.6497461538461539,13.695986465238894,6.046,SingleTarget-SVR
2,PLR-LETTER,0.6305661538461539,53.44134999070478,4.644,CHAIN-SVR
