,data,tau_x_score,prediction_time,buckets_per_rank,algo
0,PLR-LETTER,0.7352030769230768,77.15227713888937,3.945,SVC-JC
1,PLR-LETTER,0.6548323076923077,13.649038549949408,6.0075,SingleTarget-SVR
2,PLR-LETTER,0.6432953846153846,53.33315276589217,4.6175,CHAIN-SVR
