,data,tau_x_score,prediction_time,buckets_per_rank,algo
0,PLR-LETTER,0.7296830769230769,76.64135401482676,3.9115,SVC-JC
1,PLR-LETTER,0.6514307692307694,13.17258794888065,5.9965,SingleTarget-SVR
2,PLR-LETTER,0.6390569230769231,53.36277573675301,4.5855,CHAIN-SVR
