,data,tau_x_score,prediction_time,buckets_per_rank,algo
0,PLR-LETTER,0.7294030769230769,75.92877455427556,3.9655,SVC-JC
1,PLR-LETTER,0.65346,12.526057870175899,6.076,SingleTarget-SVR
2,PLR-LETTER,0.6343123076923077,53.71485567462691,4.64,CHAIN-SVR
