,data,tau_x_score,prediction_time,buckets_per_rank,algo
0,PLR-LETTER,0.7314030769230769,76.64071917588582,3.923,SVC-JC
1,PLR-LETTER,0.6470123076923078,13.617103387211518,6.007,SingleTarget-SVR
2,PLR-LETTER,0.6335738461538462,53.61493218576335,4.615,CHAIN-SVR
