,data,tau_x_score,prediction_time,buckets_per_rank,algo
0,PLR-LETTER,0.7321276923076924,75.9324313283856,3.858,SVC-JC
1,PLR-LETTER,0.6551923076923077,13.594735983607917,5.863,SingleTarget-SVR
2,PLR-LETTER,0.6376323076923077,53.46620570627765,4.5035,CHAIN-SVR
