,data,tau_x_score,prediction_time,buckets_per_rank,algo
0,PLR-LETTER,0.7264246153846154,75.97890360363849,3.938,SVC-JC
1,PLR-LETTER,0.6507384615384615,13.887386473775495,6.017,SingleTarget-SVR
2,PLR-LETTER,0.6354630769230769,53.4060450177131,4.634,CHAIN-SVR
