,data,tau_x_score,prediction_time,buckets_per_rank,algo
0,PLR-LETTER,0.7347261538461539,77.00811453798882,3.9155,SVC-JC
1,PLR-LETTER,0.65376,13.544236463418102,5.9885,SingleTarget-SVR
2,PLR-LETTER,0.6447323076923077,53.38184868623419,4.5805,CHAIN-SVR
