,data,tau_x_score,prediction_time,buckets_per_rank,algo
0,PLR-LETTER,0.7265723076923076,75.94344926902515,3.956,SVC-JC
1,PLR-LETTER,0.6500953846153845,13.63452191970812,6.0555,SingleTarget-SVR
2,PLR-LETTER,0.6341,53.57145090151106,4.636,CHAIN-SVR
