,data,tau_x_score,prediction_time,buckets_per_rank,algo
0,PLR-LETTER,0.7285723076923076,77.27768873058385,3.9535,SVC-JC
1,PLR-LETTER,0.6523707692307692,13.625278352936318,6.077,SingleTarget-SVR
2,PLR-LETTER,0.6390092307692309,53.731348658450685,4.6725,CHAIN-SVR
