,data,tau_x_score,prediction_time,buckets_per_rank,algo
0,PLR-LETTER,0.7259846153846153,76.06216222720735,3.961,SVC-JC
1,PLR-LETTER,0.6508738461538462,12.530707951348914,6.0885,SingleTarget-SVR
2,PLR-LETTER,0.6343507692307693,53.383400617579674,4.649,CHAIN-SVR
