,data,tau_x_score,prediction_time,buckets_per_rank,algo
0,PLR-LETTER,0.7308876923076923,77.55298847660214,3.925,SVC-JC
1,PLR-LETTER,0.6516353846153846,13.399851940711766,6.0465,SingleTarget-SVR
2,PLR-LETTER,0.6369246153846154,53.4174293815793,4.577,CHAIN-SVR
