,data,tau_x_score,prediction_time,buckets_per_rank,algo
0,PLR-LETTER,0.7298584615384616,75.95958786327108,3.921,SVC-JC
1,PLR-LETTER,0.654236923076923,13.559656721724197,6.033,SingleTarget-SVR
2,PLR-LETTER,0.6352261538461539,53.705689097766914,4.614,CHAIN-SVR
