,data,tau_x_score,prediction_time,buckets_per_rank,algo
0,PLR-LETTER,0.7316876923076923,76.13575770181183,3.966,SVC-JC
1,PLR-LETTER,0.6485107692307692,13.42803270579868,6.0655,SingleTarget-SVR
2,PLR-LETTER,0.6351184615384616,53.815229282759745,4.64,CHAIN-SVR
