,data,tau_x_score,prediction_time,buckets_per_rank,algo
0,PLR-LETTER,0.7317430769230769,75.27827374804102,3.919,SVC-JC
1,PLR-LETTER,0.6565384615384615,13.701937470153922,6.012,SingleTarget-SVR
2,PLR-LETTER,0.6393353846153845,53.78836522124469,4.5945,CHAIN-SVR
