,data,tau_x_score,prediction_time,buckets_per_rank,algo
0,LR-REAL-Political,0.788235294117647,1.409140298151447,6.0,ST-GBR-EPSI(0.0)
1,LR-REAL-Political,0.592156862745098,0.4653621855949562,6.0,ST-GBR-EPSI(0.0)
2,LR-REAL-Political,0.7725490196078431,0.5012642924608937,6.0,ST-GBR-EPSI(0.0)
3,LR-REAL-Political,0.6705882352941177,0.5107090722283825,6.0,ST-GBR-EPSI(0.0)
4,LR-REAL-Political,0.6392156862745099,0.5168344877573157,6.0,ST-GBR-EPSI(0.0)
5,LR-REAL-Political,0.7098039215686276,0.4798037930484675,6.0,ST-GBR-EPSI(0.0)
6,LR-REAL-Political,0.6784313725490196,0.5022795085483409,6.0,ST-GBR-EPSI(0.0)
7,LR-REAL-Political,0.780392156862745,0.48491537711256566,6.0,ST-GBR-EPSI(0.0)
8,LR-REAL-Political,0.6862745098039217,0.45695608185202624,6.0,ST-GBR-EPSI(0.0)
9,LR-REAL-Political,0.6705882352941177,0.5059294854554871,6.0,ST-GBR-EPSI(0.0)
10,LR-REAL-Political,0.7647058823529411,0.5018169815885091,6.0,ST-GBR-EPSI(0.0)
11,LR-REAL-Political,0.7647058823529411,0.5058777549895211,6.0,ST-GBR-EPSI(0.0)
12,LR-REAL-Political,0.7647058823529411,0.5097909963074579,6.0,ST-GBR-EPSI(0.0)
13,LR-REAL-Political,0.7019607843137255,0.5058799779960219,6.0,ST-GBR-EPSI(0.0)
14,LR-REAL-Political,0.6549019607843138,0.48434081937567963,6.0,ST-GBR-EPSI(0.0)
15,LR-REAL-Political,0.6627450980392157,0.49788274585044817,6.0,ST-GBR-EPSI(0.0)
16,LR-REAL-Political,0.6941176470588235,0.6155364536250981,6.0,ST-GBR-EPSI(0.0)
17,LR-REAL-Political,0.615686274509804,0.4651384931855251,6.0,ST-GBR-EPSI(0.0)
18,LR-REAL-Political,0.6549019607843137,0.5335999695818946,6.0,ST-GBR-EPSI(0.0)
19,LR-REAL-Political,0.623529411764706,0.5024355599792643,6.0,ST-GBR-EPSI(0.0)
20,LR-REAL-Political,0.6784313725490198,0.5373965146072517,6.0,ST-GBR-EPSI(0.0)
21,LR-REAL-Political,0.6941176470588235,0.4518713462518311,6.0,ST-GBR-EPSI(0.0)
22,LR-REAL-Political,0.6235294117647059,0.6587938988239767,6.0,ST-GBR-EPSI(0.0)
23,LR-REAL-Political,0.7490196078431373,0.45968932131984114,6.0,ST-GBR-EPSI(0.0)
24,LR-REAL-Political,0.6705882352941177,0.5760470230801715,6.0,ST-GBR-EPSI(0.0)
25,LR-REAL-Political,0.5921568627450982,0.4937045713995614,6.0,ST-GBR-EPSI(0.0)
26,LR-REAL-Political,0.6078431372549019,0.537131456441406,6.0,ST-GBR-EPSI(0.0)
27,LR-REAL-Political,0.7882352941176471,0.5231094364246097,6.0,ST-GBR-EPSI(0.0)
28,LR-REAL-Political,0.7098039215686275,0.5801333198875464,6.0,ST-GBR-EPSI(0.0)
29,LR-REAL-Political,0.6470588235294118,0.5082350220225331,6.0,ST-GBR-EPSI(0.0)
30,LR-REAL-Political,0.7333333333333334,0.5330139172037729,6.0,ST-GBR-EPSI(0.0)
31,LR-REAL-Political,0.5764705882352942,0.5022649232634299,6.0,ST-GBR-EPSI(0.0)
32,LR-REAL-Political,0.7568627450980392,0.539235196231704,6.0,ST-GBR-EPSI(0.0)
33,LR-REAL-Political,0.6941176470588235,0.5066848016874436,6.0,ST-GBR-EPSI(0.0)
34,LR-REAL-Political,0.7098039215686275,0.5732179592737803,6.0,ST-GBR-EPSI(0.0)
35,LR-REAL-Political,0.7411764705882353,0.48616159701773887,6.0,ST-GBR-EPSI(0.0)
36,LR-REAL-Political,0.7176470588235294,0.5294232103326829,6.0,ST-GBR-EPSI(0.0)
37,LR-REAL-Political,0.6627450980392158,0.49319126790612006,6.0,ST-GBR-EPSI(0.0)
38,LR-REAL-Political,0.6392156862745099,0.5310802319939505,6.0,ST-GBR-EPSI(0.0)
39,LR-REAL-Political,0.7647058823529411,0.4538582888508232,6.0,ST-GBR-EPSI(0.0)
40,LR-REAL-Political,0.6470588235294118,0.6283747955347638,6.0,ST-GBR-EPSI(0.0)
41,LR-REAL-Political,0.6941176470588236,0.5017104527064461,6.0,ST-GBR-EPSI(0.0)
42,LR-REAL-Political,0.6000000000000001,0.5497934499510272,6.0,ST-GBR-EPSI(0.0)
43,LR-REAL-Political,0.7490196078431373,0.5373067146520948,6.0,ST-GBR-EPSI(0.0)
44,LR-REAL-Political,0.7568627450980392,0.6452400767544051,6.0,ST-GBR-EPSI(0.0)
45,LR-REAL-Political,0.6941176470588235,0.5162877994070789,6.0,ST-GBR-EPSI(0.0)
46,LR-REAL-Political,0.6549019607843137,0.5595847023117304,6.0,ST-GBR-EPSI(0.0)
47,LR-REAL-Political,0.5843137254901961,0.5016341633938243,6.0,ST-GBR-EPSI(0.0)
48,LR-REAL-Political,0.7098039215686276,0.5560957282825126,6.0,ST-GBR-EPSI(0.0)
49,LR-REAL-Political,0.8509803921568627,0.5159403539231502,6.0,ST-GBR-EPSI(0.0)
50,LR-REAL-Political,0.7882352941176471,0.4999235782111404,5.647058823529412,ST-GBR-EPSI(0.01)
51,LR-REAL-Political,0.5725490196078432,0.4755283150436002,5.705882352941177,ST-GBR-EPSI(0.01)
52,LR-REAL-Political,0.7450980392156863,0.5083248927895665,5.411764705882353,ST-GBR-EPSI(0.01)
53,LR-REAL-Political,0.6549019607843138,0.480885051046442,5.529411764705882,ST-GBR-EPSI(0.01)
54,LR-REAL-Political,0.6549019607843138,0.4542738208349595,5.647058823529412,ST-GBR-EPSI(0.01)
55,LR-REAL-Political,0.7137254901960786,0.44890116059173063,5.705882352941177,ST-GBR-EPSI(0.01)
56,LR-REAL-Political,0.6666666666666666,0.4659867309300599,5.705882352941177,ST-GBR-EPSI(0.01)
57,LR-REAL-Political,0.7686274509803921,0.47747467929271414,5.823529411764706,ST-GBR-EPSI(0.01)
58,LR-REAL-Political,0.7019607843137255,0.44656776870084713,5.588235294117647,ST-GBR-EPSI(0.01)
59,LR-REAL-Political,0.6745098039215687,0.500151043295461,5.823529411764706,ST-GBR-EPSI(0.01)
60,LR-REAL-Political,0.7450980392156863,0.4776703882137181,5.411764705882353,ST-GBR-EPSI(0.01)
61,LR-REAL-Political,0.7607843137254902,0.4965797347369209,5.823529411764706,ST-GBR-EPSI(0.01)
62,LR-REAL-Political,0.776470588235294,0.507467293780629,5.823529411764706,ST-GBR-EPSI(0.01)
63,LR-REAL-Political,0.6941176470588235,0.5100104458422254,5.764705882352941,ST-GBR-EPSI(0.01)
64,LR-REAL-Political,0.6705882352941177,0.4826456035722294,5.764705882352941,ST-GBR-EPSI(0.01)
65,LR-REAL-Political,0.6588235294117647,0.48784544283531817,5.529411764705882,ST-GBR-EPSI(0.01)
66,LR-REAL-Political,0.7019607843137255,0.5240101279759146,5.764705882352941,ST-GBR-EPSI(0.01)
67,LR-REAL-Political,0.615686274509804,0.49521369200497134,5.882352941176471,ST-GBR-EPSI(0.01)
68,LR-REAL-Political,0.6705882352941176,0.4418890694549402,5.764705882352941,ST-GBR-EPSI(0.01)
69,LR-REAL-Political,0.6313725490196078,0.4776007450574686,5.705882352941177,ST-GBR-EPSI(0.01)
70,LR-REAL-Political,0.6705882352941177,0.48842340402801004,5.588235294117647,ST-GBR-EPSI(0.01)
71,LR-REAL-Political,0.6980392156862745,0.4336721020864429,5.823529411764706,ST-GBR-EPSI(0.01)
72,LR-REAL-Political,0.6235294117647058,0.4737772298651995,5.882352941176471,ST-GBR-EPSI(0.01)
73,LR-REAL-Political,0.7529411764705882,0.445990419738039,5.588235294117647,ST-GBR-EPSI(0.01)
74,LR-REAL-Political,0.6666666666666667,0.483548343418685,5.705882352941177,ST-GBR-EPSI(0.01)
75,LR-REAL-Political,0.5960784313725491,0.5376104280581394,5.823529411764706,ST-GBR-EPSI(0.01)
76,LR-REAL-Political,0.6117647058823529,0.5099830693497881,5.9411764705882355,ST-GBR-EPSI(0.01)
77,LR-REAL-Political,0.788235294117647,0.5048484421620906,5.764705882352941,ST-GBR-EPSI(0.01)
78,LR-REAL-Political,0.7215686274509804,0.4696983638237992,5.411764705882353,ST-GBR-EPSI(0.01)
79,LR-REAL-Political,0.6588235294117648,0.5066454875024471,5.705882352941177,ST-GBR-EPSI(0.01)
80,LR-REAL-Political,0.7137254901960784,0.4666187403372336,5.529411764705882,ST-GBR-EPSI(0.01)
81,LR-REAL-Political,0.5607843137254903,0.4958336450513359,5.411764705882353,ST-GBR-EPSI(0.01)
82,LR-REAL-Political,0.7490196078431373,0.5037191407703105,5.764705882352941,ST-GBR-EPSI(0.01)
83,LR-REAL-Political,0.6901960784313725,0.49609810158931106,5.823529411764706,ST-GBR-EPSI(0.01)
84,LR-REAL-Political,0.7176470588235295,0.4889263574102101,5.470588235294118,ST-GBR-EPSI(0.01)
85,LR-REAL-Political,0.7176470588235295,0.5147467135746076,5.588235294117647,ST-GBR-EPSI(0.01)
86,LR-REAL-Political,0.7176470588235294,0.4941470321043884,6.0,ST-GBR-EPSI(0.01)
87,LR-REAL-Political,0.6666666666666667,0.4478614806862472,5.470588235294118,ST-GBR-EPSI(0.01)
88,LR-REAL-Political,0.6431372549019608,0.4821765349167983,5.588235294117647,ST-GBR-EPSI(0.01)
89,LR-REAL-Political,0.7686274509803921,0.47790046972050443,5.705882352941177,ST-GBR-EPSI(0.01)
90,LR-REAL-Political,0.6745098039215688,0.5142896657569114,5.647058823529412,ST-GBR-EPSI(0.01)
91,LR-REAL-Political,0.6862745098039217,0.5166876086666606,5.764705882352941,ST-GBR-EPSI(0.01)
92,LR-REAL-Political,0.596078431372549,0.4976882073188871,5.588235294117647,ST-GBR-EPSI(0.01)
93,LR-REAL-Political,0.7411764705882353,0.5243702040789443,5.764705882352941,ST-GBR-EPSI(0.01)
94,LR-REAL-Political,0.7450980392156863,0.5267402126892566,5.705882352941177,ST-GBR-EPSI(0.01)
95,LR-REAL-Political,0.6784313725490196,0.4700837938059786,5.647058823529412,ST-GBR-EPSI(0.01)
96,LR-REAL-Political,0.6588235294117648,0.4842798568358835,5.764705882352941,ST-GBR-EPSI(0.01)
97,LR-REAL-Political,0.5725490196078432,0.4811379165143309,5.705882352941177,ST-GBR-EPSI(0.01)
98,LR-REAL-Political,0.7058823529411765,0.4446540019013831,5.529411764705882,ST-GBR-EPSI(0.01)
99,LR-REAL-Political,0.8431372549019608,0.49364715652683583,5.882352941176471,ST-GBR-EPSI(0.01)
100,LR-REAL-Political,0.7725490196078431,0.498830739419967,5.176470588235294,ST-GBR-EPSI(0.03)
101,LR-REAL-Political,0.5764705882352942,0.46883998444249014,5.0,ST-GBR-EPSI(0.03)
102,LR-REAL-Political,0.7294117647058824,0.5063842872384399,4.9411764705882355,ST-GBR-EPSI(0.03)
103,LR-REAL-Political,0.6313725490196079,0.448051579366729,4.705882352941177,ST-GBR-EPSI(0.03)
104,LR-REAL-Political,0.6313725490196079,0.44469208644443947,5.0588235294117645,ST-GBR-EPSI(0.03)
105,LR-REAL-Political,0.6823529411764707,0.46154202102170594,4.588235294117647,ST-GBR-EPSI(0.03)
106,LR-REAL-Political,0.6901960784313725,0.5055077759566079,5.117647058823529,ST-GBR-EPSI(0.03)
107,LR-REAL-Political,0.7529411764705882,0.46785649237225485,5.294117647058823,ST-GBR-EPSI(0.03)
108,LR-REAL-Political,0.7333333333333334,0.43766564826584764,5.0588235294117645,ST-GBR-EPSI(0.03)
109,LR-REAL-Political,0.6666666666666667,0.4901322537705431,5.470588235294118,ST-GBR-EPSI(0.03)
110,LR-REAL-Political,0.7529411764705882,0.48158219946826497,5.0,ST-GBR-EPSI(0.03)
111,LR-REAL-Political,0.7607843137254902,0.49360933503231713,5.352941176470588,ST-GBR-EPSI(0.03)
112,LR-REAL-Political,0.7607843137254902,0.511728879959362,5.352941176470588,ST-GBR-EPSI(0.03)
113,LR-REAL-Political,0.6784313725490196,0.49058791156313614,5.235294117647059,ST-GBR-EPSI(0.03)
114,LR-REAL-Political,0.6549019607843137,0.5179561215367268,5.352941176470588,ST-GBR-EPSI(0.03)
115,LR-REAL-Political,0.6666666666666667,0.4954216912323662,5.411764705882353,ST-GBR-EPSI(0.03)
116,LR-REAL-Political,0.6862745098039216,0.4547737601803768,4.9411764705882355,ST-GBR-EPSI(0.03)
117,LR-REAL-Political,0.5960784313725491,0.4549896559449897,5.117647058823529,ST-GBR-EPSI(0.03)
118,LR-REAL-Political,0.6627450980392158,0.44963154071155215,5.176470588235294,ST-GBR-EPSI(0.03)
119,LR-REAL-Political,0.6352941176470589,0.48068974808782394,5.235294117647059,ST-GBR-EPSI(0.03)
120,LR-REAL-Political,0.6901960784313725,0.47184557495361773,5.0,ST-GBR-EPSI(0.03)
121,LR-REAL-Political,0.6941176470588236,0.4317108082135745,5.294117647058823,ST-GBR-EPSI(0.03)
122,LR-REAL-Political,0.6313725490196078,0.48466322864072303,5.352941176470588,ST-GBR-EPSI(0.03)
123,LR-REAL-Political,0.7019607843137255,0.4366875058549215,4.764705882352941,ST-GBR-EPSI(0.03)
124,LR-REAL-Political,0.6352941176470589,0.485628806817907,5.0588235294117645,ST-GBR-EPSI(0.03)
125,LR-REAL-Political,0.6196078431372549,0.4982997514107563,5.176470588235294,ST-GBR-EPSI(0.03)
126,LR-REAL-Political,0.619607843137255,0.44503718469431686,5.235294117647059,ST-GBR-EPSI(0.03)
127,LR-REAL-Political,0.803921568627451,0.48077024618486314,5.176470588235294,ST-GBR-EPSI(0.03)
128,LR-REAL-Political,0.6862745098039216,0.44746563324947425,4.764705882352941,ST-GBR-EPSI(0.03)
129,LR-REAL-Political,0.6666666666666666,0.48887902004325995,5.117647058823529,ST-GBR-EPSI(0.03)
130,LR-REAL-Political,0.7137254901960784,0.4701924422682686,5.176470588235294,ST-GBR-EPSI(0.03)
131,LR-REAL-Political,0.5568627450980392,0.5109230992055125,5.117647058823529,ST-GBR-EPSI(0.03)
132,LR-REAL-Political,0.7529411764705882,0.48911553158571847,5.470588235294118,ST-GBR-EPSI(0.03)
133,LR-REAL-Political,0.6901960784313725,0.4953489297337053,5.352941176470588,ST-GBR-EPSI(0.03)
134,LR-REAL-Political,0.7058823529411765,0.5082926057859828,5.0588235294117645,ST-GBR-EPSI(0.03)
135,LR-REAL-Political,0.7254901960784315,0.4866133010794558,5.235294117647059,ST-GBR-EPSI(0.03)
136,LR-REAL-Political,0.7176470588235295,0.48712453684730966,5.470588235294118,ST-GBR-EPSI(0.03)
137,LR-REAL-Political,0.6470588235294118,0.4644639874159407,4.9411764705882355,ST-GBR-EPSI(0.03)
138,LR-REAL-Political,0.6470588235294119,0.47023472887498985,4.823529411764706,ST-GBR-EPSI(0.03)
139,LR-REAL-Political,0.7372549019607844,0.48333648804873064,5.0588235294117645,ST-GBR-EPSI(0.03)
140,LR-REAL-Political,0.6549019607843138,0.5109914869621265,5.0,ST-GBR-EPSI(0.03)
141,LR-REAL-Political,0.6941176470588236,0.5061634173645629,4.764705882352941,ST-GBR-EPSI(0.03)
142,LR-REAL-Political,0.6000000000000001,0.4946457689579764,5.0588235294117645,ST-GBR-EPSI(0.03)
143,LR-REAL-Political,0.7333333333333334,0.5161814306300478,4.882352941176471,ST-GBR-EPSI(0.03)
144,LR-REAL-Political,0.7333333333333334,0.5317883148333812,5.176470588235294,ST-GBR-EPSI(0.03)
145,LR-REAL-Political,0.6509803921568629,0.47275663523604416,5.117647058823529,ST-GBR-EPSI(0.03)
146,LR-REAL-Political,0.6745098039215687,0.4832589632211746,5.235294117647059,ST-GBR-EPSI(0.03)
147,LR-REAL-Political,0.596078431372549,0.45163120898712206,5.0,ST-GBR-EPSI(0.03)
148,LR-REAL-Political,0.7333333333333334,0.46593062875946484,4.882352941176471,ST-GBR-EPSI(0.03)
149,LR-REAL-Political,0.8196078431372549,0.44517036415780425,5.235294117647059,ST-GBR-EPSI(0.03)
150,LR-REAL-Political,0.7725490196078431,0.4872551369176689,4.647058823529412,ST-GBR-EPSI(0.05)
151,LR-REAL-Political,0.5686274509803921,0.47788812112050943,4.352941176470588,ST-GBR-EPSI(0.05)
152,LR-REAL-Political,0.7372549019607844,0.5058784785032683,4.764705882352941,ST-GBR-EPSI(0.05)
153,LR-REAL-Political,0.6352941176470589,0.4672731519570251,4.470588235294118,ST-GBR-EPSI(0.05)
154,LR-REAL-Political,0.6392156862745099,0.47898908080821206,4.647058823529412,ST-GBR-EPSI(0.05)
155,LR-REAL-Political,0.6549019607843138,0.4828779722854125,4.176470588235294,ST-GBR-EPSI(0.05)
156,LR-REAL-Political,0.6784313725490196,0.5196091272668703,4.588235294117647,ST-GBR-EPSI(0.05)
157,LR-REAL-Political,0.7372549019607844,0.45168087782880695,4.882352941176471,ST-GBR-EPSI(0.05)
158,LR-REAL-Political,0.6941176470588236,0.4353445121841161,4.529411764705882,ST-GBR-EPSI(0.05)
159,LR-REAL-Political,0.6470588235294118,0.4882104316853846,4.588235294117647,ST-GBR-EPSI(0.05)
160,LR-REAL-Political,0.7411764705882353,0.4822683234767294,4.294117647058823,ST-GBR-EPSI(0.05)
161,LR-REAL-Political,0.7568627450980392,0.4703333052836584,4.705882352941177,ST-GBR-EPSI(0.05)
162,LR-REAL-Political,0.7411764705882353,0.5023584464179304,4.882352941176471,ST-GBR-EPSI(0.05)
163,LR-REAL-Political,0.6862745098039217,0.4918392203691566,4.647058823529412,ST-GBR-EPSI(0.05)
164,LR-REAL-Political,0.6352941176470588,0.48856952168602735,4.882352941176471,ST-GBR-EPSI(0.05)
165,LR-REAL-Political,0.6627450980392158,0.4806189873977185,4.705882352941177,ST-GBR-EPSI(0.05)
166,LR-REAL-Political,0.6627450980392157,0.46072513529361914,4.411764705882353,ST-GBR-EPSI(0.05)
167,LR-REAL-Political,0.607843137254902,0.43619085716589123,4.764705882352941,ST-GBR-EPSI(0.05)
168,LR-REAL-Political,0.6431372549019608,0.44970031198955357,4.470588235294118,ST-GBR-EPSI(0.05)
169,LR-REAL-Political,0.6,0.4844034574978318,4.529411764705882,ST-GBR-EPSI(0.05)
170,LR-REAL-Political,0.6823529411764707,0.4793590168436361,4.470588235294118,ST-GBR-EPSI(0.05)
171,LR-REAL-Political,0.7137254901960786,0.43466505025253677,4.705882352941177,ST-GBR-EPSI(0.05)
172,LR-REAL-Political,0.6117647058823529,0.4924535562066929,4.470588235294118,ST-GBR-EPSI(0.05)
173,LR-REAL-Political,0.7058823529411765,0.43812492454782564,4.294117647058823,ST-GBR-EPSI(0.05)
174,LR-REAL-Political,0.6313725490196079,0.49719384949727946,4.352941176470588,ST-GBR-EPSI(0.05)
175,LR-REAL-Political,0.6392156862745099,0.5002684273137163,4.470588235294118,ST-GBR-EPSI(0.05)
176,LR-REAL-Political,0.619607843137255,0.4544397028333982,4.529411764705882,ST-GBR-EPSI(0.05)
177,LR-REAL-Political,0.803921568627451,0.46137943943373944,4.705882352941177,ST-GBR-EPSI(0.05)
178,LR-REAL-Political,0.6470588235294118,0.44608892444031545,4.235294117647059,ST-GBR-EPSI(0.05)
179,LR-REAL-Political,0.6901960784313725,0.46544279539481365,4.470588235294118,ST-GBR-EPSI(0.05)
180,LR-REAL-Political,0.6784313725490198,0.48538562973628857,4.647058823529412,ST-GBR-EPSI(0.05)
181,LR-REAL-Political,0.5411764705882353,0.48798386577710207,4.764705882352941,ST-GBR-EPSI(0.05)
182,LR-REAL-Political,0.7215686274509804,0.5103497447124916,4.647058823529412,ST-GBR-EPSI(0.05)
183,LR-REAL-Political,0.6901960784313725,0.49705609055803995,4.823529411764706,ST-GBR-EPSI(0.05)
184,LR-REAL-Political,0.6745098039215687,0.5020964043216415,4.647058823529412,ST-GBR-EPSI(0.05)
185,LR-REAL-Political,0.7176470588235295,0.5043859047165871,4.823529411764706,ST-GBR-EPSI(0.05)
186,LR-REAL-Political,0.7333333333333334,0.492600122319088,4.882352941176471,ST-GBR-EPSI(0.05)
187,LR-REAL-Political,0.627450980392157,0.487775500636787,4.588235294117647,ST-GBR-EPSI(0.05)
188,LR-REAL-Political,0.6509803921568629,0.4789644413671696,4.294117647058823,ST-GBR-EPSI(0.05)
189,LR-REAL-Political,0.7137254901960786,0.4871665323001741,4.764705882352941,ST-GBR-EPSI(0.05)
190,LR-REAL-Political,0.6588235294117648,0.5043491378181201,4.705882352941177,ST-GBR-EPSI(0.05)
191,LR-REAL-Political,0.6823529411764707,0.5074965089894594,4.294117647058823,ST-GBR-EPSI(0.05)
192,LR-REAL-Political,0.592156862745098,0.49786456081023056,4.529411764705882,ST-GBR-EPSI(0.05)
193,LR-REAL-Political,0.6941176470588235,0.5222786112863448,4.294117647058823,ST-GBR-EPSI(0.05)
194,LR-REAL-Political,0.7019607843137255,0.5186395360205278,4.705882352941177,ST-GBR-EPSI(0.05)
195,LR-REAL-Political,0.6588235294117647,0.48435027593916846,4.470588235294118,ST-GBR-EPSI(0.05)
196,LR-REAL-Political,0.6823529411764707,0.4548376577723479,4.588235294117647,ST-GBR-EPSI(0.05)
197,LR-REAL-Political,0.596078431372549,0.44918576720684944,4.764705882352941,ST-GBR-EPSI(0.05)
198,LR-REAL-Political,0.7333333333333334,0.4348082919490164,4.176470588235294,ST-GBR-EPSI(0.05)
199,LR-REAL-Political,0.8156862745098039,0.4960615211440872,5.0,ST-GBR-EPSI(0.05)
200,LR-REAL-Political,0.7490196078431373,0.48450980886954137,4.352941176470588,ST-GBR-EPSI(0.07)
201,LR-REAL-Political,0.5411764705882354,0.47323868172040146,3.9411764705882355,ST-GBR-EPSI(0.07)
202,LR-REAL-Political,0.7098039215686276,0.5083234930323703,4.0,ST-GBR-EPSI(0.07)
203,LR-REAL-Political,0.615686274509804,0.4517108981523187,3.8823529411764706,ST-GBR-EPSI(0.07)
204,LR-REAL-Political,0.627450980392157,0.5367546141051455,4.176470588235294,ST-GBR-EPSI(0.07)
205,LR-REAL-Political,0.6392156862745098,0.4819107088879981,3.823529411764706,ST-GBR-EPSI(0.07)
206,LR-REAL-Political,0.6313725490196078,0.5049605023876578,4.117647058823529,ST-GBR-EPSI(0.07)
207,LR-REAL-Political,0.7019607843137254,0.44402549714313566,4.176470588235294,ST-GBR-EPSI(0.07)
208,LR-REAL-Political,0.6823529411764707,0.4340426735043814,4.0588235294117645,ST-GBR-EPSI(0.07)
209,LR-REAL-Political,0.6549019607843137,0.49778857732513565,3.9411764705882355,ST-GBR-EPSI(0.07)
210,LR-REAL-Political,0.7176470588235295,0.4828351090748479,4.0588235294117645,ST-GBR-EPSI(0.07)
211,LR-REAL-Political,0.7333333333333334,0.4506254437625621,4.117647058823529,ST-GBR-EPSI(0.07)
212,LR-REAL-Political,0.6980392156862745,0.5992018467236138,4.176470588235294,ST-GBR-EPSI(0.07)
213,LR-REAL-Political,0.6666666666666667,0.4892117531923951,4.0588235294117645,ST-GBR-EPSI(0.07)
214,LR-REAL-Political,0.6509803921568628,0.48921853990985864,4.352941176470588,ST-GBR-EPSI(0.07)
215,LR-REAL-Political,0.6470588235294118,0.4901000775513916,4.294117647058823,ST-GBR-EPSI(0.07)
216,LR-REAL-Political,0.6549019607843136,0.48969391081757535,3.764705882352941,ST-GBR-EPSI(0.07)
217,LR-REAL-Political,0.5725490196078431,0.4901654215873627,4.176470588235294,ST-GBR-EPSI(0.07)
218,LR-REAL-Political,0.6196078431372549,0.4715321094744773,4.176470588235294,ST-GBR-EPSI(0.07)
219,LR-REAL-Political,0.5882352941176471,0.49151589064271517,4.0,ST-GBR-EPSI(0.07)
220,LR-REAL-Political,0.6666666666666666,0.44940411951670045,4.117647058823529,ST-GBR-EPSI(0.07)
221,LR-REAL-Political,0.6980392156862745,0.48262151070128534,4.0,ST-GBR-EPSI(0.07)
222,LR-REAL-Political,0.596078431372549,0.5001613311962327,4.0,ST-GBR-EPSI(0.07)
223,LR-REAL-Political,0.6941176470588235,0.4412962768078439,3.9411764705882355,ST-GBR-EPSI(0.07)
224,LR-REAL-Political,0.6392156862745099,0.4997136229094672,3.7058823529411766,ST-GBR-EPSI(0.07)
225,LR-REAL-Political,0.6392156862745099,0.49194726966080027,4.0,ST-GBR-EPSI(0.07)
226,LR-REAL-Political,0.6313725490196079,0.5074526034162582,3.823529411764706,ST-GBR-EPSI(0.07)
227,LR-REAL-Political,0.776470588235294,0.511758849159893,3.9411764705882355,ST-GBR-EPSI(0.07)
228,LR-REAL-Political,0.6196078431372549,0.4565413908497679,3.8823529411764706,ST-GBR-EPSI(0.07)
229,LR-REAL-Political,0.6588235294117648,0.49187923325815797,4.0,ST-GBR-EPSI(0.07)
230,LR-REAL-Political,0.6627450980392158,0.4837897306490779,3.9411764705882355,ST-GBR-EPSI(0.07)
231,LR-REAL-Political,0.5294117647058822,0.5183476719113678,4.0588235294117645,ST-GBR-EPSI(0.07)
232,LR-REAL-Political,0.7372549019607844,0.49565881808423584,4.117647058823529,ST-GBR-EPSI(0.07)
233,LR-REAL-Political,0.6784313725490196,0.5024706532647327,4.294117647058823,ST-GBR-EPSI(0.07)
234,LR-REAL-Political,0.6823529411764706,0.49446792468281947,4.176470588235294,ST-GBR-EPSI(0.07)
235,LR-REAL-Political,0.6901960784313725,0.4992594384833343,4.294117647058823,ST-GBR-EPSI(0.07)
236,LR-REAL-Political,0.7019607843137255,0.4919755797329785,4.235294117647059,ST-GBR-EPSI(0.07)
237,LR-REAL-Political,0.6470588235294118,0.4798457528066,4.176470588235294,ST-GBR-EPSI(0.07)
238,LR-REAL-Political,0.6431372549019608,0.49856133630442684,3.8823529411764706,ST-GBR-EPSI(0.07)
239,LR-REAL-Political,0.6588235294117648,0.49195290265162345,4.0,ST-GBR-EPSI(0.07)
240,LR-REAL-Political,0.6549019607843137,0.5158849073781737,4.235294117647059,ST-GBR-EPSI(0.07)
241,LR-REAL-Political,0.6509803921568628,0.4965380271236884,3.7058823529411766,ST-GBR-EPSI(0.07)
242,LR-REAL-Political,0.5803921568627451,0.5025137690714493,4.117647058823529,ST-GBR-EPSI(0.07)
243,LR-REAL-Political,0.6705882352941177,0.5183004628951088,3.9411764705882355,ST-GBR-EPSI(0.07)
244,LR-REAL-Political,0.6823529411764707,0.5237643445561105,3.823529411764706,ST-GBR-EPSI(0.07)
245,LR-REAL-Political,0.6549019607843137,0.5188704963997293,3.823529411764706,ST-GBR-EPSI(0.07)
246,LR-REAL-Political,0.6627450980392158,0.4923656752303942,4.294117647058823,ST-GBR-EPSI(0.07)
247,LR-REAL-Political,0.596078431372549,0.47410246579694787,4.117647058823529,ST-GBR-EPSI(0.07)
248,LR-REAL-Political,0.6627450980392158,0.48655002675241854,3.764705882352941,ST-GBR-EPSI(0.07)
249,LR-REAL-Political,0.7686274509803921,0.4950937043589498,4.294117647058823,ST-GBR-EPSI(0.07)
250,LR-REAL-Political,0.7098039215686274,0.5095497346512211,3.8823529411764706,ST-GBR-EPSI(0.09)
251,LR-REAL-Political,0.5019607843137255,0.48487085776349537,3.3529411764705883,ST-GBR-EPSI(0.09)
252,LR-REAL-Political,0.6784313725490196,0.46191198679193507,3.5294117647058822,ST-GBR-EPSI(0.09)
253,LR-REAL-Political,0.5803921568627451,0.4548056312606287,3.411764705882353,ST-GBR-EPSI(0.09)
254,LR-REAL-Political,0.603921568627451,0.5051093543237904,3.4705882352941178,ST-GBR-EPSI(0.09)
255,LR-REAL-Political,0.615686274509804,0.48580635281246043,3.235294117647059,ST-GBR-EPSI(0.09)
256,LR-REAL-Political,0.6196078431372549,0.5171611689868929,3.6470588235294117,ST-GBR-EPSI(0.09)
257,LR-REAL-Political,0.6352941176470588,0.49464036903768765,3.411764705882353,ST-GBR-EPSI(0.09)
258,LR-REAL-Political,0.6588235294117647,0.4529322417690144,3.7058823529411766,ST-GBR-EPSI(0.09)
259,LR-REAL-Political,0.5686274509803921,0.49083072174668213,3.2941176470588234,ST-GBR-EPSI(0.09)
260,LR-REAL-Political,0.6666666666666667,0.4772947199203961,3.411764705882353,ST-GBR-EPSI(0.09)
261,LR-REAL-Political,0.6980392156862746,0.46817975326299044,3.588235294117647,ST-GBR-EPSI(0.09)
262,LR-REAL-Political,0.6313725490196078,0.44941595869563683,3.3529411764705883,ST-GBR-EPSI(0.09)
263,LR-REAL-Political,0.6352941176470589,0.5099303711942712,3.588235294117647,ST-GBR-EPSI(0.09)
264,LR-REAL-Political,0.615686274509804,0.5023016545276606,3.4705882352941178,ST-GBR-EPSI(0.09)
265,LR-REAL-Political,0.6313725490196078,0.5076744524676726,3.7058823529411766,ST-GBR-EPSI(0.09)
266,LR-REAL-Political,0.615686274509804,0.4609500329689875,3.2941176470588234,ST-GBR-EPSI(0.09)
267,LR-REAL-Political,0.5372549019607844,0.5025549381282224,3.4705882352941178,ST-GBR-EPSI(0.09)
268,LR-REAL-Political,0.611764705882353,0.4831250014635138,3.588235294117647,ST-GBR-EPSI(0.09)
269,LR-REAL-Political,0.5764705882352942,0.4917515799742345,3.6470588235294117,ST-GBR-EPSI(0.09)
270,LR-REAL-Political,0.6196078431372548,0.4781521370298691,3.7058823529411766,ST-GBR-EPSI(0.09)
271,LR-REAL-Political,0.6470588235294117,0.4882605281247515,3.5294117647058822,ST-GBR-EPSI(0.09)
272,LR-REAL-Political,0.5372549019607843,0.48241180629493285,3.2941176470588234,ST-GBR-EPSI(0.09)
273,LR-REAL-Political,0.7019607843137255,0.48381616961539164,3.6470588235294117,ST-GBR-EPSI(0.09)
274,LR-REAL-Political,0.6274509803921569,0.4991650968174961,3.411764705882353,ST-GBR-EPSI(0.09)
275,LR-REAL-Political,0.6196078431372549,0.47845761667650155,3.5294117647058822,ST-GBR-EPSI(0.09)
276,LR-REAL-Political,0.607843137254902,0.50137938464924,3.4705882352941178,ST-GBR-EPSI(0.09)
277,LR-REAL-Political,0.7294117647058823,0.4805031227206712,3.588235294117647,ST-GBR-EPSI(0.09)
278,LR-REAL-Political,0.5882352941176471,0.4819157412545283,3.3529411764705883,ST-GBR-EPSI(0.09)
279,LR-REAL-Political,0.5960784313725489,0.5032517004116986,3.4705882352941178,ST-GBR-EPSI(0.09)
280,LR-REAL-Political,0.6156862745098038,0.500657474483109,3.3529411764705883,ST-GBR-EPSI(0.09)
281,LR-REAL-Political,0.5019607843137255,0.5100995656267796,3.6470588235294117,ST-GBR-EPSI(0.09)
282,LR-REAL-Political,0.7019607843137254,0.5019190309130035,3.764705882352941,ST-GBR-EPSI(0.09)
283,LR-REAL-Political,0.6627450980392158,0.5036390773593906,3.6470588235294117,ST-GBR-EPSI(0.09)
284,LR-REAL-Political,0.6588235294117648,0.5080705500563408,3.5294117647058822,ST-GBR-EPSI(0.09)
285,LR-REAL-Political,0.6431372549019608,0.46534650225719165,3.6470588235294117,ST-GBR-EPSI(0.09)
286,LR-REAL-Political,0.6549019607843138,0.48123061149573687,3.5294117647058822,ST-GBR-EPSI(0.09)
287,LR-REAL-Political,0.6313725490196079,0.4760864187780366,3.7058823529411766,ST-GBR-EPSI(0.09)
288,LR-REAL-Political,0.615686274509804,0.5001904527218822,3.2941176470588234,ST-GBR-EPSI(0.09)
289,LR-REAL-Political,0.6431372549019608,0.5066616956907198,3.588235294117647,ST-GBR-EPSI(0.09)
290,LR-REAL-Political,0.6156862745098041,0.5061479329088674,3.764705882352941,ST-GBR-EPSI(0.09)
291,LR-REAL-Political,0.584313725490196,0.5069968899632891,3.1176470588235294,ST-GBR-EPSI(0.09)
292,LR-REAL-Political,0.5450980392156863,0.5063148798767734,3.7058823529411766,ST-GBR-EPSI(0.09)
293,LR-REAL-Political,0.6352941176470588,0.507290831707307,3.411764705882353,ST-GBR-EPSI(0.09)
294,LR-REAL-Political,0.611764705882353,0.5288038649836315,3.411764705882353,ST-GBR-EPSI(0.09)
295,LR-REAL-Political,0.611764705882353,0.487606289705214,3.4705882352941178,ST-GBR-EPSI(0.09)
296,LR-REAL-Political,0.6196078431372549,0.49601862556365883,3.6470588235294117,ST-GBR-EPSI(0.09)
297,LR-REAL-Political,0.5568627450980392,0.48508909581533294,3.2941176470588234,ST-GBR-EPSI(0.09)
298,LR-REAL-Political,0.6352941176470589,0.45633824802221334,3.4705882352941178,ST-GBR-EPSI(0.09)
299,LR-REAL-Political,0.7137254901960784,0.48266756793608506,3.7058823529411766,ST-GBR-EPSI(0.09)
300,LR-REAL-Political,0.5294117647058822,0.4893281956451016,2.588235294117647,ST-GBR-EPSI(0.12)
301,LR-REAL-Political,0.4901960784313725,0.4655326618893499,2.823529411764706,ST-GBR-EPSI(0.12)
302,LR-REAL-Political,0.6431372549019608,0.4559959255320642,3.0588235294117645,ST-GBR-EPSI(0.12)
303,LR-REAL-Political,0.5176470588235295,0.45167796022533074,2.8823529411764706,ST-GBR-EPSI(0.12)
304,LR-REAL-Political,0.5490196078431372,0.4984972843203328,2.8823529411764706,ST-GBR-EPSI(0.12)
305,LR-REAL-Political,0.5686274509803921,0.44814003505516997,2.8823529411764706,ST-GBR-EPSI(0.12)
306,LR-REAL-Political,0.5764705882352941,0.49234438280532833,2.8823529411764706,ST-GBR-EPSI(0.12)
307,LR-REAL-Political,0.5098039215686274,0.45048803258757114,2.6470588235294117,ST-GBR-EPSI(0.12)
308,LR-REAL-Political,0.5568627450980392,0.44699835808610294,2.823529411764706,ST-GBR-EPSI(0.12)
309,LR-REAL-Political,0.4745098039215686,0.4831439986247018,2.7058823529411766,ST-GBR-EPSI(0.12)
310,LR-REAL-Political,0.5843137254901961,0.5402976670636819,3.0,ST-GBR-EPSI(0.12)
311,LR-REAL-Political,0.6117647058823529,0.4618366854097857,2.823529411764706,ST-GBR-EPSI(0.12)
312,LR-REAL-Political,0.5803921568627451,0.4942664431041005,2.8823529411764706,ST-GBR-EPSI(0.12)
313,LR-REAL-Political,0.5490196078431373,0.5003918159375398,2.764705882352941,ST-GBR-EPSI(0.12)
314,LR-REAL-Political,0.4784313725490196,0.4960111254498356,2.5294117647058822,ST-GBR-EPSI(0.12)
315,LR-REAL-Political,0.5019607843137254,0.48602066508974057,2.8823529411764706,ST-GBR-EPSI(0.12)
316,LR-REAL-Political,0.5215686274509804,0.48984011339970174,2.764705882352941,ST-GBR-EPSI(0.12)
317,LR-REAL-Political,0.4901960784313726,0.4805252121492505,2.9411764705882355,ST-GBR-EPSI(0.12)
318,LR-REAL-Political,0.49411764705882355,0.4987566910605012,2.588235294117647,ST-GBR-EPSI(0.12)
319,LR-REAL-Political,0.49411764705882344,0.4817848691098568,3.0,ST-GBR-EPSI(0.12)
320,LR-REAL-Political,0.5215686274509803,0.483648710293819,2.8823529411764706,ST-GBR-EPSI(0.12)
321,LR-REAL-Political,0.5686274509803922,0.43556597372698724,2.8823529411764706,ST-GBR-EPSI(0.12)
322,LR-REAL-Political,0.47058823529411764,0.5009813392143737,2.8823529411764706,ST-GBR-EPSI(0.12)
323,LR-REAL-Political,0.6039215686274509,0.5003097113273073,2.8823529411764706,ST-GBR-EPSI(0.12)
324,LR-REAL-Political,0.5921568627450979,0.48810270382925874,3.0,ST-GBR-EPSI(0.12)
325,LR-REAL-Political,0.5333333333333333,0.5137354001046863,2.823529411764706,ST-GBR-EPSI(0.12)
326,LR-REAL-Political,0.4901960784313725,0.4860784500627051,2.823529411764706,ST-GBR-EPSI(0.12)
327,LR-REAL-Political,0.584313725490196,0.48529160108076874,2.764705882352941,ST-GBR-EPSI(0.12)
328,LR-REAL-Political,0.4784313725490196,0.4421089790101139,2.7058823529411766,ST-GBR-EPSI(0.12)
329,LR-REAL-Political,0.5215686274509803,0.5009815743773804,2.9411764705882355,ST-GBR-EPSI(0.12)
330,LR-REAL-Political,0.592156862745098,0.4952058769110853,3.0588235294117645,ST-GBR-EPSI(0.12)
331,LR-REAL-Political,0.4392156862745098,0.49682734908730697,2.8823529411764706,ST-GBR-EPSI(0.12)
332,LR-REAL-Political,0.5450980392156862,0.5041041235210243,2.6470588235294117,ST-GBR-EPSI(0.12)
333,LR-REAL-Political,0.5019607843137255,0.5003561133812758,2.764705882352941,ST-GBR-EPSI(0.12)
334,LR-REAL-Political,0.5568627450980392,0.46503679890984934,2.823529411764706,ST-GBR-EPSI(0.12)
335,LR-REAL-Political,0.5529411764705883,0.49571627989464206,2.6470588235294117,ST-GBR-EPSI(0.12)
336,LR-REAL-Political,0.5254901960784314,0.5006093413782985,2.5294117647058822,ST-GBR-EPSI(0.12)
337,LR-REAL-Political,0.5529411764705883,0.4646435354518589,3.1176470588235294,ST-GBR-EPSI(0.12)
338,LR-REAL-Political,0.5607843137254902,0.4567157907843603,2.8823529411764706,ST-GBR-EPSI(0.12)
339,LR-REAL-Political,0.5411764705882354,0.4640465479976489,2.764705882352941,ST-GBR-EPSI(0.12)
340,LR-REAL-Political,0.5137254901960784,0.5192178752678279,3.0588235294117645,ST-GBR-EPSI(0.12)
341,LR-REAL-Political,0.5294117647058824,0.5038857446608848,2.764705882352941,ST-GBR-EPSI(0.12)
342,LR-REAL-Political,0.4588235294117647,0.4970552221079824,2.764705882352941,ST-GBR-EPSI(0.12)
343,LR-REAL-Political,0.592156862745098,0.50804435132189,2.8823529411764706,ST-GBR-EPSI(0.12)
344,LR-REAL-Political,0.5215686274509803,0.5296610418747536,2.8823529411764706,ST-GBR-EPSI(0.12)
345,LR-REAL-Political,0.5137254901960785,0.48637738801791014,2.823529411764706,ST-GBR-EPSI(0.12)
346,LR-REAL-Political,0.5176470588235293,0.4430601038409936,2.823529411764706,ST-GBR-EPSI(0.12)
347,LR-REAL-Political,0.45882352941176463,0.48523857348119254,2.4705882352941178,ST-GBR-EPSI(0.12)
348,LR-REAL-Political,0.5764705882352941,0.48167037829426657,2.8823529411764706,ST-GBR-EPSI(0.12)
349,LR-REAL-Political,0.5764705882352941,0.4568133843601005,2.7058823529411766,ST-GBR-EPSI(0.12)
350,LR-REAL-Political,0.4549019607843137,0.5014106151005054,2.235294117647059,ST-GBR-EPSI(0.14)
351,LR-REAL-Political,0.4352941176470588,0.5076255371637022,2.3529411764705883,ST-GBR-EPSI(0.14)
352,LR-REAL-Political,0.4666666666666666,0.46215590886001484,2.4705882352941178,ST-GBR-EPSI(0.14)
353,LR-REAL-Political,0.4666666666666666,0.4807301920678047,2.4705882352941178,ST-GBR-EPSI(0.14)
354,LR-REAL-Political,0.42745098039215684,0.49796558913564415,2.3529411764705883,ST-GBR-EPSI(0.14)
355,LR-REAL-Political,0.5137254901960784,0.4744525530635955,2.588235294117647,ST-GBR-EPSI(0.14)
356,LR-REAL-Political,0.4784313725490196,0.5026976049902879,2.411764705882353,ST-GBR-EPSI(0.14)
357,LR-REAL-Political,0.4156862745098039,0.46077869193051635,2.235294117647059,ST-GBR-EPSI(0.14)
358,LR-REAL-Political,0.5098039215686274,0.44465170528910497,2.588235294117647,ST-GBR-EPSI(0.14)
359,LR-REAL-Political,0.388235294117647,0.4830856920277004,2.2941176470588234,ST-GBR-EPSI(0.14)
360,LR-REAL-Political,0.4627450980392156,0.467164682784789,2.3529411764705883,ST-GBR-EPSI(0.14)
361,LR-REAL-Political,0.48235294117647054,0.48097021017075386,2.235294117647059,ST-GBR-EPSI(0.14)
362,LR-REAL-Political,0.4666666666666666,0.4580960930861227,2.411764705882353,ST-GBR-EPSI(0.14)
363,LR-REAL-Political,0.4352941176470588,0.5092237742440394,2.2941176470588234,ST-GBR-EPSI(0.14)
364,LR-REAL-Political,0.40784313725490196,0.5042045739639615,2.176470588235294,ST-GBR-EPSI(0.14)
365,LR-REAL-Political,0.43137254901960786,0.5010555708825287,2.3529411764705883,ST-GBR-EPSI(0.14)
366,LR-REAL-Political,0.43921568627450974,0.4614959411162986,2.3529411764705883,ST-GBR-EPSI(0.14)
367,LR-REAL-Political,0.43921568627450974,0.48347904130562663,2.411764705882353,ST-GBR-EPSI(0.14)
368,LR-REAL-Political,0.4196078431372549,0.49398528171524264,2.2941176470588234,ST-GBR-EPSI(0.14)
369,LR-REAL-Political,0.388235294117647,0.47106370233042205,2.4705882352941178,ST-GBR-EPSI(0.14)
370,LR-REAL-Political,0.4509803921568627,0.4341769956676044,2.4705882352941178,ST-GBR-EPSI(0.14)
371,LR-REAL-Political,0.4745098039215686,0.43551221846503,2.4705882352941178,ST-GBR-EPSI(0.14)
372,LR-REAL-Political,0.4235294117647059,0.5084095242185779,2.4705882352941178,ST-GBR-EPSI(0.14)
373,LR-REAL-Political,0.46274509803921565,0.4888680489304284,2.3529411764705883,ST-GBR-EPSI(0.14)
374,LR-REAL-Political,0.580392156862745,0.4452951766710245,2.764705882352941,ST-GBR-EPSI(0.14)
375,LR-REAL-Political,0.44313725490196076,0.5046613445457704,2.411764705882353,ST-GBR-EPSI(0.14)
376,LR-REAL-Political,0.42745098039215684,0.49928202899641205,2.411764705882353,ST-GBR-EPSI(0.14)
377,LR-REAL-Political,0.46274509803921565,0.4835490704897471,2.2941176470588234,ST-GBR-EPSI(0.14)
378,LR-REAL-Political,0.4235294117647059,0.4778451981670675,2.3529411764705883,ST-GBR-EPSI(0.14)
379,LR-REAL-Political,0.5058823529411764,0.4929065164044013,2.588235294117647,ST-GBR-EPSI(0.14)
380,LR-REAL-Political,0.37254901960784315,0.5049191919276449,2.176470588235294,ST-GBR-EPSI(0.14)
381,LR-REAL-Political,0.2823529411764706,0.5135345547395126,2.3529411764705883,ST-GBR-EPSI(0.14)
382,LR-REAL-Political,0.4980392156862744,0.5111799461080865,2.411764705882353,ST-GBR-EPSI(0.14)
383,LR-REAL-Political,0.35686274509803917,0.4949162525047315,2.0588235294117645,ST-GBR-EPSI(0.14)
384,LR-REAL-Political,0.4352941176470588,0.4622367856563383,2.3529411764705883,ST-GBR-EPSI(0.14)
385,LR-REAL-Political,0.46274509803921565,0.5008965989853849,2.235294117647059,ST-GBR-EPSI(0.14)
386,LR-REAL-Political,0.43137254901960786,0.4905600472905449,2.0588235294117645,ST-GBR-EPSI(0.14)
387,LR-REAL-Political,0.4274509803921568,0.468482614788401,2.4705882352941178,ST-GBR-EPSI(0.14)
388,LR-REAL-Political,0.4862745098039216,0.4913354520559229,2.4705882352941178,ST-GBR-EPSI(0.14)
389,LR-REAL-Political,0.38431372549019605,0.488967797179204,2.1176470588235294,ST-GBR-EPSI(0.14)
390,LR-REAL-Political,0.41960784313725485,0.5188144735333349,2.2941176470588234,ST-GBR-EPSI(0.14)
391,LR-REAL-Political,0.4666666666666667,0.4985860533330936,2.4705882352941178,ST-GBR-EPSI(0.14)
392,LR-REAL-Political,0.39999999999999997,0.5024934191237287,2.235294117647059,ST-GBR-EPSI(0.14)
393,LR-REAL-Political,0.4784313725490196,0.5146206634743339,2.3529411764705883,ST-GBR-EPSI(0.14)
394,LR-REAL-Political,0.4862745098039215,0.5089132455776002,2.6470588235294117,ST-GBR-EPSI(0.14)
395,LR-REAL-Political,0.41176470588235287,0.493877954554995,2.3529411764705883,ST-GBR-EPSI(0.14)
396,LR-REAL-Political,0.4235294117647059,0.4840133532084023,2.3529411764705883,ST-GBR-EPSI(0.14)
397,LR-REAL-Political,0.3490196078431373,0.48909067203805284,2.1176470588235294,ST-GBR-EPSI(0.14)
398,LR-REAL-Political,0.5372549019607843,0.4346115157064202,2.588235294117647,ST-GBR-EPSI(0.14)
399,LR-REAL-Political,0.4313725490196078,0.5228259398103291,2.1176470588235294,ST-GBR-EPSI(0.14)
400,LR-REAL-Political,0.33333333333333337,0.4855875126765034,1.8235294117647058,ST-GBR-EPSI(0.16)
401,LR-REAL-Political,0.38431372549019605,0.4723572908675832,2.0,ST-GBR-EPSI(0.16)
402,LR-REAL-Political,0.27058823529411763,0.49354148434972017,1.8823529411764706,ST-GBR-EPSI(0.16)
403,LR-REAL-Political,0.3764705882352941,0.48987744358455393,2.1176470588235294,ST-GBR-EPSI(0.16)
404,LR-REAL-Political,0.30980392156862746,0.4809657062193541,2.0,ST-GBR-EPSI(0.16)
405,LR-REAL-Political,0.38431372549019605,0.4783134987230141,2.1176470588235294,ST-GBR-EPSI(0.16)
406,LR-REAL-Political,0.33333333333333337,0.4738118806524724,1.8823529411764706,ST-GBR-EPSI(0.16)
407,LR-REAL-Political,0.3333333333333333,0.48156958556547763,1.8235294117647058,ST-GBR-EPSI(0.16)
408,LR-REAL-Political,0.3607843137254902,0.5225154438285985,1.9411764705882353,ST-GBR-EPSI(0.16)
409,LR-REAL-Political,0.2627450980392157,0.4534302795056758,1.9411764705882353,ST-GBR-EPSI(0.16)
410,LR-REAL-Political,0.4156862745098039,0.45879702599712024,2.176470588235294,ST-GBR-EPSI(0.16)
411,LR-REAL-Political,0.4431372549019607,0.45138079380505897,2.1176470588235294,ST-GBR-EPSI(0.16)
412,LR-REAL-Political,0.2745098039215686,0.48930387413370374,1.8235294117647058,ST-GBR-EPSI(0.16)
413,LR-REAL-Political,0.30196078431372547,0.46066282157986355,1.8823529411764706,ST-GBR-EPSI(0.16)
414,LR-REAL-Political,0.3568627450980392,0.4933942219953745,2.0,ST-GBR-EPSI(0.16)
415,LR-REAL-Political,0.3411764705882353,0.4987254624855914,1.9411764705882353,ST-GBR-EPSI(0.16)
416,LR-REAL-Political,0.3803921568627451,0.49450913831051946,2.176470588235294,ST-GBR-EPSI(0.16)
417,LR-REAL-Political,0.2941176470588235,0.48995957993820594,1.9411764705882353,ST-GBR-EPSI(0.16)
418,LR-REAL-Political,0.30980392156862746,0.49444424871830456,1.8235294117647058,ST-GBR-EPSI(0.16)
419,LR-REAL-Political,0.2745098039215686,0.4473278479209659,1.9411764705882353,ST-GBR-EPSI(0.16)
420,LR-REAL-Political,0.42745098039215684,0.4701061757013997,2.176470588235294,ST-GBR-EPSI(0.16)
421,LR-REAL-Political,0.34901960784313724,0.4326751284839116,2.0588235294117645,ST-GBR-EPSI(0.16)
422,LR-REAL-Political,0.35294117647058826,0.5079212649948992,2.176470588235294,ST-GBR-EPSI(0.16)
423,LR-REAL-Political,0.3764705882352941,0.48197816799150495,1.9411764705882353,ST-GBR-EPSI(0.16)
424,LR-REAL-Political,0.5019607843137255,0.5040844493164871,2.411764705882353,ST-GBR-EPSI(0.16)
425,LR-REAL-Political,0.34901960784313724,0.5054824254973315,2.0588235294117645,ST-GBR-EPSI(0.16)
426,LR-REAL-Political,0.3568627450980392,0.5039857748030212,2.0,ST-GBR-EPSI(0.16)
427,LR-REAL-Political,0.30980392156862746,0.45493082806141144,1.7647058823529411,ST-GBR-EPSI(0.16)
428,LR-REAL-Political,0.3647058823529412,0.44086022067491676,2.0588235294117645,ST-GBR-EPSI(0.16)
429,LR-REAL-Political,0.3058823529411765,0.49305039786124594,1.9411764705882353,ST-GBR-EPSI(0.16)
430,LR-REAL-Political,0.3254901960784313,0.5060984017334128,2.0,ST-GBR-EPSI(0.16)
431,LR-REAL-Political,0.2392156862745098,0.4990723589676961,1.9411764705882353,ST-GBR-EPSI(0.16)
432,LR-REAL-Political,0.4078431372549019,0.5043123331515246,2.0588235294117645,ST-GBR-EPSI(0.16)
433,LR-REAL-Political,0.2156862745098039,0.49572624651626,1.6470588235294117,ST-GBR-EPSI(0.16)
434,LR-REAL-Political,0.32941176470588235,0.4530638353403352,1.9411764705882353,ST-GBR-EPSI(0.16)
435,LR-REAL-Political,0.3803921568627451,0.5016360608121834,1.9411764705882353,ST-GBR-EPSI(0.16)
436,LR-REAL-Political,0.3607843137254902,0.4994925498081026,1.8235294117647058,ST-GBR-EPSI(0.16)
437,LR-REAL-Political,0.32156862745098036,0.448652290740136,2.0,ST-GBR-EPSI(0.16)
438,LR-REAL-Political,0.3294117647058824,0.47939323892145275,2.0588235294117645,ST-GBR-EPSI(0.16)
439,LR-REAL-Political,0.3137254901960784,0.5046744267051856,1.8823529411764706,ST-GBR-EPSI(0.16)
440,LR-REAL-Political,0.24313725490196075,0.5183507011625011,1.7058823529411764,ST-GBR-EPSI(0.16)
441,LR-REAL-Political,0.4117647058823529,0.5218802629922128,2.235294117647059,ST-GBR-EPSI(0.16)
442,LR-REAL-Political,0.33333333333333337,0.5214380741995825,1.8823529411764706,ST-GBR-EPSI(0.16)
443,LR-REAL-Political,0.39999999999999997,0.5364915736595807,2.0588235294117645,ST-GBR-EPSI(0.16)
444,LR-REAL-Political,0.3803921568627451,0.5110328013451318,2.0588235294117645,ST-GBR-EPSI(0.16)
445,LR-REAL-Political,0.3333333333333333,0.5009961598450428,2.1176470588235294,ST-GBR-EPSI(0.16)
446,LR-REAL-Political,0.33725490196078434,0.48483510718262784,2.0,ST-GBR-EPSI(0.16)
447,LR-REAL-Political,0.3137254901960785,0.5004311440580409,2.0588235294117645,ST-GBR-EPSI(0.16)
448,LR-REAL-Political,0.4784313725490196,0.4508486504387247,2.2941176470588234,ST-GBR-EPSI(0.16)
449,LR-REAL-Political,0.2588235294117647,0.5211985408358246,1.7058823529411764,ST-GBR-EPSI(0.16)
450,LR-REAL-Political,0.24705882352941178,0.45246490954309143,1.588235294117647,ST-GBR-EPSI(0.18)
451,LR-REAL-Political,0.2549019607843137,0.483345036495137,1.6470588235294117,ST-GBR-EPSI(0.18)
452,LR-REAL-Political,0.18823529411764706,0.498406391720145,1.588235294117647,ST-GBR-EPSI(0.18)
453,LR-REAL-Political,0.2549019607843137,0.49994494183460003,1.7058823529411764,ST-GBR-EPSI(0.18)
454,LR-REAL-Political,0.2156862745098039,0.4532489607052636,1.7058823529411764,ST-GBR-EPSI(0.18)
455,LR-REAL-Political,0.3333333333333333,0.47990220383531096,2.0,ST-GBR-EPSI(0.18)
456,LR-REAL-Political,0.17647058823529413,0.4663515810100971,1.4705882352941178,ST-GBR-EPSI(0.18)
457,LR-REAL-Political,0.2627450980392157,0.49239169721444587,1.6470588235294117,ST-GBR-EPSI(0.18)
458,LR-REAL-Political,0.23137254901960785,0.4516386150687549,1.7058823529411764,ST-GBR-EPSI(0.18)
459,LR-REAL-Political,0.14509803921568626,0.4332858498102501,1.6470588235294117,ST-GBR-EPSI(0.18)
460,LR-REAL-Political,0.2980392156862745,0.4804696464917883,1.8235294117647058,ST-GBR-EPSI(0.18)
461,LR-REAL-Political,0.26666666666666666,0.49449913868296336,1.6470588235294117,ST-GBR-EPSI(0.18)
462,LR-REAL-Political,0.1607843137254902,0.5136337456494169,1.4705882352941178,ST-GBR-EPSI(0.18)
463,LR-REAL-Political,0.2196078431372549,0.4602707702134032,1.6470588235294117,ST-GBR-EPSI(0.18)
464,LR-REAL-Political,0.2862745098039216,0.49365035150052367,1.7647058823529411,ST-GBR-EPSI(0.18)
465,LR-REAL-Political,0.12156862745098038,0.49235824242208853,1.3529411764705883,ST-GBR-EPSI(0.18)
466,LR-REAL-Political,0.29411764705882354,0.5165724034003343,1.7647058823529411,ST-GBR-EPSI(0.18)
467,LR-REAL-Political,0.20784313725490197,0.44894695041211335,1.6470588235294117,ST-GBR-EPSI(0.18)
468,LR-REAL-Political,0.25882352941176473,0.4903522611880637,1.6470588235294117,ST-GBR-EPSI(0.18)
469,LR-REAL-Political,0.20392156862745098,0.4820998145774958,1.6470588235294117,ST-GBR-EPSI(0.18)
470,LR-REAL-Political,0.30196078431372547,0.48311315267824206,1.7647058823529411,ST-GBR-EPSI(0.18)
471,LR-REAL-Political,0.14901960784313728,0.47710123742145644,1.411764705882353,ST-GBR-EPSI(0.18)
472,LR-REAL-Political,0.2196078431372549,0.46171400564760856,1.7058823529411764,ST-GBR-EPSI(0.18)
473,LR-REAL-Political,0.3098039215686274,0.49195505038395476,1.7647058823529411,ST-GBR-EPSI(0.18)
474,LR-REAL-Political,0.2588235294117647,0.5002661440000348,1.7058823529411764,ST-GBR-EPSI(0.18)
475,LR-REAL-Political,0.2392156862745098,0.5113089937458931,1.7647058823529411,ST-GBR-EPSI(0.18)
476,LR-REAL-Political,0.25098039215686274,0.5184696652239538,1.7647058823529411,ST-GBR-EPSI(0.18)
477,LR-REAL-Political,0.20392156862745095,0.48740432863437033,1.5294117647058822,ST-GBR-EPSI(0.18)
478,LR-REAL-Political,0.27450980392156865,0.44395430912815426,1.8235294117647058,ST-GBR-EPSI(0.18)
479,LR-REAL-Political,0.24705882352941178,0.500605812228909,1.7647058823529411,ST-GBR-EPSI(0.18)
480,LR-REAL-Political,0.2549019607843137,0.490334849111137,1.7647058823529411,ST-GBR-EPSI(0.18)
481,LR-REAL-Political,0.23137254901960785,0.4708294303294116,1.7058823529411764,ST-GBR-EPSI(0.18)
482,LR-REAL-Political,0.1686274509803922,0.5056608917163438,1.4705882352941178,ST-GBR-EPSI(0.18)
483,LR-REAL-Political,0.19215686274509802,0.4534396885474671,1.5294117647058822,ST-GBR-EPSI(0.18)
484,LR-REAL-Political,0.2117647058823529,0.47136682694031623,1.6470588235294117,ST-GBR-EPSI(0.18)
485,LR-REAL-Political,0.2627450980392157,0.4949309019305765,1.588235294117647,ST-GBR-EPSI(0.18)
486,LR-REAL-Political,0.2980392156862745,0.5022389594440475,1.7058823529411764,ST-GBR-EPSI(0.18)
487,LR-REAL-Political,0.1607843137254902,0.4497368509634438,1.5294117647058822,ST-GBR-EPSI(0.18)
488,LR-REAL-Political,0.25098039215686274,0.4846535341371936,1.8235294117647058,ST-GBR-EPSI(0.18)
489,LR-REAL-Political,0.20392156862745098,0.49435082966691574,1.588235294117647,ST-GBR-EPSI(0.18)
490,LR-REAL-Political,0.19999999999999998,0.5071590547582224,1.588235294117647,ST-GBR-EPSI(0.18)
491,LR-REAL-Political,0.3568627450980392,0.4981364880144124,2.0,ST-GBR-EPSI(0.18)
492,LR-REAL-Political,0.24705882352941178,0.5037197019088917,1.7058823529411764,ST-GBR-EPSI(0.18)
493,LR-REAL-Political,0.31764705882352945,0.5193385057073806,1.8235294117647058,ST-GBR-EPSI(0.18)
494,LR-REAL-Political,0.2117647058823529,0.515493067205104,1.5294117647058822,ST-GBR-EPSI(0.18)
495,LR-REAL-Political,0.20392156862745095,0.515528496467991,1.588235294117647,ST-GBR-EPSI(0.18)
496,LR-REAL-Political,0.1411764705882353,0.5124311302376912,1.4705882352941178,ST-GBR-EPSI(0.18)
497,LR-REAL-Political,0.24705882352941178,0.47984058421782155,1.7058823529411764,ST-GBR-EPSI(0.18)
498,LR-REAL-Political,0.2823529411764706,0.4459425292436543,1.7058823529411764,ST-GBR-EPSI(0.18)
499,LR-REAL-Political,0.2392156862745098,0.5309389927297492,1.6470588235294117,ST-GBR-EPSI(0.18)
500,LR-REAL-Political,0.21176470588235294,0.4453438143427974,1.4705882352941178,ST-GBR-EPSI(0.2)
501,LR-REAL-Political,0.15294117647058825,0.4836184511516512,1.411764705882353,ST-GBR-EPSI(0.2)
502,LR-REAL-Political,0.11372549019607843,0.5101603983568763,1.3529411764705883,ST-GBR-EPSI(0.2)
503,LR-REAL-Political,0.1843137254901961,0.4987294596506296,1.4705882352941178,ST-GBR-EPSI(0.2)
504,LR-REAL-Political,0.16078431372549018,0.4823104830182275,1.4705882352941178,ST-GBR-EPSI(0.2)
505,LR-REAL-Political,0.2431372549019608,0.48286147494202486,1.7058823529411764,ST-GBR-EPSI(0.2)
506,LR-REAL-Political,0.12549019607843137,0.4558222462195226,1.3529411764705883,ST-GBR-EPSI(0.2)
507,LR-REAL-Political,0.1568627450980392,0.46740566541321876,1.411764705882353,ST-GBR-EPSI(0.2)
508,LR-REAL-Political,0.21176470588235294,0.44266678472567106,1.588235294117647,ST-GBR-EPSI(0.2)
509,LR-REAL-Political,0.1254901960784314,0.4381683398389379,1.411764705882353,ST-GBR-EPSI(0.2)
510,LR-REAL-Political,0.2117647058823529,0.447122805085579,1.588235294117647,ST-GBR-EPSI(0.2)
511,LR-REAL-Political,0.14509803921568626,0.4716933516977454,1.3529411764705883,ST-GBR-EPSI(0.2)
512,LR-REAL-Political,0.10980392156862745,0.4869588492399927,1.2941176470588236,ST-GBR-EPSI(0.2)
513,LR-REAL-Political,0.10980392156862745,0.49227097537594977,1.2941176470588236,ST-GBR-EPSI(0.2)
514,LR-REAL-Political,0.1803921568627451,0.5049338573203894,1.411764705882353,ST-GBR-EPSI(0.2)
515,LR-REAL-Political,0.054901960784313725,0.48492461121095853,1.1764705882352942,ST-GBR-EPSI(0.2)
516,LR-REAL-Political,0.25490196078431376,0.46228766504688645,1.6470588235294117,ST-GBR-EPSI(0.2)
517,LR-REAL-Political,0.11372549019607842,0.4464807484780694,1.411764705882353,ST-GBR-EPSI(0.2)
518,LR-REAL-Political,0.20392156862745098,0.5037537887498208,1.5294117647058822,ST-GBR-EPSI(0.2)
519,LR-REAL-Political,0.06666666666666667,0.47802522695850064,1.2941176470588236,ST-GBR-EPSI(0.2)
520,LR-REAL-Political,0.14901960784313725,0.47450630909532265,1.3529411764705883,ST-GBR-EPSI(0.2)
521,LR-REAL-Political,0.09803921568627451,0.464774929089123,1.2941176470588236,ST-GBR-EPSI(0.2)
522,LR-REAL-Political,0.14901960784313725,0.45516617582114105,1.4705882352941178,ST-GBR-EPSI(0.2)
523,LR-REAL-Political,0.16862745098039217,0.48014229542700715,1.411764705882353,ST-GBR-EPSI(0.2)
524,LR-REAL-Political,0.08627450980392157,0.48655679413065883,1.2941176470588236,ST-GBR-EPSI(0.2)
525,LR-REAL-Political,0.1411764705882353,0.5121931414180041,1.411764705882353,ST-GBR-EPSI(0.2)
526,LR-REAL-Political,0.19215686274509805,0.5071913790334134,1.5294117647058822,ST-GBR-EPSI(0.2)
527,LR-REAL-Political,0.19215686274509802,0.47920603866808315,1.4705882352941178,ST-GBR-EPSI(0.2)
528,LR-REAL-Political,0.203921568627451,0.4953019786719067,1.6470588235294117,ST-GBR-EPSI(0.2)
529,LR-REAL-Political,0.18823529411764706,0.4957777832464876,1.588235294117647,ST-GBR-EPSI(0.2)
530,LR-REAL-Political,0.2196078431372549,0.481749010343567,1.6470588235294117,ST-GBR-EPSI(0.2)
531,LR-REAL-Political,0.17647058823529413,0.47600291769689723,1.4705882352941178,ST-GBR-EPSI(0.2)
532,LR-REAL-Political,0.1215686274509804,0.5054404363190181,1.3529411764705883,ST-GBR-EPSI(0.2)
533,LR-REAL-Political,0.18039215686274512,0.4748617313723567,1.4705882352941178,ST-GBR-EPSI(0.2)
534,LR-REAL-Political,0.1568627450980392,0.4572751513153118,1.4705882352941178,ST-GBR-EPSI(0.2)
535,LR-REAL-Political,0.21176470588235294,0.4960386168639369,1.4705882352941178,ST-GBR-EPSI(0.2)
536,LR-REAL-Political,0.25098039215686274,0.43425781286716075,1.588235294117647,ST-GBR-EPSI(0.2)
537,LR-REAL-Political,0.058823529411764705,0.4767606794137485,1.2941176470588236,ST-GBR-EPSI(0.2)
538,LR-REAL-Political,0.18823529411764706,0.47707718177765635,1.5294117647058822,ST-GBR-EPSI(0.2)
539,LR-REAL-Political,0.1843137254901961,0.49641310463916466,1.5294117647058822,ST-GBR-EPSI(0.2)
540,LR-REAL-Political,0.10980392156862745,0.5096278872337383,1.411764705882353,ST-GBR-EPSI(0.2)
541,LR-REAL-Political,0.26666666666666666,0.48966537753649697,1.6470588235294117,ST-GBR-EPSI(0.2)
542,LR-REAL-Political,0.14901960784313728,0.5034902319116882,1.411764705882353,ST-GBR-EPSI(0.2)
543,LR-REAL-Political,0.25882352941176473,0.5062595353288164,1.6470588235294117,ST-GBR-EPSI(0.2)
544,LR-REAL-Political,0.1450980392156863,0.5026198210320765,1.3529411764705883,ST-GBR-EPSI(0.2)
545,LR-REAL-Political,0.16470588235294117,0.5019154070624572,1.4705882352941178,ST-GBR-EPSI(0.2)
546,LR-REAL-Political,0.12156862745098038,0.4322687903253354,1.411764705882353,ST-GBR-EPSI(0.2)
547,LR-REAL-Political,0.16470588235294117,0.4833454796652904,1.5294117647058822,ST-GBR-EPSI(0.2)
548,LR-REAL-Political,0.1843137254901961,0.4540959152772936,1.4705882352941178,ST-GBR-EPSI(0.2)
549,LR-REAL-Political,0.10980392156862744,0.5245262155711682,1.2941176470588236,ST-GBR-EPSI(0.2)
550,LR-REAL-Political,0.7725490196078432,1.2296074365558998,6.0,Chain-GBR-RR-EPSI(0.0)
551,LR-REAL-Political,0.5843137254901961,1.2181111542767227,6.0,Chain-GBR-RR-EPSI(0.0)
552,LR-REAL-Political,0.7254901960784315,1.2284338970169093,6.0,Chain-GBR-RR-EPSI(0.0)
553,LR-REAL-Political,0.623529411764706,1.2141427209210234,6.0,Chain-GBR-RR-EPSI(0.0)
554,LR-REAL-Political,0.6470588235294118,1.2181645253308866,6.0,Chain-GBR-RR-EPSI(0.0)
555,LR-REAL-Political,0.7254901960784315,1.225717453150414,6.0,Chain-GBR-RR-EPSI(0.0)
556,LR-REAL-Political,0.7176470588235294,1.2860363708317712,6.0,Chain-GBR-RR-EPSI(0.0)
557,LR-REAL-Political,0.7568627450980392,1.2223962337467913,6.0,Chain-GBR-RR-EPSI(0.0)
558,LR-REAL-Political,0.6705882352941177,1.2192490225468884,6.0,Chain-GBR-RR-EPSI(0.0)
559,LR-REAL-Political,0.6549019607843137,1.2229367926829204,6.0,Chain-GBR-RR-EPSI(0.0)
560,LR-REAL-Political,0.7019607843137255,1.223907471464067,6.0,Chain-GBR-RR-EPSI(0.0)
561,LR-REAL-Political,0.7960784313725491,1.2291795156519192,6.0,Chain-GBR-RR-EPSI(0.0)
562,LR-REAL-Political,0.7254901960784315,1.224714587983493,6.0,Chain-GBR-RR-EPSI(0.0)
563,LR-REAL-Political,0.6784313725490198,1.223222403036644,6.0,Chain-GBR-RR-EPSI(0.0)
564,LR-REAL-Political,0.6705882352941177,1.2115815422697032,6.0,Chain-GBR-RR-EPSI(0.0)
565,LR-REAL-Political,0.7019607843137255,1.238335166774192,6.0,Chain-GBR-RR-EPSI(0.0)
566,LR-REAL-Political,0.6627450980392158,1.230614669791199,6.0,Chain-GBR-RR-EPSI(0.0)
567,LR-REAL-Political,0.6313725490196079,1.2222616332767073,6.0,Chain-GBR-RR-EPSI(0.0)
568,LR-REAL-Political,0.6470588235294118,1.216829010568175,6.0,Chain-GBR-RR-EPSI(0.0)
569,LR-REAL-Political,0.6549019607843137,1.2190317487731301,6.0,Chain-GBR-RR-EPSI(0.0)
570,LR-REAL-Political,0.6627450980392157,1.2248717715944617,6.0,Chain-GBR-RR-EPSI(0.0)
571,LR-REAL-Political,0.7254901960784315,1.2238857102323366,6.0,Chain-GBR-RR-EPSI(0.0)
572,LR-REAL-Political,0.6627450980392157,1.222840965884933,6.0,Chain-GBR-RR-EPSI(0.0)
573,LR-REAL-Political,0.7098039215686275,1.2211111641793486,6.0,Chain-GBR-RR-EPSI(0.0)
574,LR-REAL-Political,0.6235294117647059,1.2243940755046756,6.0,Chain-GBR-RR-EPSI(0.0)
575,LR-REAL-Political,0.6627450980392158,1.2259232588777589,6.0,Chain-GBR-RR-EPSI(0.0)
576,LR-REAL-Political,0.592156862745098,1.2215998041822598,6.0,Chain-GBR-RR-EPSI(0.0)
577,LR-REAL-Political,0.8196078431372549,1.2230265825093456,6.0,Chain-GBR-RR-EPSI(0.0)
578,LR-REAL-Political,0.6470588235294118,1.2107822610961891,6.0,Chain-GBR-RR-EPSI(0.0)
579,LR-REAL-Political,0.6784313725490196,1.2314259923134807,6.0,Chain-GBR-RR-EPSI(0.0)
580,LR-REAL-Political,0.7019607843137255,1.2172909482870926,6.0,Chain-GBR-RR-EPSI(0.0)
581,LR-REAL-Political,0.5764705882352941,1.22018601680011,6.0,Chain-GBR-RR-EPSI(0.0)
582,LR-REAL-Political,0.7254901960784315,1.2230819027489268,6.0,Chain-GBR-RR-EPSI(0.0)
583,LR-REAL-Political,0.7254901960784315,1.2220560884493834,6.0,Chain-GBR-RR-EPSI(0.0)
584,LR-REAL-Political,0.7254901960784315,1.2266150215773317,6.0,Chain-GBR-RR-EPSI(0.0)
585,LR-REAL-Political,0.6941176470588236,1.22401969574922,6.0,Chain-GBR-RR-EPSI(0.0)
586,LR-REAL-Political,0.7176470588235294,1.2236951802975338,6.0,Chain-GBR-RR-EPSI(0.0)
587,LR-REAL-Political,0.6392156862745098,1.219793869510166,6.0,Chain-GBR-RR-EPSI(0.0)
588,LR-REAL-Political,0.6862745098039216,1.225636976250786,6.0,Chain-GBR-RR-EPSI(0.0)
589,LR-REAL-Political,0.7254901960784315,1.2263081311135966,6.0,Chain-GBR-RR-EPSI(0.0)
590,LR-REAL-Political,0.6862745098039216,1.2448409424805562,6.0,Chain-GBR-RR-EPSI(0.0)
591,LR-REAL-Political,0.7333333333333334,1.2273747130045063,6.0,Chain-GBR-RR-EPSI(0.0)
592,LR-REAL-Political,0.607843137254902,1.220509915511062,6.0,Chain-GBR-RR-EPSI(0.0)
593,LR-REAL-Political,0.6862745098039216,1.264476830758464,6.0,Chain-GBR-RR-EPSI(0.0)
594,LR-REAL-Political,0.6784313725490196,1.230801185478179,6.0,Chain-GBR-RR-EPSI(0.0)
595,LR-REAL-Political,0.6627450980392158,1.217647254191171,6.0,Chain-GBR-RR-EPSI(0.0)
596,LR-REAL-Political,0.6705882352941178,1.2225276072683036,6.0,Chain-GBR-RR-EPSI(0.0)
597,LR-REAL-Political,0.6705882352941178,1.2265738354602558,6.0,Chain-GBR-RR-EPSI(0.0)
598,LR-REAL-Political,0.7019607843137255,1.2299291506121188,6.0,Chain-GBR-RR-EPSI(0.0)
599,LR-REAL-Political,0.8117647058823529,1.2635195554087073,6.0,Chain-GBR-RR-EPSI(0.0)
600,LR-REAL-Political,0.7803921568627451,1.2241068342007517,5.764705882352941,Chain-GBR-RR-EPSI(0.01)
601,LR-REAL-Political,0.5803921568627451,1.2199720054804255,5.823529411764706,Chain-GBR-RR-EPSI(0.01)
602,LR-REAL-Political,0.7176470588235295,1.2234860208117195,5.764705882352941,Chain-GBR-RR-EPSI(0.01)
603,LR-REAL-Political,0.623529411764706,1.2121783478629369,5.882352941176471,Chain-GBR-RR-EPSI(0.01)
604,LR-REAL-Political,0.6549019607843137,1.2178267923825181,5.764705882352941,Chain-GBR-RR-EPSI(0.01)
605,LR-REAL-Political,0.7254901960784315,1.2222454848112947,5.529411764705882,Chain-GBR-RR-EPSI(0.01)
606,LR-REAL-Political,0.7294117647058824,1.2262325215053995,5.705882352941177,Chain-GBR-RR-EPSI(0.01)
607,LR-REAL-Political,0.7607843137254902,1.2210331836806971,5.9411764705882355,Chain-GBR-RR-EPSI(0.01)
608,LR-REAL-Political,0.6588235294117647,1.2379933836415713,5.705882352941177,Chain-GBR-RR-EPSI(0.01)
609,LR-REAL-Political,0.6549019607843137,1.2226831125471127,5.882352941176471,Chain-GBR-RR-EPSI(0.01)
610,LR-REAL-Political,0.7098039215686276,1.2203439027571448,5.764705882352941,Chain-GBR-RR-EPSI(0.01)
611,LR-REAL-Political,0.7960784313725491,1.2276671983065124,6.0,Chain-GBR-RR-EPSI(0.01)
612,LR-REAL-Political,0.7294117647058824,1.223957253558785,5.882352941176471,Chain-GBR-RR-EPSI(0.01)
613,LR-REAL-Political,0.6823529411764707,1.2356118372821236,5.9411764705882355,Chain-GBR-RR-EPSI(0.01)
614,LR-REAL-Political,0.6745098039215687,1.2091300053156946,5.823529411764706,Chain-GBR-RR-EPSI(0.01)
615,LR-REAL-Political,0.6980392156862746,1.2248275169364284,5.647058823529412,Chain-GBR-RR-EPSI(0.01)
616,LR-REAL-Political,0.6627450980392158,1.2286760645416759,5.764705882352941,Chain-GBR-RR-EPSI(0.01)
617,LR-REAL-Political,0.6313725490196078,1.2234202867882826,5.764705882352941,Chain-GBR-RR-EPSI(0.01)
618,LR-REAL-Political,0.6470588235294118,1.2250670337612812,5.647058823529412,Chain-GBR-RR-EPSI(0.01)
619,LR-REAL-Political,0.6588235294117647,1.2352371257052641,5.823529411764706,Chain-GBR-RR-EPSI(0.01)
620,LR-REAL-Political,0.6627450980392158,1.2213824567707476,5.529411764705882,Chain-GBR-RR-EPSI(0.01)
621,LR-REAL-Political,0.7176470588235295,1.225863943067153,5.882352941176471,Chain-GBR-RR-EPSI(0.01)
622,LR-REAL-Political,0.6666666666666666,1.2247053512581187,5.823529411764706,Chain-GBR-RR-EPSI(0.01)
623,LR-REAL-Political,0.7215686274509805,1.2207752130203646,5.352941176470588,Chain-GBR-RR-EPSI(0.01)
624,LR-REAL-Political,0.6313725490196079,1.224389001267636,5.764705882352941,Chain-GBR-RR-EPSI(0.01)
625,LR-REAL-Political,0.6627450980392158,1.2267953851287887,5.882352941176471,Chain-GBR-RR-EPSI(0.01)
626,LR-REAL-Political,0.592156862745098,1.2242105521315283,6.0,Chain-GBR-RR-EPSI(0.01)
627,LR-REAL-Political,0.8196078431372549,1.2215847798782447,5.764705882352941,Chain-GBR-RR-EPSI(0.01)
628,LR-REAL-Political,0.6509803921568629,1.2106728218369027,5.647058823529412,Chain-GBR-RR-EPSI(0.01)
629,LR-REAL-Political,0.6705882352941177,1.241040442437422,5.647058823529412,Chain-GBR-RR-EPSI(0.01)
630,LR-REAL-Political,0.7058823529411765,1.2404877989462346,5.9411764705882355,Chain-GBR-RR-EPSI(0.01)
631,LR-REAL-Political,0.5764705882352941,1.2201379390751423,5.705882352941177,Chain-GBR-RR-EPSI(0.01)
632,LR-REAL-Political,0.7254901960784315,1.223222213455961,5.764705882352941,Chain-GBR-RR-EPSI(0.01)
633,LR-REAL-Political,0.7215686274509804,1.219763669334495,5.823529411764706,Chain-GBR-RR-EPSI(0.01)
634,LR-REAL-Political,0.7490196078431373,1.2240360155885197,5.588235294117647,Chain-GBR-RR-EPSI(0.01)
635,LR-REAL-Political,0.6980392156862746,1.2227409153712736,5.823529411764706,Chain-GBR-RR-EPSI(0.01)
636,LR-REAL-Political,0.7215686274509805,1.2187514404447308,5.9411764705882355,Chain-GBR-RR-EPSI(0.01)
637,LR-REAL-Political,0.6509803921568628,1.2209313030606797,5.705882352941177,Chain-GBR-RR-EPSI(0.01)
638,LR-REAL-Political,0.6901960784313725,1.2260230508334042,5.588235294117647,Chain-GBR-RR-EPSI(0.01)
639,LR-REAL-Political,0.7176470588235295,1.2266278625342097,5.764705882352941,Chain-GBR-RR-EPSI(0.01)
640,LR-REAL-Political,0.6784313725490196,1.2562993374282734,5.647058823529412,Chain-GBR-RR-EPSI(0.01)
641,LR-REAL-Political,0.7333333333333334,1.2259150420349407,5.764705882352941,Chain-GBR-RR-EPSI(0.01)
642,LR-REAL-Political,0.592156862745098,1.2340615155880708,5.764705882352941,Chain-GBR-RR-EPSI(0.01)
643,LR-REAL-Political,0.6980392156862746,1.250457292595077,5.588235294117647,Chain-GBR-RR-EPSI(0.01)
644,LR-REAL-Political,0.6862745098039217,1.2336083318145654,5.882352941176471,Chain-GBR-RR-EPSI(0.01)
645,LR-REAL-Political,0.6666666666666667,1.2222481254386777,5.823529411764706,Chain-GBR-RR-EPSI(0.01)
646,LR-REAL-Political,0.6862745098039217,1.223360949727285,5.647058823529412,Chain-GBR-RR-EPSI(0.01)
647,LR-REAL-Political,0.6666666666666667,1.2248303295432654,5.823529411764706,Chain-GBR-RR-EPSI(0.01)
648,LR-REAL-Political,0.6901960784313727,1.2341622798553498,5.705882352941177,Chain-GBR-RR-EPSI(0.01)
649,LR-REAL-Political,0.807843137254902,1.2595664524865684,5.823529411764706,Chain-GBR-RR-EPSI(0.01)
650,LR-REAL-Political,0.788235294117647,1.228278441571508,5.235294117647059,Chain-GBR-RR-EPSI(0.03)
651,LR-REAL-Political,0.5725490196078432,1.2409878176826827,5.352941176470588,Chain-GBR-RR-EPSI(0.03)
652,LR-REAL-Political,0.6941176470588236,1.225448955236548,5.176470588235294,Chain-GBR-RR-EPSI(0.03)
653,LR-REAL-Political,0.6156862745098038,1.2092511440465006,5.176470588235294,Chain-GBR-RR-EPSI(0.03)
654,LR-REAL-Political,0.6431372549019608,1.2592457892704827,5.235294117647059,Chain-GBR-RR-EPSI(0.03)
655,LR-REAL-Political,0.7215686274509804,1.225126480137477,5.176470588235294,Chain-GBR-RR-EPSI(0.03)
656,LR-REAL-Political,0.7058823529411765,1.2283267420283381,5.235294117647059,Chain-GBR-RR-EPSI(0.03)
657,LR-REAL-Political,0.7490196078431373,1.2223334152828795,5.294117647058823,Chain-GBR-RR-EPSI(0.03)
658,LR-REAL-Political,0.6745098039215688,1.2227170669341436,5.352941176470588,Chain-GBR-RR-EPSI(0.03)
659,LR-REAL-Political,0.6666666666666667,1.2214834183669971,5.294117647058823,Chain-GBR-RR-EPSI(0.03)
660,LR-REAL-Political,0.7137254901960786,1.2191598543876958,5.235294117647059,Chain-GBR-RR-EPSI(0.03)
661,LR-REAL-Political,0.7686274509803921,1.2288434128814063,5.470588235294118,Chain-GBR-RR-EPSI(0.03)
662,LR-REAL-Political,0.7450980392156863,1.226026147077001,5.411764705882353,Chain-GBR-RR-EPSI(0.03)
663,LR-REAL-Political,0.6823529411764707,1.2312979734824512,5.176470588235294,Chain-GBR-RR-EPSI(0.03)
664,LR-REAL-Political,0.6784313725490196,1.211997253319966,5.529411764705882,Chain-GBR-RR-EPSI(0.03)
665,LR-REAL-Political,0.6980392156862746,1.2276347046452405,5.117647058823529,Chain-GBR-RR-EPSI(0.03)
666,LR-REAL-Political,0.6509803921568627,1.2270053110528731,5.411764705882353,Chain-GBR-RR-EPSI(0.03)
667,LR-REAL-Political,0.6235294117647059,1.2268766601470378,5.176470588235294,Chain-GBR-RR-EPSI(0.03)
668,LR-REAL-Political,0.6588235294117647,1.2191405759412322,5.0588235294117645,Chain-GBR-RR-EPSI(0.03)
669,LR-REAL-Political,0.6392156862745099,1.2214706628583025,5.411764705882353,Chain-GBR-RR-EPSI(0.03)
670,LR-REAL-Political,0.6745098039215687,1.2212973163227607,5.0588235294117645,Chain-GBR-RR-EPSI(0.03)
671,LR-REAL-Political,0.7058823529411765,1.2248100955863812,5.411764705882353,Chain-GBR-RR-EPSI(0.03)
672,LR-REAL-Political,0.6549019607843137,1.2250636336648943,5.470588235294118,Chain-GBR-RR-EPSI(0.03)
673,LR-REAL-Political,0.7294117647058824,1.218093761111545,5.117647058823529,Chain-GBR-RR-EPSI(0.03)
674,LR-REAL-Political,0.611764705882353,1.2237557313683058,5.235294117647059,Chain-GBR-RR-EPSI(0.03)
675,LR-REAL-Political,0.6588235294117648,1.2260097716882172,5.352941176470588,Chain-GBR-RR-EPSI(0.03)
676,LR-REAL-Political,0.603921568627451,1.2241747360892565,5.411764705882353,Chain-GBR-RR-EPSI(0.03)
677,LR-REAL-Political,0.8235294117647058,1.2226085828745679,5.588235294117647,Chain-GBR-RR-EPSI(0.03)
678,LR-REAL-Political,0.6705882352941177,1.2137541457439585,5.0588235294117645,Chain-GBR-RR-EPSI(0.03)
679,LR-REAL-Political,0.6784313725490196,1.2218782113446478,5.0588235294117645,Chain-GBR-RR-EPSI(0.03)
680,LR-REAL-Political,0.7215686274509805,1.222238468890742,5.352941176470588,Chain-GBR-RR-EPSI(0.03)
681,LR-REAL-Political,0.580392156862745,1.222369741654518,5.176470588235294,Chain-GBR-RR-EPSI(0.03)
682,LR-REAL-Political,0.7333333333333334,1.2265507103723914,5.235294117647059,Chain-GBR-RR-EPSI(0.03)
683,LR-REAL-Political,0.7215686274509804,1.223009447720934,5.647058823529412,Chain-GBR-RR-EPSI(0.03)
684,LR-REAL-Political,0.7450980392156863,1.2248785180985764,5.0588235294117645,Chain-GBR-RR-EPSI(0.03)
685,LR-REAL-Political,0.7058823529411765,1.2222222126785176,5.294117647058823,Chain-GBR-RR-EPSI(0.03)
686,LR-REAL-Political,0.7098039215686275,1.2196860161601732,5.411764705882353,Chain-GBR-RR-EPSI(0.03)
687,LR-REAL-Political,0.6627450980392157,1.220313056040233,5.176470588235294,Chain-GBR-RR-EPSI(0.03)
688,LR-REAL-Political,0.6549019607843137,1.22241519762262,5.117647058823529,Chain-GBR-RR-EPSI(0.03)
689,LR-REAL-Political,0.6823529411764707,1.222876614602038,4.823529411764706,Chain-GBR-RR-EPSI(0.03)
690,LR-REAL-Political,0.6901960784313727,1.2543437928198549,5.352941176470588,Chain-GBR-RR-EPSI(0.03)
691,LR-REAL-Political,0.7058823529411765,1.2264560095912884,5.235294117647059,Chain-GBR-RR-EPSI(0.03)
692,LR-REAL-Political,0.5843137254901961,1.2329012721279833,5.117647058823529,Chain-GBR-RR-EPSI(0.03)
693,LR-REAL-Political,0.6784313725490196,1.2415594516565984,5.117647058823529,Chain-GBR-RR-EPSI(0.03)
694,LR-REAL-Political,0.7058823529411765,1.233374889523514,5.235294117647059,Chain-GBR-RR-EPSI(0.03)
695,LR-REAL-Political,0.6588235294117647,1.2160268822567697,5.294117647058823,Chain-GBR-RR-EPSI(0.03)
696,LR-REAL-Political,0.6823529411764707,1.224508879536806,5.235294117647059,Chain-GBR-RR-EPSI(0.03)
697,LR-REAL-Political,0.6705882352941176,1.224009655238317,5.294117647058823,Chain-GBR-RR-EPSI(0.03)
698,LR-REAL-Political,0.6823529411764707,1.2313019784797132,5.117647058823529,Chain-GBR-RR-EPSI(0.03)
699,LR-REAL-Political,0.8117647058823529,1.2574289559748286,5.529411764705882,Chain-GBR-RR-EPSI(0.03)
700,LR-REAL-Political,0.7803921568627451,1.2200334256858174,4.882352941176471,Chain-GBR-RR-EPSI(0.05)
701,LR-REAL-Political,0.5568627450980392,1.2181902606471773,4.117647058823529,Chain-GBR-RR-EPSI(0.05)
702,LR-REAL-Political,0.6980392156862745,1.2441057697366218,4.823529411764706,Chain-GBR-RR-EPSI(0.05)
703,LR-REAL-Political,0.596078431372549,1.2315668682120378,4.588235294117647,Chain-GBR-RR-EPSI(0.05)
704,LR-REAL-Political,0.6352941176470589,1.219514906319797,4.823529411764706,Chain-GBR-RR-EPSI(0.05)
705,LR-REAL-Political,0.6862745098039217,1.2220708802386344,4.529411764705882,Chain-GBR-RR-EPSI(0.05)
706,LR-REAL-Political,0.7137254901960784,1.2268497979463406,4.823529411764706,Chain-GBR-RR-EPSI(0.05)
707,LR-REAL-Political,0.7411764705882353,1.2219276306215128,5.0588235294117645,Chain-GBR-RR-EPSI(0.05)
708,LR-REAL-Political,0.6784313725490198,1.2204035853040913,4.9411764705882355,Chain-GBR-RR-EPSI(0.05)
709,LR-REAL-Political,0.6627450980392159,1.220791860407023,5.0,Chain-GBR-RR-EPSI(0.05)
710,LR-REAL-Political,0.7215686274509804,1.219256162989713,4.647058823529412,Chain-GBR-RR-EPSI(0.05)
711,LR-REAL-Political,0.7686274509803921,1.228038334655114,4.764705882352941,Chain-GBR-RR-EPSI(0.05)
712,LR-REAL-Political,0.7411764705882353,1.2228009135308844,5.0,Chain-GBR-RR-EPSI(0.05)
713,LR-REAL-Political,0.6666666666666667,1.2215490027343405,4.764705882352941,Chain-GBR-RR-EPSI(0.05)
714,LR-REAL-Political,0.6666666666666667,1.2132913342963811,4.882352941176471,Chain-GBR-RR-EPSI(0.05)
715,LR-REAL-Political,0.6784313725490198,1.2269652181592314,4.823529411764706,Chain-GBR-RR-EPSI(0.05)
716,LR-REAL-Political,0.6392156862745098,1.2272416515486984,4.882352941176471,Chain-GBR-RR-EPSI(0.05)
717,LR-REAL-Political,0.6196078431372549,1.2248064434700157,4.588235294117647,Chain-GBR-RR-EPSI(0.05)
718,LR-REAL-Political,0.6588235294117647,1.2200597398874595,4.647058823529412,Chain-GBR-RR-EPSI(0.05)
719,LR-REAL-Political,0.6274509803921569,1.2216824509416364,4.764705882352941,Chain-GBR-RR-EPSI(0.05)
720,LR-REAL-Political,0.6823529411764707,1.2217394644934725,4.588235294117647,Chain-GBR-RR-EPSI(0.05)
721,LR-REAL-Political,0.6901960784313725,1.22521578187717,4.882352941176471,Chain-GBR-RR-EPSI(0.05)
722,LR-REAL-Political,0.6392156862745099,1.2299376836545968,4.705882352941177,Chain-GBR-RR-EPSI(0.05)
723,LR-REAL-Political,0.7058823529411765,1.2243793536177456,4.823529411764706,Chain-GBR-RR-EPSI(0.05)
724,LR-REAL-Political,0.6039215686274509,1.2210068103692517,4.705882352941177,Chain-GBR-RR-EPSI(0.05)
725,LR-REAL-Political,0.6470588235294118,1.2308745899458586,4.705882352941177,Chain-GBR-RR-EPSI(0.05)
726,LR-REAL-Political,0.596078431372549,1.2238948116068709,4.647058823529412,Chain-GBR-RR-EPSI(0.05)
727,LR-REAL-Political,0.807843137254902,1.2225963007303333,4.882352941176471,Chain-GBR-RR-EPSI(0.05)
728,LR-REAL-Political,0.6549019607843137,1.211328608664398,4.411764705882353,Chain-GBR-RR-EPSI(0.05)
729,LR-REAL-Political,0.6549019607843137,1.223264313351073,4.647058823529412,Chain-GBR-RR-EPSI(0.05)
730,LR-REAL-Political,0.6980392156862746,1.220691754860377,4.9411764705882355,Chain-GBR-RR-EPSI(0.05)
731,LR-REAL-Political,0.5764705882352942,1.2228284556867226,4.705882352941177,Chain-GBR-RR-EPSI(0.05)
732,LR-REAL-Political,0.7372549019607844,1.2217751411574858,4.588235294117647,Chain-GBR-RR-EPSI(0.05)
733,LR-REAL-Political,0.7058823529411764,1.2231043822348242,4.882352941176471,Chain-GBR-RR-EPSI(0.05)
734,LR-REAL-Political,0.7450980392156863,1.2249824949486892,4.647058823529412,Chain-GBR-RR-EPSI(0.05)
735,LR-REAL-Political,0.6901960784313725,1.2216535637103196,5.0588235294117645,Chain-GBR-RR-EPSI(0.05)
736,LR-REAL-Political,0.7098039215686275,1.219959434944286,4.882352941176471,Chain-GBR-RR-EPSI(0.05)
737,LR-REAL-Political,0.6549019607843137,1.2243811304918404,4.764705882352941,Chain-GBR-RR-EPSI(0.05)
738,LR-REAL-Political,0.6588235294117647,1.2246564726009106,4.823529411764706,Chain-GBR-RR-EPSI(0.05)
739,LR-REAL-Political,0.6745098039215687,1.223083669324663,4.529411764705882,Chain-GBR-RR-EPSI(0.05)
740,LR-REAL-Political,0.6784313725490198,1.2549081213510371,4.705882352941177,Chain-GBR-RR-EPSI(0.05)
741,LR-REAL-Political,0.7215686274509805,1.2229471218679366,4.764705882352941,Chain-GBR-RR-EPSI(0.05)
742,LR-REAL-Political,0.5843137254901961,1.2263675590972654,4.764705882352941,Chain-GBR-RR-EPSI(0.05)
743,LR-REAL-Political,0.6549019607843137,1.265564682341465,4.764705882352941,Chain-GBR-RR-EPSI(0.05)
744,LR-REAL-Political,0.7098039215686276,1.2261204078478507,4.764705882352941,Chain-GBR-RR-EPSI(0.05)
745,LR-REAL-Political,0.6549019607843137,1.2201534716042897,4.647058823529412,Chain-GBR-RR-EPSI(0.05)
746,LR-REAL-Political,0.6862745098039217,1.2243902757238423,4.705882352941177,Chain-GBR-RR-EPSI(0.05)
747,LR-REAL-Political,0.6392156862745099,1.2220472843176406,4.764705882352941,Chain-GBR-RR-EPSI(0.05)
748,LR-REAL-Political,0.6784313725490196,1.2360422698849474,4.588235294117647,Chain-GBR-RR-EPSI(0.05)
749,LR-REAL-Political,0.8156862745098039,1.2603568179542526,5.176470588235294,Chain-GBR-RR-EPSI(0.05)
750,LR-REAL-Political,0.7568627450980392,1.2195099851378182,4.529411764705882,Chain-GBR-RR-EPSI(0.07)
751,LR-REAL-Political,0.5450980392156863,1.2183256564438512,3.8823529411764706,Chain-GBR-RR-EPSI(0.07)
752,LR-REAL-Political,0.7019607843137255,1.2880093668895707,4.529411764705882,Chain-GBR-RR-EPSI(0.07)
753,LR-REAL-Political,0.5803921568627451,1.2118626817267288,4.0,Chain-GBR-RR-EPSI(0.07)
754,LR-REAL-Political,0.6313725490196079,1.221284993538727,4.352941176470588,Chain-GBR-RR-EPSI(0.07)
755,LR-REAL-Political,0.6352941176470589,1.2193149604410554,3.9411764705882355,Chain-GBR-RR-EPSI(0.07)
756,LR-REAL-Political,0.6705882352941177,1.225382086529836,4.117647058823529,Chain-GBR-RR-EPSI(0.07)
757,LR-REAL-Political,0.7254901960784315,1.2266600472846756,4.352941176470588,Chain-GBR-RR-EPSI(0.07)
758,LR-REAL-Political,0.6666666666666667,1.2198884679389657,4.352941176470588,Chain-GBR-RR-EPSI(0.07)
759,LR-REAL-Political,0.6470588235294118,1.2278409475149796,4.529411764705882,Chain-GBR-RR-EPSI(0.07)
760,LR-REAL-Political,0.7372549019607844,1.2200497175503826,3.9411764705882355,Chain-GBR-RR-EPSI(0.07)
761,LR-REAL-Political,0.7294117647058824,1.2265057983473748,4.0,Chain-GBR-RR-EPSI(0.07)
762,LR-REAL-Political,0.7137254901960786,1.2218211067002334,4.352941176470588,Chain-GBR-RR-EPSI(0.07)
763,LR-REAL-Political,0.6549019607843137,1.2212791609625806,4.294117647058823,Chain-GBR-RR-EPSI(0.07)
764,LR-REAL-Political,0.6705882352941178,1.2139393147455642,4.176470588235294,Chain-GBR-RR-EPSI(0.07)
765,LR-REAL-Political,0.6588235294117648,1.2365670161686568,4.176470588235294,Chain-GBR-RR-EPSI(0.07)
766,LR-REAL-Political,0.6352941176470588,1.2268151411075168,4.0,Chain-GBR-RR-EPSI(0.07)
767,LR-REAL-Political,0.5921568627450982,1.2231581414963582,4.294117647058823,Chain-GBR-RR-EPSI(0.07)
768,LR-REAL-Political,0.6588235294117648,1.2172268173738032,4.117647058823529,Chain-GBR-RR-EPSI(0.07)
769,LR-REAL-Political,0.5764705882352941,1.2206501743276486,3.9411764705882355,Chain-GBR-RR-EPSI(0.07)
770,LR-REAL-Political,0.6470588235294118,1.222852999956413,4.176470588235294,Chain-GBR-RR-EPSI(0.07)
771,LR-REAL-Political,0.6823529411764706,1.2246427265292152,4.0588235294117645,Chain-GBR-RR-EPSI(0.07)
772,LR-REAL-Political,0.6117647058823529,1.222992586455768,4.0588235294117645,Chain-GBR-RR-EPSI(0.07)
773,LR-REAL-Political,0.7137254901960784,1.2203451890694446,4.352941176470588,Chain-GBR-RR-EPSI(0.07)
774,LR-REAL-Political,0.584313725490196,1.2207412172096188,3.9411764705882355,Chain-GBR-RR-EPSI(0.07)
775,LR-REAL-Political,0.6274509803921569,1.2249376170418511,4.470588235294118,Chain-GBR-RR-EPSI(0.07)
776,LR-REAL-Political,0.596078431372549,1.2248719145389215,4.470588235294118,Chain-GBR-RR-EPSI(0.07)
777,LR-REAL-Political,0.803921568627451,1.2231429037208923,4.764705882352941,Chain-GBR-RR-EPSI(0.07)
778,LR-REAL-Political,0.6470588235294118,1.2125106786934818,4.117647058823529,Chain-GBR-RR-EPSI(0.07)
779,LR-REAL-Political,0.6392156862745099,1.2194638755846723,4.352941176470588,Chain-GBR-RR-EPSI(0.07)
780,LR-REAL-Political,0.6745098039215687,1.2180633868918105,4.294117647058823,Chain-GBR-RR-EPSI(0.07)
781,LR-REAL-Political,0.5529411764705884,1.2217971236840142,4.176470588235294,Chain-GBR-RR-EPSI(0.07)
782,LR-REAL-Political,0.6862745098039216,1.2200295298807942,4.117647058823529,Chain-GBR-RR-EPSI(0.07)
783,LR-REAL-Political,0.7019607843137254,1.222244454999358,4.235294117647059,Chain-GBR-RR-EPSI(0.07)
784,LR-REAL-Political,0.7372549019607844,1.2271673243561434,4.294117647058823,Chain-GBR-RR-EPSI(0.07)
785,LR-REAL-Political,0.6549019607843138,1.2217308875316613,4.235294117647059,Chain-GBR-RR-EPSI(0.07)
786,LR-REAL-Political,0.6941176470588236,1.2219056855035273,4.470588235294118,Chain-GBR-RR-EPSI(0.07)
787,LR-REAL-Political,0.6392156862745099,1.2300916661619252,4.235294117647059,Chain-GBR-RR-EPSI(0.07)
788,LR-REAL-Political,0.6549019607843138,1.224210869365735,4.352941176470588,Chain-GBR-RR-EPSI(0.07)
789,LR-REAL-Political,0.6745098039215687,1.2256397284903506,4.352941176470588,Chain-GBR-RR-EPSI(0.07)
790,LR-REAL-Political,0.6705882352941177,1.2539887523693551,4.235294117647059,Chain-GBR-RR-EPSI(0.07)
791,LR-REAL-Political,0.6784313725490198,1.2238353430726592,4.0,Chain-GBR-RR-EPSI(0.07)
792,LR-REAL-Political,0.5843137254901961,1.2338895137258559,4.235294117647059,Chain-GBR-RR-EPSI(0.07)
793,LR-REAL-Political,0.6509803921568629,1.2642194532158602,4.0588235294117645,Chain-GBR-RR-EPSI(0.07)
794,LR-REAL-Political,0.6980392156862746,1.2242640349837746,4.176470588235294,Chain-GBR-RR-EPSI(0.07)
795,LR-REAL-Political,0.6549019607843138,1.2239805231382546,4.294117647058823,Chain-GBR-RR-EPSI(0.07)
796,LR-REAL-Political,0.6627450980392157,1.2275930391278562,4.0588235294117645,Chain-GBR-RR-EPSI(0.07)
797,LR-REAL-Political,0.627450980392157,1.224086673878048,4.411764705882353,Chain-GBR-RR-EPSI(0.07)
798,LR-REAL-Political,0.6588235294117648,1.2299125636741233,3.9411764705882355,Chain-GBR-RR-EPSI(0.07)
799,LR-REAL-Political,0.788235294117647,1.2660741627126768,4.411764705882353,Chain-GBR-RR-EPSI(0.07)
800,LR-REAL-Political,0.7137254901960784,1.2292132504338835,3.764705882352941,Chain-GBR-RR-EPSI(0.09)
801,LR-REAL-Political,0.5254901960784314,1.221617857956372,3.5294117647058822,Chain-GBR-RR-EPSI(0.09)
802,LR-REAL-Political,0.6745098039215687,1.2252230456524769,3.8823529411764706,Chain-GBR-RR-EPSI(0.09)
803,LR-REAL-Political,0.5411764705882353,1.212835540610986,3.5294117647058822,Chain-GBR-RR-EPSI(0.09)
804,LR-REAL-Political,0.6235294117647059,1.2166771248111856,3.764705882352941,Chain-GBR-RR-EPSI(0.09)
805,LR-REAL-Political,0.6235294117647059,1.2213633582868029,3.2941176470588234,Chain-GBR-RR-EPSI(0.09)
806,LR-REAL-Political,0.6313725490196078,1.22479302034705,3.6470588235294117,Chain-GBR-RR-EPSI(0.09)
807,LR-REAL-Political,0.6627450980392158,1.2226109957165727,3.764705882352941,Chain-GBR-RR-EPSI(0.09)
808,LR-REAL-Political,0.6431372549019607,1.2391635732688573,3.588235294117647,Chain-GBR-RR-EPSI(0.09)
809,LR-REAL-Political,0.5764705882352941,1.2192323602052153,3.5294117647058822,Chain-GBR-RR-EPSI(0.09)
810,LR-REAL-Political,0.7098039215686275,1.221727628323746,3.7058823529411766,Chain-GBR-RR-EPSI(0.09)
811,LR-REAL-Political,0.6901960784313727,1.2296590449435139,3.5294117647058822,Chain-GBR-RR-EPSI(0.09)
812,LR-REAL-Political,0.6627450980392158,1.221618929845553,3.764705882352941,Chain-GBR-RR-EPSI(0.09)
813,LR-REAL-Political,0.623529411764706,1.2341427335535786,3.8823529411764706,Chain-GBR-RR-EPSI(0.09)
814,LR-REAL-Political,0.6509803921568628,1.2114425148321375,3.6470588235294117,Chain-GBR-RR-EPSI(0.09)
815,LR-REAL-Political,0.6509803921568628,1.224201264055692,3.764705882352941,Chain-GBR-RR-EPSI(0.09)
816,LR-REAL-Political,0.6000000000000001,1.2274080140531434,3.3529411764705883,Chain-GBR-RR-EPSI(0.09)
817,LR-REAL-Political,0.5647058823529412,1.2221783737763858,3.8823529411764706,Chain-GBR-RR-EPSI(0.09)
818,LR-REAL-Political,0.6274509803921569,1.221386657459248,3.4705882352941178,Chain-GBR-RR-EPSI(0.09)
819,LR-REAL-Political,0.5607843137254901,1.2245248266477289,3.764705882352941,Chain-GBR-RR-EPSI(0.09)
820,LR-REAL-Political,0.6352941176470589,1.2226148174048044,3.7058823529411766,Chain-GBR-RR-EPSI(0.09)
821,LR-REAL-Political,0.6549019607843136,1.2286132757012391,3.764705882352941,Chain-GBR-RR-EPSI(0.09)
822,LR-REAL-Political,0.5490196078431372,1.2211621070101666,3.4705882352941178,Chain-GBR-RR-EPSI(0.09)
823,LR-REAL-Political,0.6941176470588236,1.2209118962099128,3.8823529411764706,Chain-GBR-RR-EPSI(0.09)
824,LR-REAL-Political,0.5647058823529412,1.2229848430044297,3.588235294117647,Chain-GBR-RR-EPSI(0.09)
825,LR-REAL-Political,0.5843137254901962,1.2223209536060364,3.7058823529411766,Chain-GBR-RR-EPSI(0.09)
826,LR-REAL-Political,0.5529411764705883,1.220766378671238,3.764705882352941,Chain-GBR-RR-EPSI(0.09)
827,LR-REAL-Political,0.7725490196078431,1.233258990426176,3.8823529411764706,Chain-GBR-RR-EPSI(0.09)
828,LR-REAL-Political,0.6235294117647059,1.2128331064017093,3.588235294117647,Chain-GBR-RR-EPSI(0.09)
829,LR-REAL-Political,0.6117647058823529,1.2356015634689843,3.6470588235294117,Chain-GBR-RR-EPSI(0.09)
830,LR-REAL-Political,0.5921568627450979,1.2343658857371251,3.4705882352941178,Chain-GBR-RR-EPSI(0.09)
831,LR-REAL-Political,0.5098039215686274,1.2223937987671742,3.6470588235294117,Chain-GBR-RR-EPSI(0.09)
832,LR-REAL-Political,0.6862745098039216,1.2250012420263612,3.5294117647058822,Chain-GBR-RR-EPSI(0.09)
833,LR-REAL-Political,0.6549019607843136,1.2220838973528065,3.4705882352941178,Chain-GBR-RR-EPSI(0.09)
834,LR-REAL-Political,0.6862745098039216,1.2279158494211166,3.823529411764706,Chain-GBR-RR-EPSI(0.09)
835,LR-REAL-Political,0.6235294117647059,1.2200593082176059,3.7058823529411766,Chain-GBR-RR-EPSI(0.09)
836,LR-REAL-Political,0.6784313725490198,1.2220171863207334,4.0,Chain-GBR-RR-EPSI(0.09)
837,LR-REAL-Political,0.619607843137255,1.2246711326005726,3.823529411764706,Chain-GBR-RR-EPSI(0.09)
838,LR-REAL-Political,0.6313725490196078,1.2204878521882037,3.4705882352941178,Chain-GBR-RR-EPSI(0.09)
839,LR-REAL-Political,0.6470588235294119,1.2266758495092565,3.823529411764706,Chain-GBR-RR-EPSI(0.09)
840,LR-REAL-Political,0.6156862745098041,1.2564673824468182,3.6470588235294117,Chain-GBR-RR-EPSI(0.09)
841,LR-REAL-Political,0.6431372549019608,1.2215297162485423,3.588235294117647,Chain-GBR-RR-EPSI(0.09)
842,LR-REAL-Political,0.5607843137254903,1.234527174104394,3.764705882352941,Chain-GBR-RR-EPSI(0.09)
843,LR-REAL-Political,0.6313725490196078,1.2631265493193038,3.6470588235294117,Chain-GBR-RR-EPSI(0.09)
844,LR-REAL-Political,0.6470588235294118,1.2270491266448178,3.5294117647058822,Chain-GBR-RR-EPSI(0.09)
845,LR-REAL-Political,0.6196078431372549,1.2297283745652943,3.764705882352941,Chain-GBR-RR-EPSI(0.09)
846,LR-REAL-Political,0.6470588235294118,1.2252633984999364,3.7058823529411766,Chain-GBR-RR-EPSI(0.09)
847,LR-REAL-Political,0.5490196078431372,1.2235745121553343,3.5294117647058822,Chain-GBR-RR-EPSI(0.09)
848,LR-REAL-Political,0.6235294117647059,1.2254312923026054,3.4705882352941178,Chain-GBR-RR-EPSI(0.09)
849,LR-REAL-Political,0.7294117647058824,1.2503555555856976,3.411764705882353,Chain-GBR-RR-EPSI(0.09)
850,LR-REAL-Political,0.49411764705882355,1.2238212384810352,2.6470588235294117,Chain-GBR-RR-EPSI(0.12)
851,LR-REAL-Political,0.44705882352941173,1.2499153905784137,2.8823529411764706,Chain-GBR-RR-EPSI(0.12)
852,LR-REAL-Political,0.4980392156862745,1.2246723611351764,2.7058823529411766,Chain-GBR-RR-EPSI(0.12)
853,LR-REAL-Political,0.4980392156862744,1.2101843776167613,2.8823529411764706,Chain-GBR-RR-EPSI(0.12)
854,LR-REAL-Political,0.5294117647058822,1.2207229921631584,2.9411764705882355,Chain-GBR-RR-EPSI(0.12)
855,LR-REAL-Political,0.5607843137254902,1.2241071255940303,2.823529411764706,Chain-GBR-RR-EPSI(0.12)
856,LR-REAL-Political,0.584313725490196,1.2236420668353265,3.0588235294117645,Chain-GBR-RR-EPSI(0.12)
857,LR-REAL-Political,0.5019607843137255,1.2228849641935398,2.6470588235294117,Chain-GBR-RR-EPSI(0.12)
858,LR-REAL-Political,0.5294117647058824,1.2188135437722518,2.7058823529411766,Chain-GBR-RR-EPSI(0.12)
859,LR-REAL-Political,0.4980392156862745,1.2181304146102938,2.6470588235294117,Chain-GBR-RR-EPSI(0.12)
860,LR-REAL-Political,0.6196078431372549,1.2179221805780511,3.0,Chain-GBR-RR-EPSI(0.12)
861,LR-REAL-Political,0.5647058823529411,1.2256058584927145,2.764705882352941,Chain-GBR-RR-EPSI(0.12)
862,LR-REAL-Political,0.5529411764705883,1.2234325157474457,2.8823529411764706,Chain-GBR-RR-EPSI(0.12)
863,LR-REAL-Political,0.5254901960784314,1.2280352571357593,2.764705882352941,Chain-GBR-RR-EPSI(0.12)
864,LR-REAL-Political,0.5215686274509803,1.211583802965365,2.764705882352941,Chain-GBR-RR-EPSI(0.12)
865,LR-REAL-Political,0.4745098039215686,1.2256497507086175,2.7058823529411766,Chain-GBR-RR-EPSI(0.12)
866,LR-REAL-Political,0.5176470588235293,1.2278730549592545,2.5294117647058822,Chain-GBR-RR-EPSI(0.12)
867,LR-REAL-Political,0.5058823529411764,1.2259099626979393,2.7058823529411766,Chain-GBR-RR-EPSI(0.12)
868,LR-REAL-Political,0.5098039215686274,1.2192307114127436,2.7058823529411766,Chain-GBR-RR-EPSI(0.12)
869,LR-REAL-Political,0.4745098039215686,1.2218887937631835,2.823529411764706,Chain-GBR-RR-EPSI(0.12)
870,LR-REAL-Political,0.5607843137254903,1.2200611631373797,3.0,Chain-GBR-RR-EPSI(0.12)
871,LR-REAL-Political,0.5647058823529412,1.2254485456046744,2.8823529411764706,Chain-GBR-RR-EPSI(0.12)
872,LR-REAL-Political,0.4980392156862744,1.2210155022524865,2.9411764705882355,Chain-GBR-RR-EPSI(0.12)
873,LR-REAL-Political,0.584313725490196,1.2216734447670419,2.764705882352941,Chain-GBR-RR-EPSI(0.12)
874,LR-REAL-Political,0.5019607843137255,1.22508999300248,2.764705882352941,Chain-GBR-RR-EPSI(0.12)
875,LR-REAL-Political,0.5254901960784315,1.2231462752735245,2.588235294117647,Chain-GBR-RR-EPSI(0.12)
876,LR-REAL-Political,0.4549019607843137,1.2243585090034135,2.823529411764706,Chain-GBR-RR-EPSI(0.12)
877,LR-REAL-Political,0.5725490196078431,1.2231727288473677,2.7058823529411766,Chain-GBR-RR-EPSI(0.12)
878,LR-REAL-Political,0.5098039215686274,1.213746923824939,2.823529411764706,Chain-GBR-RR-EPSI(0.12)
879,LR-REAL-Political,0.4901960784313726,1.2201605880539041,2.823529411764706,Chain-GBR-RR-EPSI(0.12)
880,LR-REAL-Political,0.5137254901960784,1.2174000136918057,2.9411764705882355,Chain-GBR-RR-EPSI(0.12)
881,LR-REAL-Political,0.4156862745098039,1.2214564939811374,2.823529411764706,Chain-GBR-RR-EPSI(0.12)
882,LR-REAL-Political,0.607843137254902,1.219508757512124,2.9411764705882355,Chain-GBR-RR-EPSI(0.12)
883,LR-REAL-Political,0.5098039215686275,1.224414639983206,2.588235294117647,Chain-GBR-RR-EPSI(0.12)
884,LR-REAL-Political,0.5058823529411764,1.224483393009826,2.764705882352941,Chain-GBR-RR-EPSI(0.12)
885,LR-REAL-Political,0.5254901960784314,1.2237961367838222,2.7058823529411766,Chain-GBR-RR-EPSI(0.12)
886,LR-REAL-Political,0.5176470588235295,1.222302459528731,2.7058823529411766,Chain-GBR-RR-EPSI(0.12)
887,LR-REAL-Political,0.4784313725490196,1.22730573683937,2.5294117647058822,Chain-GBR-RR-EPSI(0.12)
888,LR-REAL-Political,0.5568627450980392,1.2265113710571465,2.823529411764706,Chain-GBR-RR-EPSI(0.12)
889,LR-REAL-Political,0.5215686274509804,1.2248267390772742,2.9411764705882355,Chain-GBR-RR-EPSI(0.12)
890,LR-REAL-Political,0.5411764705882353,1.2541192199207782,2.764705882352941,Chain-GBR-RR-EPSI(0.12)
891,LR-REAL-Political,0.5294117647058824,1.2230236115523032,2.6470588235294117,Chain-GBR-RR-EPSI(0.12)
892,LR-REAL-Political,0.388235294117647,1.244151676793619,2.6470588235294117,Chain-GBR-RR-EPSI(0.12)
893,LR-REAL-Political,0.5568627450980392,1.259926428253529,3.1176470588235294,Chain-GBR-RR-EPSI(0.12)
894,LR-REAL-Political,0.5490196078431372,1.2273288237983218,2.7058823529411766,Chain-GBR-RR-EPSI(0.12)
895,LR-REAL-Political,0.5176470588235295,1.231309118990673,2.764705882352941,Chain-GBR-RR-EPSI(0.12)
896,LR-REAL-Political,0.4666666666666666,1.2262692024878805,2.6470588235294117,Chain-GBR-RR-EPSI(0.12)
897,LR-REAL-Political,0.44705882352941173,1.2223350831287385,2.6470588235294117,Chain-GBR-RR-EPSI(0.12)
898,LR-REAL-Political,0.5450980392156862,1.2250386729814082,2.6470588235294117,Chain-GBR-RR-EPSI(0.12)
899,LR-REAL-Political,0.5725490196078432,1.2428658192087225,2.7058823529411766,Chain-GBR-RR-EPSI(0.12)
900,LR-REAL-Political,0.36078431372549025,1.218845284616079,2.0,Chain-GBR-RR-EPSI(0.14)
901,LR-REAL-Political,0.392156862745098,1.2210953841347965,2.411764705882353,Chain-GBR-RR-EPSI(0.14)
902,LR-REAL-Political,0.39215686274509803,1.2482027096833317,2.235294117647059,Chain-GBR-RR-EPSI(0.14)
903,LR-REAL-Political,0.4666666666666666,1.2268303571847363,2.3529411764705883,Chain-GBR-RR-EPSI(0.14)
904,LR-REAL-Political,0.39607843137254894,1.2208564967126836,2.3529411764705883,Chain-GBR-RR-EPSI(0.14)
905,LR-REAL-Political,0.45490196078431366,1.222861679098057,2.411764705882353,Chain-GBR-RR-EPSI(0.14)
906,LR-REAL-Political,0.4705882352941176,1.2227446121211134,2.2941176470588234,Chain-GBR-RR-EPSI(0.14)
907,LR-REAL-Political,0.3803921568627451,1.2224522312254704,2.1176470588235294,Chain-GBR-RR-EPSI(0.14)
908,LR-REAL-Political,0.40784313725490196,1.2179755985276675,2.176470588235294,Chain-GBR-RR-EPSI(0.14)
909,LR-REAL-Political,0.3372549019607843,1.2175916162807525,2.0588235294117645,Chain-GBR-RR-EPSI(0.14)
910,LR-REAL-Political,0.5098039215686274,1.2204939331099391,2.5294117647058822,Chain-GBR-RR-EPSI(0.14)
911,LR-REAL-Political,0.5294117647058822,1.2266107947566791,2.5294117647058822,Chain-GBR-RR-EPSI(0.14)
912,LR-REAL-Political,0.43921568627450974,1.2197044181951506,2.3529411764705883,Chain-GBR-RR-EPSI(0.14)
913,LR-REAL-Political,0.3686274509803922,1.2202527264335434,2.176470588235294,Chain-GBR-RR-EPSI(0.14)
914,LR-REAL-Political,0.3999999999999999,1.2103804914653162,2.0588235294117645,Chain-GBR-RR-EPSI(0.14)
915,LR-REAL-Political,0.40392156862745093,1.226851426251289,2.2941176470588234,Chain-GBR-RR-EPSI(0.14)
916,LR-REAL-Political,0.4196078431372548,1.2270742183409775,2.1176470588235294,Chain-GBR-RR-EPSI(0.14)
917,LR-REAL-Political,0.4352941176470588,1.2229587973554854,2.3529411764705883,Chain-GBR-RR-EPSI(0.14)
918,LR-REAL-Political,0.4313725490196078,1.2172708720911918,2.411764705882353,Chain-GBR-RR-EPSI(0.14)
919,LR-REAL-Political,0.3647058823529412,1.2231088796814473,2.176470588235294,Chain-GBR-RR-EPSI(0.14)
920,LR-REAL-Political,0.4470588235294118,1.2195462806790776,2.3529411764705883,Chain-GBR-RR-EPSI(0.14)
921,LR-REAL-Political,0.4313725490196078,1.2241455154813037,2.2941176470588234,Chain-GBR-RR-EPSI(0.14)
922,LR-REAL-Political,0.396078431372549,1.223716291166333,2.235294117647059,Chain-GBR-RR-EPSI(0.14)
923,LR-REAL-Political,0.43921568627450974,1.2204135032400953,2.235294117647059,Chain-GBR-RR-EPSI(0.14)
924,LR-REAL-Political,0.49411764705882355,1.2233130858546166,2.411764705882353,Chain-GBR-RR-EPSI(0.14)
925,LR-REAL-Political,0.4666666666666666,1.2227784029509425,2.2941176470588234,Chain-GBR-RR-EPSI(0.14)
926,LR-REAL-Political,0.38431372549019605,1.2233003387656232,2.235294117647059,Chain-GBR-RR-EPSI(0.14)
927,LR-REAL-Political,0.3686274509803922,1.2236703138549108,1.8823529411764706,Chain-GBR-RR-EPSI(0.14)
928,LR-REAL-Political,0.392156862745098,1.2114729547291356,2.176470588235294,Chain-GBR-RR-EPSI(0.14)
929,LR-REAL-Political,0.40784313725490184,1.2210502912856593,2.2941176470588234,Chain-GBR-RR-EPSI(0.14)
930,LR-REAL-Political,0.4156862745098039,1.2203830348918558,2.235294117647059,Chain-GBR-RR-EPSI(0.14)
931,LR-REAL-Political,0.3176470588235294,1.222355028148833,2.235294117647059,Chain-GBR-RR-EPSI(0.14)
932,LR-REAL-Political,0.5176470588235295,1.2262195738750497,2.411764705882353,Chain-GBR-RR-EPSI(0.14)
933,LR-REAL-Political,0.3686274509803921,1.2225315099678467,2.0,Chain-GBR-RR-EPSI(0.14)
934,LR-REAL-Political,0.41960784313725485,1.2244287902218887,2.2941176470588234,Chain-GBR-RR-EPSI(0.14)
935,LR-REAL-Political,0.42745098039215684,1.2220532568829212,2.176470588235294,Chain-GBR-RR-EPSI(0.14)
936,LR-REAL-Political,0.3294117647058824,1.2326467950372235,1.9411764705882353,Chain-GBR-RR-EPSI(0.14)
937,LR-REAL-Political,0.3568627450980392,1.2263864087850762,2.1176470588235294,Chain-GBR-RR-EPSI(0.14)
938,LR-REAL-Political,0.4274509803921568,1.2267403910195027,2.2941176470588234,Chain-GBR-RR-EPSI(0.14)
939,LR-REAL-Political,0.42745098039215684,1.2291446433949975,2.4705882352941178,Chain-GBR-RR-EPSI(0.14)
940,LR-REAL-Political,0.4666666666666667,1.2583908649064572,2.4705882352941178,Chain-GBR-RR-EPSI(0.14)
941,LR-REAL-Political,0.4705882352941176,1.2264151815004638,2.3529411764705883,Chain-GBR-RR-EPSI(0.14)
942,LR-REAL-Political,0.2980392156862745,1.2373330091202217,2.2941176470588234,Chain-GBR-RR-EPSI(0.14)
943,LR-REAL-Political,0.4392156862745098,1.2610739139298508,2.3529411764705883,Chain-GBR-RR-EPSI(0.14)
944,LR-REAL-Political,0.4666666666666666,1.2325589867718973,2.2941176470588234,Chain-GBR-RR-EPSI(0.14)
945,LR-REAL-Political,0.41960784313725485,1.2276294932138745,2.235294117647059,Chain-GBR-RR-EPSI(0.14)
946,LR-REAL-Political,0.40784313725490196,1.2345295742134827,2.2941176470588234,Chain-GBR-RR-EPSI(0.14)
947,LR-REAL-Political,0.37254901960784315,1.2186210389101504,2.235294117647059,Chain-GBR-RR-EPSI(0.14)
948,LR-REAL-Political,0.5058823529411764,1.227338956289928,2.3529411764705883,Chain-GBR-RR-EPSI(0.14)
949,LR-REAL-Political,0.4431372549019607,1.2463140827262593,2.235294117647059,Chain-GBR-RR-EPSI(0.14)
950,LR-REAL-Political,0.30980392156862746,1.2615702758742662,1.7647058823529411,Chain-GBR-RR-EPSI(0.16)
951,LR-REAL-Political,0.2901960784313725,1.220791110110381,2.0,Chain-GBR-RR-EPSI(0.16)
952,LR-REAL-Political,0.22745098039215686,1.224476218779477,1.7647058823529411,Chain-GBR-RR-EPSI(0.16)
953,LR-REAL-Political,0.4117647058823529,1.2080625079916665,2.1176470588235294,Chain-GBR-RR-EPSI(0.16)
954,LR-REAL-Political,0.23529411764705882,1.2184160398543804,1.8235294117647058,Chain-GBR-RR-EPSI(0.16)
955,LR-REAL-Political,0.37254901960784315,1.221555565933056,2.1176470588235294,Chain-GBR-RR-EPSI(0.16)
956,LR-REAL-Political,0.32156862745098036,1.2221649991348773,1.8823529411764706,Chain-GBR-RR-EPSI(0.16)
957,LR-REAL-Political,0.2980392156862745,1.2205832025749597,1.8235294117647058,Chain-GBR-RR-EPSI(0.16)
958,LR-REAL-Political,0.30980392156862746,1.2197090083524371,1.8235294117647058,Chain-GBR-RR-EPSI(0.16)
959,LR-REAL-Political,0.2941176470588235,1.2200608410074814,1.8823529411764706,Chain-GBR-RR-EPSI(0.16)
960,LR-REAL-Political,0.3215686274509804,1.2242268408986932,1.8235294117647058,Chain-GBR-RR-EPSI(0.16)
961,LR-REAL-Political,0.3333333333333333,1.2256517776342641,1.8823529411764706,Chain-GBR-RR-EPSI(0.16)
962,LR-REAL-Political,0.2745098039215686,1.2207172984254075,1.7058823529411764,Chain-GBR-RR-EPSI(0.16)
963,LR-REAL-Political,0.2901960784313726,1.2209602069988874,1.7647058823529411,Chain-GBR-RR-EPSI(0.16)
964,LR-REAL-Political,0.3372549019607843,1.2104887977029164,1.8235294117647058,Chain-GBR-RR-EPSI(0.16)
965,LR-REAL-Political,0.25490196078431376,1.223270630189851,1.8823529411764706,Chain-GBR-RR-EPSI(0.16)
966,LR-REAL-Political,0.30196078431372547,1.2263158072540563,1.7647058823529411,Chain-GBR-RR-EPSI(0.16)
967,LR-REAL-Political,0.3254901960784313,1.2214791230856452,2.0,Chain-GBR-RR-EPSI(0.16)
968,LR-REAL-Political,0.3294117647058824,1.2181708724373002,1.9411764705882353,Chain-GBR-RR-EPSI(0.16)
969,LR-REAL-Political,0.30588235294117644,1.219728124341125,1.8823529411764706,Chain-GBR-RR-EPSI(0.16)
970,LR-REAL-Political,0.3215686274509804,1.2210505010343387,1.8823529411764706,Chain-GBR-RR-EPSI(0.16)
971,LR-REAL-Political,0.32156862745098036,1.2246646062512376,1.8823529411764706,Chain-GBR-RR-EPSI(0.16)
972,LR-REAL-Political,0.2784313725490196,1.2203441370484804,1.8235294117647058,Chain-GBR-RR-EPSI(0.16)
973,LR-REAL-Political,0.36470588235294116,1.2216230340441174,2.0,Chain-GBR-RR-EPSI(0.16)
974,LR-REAL-Political,0.36470588235294116,1.2230149933373518,1.9411764705882353,Chain-GBR-RR-EPSI(0.16)
975,LR-REAL-Political,0.2823529411764706,1.2279788453249827,1.8235294117647058,Chain-GBR-RR-EPSI(0.16)
976,LR-REAL-Political,0.25098039215686274,1.221685288703818,1.7647058823529411,Chain-GBR-RR-EPSI(0.16)
977,LR-REAL-Political,0.21960784313725493,1.2229832605730748,1.5294117647058822,Chain-GBR-RR-EPSI(0.16)
978,LR-REAL-Political,0.33725490196078434,1.2119529438928505,1.9411764705882353,Chain-GBR-RR-EPSI(0.16)
979,LR-REAL-Political,0.33333333333333337,1.2216412700586237,2.0,Chain-GBR-RR-EPSI(0.16)
980,LR-REAL-Political,0.2666666666666666,1.218557149961331,1.8235294117647058,Chain-GBR-RR-EPSI(0.16)
981,LR-REAL-Political,0.22745098039215686,1.2186542459615672,1.8235294117647058,Chain-GBR-RR-EPSI(0.16)
982,LR-REAL-Political,0.3607843137254902,1.2226208755598176,1.8823529411764706,Chain-GBR-RR-EPSI(0.16)
983,LR-REAL-Political,0.30980392156862746,1.222794971274625,1.8235294117647058,Chain-GBR-RR-EPSI(0.16)
984,LR-REAL-Political,0.2980392156862745,1.2236288805850486,1.9411764705882353,Chain-GBR-RR-EPSI(0.16)
985,LR-REAL-Political,0.30196078431372547,1.223732400816078,1.7647058823529411,Chain-GBR-RR-EPSI(0.16)
986,LR-REAL-Political,0.24705882352941172,1.229555088249149,1.6470588235294117,Chain-GBR-RR-EPSI(0.16)
987,LR-REAL-Political,0.30588235294117644,1.2241007518257399,1.8823529411764706,Chain-GBR-RR-EPSI(0.16)
988,LR-REAL-Political,0.22352941176470587,1.226886620642623,1.7058823529411764,Chain-GBR-RR-EPSI(0.16)
989,LR-REAL-Political,0.19607843137254902,1.2324952441501213,1.7647058823529411,Chain-GBR-RR-EPSI(0.16)
990,LR-REAL-Political,0.30588235294117644,1.2550132216143217,1.9411764705882353,Chain-GBR-RR-EPSI(0.16)
991,LR-REAL-Political,0.35294117647058826,1.2261490394523336,2.0,Chain-GBR-RR-EPSI(0.16)
992,LR-REAL-Political,0.21176470588235294,1.2332038031145127,1.8235294117647058,Chain-GBR-RR-EPSI(0.16)
993,LR-REAL-Political,0.2980392156862745,1.2637670435437702,1.9411764705882353,Chain-GBR-RR-EPSI(0.16)
994,LR-REAL-Political,0.30980392156862746,1.226904678982297,1.8235294117647058,Chain-GBR-RR-EPSI(0.16)
995,LR-REAL-Political,0.28627450980392155,1.2275043811162711,1.7647058823529411,Chain-GBR-RR-EPSI(0.16)
996,LR-REAL-Political,0.3333333333333333,1.2239934556483847,2.0,Chain-GBR-RR-EPSI(0.16)
997,LR-REAL-Political,0.3254901960784314,1.2221817247483022,1.8823529411764706,Chain-GBR-RR-EPSI(0.16)
998,LR-REAL-Political,0.37254901960784315,1.2271951350662338,1.9411764705882353,Chain-GBR-RR-EPSI(0.16)
999,LR-REAL-Political,0.32941176470588235,1.259837374750902,1.9411764705882353,Chain-GBR-RR-EPSI(0.16)
1000,LR-REAL-Political,0.22352941176470587,1.2195770891348974,1.4705882352941178,Chain-GBR-RR-EPSI(0.18)
1001,LR-REAL-Political,0.17254901960784313,1.2249595910944457,1.6470588235294117,Chain-GBR-RR-EPSI(0.18)
1002,LR-REAL-Political,0.14901960784313728,1.2254485942437165,1.5294117647058822,Chain-GBR-RR-EPSI(0.18)
1003,LR-REAL-Political,0.19607843137254902,1.2154428390160428,1.5294117647058822,Chain-GBR-RR-EPSI(0.18)
1004,LR-REAL-Political,0.15294117647058825,1.2188138933581412,1.5294117647058822,Chain-GBR-RR-EPSI(0.18)
1005,LR-REAL-Political,0.29411764705882354,1.223319668137934,1.8823529411764706,Chain-GBR-RR-EPSI(0.18)
1006,LR-REAL-Political,0.2235294117647059,1.22343684071003,1.588235294117647,Chain-GBR-RR-EPSI(0.18)
1007,LR-REAL-Political,0.19215686274509802,1.2234805736230583,1.5294117647058822,Chain-GBR-RR-EPSI(0.18)
1008,LR-REAL-Political,0.2784313725490196,1.2390041335917927,1.6470588235294117,Chain-GBR-RR-EPSI(0.18)
1009,LR-REAL-Political,0.12941176470588237,1.2232460863056447,1.411764705882353,Chain-GBR-RR-EPSI(0.18)
1010,LR-REAL-Political,0.19607843137254902,1.2191598589711272,1.5294117647058822,Chain-GBR-RR-EPSI(0.18)
1011,LR-REAL-Political,0.3058823529411765,1.2231286190619748,1.7647058823529411,Chain-GBR-RR-EPSI(0.18)
1012,LR-REAL-Political,0.19999999999999998,1.2207774830105436,1.5294117647058822,Chain-GBR-RR-EPSI(0.18)
1013,LR-REAL-Political,0.1803921568627451,1.2370607708482255,1.4705882352941178,Chain-GBR-RR-EPSI(0.18)
1014,LR-REAL-Political,0.2745098039215686,1.21287169188313,1.6470588235294117,Chain-GBR-RR-EPSI(0.18)
1015,LR-REAL-Political,0.17647058823529413,1.24394479944138,1.588235294117647,Chain-GBR-RR-EPSI(0.18)
1016,LR-REAL-Political,0.2627450980392157,1.2244343126764063,1.6470588235294117,Chain-GBR-RR-EPSI(0.18)
1017,LR-REAL-Political,0.16078431372549024,1.2216613018777795,1.588235294117647,Chain-GBR-RR-EPSI(0.18)
1018,LR-REAL-Political,0.24705882352941178,1.2170009200857717,1.7058823529411764,Chain-GBR-RR-EPSI(0.18)
1019,LR-REAL-Political,0.17647058823529416,1.2277615413093694,1.4705882352941178,Chain-GBR-RR-EPSI(0.18)
1020,LR-REAL-Political,0.19215686274509802,1.2257547661203887,1.5294117647058822,Chain-GBR-RR-EPSI(0.18)
1021,LR-REAL-Political,0.23137254901960783,1.2219596190646154,1.588235294117647,Chain-GBR-RR-EPSI(0.18)
1022,LR-REAL-Political,0.16862745098039214,1.2189123293169173,1.4705882352941178,Chain-GBR-RR-EPSI(0.18)
1023,LR-REAL-Political,0.27058823529411763,1.2204051306347035,1.7058823529411764,Chain-GBR-RR-EPSI(0.18)
1024,LR-REAL-Political,0.2823529411764706,1.22447090491614,1.7058823529411764,Chain-GBR-RR-EPSI(0.18)
1025,LR-REAL-Political,0.17647058823529416,1.2252065823761995,1.5294117647058822,Chain-GBR-RR-EPSI(0.18)
1026,LR-REAL-Political,0.14901960784313725,1.2229128894254762,1.3529411764705883,Chain-GBR-RR-EPSI(0.18)
1027,LR-REAL-Political,0.21960784313725493,1.220748623572245,1.5294117647058822,Chain-GBR-RR-EPSI(0.18)
1028,LR-REAL-Political,0.1843137254901961,1.2110976451682687,1.5294117647058822,Chain-GBR-RR-EPSI(0.18)
1029,LR-REAL-Political,0.1843137254901961,1.2201454372594929,1.5294117647058822,Chain-GBR-RR-EPSI(0.18)
1030,LR-REAL-Political,0.16862745098039217,1.2165294344892974,1.4705882352941178,Chain-GBR-RR-EPSI(0.18)
1031,LR-REAL-Political,0.18823529411764706,1.224141079663796,1.588235294117647,Chain-GBR-RR-EPSI(0.18)
1032,LR-REAL-Political,0.20784313725490197,1.2206646653792508,1.4705882352941178,Chain-GBR-RR-EPSI(0.18)
1033,LR-REAL-Political,0.23529411764705882,1.221727151124056,1.6470588235294117,Chain-GBR-RR-EPSI(0.18)
1034,LR-REAL-Political,0.24313725490196075,1.224061946634431,1.7647058823529411,Chain-GBR-RR-EPSI(0.18)
1035,LR-REAL-Political,0.20392156862745098,1.221715841208153,1.4705882352941178,Chain-GBR-RR-EPSI(0.18)
1036,LR-REAL-Political,0.1843137254901961,1.2287442611665098,1.411764705882353,Chain-GBR-RR-EPSI(0.18)
1037,LR-REAL-Political,0.196078431372549,1.2237424748046144,1.588235294117647,Chain-GBR-RR-EPSI(0.18)
1038,LR-REAL-Political,0.1843137254901961,1.2282400784982266,1.588235294117647,Chain-GBR-RR-EPSI(0.18)
1039,LR-REAL-Political,0.17254901960784313,1.2475177679828369,1.5294117647058822,Chain-GBR-RR-EPSI(0.18)
1040,LR-REAL-Political,0.2392156862745098,1.2563483182250799,1.7058823529411764,Chain-GBR-RR-EPSI(0.18)
1041,LR-REAL-Political,0.21176470588235294,1.2252315183556484,1.5294117647058822,Chain-GBR-RR-EPSI(0.18)
1042,LR-REAL-Political,0.15686274509803924,1.2346057898667249,1.6470588235294117,Chain-GBR-RR-EPSI(0.18)
1043,LR-REAL-Political,0.19215686274509802,1.257587461598639,1.5294117647058822,Chain-GBR-RR-EPSI(0.18)
1044,LR-REAL-Political,0.25098039215686274,1.2314036238992911,1.6470588235294117,Chain-GBR-RR-EPSI(0.18)
1045,LR-REAL-Political,0.23529411764705882,1.2288767139179908,1.588235294117647,Chain-GBR-RR-EPSI(0.18)
1046,LR-REAL-Political,0.21960784313725493,1.2233822521131867,1.6470588235294117,Chain-GBR-RR-EPSI(0.18)
1047,LR-REAL-Political,0.17254901960784316,1.222670271293388,1.4705882352941178,Chain-GBR-RR-EPSI(0.18)
1048,LR-REAL-Political,0.3058823529411765,1.2315544595077204,1.7647058823529411,Chain-GBR-RR-EPSI(0.18)
1049,LR-REAL-Political,0.16078431372549024,1.2629495786610874,1.411764705882353,Chain-GBR-RR-EPSI(0.18)
1050,LR-REAL-Political,0.08627450980392157,1.2266989065663652,1.1764705882352942,Chain-GBR-RR-EPSI(0.2)
1051,LR-REAL-Political,0.11764705882352941,1.2428092266596706,1.411764705882353,Chain-GBR-RR-EPSI(0.2)
1052,LR-REAL-Political,0.08235294117647059,1.2248318115008525,1.2941176470588236,Chain-GBR-RR-EPSI(0.2)
1053,LR-REAL-Political,0.13333333333333333,1.2109361594715697,1.3529411764705883,Chain-GBR-RR-EPSI(0.2)
1054,LR-REAL-Political,0.09019607843137255,1.2187189692740592,1.2941176470588236,Chain-GBR-RR-EPSI(0.2)
1055,LR-REAL-Political,0.1803921568627451,1.2238408442340685,1.5294117647058822,Chain-GBR-RR-EPSI(0.2)
1056,LR-REAL-Political,0.10196078431372549,1.22195098458066,1.2941176470588236,Chain-GBR-RR-EPSI(0.2)
1057,LR-REAL-Political,0.11764705882352941,1.2297048884680737,1.2941176470588236,Chain-GBR-RR-EPSI(0.2)
1058,LR-REAL-Political,0.18823529411764706,1.2208392887467265,1.3529411764705883,Chain-GBR-RR-EPSI(0.2)
1059,LR-REAL-Political,0.11372549019607843,1.221926414951936,1.2941176470588236,Chain-GBR-RR-EPSI(0.2)
1060,LR-REAL-Political,0.15686274509803924,1.2195386325684816,1.411764705882353,Chain-GBR-RR-EPSI(0.2)
1061,LR-REAL-Political,0.19215686274509802,1.2261994061352086,1.411764705882353,Chain-GBR-RR-EPSI(0.2)
1062,LR-REAL-Political,0.06274509803921569,1.2212928064857196,1.1764705882352942,Chain-GBR-RR-EPSI(0.2)
1063,LR-REAL-Political,0.08235294117647059,1.2237628748149987,1.2352941176470589,Chain-GBR-RR-EPSI(0.2)
1064,LR-REAL-Political,0.12941176470588237,1.2110707644227945,1.2941176470588236,Chain-GBR-RR-EPSI(0.2)
1065,LR-REAL-Political,0.10196078431372549,1.2310208217460077,1.3529411764705883,Chain-GBR-RR-EPSI(0.2)
1066,LR-REAL-Political,0.19215686274509805,1.2223796615423443,1.4705882352941178,Chain-GBR-RR-EPSI(0.2)
1067,LR-REAL-Political,0.0392156862745098,1.2233545751165062,1.1764705882352942,Chain-GBR-RR-EPSI(0.2)
1068,LR-REAL-Political,0.18823529411764706,1.2227125646187489,1.5294117647058822,Chain-GBR-RR-EPSI(0.2)
1069,LR-REAL-Political,0.10588235294117647,1.2241568934832316,1.2941176470588236,Chain-GBR-RR-EPSI(0.2)
1070,LR-REAL-Political,0.14117647058823532,1.2202749428330262,1.3529411764705883,Chain-GBR-RR-EPSI(0.2)
1071,LR-REAL-Political,0.12549019607843137,1.222126228878628,1.3529411764705883,Chain-GBR-RR-EPSI(0.2)
1072,LR-REAL-Political,0.12549019607843137,1.2235609404119727,1.3529411764705883,Chain-GBR-RR-EPSI(0.2)
1073,LR-REAL-Political,0.10980392156862745,1.2207797106560192,1.2352941176470589,Chain-GBR-RR-EPSI(0.2)
1074,LR-REAL-Political,0.22745098039215686,1.2258191019891445,1.4705882352941178,Chain-GBR-RR-EPSI(0.2)
1075,LR-REAL-Political,0.11372549019607843,1.2222238246698454,1.3529411764705883,Chain-GBR-RR-EPSI(0.2)
1076,LR-REAL-Political,0.09411764705882353,1.2253225305642137,1.2352941176470589,Chain-GBR-RR-EPSI(0.2)
1077,LR-REAL-Political,0.12549019607843137,1.2217874605224812,1.2941176470588236,Chain-GBR-RR-EPSI(0.2)
1078,LR-REAL-Political,0.14901960784313725,1.2161406309556337,1.411764705882353,Chain-GBR-RR-EPSI(0.2)
1079,LR-REAL-Political,0.09411764705882353,1.2410159104118463,1.2941176470588236,Chain-GBR-RR-EPSI(0.2)
1080,LR-REAL-Political,0.10980392156862745,1.2394903808708737,1.2941176470588236,Chain-GBR-RR-EPSI(0.2)
1081,LR-REAL-Political,0.13333333333333333,1.2175650773987718,1.4705882352941178,Chain-GBR-RR-EPSI(0.2)
1082,LR-REAL-Political,0.1176470588235294,1.2224935070629184,1.2352941176470589,Chain-GBR-RR-EPSI(0.2)
1083,LR-REAL-Political,0.13333333333333333,1.2232533229483664,1.3529411764705883,Chain-GBR-RR-EPSI(0.2)
1084,LR-REAL-Political,0.13725490196078433,1.2252586113814765,1.3529411764705883,Chain-GBR-RR-EPSI(0.2)
1085,LR-REAL-Political,0.08627450980392158,1.2227070800891606,1.1764705882352942,Chain-GBR-RR-EPSI(0.2)
1086,LR-REAL-Political,0.08235294117647059,1.224922992164569,1.1764705882352942,Chain-GBR-RR-EPSI(0.2)
1087,LR-REAL-Political,0.12941176470588237,1.2257981887860232,1.411764705882353,Chain-GBR-RR-EPSI(0.2)
1088,LR-REAL-Political,0.13725490196078433,1.2291960977072374,1.411764705882353,Chain-GBR-RR-EPSI(0.2)
1089,LR-REAL-Political,0.10980392156862744,1.2510043907197108,1.3529411764705883,Chain-GBR-RR-EPSI(0.2)
1090,LR-REAL-Political,0.1176470588235294,1.2430810087768145,1.3529411764705883,Chain-GBR-RR-EPSI(0.2)
1091,LR-REAL-Political,0.17647058823529413,1.2245483417451093,1.411764705882353,Chain-GBR-RR-EPSI(0.2)
1092,LR-REAL-Political,0.0980392156862745,1.236233537002518,1.3529411764705883,Chain-GBR-RR-EPSI(0.2)
1093,LR-REAL-Political,0.0784313725490196,1.2587444321183459,1.2352941176470589,Chain-GBR-RR-EPSI(0.2)
1094,LR-REAL-Political,0.14901960784313725,1.2561983682539848,1.411764705882353,Chain-GBR-RR-EPSI(0.2)
1095,LR-REAL-Political,0.1607843137254902,1.2179965638477204,1.3529411764705883,Chain-GBR-RR-EPSI(0.2)
1096,LR-REAL-Political,0.11764705882352941,1.2198020779587906,1.3529411764705883,Chain-GBR-RR-EPSI(0.2)
1097,LR-REAL-Political,0.09019607843137255,1.2335402591413198,1.2941176470588236,Chain-GBR-RR-EPSI(0.2)
1098,LR-REAL-Political,0.24705882352941172,1.2397584204645022,1.588235294117647,Chain-GBR-RR-EPSI(0.2)
1099,LR-REAL-Political,0.0392156862745098,1.2575043854745989,1.1176470588235294,Chain-GBR-RR-EPSI(0.2)
