,data,tau_x_score,prediction_time,buckets_per_rank,algo,percentage
0,LR-REAL-Political,0.2588235294117647,1.2604875569680105,2.3529411764705883,Chain-GBR-PI,0.1
1,LR-REAL-Political,0.18039215686274512,1.2603973409028897,2.588235294117647,Chain-GBR-PI,0.1
2,LR-REAL-Political,0.17647058823529413,1.2913916255984808,2.588235294117647,Chain-GBR-PI,0.1
3,LR-REAL-Political,0.21176470588235294,1.2692543443052409,2.1176470588235294,Chain-GBR-PI,0.1
4,LR-REAL-Political,0.19607843137254902,1.266414967926983,2.588235294117647,Chain-GBR-PI,0.1
5,LR-REAL-Political,0.2117647058823529,1.2649711495392997,2.235294117647059,Chain-GBR-PI,0.1
6,LR-REAL-Political,0.22745098039215686,1.262878194887019,2.235294117647059,Chain-GBR-PI,0.1
7,LR-REAL-Political,0.2980392156862745,1.2692135211519178,2.2941176470588234,Chain-GBR-PI,0.1
8,LR-REAL-Political,0.3098039215686274,1.2656134572503521,2.5294117647058822,Chain-GBR-PI,0.1
9,LR-REAL-Political,0.3058823529411765,1.2921251176711994,2.6470588235294117,Chain-GBR-PI,0.1
10,LR-REAL-Political,0.2,1.2823315942023594,2.3529411764705883,Chain-GBR-PI,0.1
11,LR-REAL-Political,0.396078431372549,1.2923789728490143,2.2941176470588234,Chain-GBR-PI,0.1
12,LR-REAL-Political,0.2313725490196078,1.2689462909662421,2.6470588235294117,Chain-GBR-PI,0.1
13,LR-REAL-Political,0.21176470588235294,1.255935777858532,2.176470588235294,Chain-GBR-PI,0.1
14,LR-REAL-Political,0.30588235294117644,1.2484183795787256,2.176470588235294,Chain-GBR-PI,0.1
15,LR-REAL-Political,0.23529411764705882,1.256846397122221,2.411764705882353,Chain-GBR-PI,0.1
16,LR-REAL-Political,0.19999999999999998,1.2551070131781885,1.8823529411764706,Chain-GBR-PI,0.1
17,LR-REAL-Political,0.19607843137254902,1.2471873722085909,2.6470588235294117,Chain-GBR-PI,0.1
18,LR-REAL-Political,0.13725490196078433,1.2595400515875719,2.1176470588235294,Chain-GBR-PI,0.1
19,LR-REAL-Political,0.07058823529411765,1.253416380530177,2.176470588235294,Chain-GBR-PI,0.1
20,LR-REAL-Political,0.23137254901960783,1.2591519003012552,2.411764705882353,Chain-GBR-PI,0.1
21,LR-REAL-Political,0.14901960784313725,1.2526769275327858,2.5294117647058822,Chain-GBR-PI,0.1
22,LR-REAL-Political,0.2392156862745098,1.2573442701944484,2.2941176470588234,Chain-GBR-PI,0.1
23,LR-REAL-Political,0.2392156862745098,1.267411188306762,2.235294117647059,Chain-GBR-PI,0.1
24,LR-REAL-Political,0.17254901960784316,1.2729982367392478,2.411764705882353,Chain-GBR-PI,0.1
25,LR-REAL-Political,0.30980392156862746,1.2735744224259298,2.4705882352941178,Chain-GBR-PI,0.1
26,LR-REAL-Political,0.16862745098039217,1.3369419629297483,2.235294117647059,Chain-GBR-PI,0.1
27,LR-REAL-Political,0.32549019607843144,1.2709941413357335,2.4705882352941178,Chain-GBR-PI,0.1
28,LR-REAL-Political,0.09411764705882353,1.2419452378513955,1.9411764705882353,Chain-GBR-PI,0.1
29,LR-REAL-Political,0.2745098039215686,1.2463955241000395,2.588235294117647,Chain-GBR-PI,0.1
30,LR-REAL-Political,0.33333333333333337,1.2412246107583362,2.3529411764705883,Chain-GBR-PI,0.1
31,LR-REAL-Political,0.08627450980392158,1.245087284028237,2.3529411764705883,Chain-GBR-PI,0.1
32,LR-REAL-Political,0.27450980392156865,1.2557312446181759,2.176470588235294,Chain-GBR-PI,0.1
33,LR-REAL-Political,0.3176470588235294,1.264820196940895,2.588235294117647,Chain-GBR-PI,0.1
34,LR-REAL-Political,0.13333333333333336,1.256768696474948,2.235294117647059,Chain-GBR-PI,0.1
35,LR-REAL-Political,0.20392156862745098,1.259289379439537,1.8823529411764706,Chain-GBR-PI,0.1
36,LR-REAL-Political,0.2392156862745098,1.2606957594746249,2.411764705882353,Chain-GBR-PI,0.1
37,LR-REAL-Political,0.1607843137254902,1.2661612045922133,2.1176470588235294,Chain-GBR-PI,0.1
38,LR-REAL-Political,0.17647058823529413,1.2516264463220077,2.4705882352941178,Chain-GBR-PI,0.1
39,LR-REAL-Political,0.12549019607843134,1.2497863572057115,2.411764705882353,Chain-GBR-PI,0.1
40,LR-REAL-Political,0.12941176470588237,1.2594229117424804,2.1176470588235294,Chain-GBR-PI,0.1
41,LR-REAL-Political,0.2509803921568628,1.2541847484205046,2.0,Chain-GBR-PI,0.1
42,LR-REAL-Political,0.3058823529411765,1.260819716031043,2.6470588235294117,Chain-GBR-PI,0.1
43,LR-REAL-Political,0.26666666666666666,1.2524137040285093,2.2941176470588234,Chain-GBR-PI,0.1
44,LR-REAL-Political,0.23137254901960785,1.2565784498105843,2.176470588235294,Chain-GBR-PI,0.1
45,LR-REAL-Political,0.19999999999999998,1.257194824227047,2.0588235294117645,Chain-GBR-PI,0.1
46,LR-REAL-Political,0.16862745098039217,1.2681474593665034,2.4705882352941178,Chain-GBR-PI,0.1
47,LR-REAL-Political,0.2901960784313726,1.2705179370942925,2.4705882352941178,Chain-GBR-PI,0.1
48,LR-REAL-Political,0.1450980392156863,1.2787172318369626,2.588235294117647,Chain-GBR-PI,0.1
49,LR-REAL-Political,0.2901960784313725,1.263471958289409,2.176470588235294,Chain-GBR-PI,0.1
50,LR-REAL-Political,0.5882352941176471,1.2322959752469693,3.823529411764706,Chain-GBR-RR,0.1
51,LR-REAL-Political,0.4901960784313725,1.2392253860217313,4.176470588235294,Chain-GBR-RR,0.1
52,LR-REAL-Political,0.5019607843137256,1.2392832800019635,4.294117647058823,Chain-GBR-RR,0.1
53,LR-REAL-Political,0.49803921568627463,1.2249000936604755,4.0,Chain-GBR-RR,0.1
54,LR-REAL-Political,0.5607843137254903,1.2335189400294408,4.470588235294118,Chain-GBR-RR,0.1
55,LR-REAL-Political,0.6274509803921569,1.2511549326660372,4.352941176470588,Chain-GBR-RR,0.1
56,LR-REAL-Political,0.5215686274509804,1.2423939612040862,4.294117647058823,Chain-GBR-RR,0.1
57,LR-REAL-Political,0.6156862745098038,1.2309838318167534,4.0588235294117645,Chain-GBR-RR,0.1
58,LR-REAL-Political,0.607843137254902,1.2391916197976804,4.235294117647059,Chain-GBR-RR,0.1
59,LR-REAL-Political,0.47058823529411764,1.246228206713836,4.588235294117647,Chain-GBR-RR,0.1
60,LR-REAL-Political,0.592156862745098,1.247410352600177,4.411764705882353,Chain-GBR-RR,0.1
61,LR-REAL-Political,0.7411764705882353,1.2503563700747435,4.117647058823529,Chain-GBR-RR,0.1
62,LR-REAL-Political,0.6039215686274509,1.2471825829933265,4.117647058823529,Chain-GBR-RR,0.1
63,LR-REAL-Political,0.5725490196078432,1.2395145775522316,3.764705882352941,Chain-GBR-RR,0.1
64,LR-REAL-Political,0.6666666666666666,1.2322762372284226,4.0,Chain-GBR-RR,0.1
65,LR-REAL-Political,0.5372549019607843,1.2334580867626848,3.9411764705882355,Chain-GBR-RR,0.1
66,LR-REAL-Political,0.5686274509803921,1.2314878519925487,3.8823529411764706,Chain-GBR-RR,0.1
67,LR-REAL-Political,0.4509803921568627,1.234077066443369,4.117647058823529,Chain-GBR-RR,0.1
68,LR-REAL-Political,0.4235294117647058,1.2345745240036907,3.8823529411764706,Chain-GBR-RR,0.1
69,LR-REAL-Political,0.5215686274509803,1.2296988599111938,4.294117647058823,Chain-GBR-RR,0.1
70,LR-REAL-Political,0.4901960784313725,1.2386861287400344,4.0,Chain-GBR-RR,0.1
71,LR-REAL-Political,0.5333333333333334,1.2419738237121467,4.235294117647059,Chain-GBR-RR,0.1
72,LR-REAL-Political,0.5176470588235293,1.24071888883665,4.294117647058823,Chain-GBR-RR,0.1
73,LR-REAL-Political,0.5647058823529413,1.250380998527917,4.235294117647059,Chain-GBR-RR,0.1
74,LR-REAL-Political,0.4666666666666667,1.2535637171540355,3.8823529411764706,Chain-GBR-RR,0.1
75,LR-REAL-Political,0.6549019607843137,1.2521842558704275,4.529411764705882,Chain-GBR-RR,0.1
76,LR-REAL-Political,0.4392156862745098,1.2785536565465012,4.117647058823529,Chain-GBR-RR,0.1
77,LR-REAL-Political,0.6980392156862746,1.2366409757152015,4.352941176470588,Chain-GBR-RR,0.1
78,LR-REAL-Political,0.4588235294117647,1.2189303086703203,3.9411764705882355,Chain-GBR-RR,0.1
79,LR-REAL-Political,0.5490196078431373,1.2210649663604256,4.411764705882353,Chain-GBR-RR,0.1
80,LR-REAL-Political,0.6823529411764707,1.2267224046625747,4.235294117647059,Chain-GBR-RR,0.1
81,LR-REAL-Political,0.3058823529411765,1.2258894069698691,4.352941176470588,Chain-GBR-RR,0.1
82,LR-REAL-Political,0.5960784313725491,1.236107980644787,4.117647058823529,Chain-GBR-RR,0.1
83,LR-REAL-Political,0.6078431372549019,1.2307538334279788,4.235294117647059,Chain-GBR-RR,0.1
84,LR-REAL-Political,0.6588235294117648,1.2300123530121074,4.235294117647059,Chain-GBR-RR,0.1
85,LR-REAL-Political,0.6196078431372549,1.2365707043471277,3.9411764705882355,Chain-GBR-RR,0.1
86,LR-REAL-Political,0.5725490196078431,1.2409567587696213,4.235294117647059,Chain-GBR-RR,0.1
87,LR-REAL-Political,0.5254901960784313,1.2434367924281022,4.176470588235294,Chain-GBR-RR,0.1
88,LR-REAL-Political,0.5058823529411764,1.2319424372237306,4.0588235294117645,Chain-GBR-RR,0.1
89,LR-REAL-Political,0.5411764705882354,1.2378275815650017,4.235294117647059,Chain-GBR-RR,0.1
90,LR-REAL-Political,0.5647058823529412,1.238847711281618,4.294117647058823,Chain-GBR-RR,0.1
91,LR-REAL-Political,0.6862745098039216,1.2384053639657806,4.117647058823529,Chain-GBR-RR,0.1
92,LR-REAL-Political,0.5098039215686274,1.2425648769060966,4.176470588235294,Chain-GBR-RR,0.1
93,LR-REAL-Political,0.6274509803921567,1.23402867332783,4.235294117647059,Chain-GBR-RR,0.1
94,LR-REAL-Political,0.4980392156862745,1.241471038610737,4.0,Chain-GBR-RR,0.1
95,LR-REAL-Political,0.5215686274509803,1.2372780569683661,4.0588235294117645,Chain-GBR-RR,0.1
96,LR-REAL-Political,0.5607843137254902,1.2371841972653386,4.0,Chain-GBR-RR,0.1
97,LR-REAL-Political,0.5215686274509804,1.2414968755506917,4.352941176470588,Chain-GBR-RR,0.1
98,LR-REAL-Political,0.4549019607843137,1.2361524134634083,4.176470588235294,Chain-GBR-RR,0.1
99,LR-REAL-Political,0.7215686274509805,1.2365740716738376,4.176470588235294,Chain-GBR-RR,0.1
100,LR-REAL-Political,0.7294117647058824,1.5770373904695345,4.588235294117647,ST-GBR-RR,0.1
101,LR-REAL-Political,0.596078431372549,0.5283077118617245,4.352941176470588,ST-GBR-RR,0.1
102,LR-REAL-Political,0.7058823529411764,0.4922993169653697,4.294117647058823,ST-GBR-RR,0.1
103,LR-REAL-Political,0.6666666666666666,0.5250181700196157,4.411764705882353,ST-GBR-RR,0.1
104,LR-REAL-Political,0.619607843137255,0.48219181378246495,4.235294117647059,ST-GBR-RR,0.1
105,LR-REAL-Political,0.607843137254902,0.5747118814372295,4.117647058823529,ST-GBR-RR,0.1
106,LR-REAL-Political,0.6627450980392158,0.5035628693924783,4.294117647058823,ST-GBR-RR,0.1
107,LR-REAL-Political,0.7333333333333334,0.5786747541648256,4.705882352941177,ST-GBR-RR,0.1
108,LR-REAL-Political,0.7058823529411765,0.617206769352707,4.470588235294118,ST-GBR-RR,0.1
109,LR-REAL-Political,0.6431372549019608,0.5040105574977776,4.529411764705882,ST-GBR-RR,0.1
110,LR-REAL-Political,0.7333333333333334,0.5824515965794703,4.294117647058823,ST-GBR-RR,0.1
111,LR-REAL-Political,0.7529411764705882,0.5096206952296375,4.647058823529412,ST-GBR-RR,0.1
112,LR-REAL-Political,0.7411764705882353,0.4953623960134728,4.705882352941177,ST-GBR-RR,0.1
113,LR-REAL-Political,0.6745098039215686,0.5665889617941566,4.705882352941177,ST-GBR-RR,0.1
114,LR-REAL-Political,0.6745098039215687,0.6167534346017118,4.529411764705882,ST-GBR-RR,0.1
115,LR-REAL-Political,0.6549019607843137,0.49877949573215996,4.294117647058823,ST-GBR-RR,0.1
116,LR-REAL-Political,0.611764705882353,0.5209135412008217,4.117647058823529,ST-GBR-RR,0.1
117,LR-REAL-Political,0.6000000000000001,0.5202198126433686,4.352941176470588,ST-GBR-RR,0.1
118,LR-REAL-Political,0.5960784313725491,0.5950613817591698,3.9411764705882355,ST-GBR-RR,0.1
119,LR-REAL-Political,0.615686274509804,0.5629836054969228,4.352941176470588,ST-GBR-RR,0.1
120,LR-REAL-Political,0.6941176470588236,0.577545287763414,4.235294117647059,ST-GBR-RR,0.1
121,LR-REAL-Political,0.6941176470588235,0.6276149732337336,4.235294117647059,ST-GBR-RR,0.1
122,LR-REAL-Political,0.5960784313725489,0.5952147545630597,4.117647058823529,ST-GBR-RR,0.1
123,LR-REAL-Political,0.7450980392156863,0.49224194252059766,4.647058823529412,ST-GBR-RR,0.1
124,LR-REAL-Political,0.6470588235294117,0.6764281407076838,4.352941176470588,ST-GBR-RR,0.1
125,LR-REAL-Political,0.6392156862745098,0.5660724190505452,4.588235294117647,ST-GBR-RR,0.1
126,LR-REAL-Political,0.596078431372549,0.6112085482921896,4.470588235294118,ST-GBR-RR,0.1
127,LR-REAL-Political,0.807843137254902,0.48964100715285586,4.705882352941177,ST-GBR-RR,0.1
128,LR-REAL-Political,0.6392156862745099,0.5114468514642103,4.294117647058823,ST-GBR-RR,0.1
129,LR-REAL-Political,0.6549019607843137,0.4912193403795603,4.235294117647059,ST-GBR-RR,0.1
130,LR-REAL-Political,0.6666666666666667,0.5432523383058092,4.411764705882353,ST-GBR-RR,0.1
131,LR-REAL-Political,0.5294117647058825,0.49033805522093976,4.117647058823529,ST-GBR-RR,0.1
132,LR-REAL-Political,0.7254901960784315,0.5818285789229305,4.411764705882353,ST-GBR-RR,0.1
133,LR-REAL-Political,0.6941176470588236,0.5707105780695135,4.705882352941177,ST-GBR-RR,0.1
134,LR-REAL-Political,0.7372549019607844,0.4925917694628192,4.352941176470588,ST-GBR-RR,0.1
135,LR-REAL-Political,0.7137254901960786,0.4962029674784557,4.529411764705882,ST-GBR-RR,0.1
136,LR-REAL-Political,0.7058823529411764,0.49985997373868163,4.411764705882353,ST-GBR-RR,0.1
137,LR-REAL-Political,0.6509803921568628,0.5899330886231733,4.588235294117647,ST-GBR-RR,0.1
138,LR-REAL-Political,0.6470588235294118,0.5085170122858214,4.470588235294118,ST-GBR-RR,0.1
139,LR-REAL-Political,0.6901960784313725,0.5408387282264515,4.470588235294118,ST-GBR-RR,0.1
140,LR-REAL-Political,0.6196078431372549,0.5098856943505395,3.9411764705882355,ST-GBR-RR,0.1
141,LR-REAL-Political,0.7137254901960784,0.5898220953534746,4.352941176470588,ST-GBR-RR,0.1
142,LR-REAL-Political,0.5725490196078431,0.6201419577569953,4.470588235294118,ST-GBR-RR,0.1
143,LR-REAL-Political,0.6862745098039216,0.5668922723270066,4.470588235294118,ST-GBR-RR,0.1
144,LR-REAL-Political,0.7176470588235295,0.498875565278183,4.647058823529412,ST-GBR-RR,0.1
145,LR-REAL-Political,0.6039215686274509,0.5518447545850508,4.411764705882353,ST-GBR-RR,0.1
146,LR-REAL-Political,0.6784313725490196,0.5888217691837933,4.529411764705882,ST-GBR-RR,0.1
147,LR-REAL-Political,0.5843137254901961,0.5220851821508639,4.588235294117647,ST-GBR-RR,0.1
148,LR-REAL-Political,0.6705882352941177,0.5994375857252323,4.294117647058823,ST-GBR-RR,0.1
149,LR-REAL-Political,0.8274509803921568,0.5049379473599364,4.529411764705882,ST-GBR-RR,0.1
150,LR-REAL-Political,0.4156862745098039,1.6630364092576695,3.0588235294117645,ST-GBR-PI,0.1
151,LR-REAL-Political,0.27843137254901956,1.6203432026076792,2.6470588235294117,ST-GBR-PI,0.1
152,LR-REAL-Political,0.4862745098039216,1.3689058710697966,3.411764705882353,ST-GBR-PI,0.1
153,LR-REAL-Political,0.4352941176470588,0.6030452486229523,3.235294117647059,ST-GBR-PI,0.1
154,LR-REAL-Political,0.3607843137254902,0.5959059268439519,3.411764705882353,ST-GBR-PI,0.1
155,LR-REAL-Political,0.2862745098039216,0.6041529247280427,2.764705882352941,ST-GBR-PI,0.1
156,LR-REAL-Political,0.396078431372549,1.3364274335411264,3.0588235294117645,ST-GBR-PI,0.1
157,LR-REAL-Political,0.4784313725490196,0.5585904196326472,3.176470588235294,ST-GBR-PI,0.1
158,LR-REAL-Political,0.4117647058823529,0.5901251336475116,3.411764705882353,ST-GBR-PI,0.1
159,LR-REAL-Political,0.35294117647058826,0.6036271367244086,3.235294117647059,ST-GBR-PI,0.1
160,LR-REAL-Political,0.42745098039215684,0.5492092036439097,2.823529411764706,ST-GBR-PI,0.1
161,LR-REAL-Political,0.4901960784313726,0.5006314849671614,2.7058823529411766,ST-GBR-PI,0.1
162,LR-REAL-Political,0.45490196078431366,0.6024576855551746,3.2941176470588234,ST-GBR-PI,0.1
163,LR-REAL-Political,0.39999999999999997,0.6009320308611988,2.764705882352941,ST-GBR-PI,0.1
164,LR-REAL-Political,0.4078431372549019,0.5968625893413533,3.235294117647059,ST-GBR-PI,0.1
165,LR-REAL-Political,0.31764705882352945,0.5945382117504203,3.0,ST-GBR-PI,0.1
166,LR-REAL-Political,0.4392156862745098,0.5896760136795088,3.2941176470588234,ST-GBR-PI,0.1
167,LR-REAL-Political,0.38823529411764707,0.5246386118302429,3.2941176470588234,ST-GBR-PI,0.1
168,LR-REAL-Political,0.32941176470588235,0.5123774078769274,3.1176470588235294,ST-GBR-PI,0.1
169,LR-REAL-Political,0.3411764705882353,0.595251809803744,2.823529411764706,ST-GBR-PI,0.1
170,LR-REAL-Political,0.4470588235294118,0.5958931072775661,3.2941176470588234,ST-GBR-PI,0.1
171,LR-REAL-Political,0.4117647058823529,0.6250475761067871,3.1176470588235294,ST-GBR-PI,0.1
172,LR-REAL-Political,0.3607843137254902,0.5726892234786096,2.8823529411764706,ST-GBR-PI,0.1
173,LR-REAL-Political,0.5137254901960785,0.5058139942683993,3.0,ST-GBR-PI,0.1
174,LR-REAL-Political,0.3254901960784313,0.5986066154423244,2.7058823529411766,ST-GBR-PI,0.1
175,LR-REAL-Political,0.3058823529411765,0.6407330860858296,3.3529411764705883,ST-GBR-PI,0.1
176,LR-REAL-Political,0.45098039215686275,0.5714796856800569,3.235294117647059,ST-GBR-PI,0.1
177,LR-REAL-Political,0.45490196078431366,0.5056471324162538,3.0,ST-GBR-PI,0.1
178,LR-REAL-Political,0.29411764705882354,0.5133340780080027,2.5294117647058822,ST-GBR-PI,0.1
179,LR-REAL-Political,0.33725490196078434,0.46856046560174536,3.0588235294117645,ST-GBR-PI,0.1
180,LR-REAL-Political,0.4078431372549019,0.5005954934635803,2.9411764705882355,ST-GBR-PI,0.1
181,LR-REAL-Political,0.34509803921568627,0.5299653841033032,3.4705882352941178,ST-GBR-PI,0.1
182,LR-REAL-Political,0.41568627450980394,0.6106364752492619,3.4705882352941178,ST-GBR-PI,0.1
183,LR-REAL-Political,0.4235294117647059,0.5972934795306278,3.0588235294117645,ST-GBR-PI,0.1
184,LR-REAL-Political,0.40784313725490196,0.6173973322847147,3.0588235294117645,ST-GBR-PI,0.1
185,LR-REAL-Political,0.5176470588235293,0.6024490680290852,3.0,ST-GBR-PI,0.1
186,LR-REAL-Political,0.4196078431372549,0.6170203066966577,3.235294117647059,ST-GBR-PI,0.1
187,LR-REAL-Political,0.36470588235294116,0.5852942965678903,3.2941176470588234,ST-GBR-PI,0.1
188,LR-REAL-Political,0.33725490196078434,0.6124302531510066,2.8823529411764706,ST-GBR-PI,0.1
189,LR-REAL-Political,0.3490196078431373,0.4996800190414507,3.235294117647059,ST-GBR-PI,0.1
190,LR-REAL-Political,0.3411764705882353,0.5265068123798761,3.2941176470588234,ST-GBR-PI,0.1
191,LR-REAL-Political,0.41568627450980394,0.6071755332891543,3.235294117647059,ST-GBR-PI,0.1
192,LR-REAL-Political,0.3568627450980392,0.6008013122009112,3.176470588235294,ST-GBR-PI,0.1
193,LR-REAL-Political,0.4666666666666666,0.509394512431743,2.823529411764706,ST-GBR-PI,0.1
194,LR-REAL-Political,0.4745098039215686,0.5328059079302198,3.2941176470588234,ST-GBR-PI,0.1
195,LR-REAL-Political,0.3764705882352941,0.5859364978463821,3.235294117647059,ST-GBR-PI,0.1
196,LR-REAL-Political,0.3254901960784314,0.5438926352808122,3.1176470588235294,ST-GBR-PI,0.1
197,LR-REAL-Political,0.30980392156862746,0.5761063093930149,3.176470588235294,ST-GBR-PI,0.1
198,LR-REAL-Political,0.3686274509803922,0.5999672665024061,3.3529411764705883,ST-GBR-PI,0.1
199,LR-REAL-Political,0.4745098039215686,0.5771114261655813,3.0588235294117645,ST-GBR-PI,0.1
200,LR-REAL-Political,0.7176470588235294,0.6418873964554755,5.176470588235294,RPC-GB,0.1
201,LR-REAL-Political,0.5254901960784314,0.6717344680459177,4.764705882352941,RPC-GB,0.1
202,LR-REAL-Political,0.6862745098039216,0.804091913097266,4.588235294117647,RPC-GB,0.1
203,LR-REAL-Political,0.6666666666666667,0.6590171606538107,4.882352941176471,RPC-GB,0.1
204,LR-REAL-Political,0.6705882352941178,0.6216982667635315,5.352941176470588,RPC-GB,0.1
205,LR-REAL-Political,0.6313725490196078,0.664172827447343,4.764705882352941,RPC-GB,0.1
206,LR-REAL-Political,0.6156862745098038,0.6899239064755713,4.352941176470588,RPC-GB,0.1
207,LR-REAL-Political,0.7019607843137255,0.7109168018220502,5.352941176470588,RPC-GB,0.1
208,LR-REAL-Political,0.6313725490196078,0.6670364767313469,4.705882352941177,RPC-GB,0.1
209,LR-REAL-Political,0.6980392156862745,0.7086330284117062,5.117647058823529,RPC-GB,0.1
210,LR-REAL-Political,0.7294117647058824,0.6629733016653291,4.705882352941177,RPC-GB,0.1
211,LR-REAL-Political,0.7137254901960784,0.6587924561637916,5.235294117647059,RPC-GB,0.1
212,LR-REAL-Political,0.7529411764705883,0.7429718660064641,4.705882352941177,RPC-GB,0.1
213,LR-REAL-Political,0.7058823529411766,0.6587311822462831,5.176470588235294,RPC-GB,0.1
214,LR-REAL-Political,0.6431372549019608,0.6805292992199323,4.823529411764706,RPC-GB,0.1
215,LR-REAL-Political,0.5607843137254902,0.6870500876496964,4.588235294117647,RPC-GB,0.1
216,LR-REAL-Political,0.588235294117647,0.6877601000119344,4.352941176470588,RPC-GB,0.1
217,LR-REAL-Political,0.6039215686274509,0.8059947641382836,4.823529411764706,RPC-GB,0.1
218,LR-REAL-Political,0.6,0.7676940980809548,4.411764705882353,RPC-GB,0.1
219,LR-REAL-Political,0.6039215686274509,0.8968406631005943,4.588235294117647,RPC-GB,0.1
220,LR-REAL-Political,0.6705882352941177,0.6696679075982428,4.9411764705882355,RPC-GB,0.1
221,LR-REAL-Political,0.6784313725490196,0.659158619438034,5.0,RPC-GB,0.1
222,LR-REAL-Political,0.5607843137254901,0.6344865816504316,4.764705882352941,RPC-GB,0.1
223,LR-REAL-Political,0.7294117647058823,0.6892389452452541,5.0,RPC-GB,0.1
224,LR-REAL-Political,0.5686274509803921,0.8208692284977723,4.176470588235294,RPC-GB,0.1
225,LR-REAL-Political,0.6078431372549019,0.6540639889878312,4.647058823529412,RPC-GB,0.1
226,LR-REAL-Political,0.5764705882352942,0.7051464441333158,4.352941176470588,RPC-GB,0.1
227,LR-REAL-Political,0.7176470588235294,0.6263026847492802,4.647058823529412,RPC-GB,0.1
228,LR-REAL-Political,0.6313725490196078,0.6626387170875113,4.352941176470588,RPC-GB,0.1
229,LR-REAL-Political,0.6627450980392157,0.6296023468922759,4.823529411764706,RPC-GB,0.1
230,LR-REAL-Political,0.611764705882353,0.7246601107538635,4.411764705882353,RPC-GB,0.1
231,LR-REAL-Political,0.5098039215686274,0.6121297765957919,4.764705882352941,RPC-GB,0.1
232,LR-REAL-Political,0.6549019607843137,0.7438144482109578,4.352941176470588,RPC-GB,0.1
233,LR-REAL-Political,0.7098039215686275,0.718373896061557,5.0588235294117645,RPC-GB,0.1
234,LR-REAL-Political,0.6901960784313725,0.7277629296653604,4.588235294117647,RPC-GB,0.1
235,LR-REAL-Political,0.6352941176470589,0.7236781421420067,4.882352941176471,RPC-GB,0.1
236,LR-REAL-Political,0.6784313725490196,0.6774834318077243,4.9411764705882355,RPC-GB,0.1
237,LR-REAL-Political,0.596078431372549,0.7985195960802756,4.647058823529412,RPC-GB,0.1
238,LR-REAL-Political,0.7176470588235295,0.9030720947082835,4.882352941176471,RPC-GB,0.1
239,LR-REAL-Political,0.6666666666666667,0.6713968671551896,4.705882352941177,RPC-GB,0.1
240,LR-REAL-Political,0.6862745098039217,0.6304244174757094,4.764705882352941,RPC-GB,0.1
241,LR-REAL-Political,0.7372549019607844,0.9215681491763064,5.117647058823529,RPC-GB,0.1
242,LR-REAL-Political,0.5725490196078432,0.6844929979338373,4.588235294117647,RPC-GB,0.1
243,LR-REAL-Political,0.6901960784313727,0.7243532360434487,5.0,RPC-GB,0.1
244,LR-REAL-Political,0.6509803921568628,0.6684489685085054,4.411764705882353,RPC-GB,0.1
245,LR-REAL-Political,0.5882352941176471,0.6549452259597466,4.588235294117647,RPC-GB,0.1
246,LR-REAL-Political,0.607843137254902,0.6747228846120962,4.764705882352941,RPC-GB,0.1
247,LR-REAL-Political,0.6039215686274509,0.7469535711490801,4.9411764705882355,RPC-GB,0.1
248,LR-REAL-Political,0.6627450980392158,0.7293621136214248,4.0,RPC-GB,0.1
249,LR-REAL-Political,0.7176470588235295,0.7584830695682236,4.529411764705882,RPC-GB,0.1
250,LR-REAL-Political,0.1568627450980392,1.2606913015584538,2.2941176470588234,Chain-GBR-PI,0.2
251,LR-REAL-Political,0.13333333333333333,1.2658116926292042,2.3529411764705883,Chain-GBR-PI,0.2
252,LR-REAL-Political,0.3215686274509804,1.2562051963615652,2.411764705882353,Chain-GBR-PI,0.2
253,LR-REAL-Political,0.2431372549019608,1.2599253993033266,2.176470588235294,Chain-GBR-PI,0.2
254,LR-REAL-Political,0.2235294117647059,1.2675315873371396,2.2941176470588234,Chain-GBR-PI,0.2
255,LR-REAL-Political,0.1215686274509804,1.2565498345044368,2.176470588235294,Chain-GBR-PI,0.2
256,LR-REAL-Political,0.1843137254901961,1.254645030058817,2.411764705882353,Chain-GBR-PI,0.2
257,LR-REAL-Political,0.34901960784313724,1.2502795283131396,1.9411764705882353,Chain-GBR-PI,0.2
258,LR-REAL-Political,0.13725490196078433,1.2617629345370382,1.8235294117647058,Chain-GBR-PI,0.2
259,LR-REAL-Political,0.2627450980392157,1.2665577581650063,2.3529411764705883,Chain-GBR-PI,0.2
260,LR-REAL-Political,0.17254901960784313,1.2518456635350428,2.2941176470588234,Chain-GBR-PI,0.2
261,LR-REAL-Political,0.20784313725490197,1.2538618576801457,2.235294117647059,Chain-GBR-PI,0.2
262,LR-REAL-Political,0.2823529411764706,1.2883216054499347,2.588235294117647,Chain-GBR-PI,0.2
263,LR-REAL-Political,0.30196078431372547,1.2471137274501465,2.176470588235294,Chain-GBR-PI,0.2
264,LR-REAL-Political,0.12941176470588237,1.2413604632757016,1.7647058823529411,Chain-GBR-PI,0.2
265,LR-REAL-Political,0.22745098039215683,1.255718782484307,2.0588235294117645,Chain-GBR-PI,0.2
266,LR-REAL-Political,0.1411764705882353,1.2540797573291715,2.235294117647059,Chain-GBR-PI,0.2
267,LR-REAL-Political,0.19607843137254902,1.2586163471870258,2.1176470588235294,Chain-GBR-PI,0.2
268,LR-REAL-Political,0.21568627450980393,1.2635536823981597,2.176470588235294,Chain-GBR-PI,0.2
269,LR-REAL-Political,0.17647058823529413,1.2710470357175885,1.8823529411764706,Chain-GBR-PI,0.2
270,LR-REAL-Political,0.09019607843137255,1.2670786436317263,2.0588235294117645,Chain-GBR-PI,0.2
271,LR-REAL-Political,0.2784313725490196,1.2666162072351983,2.411764705882353,Chain-GBR-PI,0.2
272,LR-REAL-Political,0.1843137254901961,1.2646404159320954,2.0,Chain-GBR-PI,0.2
273,LR-REAL-Political,0.17254901960784316,1.2607510634360282,2.0,Chain-GBR-PI,0.2
274,LR-REAL-Political,0.1411764705882353,1.2644845834282876,1.8823529411764706,Chain-GBR-PI,0.2
275,LR-REAL-Political,0.1372549019607843,1.2593534135269995,2.235294117647059,Chain-GBR-PI,0.2
276,LR-REAL-Political,0.196078431372549,1.2600351466693882,2.0588235294117645,Chain-GBR-PI,0.2
277,LR-REAL-Political,0.28235294117647064,1.2548493013471724,2.2941176470588234,Chain-GBR-PI,0.2
278,LR-REAL-Political,0.15686274509803924,1.2475259952056093,2.0588235294117645,Chain-GBR-PI,0.2
279,LR-REAL-Political,0.19215686274509802,1.2613037898851838,2.1176470588235294,Chain-GBR-PI,0.2
280,LR-REAL-Political,0.17254901960784316,1.2579800556368024,2.0588235294117645,Chain-GBR-PI,0.2
281,LR-REAL-Political,0.20784313725490194,1.2611905607436569,2.411764705882353,Chain-GBR-PI,0.2
282,LR-REAL-Political,0.2745098039215686,1.2559871460270537,2.1176470588235294,Chain-GBR-PI,0.2
283,LR-REAL-Political,0.23921568627450984,1.286702991680356,2.176470588235294,Chain-GBR-PI,0.2
284,LR-REAL-Political,0.2156862745098039,1.2710257027394338,2.3529411764705883,Chain-GBR-PI,0.2
285,LR-REAL-Political,0.34117647058823536,1.2574079411603571,2.235294117647059,Chain-GBR-PI,0.2
286,LR-REAL-Political,0.16470588235294117,1.255795102677281,2.2941176470588234,Chain-GBR-PI,0.2
287,LR-REAL-Political,0.17647058823529413,1.2600488307420628,2.176470588235294,Chain-GBR-PI,0.2
288,LR-REAL-Political,0.08235294117647059,1.2577272569162432,1.6470588235294117,Chain-GBR-PI,0.2
289,LR-REAL-Political,0.07843137254901962,1.2625634050027528,2.176470588235294,Chain-GBR-PI,0.2
290,LR-REAL-Political,0.22745098039215683,1.2629038910621813,2.411764705882353,Chain-GBR-PI,0.2
291,LR-REAL-Political,0.1843137254901961,1.2701543060356606,2.2941176470588234,Chain-GBR-PI,0.2
292,LR-REAL-Political,0.13725490196078433,1.2568916302533486,2.0,Chain-GBR-PI,0.2
293,LR-REAL-Political,0.12941176470588234,1.2611060954379287,2.0,Chain-GBR-PI,0.2
294,LR-REAL-Political,0.30588235294117655,1.2616391824871955,2.4705882352941178,Chain-GBR-PI,0.2
295,LR-REAL-Political,0.18823529411764706,1.2518308549320056,2.176470588235294,Chain-GBR-PI,0.2
296,LR-REAL-Political,0.07450980392156864,1.2667372152234986,2.411764705882353,Chain-GBR-PI,0.2
297,LR-REAL-Political,0.19215686274509802,1.2629377588909296,2.235294117647059,Chain-GBR-PI,0.2
298,LR-REAL-Political,0.26666666666666666,1.2695260308231762,2.1176470588235294,Chain-GBR-PI,0.2
299,LR-REAL-Political,0.06274509803921569,1.2714920314728226,1.8823529411764706,Chain-GBR-PI,0.2
300,LR-REAL-Political,0.47058823529411764,1.2458263774801106,4.0,Chain-GBR-RR,0.2
301,LR-REAL-Political,0.3490196078431373,1.2804237684101836,4.0588235294117645,Chain-GBR-RR,0.2
302,LR-REAL-Political,0.5764705882352942,1.2625157729428846,4.235294117647059,Chain-GBR-RR,0.2
303,LR-REAL-Political,0.5333333333333334,1.2385526519127272,4.0588235294117645,Chain-GBR-RR,0.2
304,LR-REAL-Political,0.48235294117647054,1.2358770594726318,4.117647058823529,Chain-GBR-RR,0.2
305,LR-REAL-Political,0.4862745098039215,1.229540106617497,4.470588235294118,Chain-GBR-RR,0.2
306,LR-REAL-Political,0.4784313725490196,1.241546719374826,4.0,Chain-GBR-RR,0.2
307,LR-REAL-Political,0.6196078431372549,1.2348009691848854,4.294117647058823,Chain-GBR-RR,0.2
308,LR-REAL-Political,0.5529411764705883,1.2444506824765678,4.0588235294117645,Chain-GBR-RR,0.2
309,LR-REAL-Political,0.5176470588235295,1.2381718550383687,4.235294117647059,Chain-GBR-RR,0.2
310,LR-REAL-Political,0.5803921568627451,1.2297401806829895,3.8823529411764706,Chain-GBR-RR,0.2
311,LR-REAL-Political,0.5686274509803921,1.2317295997965148,3.823529411764706,Chain-GBR-RR,0.2
312,LR-REAL-Political,0.5411764705882354,1.2457598318038408,4.352941176470588,Chain-GBR-RR,0.2
313,LR-REAL-Political,0.607843137254902,1.2273801201470667,4.352941176470588,Chain-GBR-RR,0.2
314,LR-REAL-Political,0.4980392156862745,1.2302027013561212,4.0,Chain-GBR-RR,0.2
315,LR-REAL-Political,0.5411764705882354,1.2312342964359397,4.0588235294117645,Chain-GBR-RR,0.2
316,LR-REAL-Political,0.5176470588235293,1.229513793449447,3.823529411764706,Chain-GBR-RR,0.2
317,LR-REAL-Political,0.4666666666666667,1.251704170421661,4.0,Chain-GBR-RR,0.2
318,LR-REAL-Political,0.48235294117647065,1.2405198061639808,3.823529411764706,Chain-GBR-RR,0.2
319,LR-REAL-Political,0.38431372549019605,1.2401683489428117,3.6470588235294117,Chain-GBR-RR,0.2
320,LR-REAL-Political,0.396078431372549,1.243006031318257,4.0588235294117645,Chain-GBR-RR,0.2
321,LR-REAL-Political,0.611764705882353,1.2430446249739078,4.352941176470588,Chain-GBR-RR,0.2
322,LR-REAL-Political,0.5333333333333334,1.2352473324315703,4.176470588235294,Chain-GBR-RR,0.2
323,LR-REAL-Political,0.5019607843137255,1.2376139731465208,3.9411764705882355,Chain-GBR-RR,0.2
324,LR-REAL-Political,0.47058823529411764,1.2320010457451722,3.5294117647058822,Chain-GBR-RR,0.2
325,LR-REAL-Political,0.47058823529411764,1.2365418828637804,4.117647058823529,Chain-GBR-RR,0.2
326,LR-REAL-Political,0.4352941176470588,1.2369146157454267,4.0588235294117645,Chain-GBR-RR,0.2
327,LR-REAL-Political,0.6941176470588235,1.2362861034821102,4.0588235294117645,Chain-GBR-RR,0.2
328,LR-REAL-Political,0.48235294117647065,1.2220534999916974,4.235294117647059,Chain-GBR-RR,0.2
329,LR-REAL-Political,0.5333333333333333,1.2373873909555668,4.0,Chain-GBR-RR,0.2
330,LR-REAL-Political,0.6000000000000001,1.2234929549808133,3.764705882352941,Chain-GBR-RR,0.2
331,LR-REAL-Political,0.45882352941176474,1.2282894874759234,4.176470588235294,Chain-GBR-RR,0.2
332,LR-REAL-Political,0.580392156862745,1.2376116696972097,4.176470588235294,Chain-GBR-RR,0.2
333,LR-REAL-Political,0.5372549019607843,1.2417067112398477,4.176470588235294,Chain-GBR-RR,0.2
334,LR-REAL-Political,0.5490196078431373,1.2316981093194184,4.352941176470588,Chain-GBR-RR,0.2
335,LR-REAL-Political,0.592156862745098,1.2320004731182117,3.9411764705882355,Chain-GBR-RR,0.2
336,LR-REAL-Political,0.43529411764705883,1.2390781318170379,4.0588235294117645,Chain-GBR-RR,0.2
337,LR-REAL-Political,0.4117647058823529,1.2350415530627437,3.588235294117647,Chain-GBR-RR,0.2
338,LR-REAL-Political,0.46274509803921565,1.2355672105278923,4.176470588235294,Chain-GBR-RR,0.2
339,LR-REAL-Political,0.4666666666666667,1.2487575562673783,3.823529411764706,Chain-GBR-RR,0.2
340,LR-REAL-Political,0.5843137254901961,1.2368195296894549,4.176470588235294,Chain-GBR-RR,0.2
341,LR-REAL-Political,0.615686274509804,1.2452341439910881,4.0588235294117645,Chain-GBR-RR,0.2
342,LR-REAL-Political,0.4313725490196078,1.2333909039784539,4.235294117647059,Chain-GBR-RR,0.2
343,LR-REAL-Political,0.42745098039215684,1.2405144221352016,3.823529411764706,Chain-GBR-RR,0.2
344,LR-REAL-Political,0.5490196078431373,1.242298628826449,4.235294117647059,Chain-GBR-RR,0.2
345,LR-REAL-Political,0.44313725490196076,1.2309064037590247,4.117647058823529,Chain-GBR-RR,0.2
346,LR-REAL-Political,0.36078431372549025,1.2753141305045361,4.0588235294117645,Chain-GBR-RR,0.2
347,LR-REAL-Political,0.5215686274509803,1.263203474772349,4.235294117647059,Chain-GBR-RR,0.2
348,LR-REAL-Political,0.6000000000000001,1.2637950204870279,3.823529411764706,Chain-GBR-RR,0.2
349,LR-REAL-Political,0.5803921568627451,1.2541094059083249,4.470588235294118,Chain-GBR-RR,0.2
350,LR-REAL-Political,0.7490196078431373,0.4834208801146107,4.529411764705882,ST-GBR-RR,0.2
351,LR-REAL-Political,0.5725490196078432,0.6063186656087207,4.352941176470588,ST-GBR-RR,0.2
352,LR-REAL-Political,0.7607843137254902,0.5711209253532957,4.529411764705882,ST-GBR-RR,0.2
353,LR-REAL-Political,0.6196078431372549,0.4913592124253562,4.235294117647059,ST-GBR-RR,0.2
354,LR-REAL-Political,0.6,0.48269200387703515,4.470588235294118,ST-GBR-RR,0.2
355,LR-REAL-Political,0.6666666666666667,0.49282418994004407,4.0588235294117645,ST-GBR-RR,0.2
356,LR-REAL-Political,0.6666666666666669,0.5658702978375286,4.588235294117647,ST-GBR-RR,0.2
357,LR-REAL-Political,0.7411764705882353,0.4880462643717388,4.588235294117647,ST-GBR-RR,0.2
358,LR-REAL-Political,0.6549019607843137,0.48267910350600424,4.294117647058823,ST-GBR-RR,0.2
359,LR-REAL-Political,0.6352941176470588,0.4924849328635465,4.764705882352941,ST-GBR-RR,0.2
360,LR-REAL-Political,0.6823529411764706,0.5460973080531438,4.294117647058823,ST-GBR-RR,0.2
361,LR-REAL-Political,0.7137254901960786,0.47765926006836185,4.470588235294118,ST-GBR-RR,0.2
362,LR-REAL-Political,0.6980392156862745,0.5068614977159464,4.294117647058823,ST-GBR-RR,0.2
363,LR-REAL-Political,0.7372549019607844,0.4760569065565321,4.529411764705882,ST-GBR-RR,0.2
364,LR-REAL-Political,0.6196078431372549,0.4743116037283902,4.352941176470588,ST-GBR-RR,0.2
365,LR-REAL-Political,0.6470588235294118,0.590616924177695,4.529411764705882,ST-GBR-RR,0.2
366,LR-REAL-Political,0.6470588235294118,0.6046277242447433,4.294117647058823,ST-GBR-RR,0.2
367,LR-REAL-Political,0.5607843137254902,0.5892738042348783,4.411764705882353,ST-GBR-RR,0.2
368,LR-REAL-Political,0.6196078431372549,0.4880647312761298,3.9411764705882355,ST-GBR-RR,0.2
369,LR-REAL-Political,0.6509803921568629,0.4845794728761329,4.352941176470588,ST-GBR-RR,0.2
370,LR-REAL-Political,0.6431372549019607,0.6116743493683098,4.235294117647059,ST-GBR-RR,0.2
371,LR-REAL-Political,0.6823529411764707,0.4833315330984308,4.705882352941177,ST-GBR-RR,0.2
372,LR-REAL-Political,0.5921568627450982,0.4910465329380515,4.647058823529412,ST-GBR-RR,0.2
373,LR-REAL-Political,0.776470588235294,0.4700853638918176,4.705882352941177,ST-GBR-RR,0.2
374,LR-REAL-Political,0.607843137254902,0.43824475943112184,4.470588235294118,ST-GBR-RR,0.2
375,LR-REAL-Political,0.6235294117647059,0.4891561537716139,4.529411764705882,ST-GBR-RR,0.2
376,LR-REAL-Political,0.5882352941176471,0.5013186214658492,4.470588235294118,ST-GBR-RR,0.2
377,LR-REAL-Political,0.7686274509803921,0.48916057183782463,4.352941176470588,ST-GBR-RR,0.2
378,LR-REAL-Political,0.6627450980392158,0.49869301526289617,4.176470588235294,ST-GBR-RR,0.2
379,LR-REAL-Political,0.6666666666666667,0.4979968691012551,4.352941176470588,ST-GBR-RR,0.2
380,LR-REAL-Political,0.6549019607843137,0.48435421579899496,4.411764705882353,ST-GBR-RR,0.2
381,LR-REAL-Political,0.5294117647058824,0.5470455346561893,3.9411764705882355,ST-GBR-RR,0.2
382,LR-REAL-Political,0.7254901960784315,0.47534327024320644,4.411764705882353,ST-GBR-RR,0.2
383,LR-REAL-Political,0.7176470588235295,0.49569852641221906,4.470588235294118,ST-GBR-RR,0.2
384,LR-REAL-Political,0.7176470588235295,0.48137329889999625,4.352941176470588,ST-GBR-RR,0.2
385,LR-REAL-Political,0.6901960784313725,0.49074554579761653,4.529411764705882,ST-GBR-RR,0.2
386,LR-REAL-Political,0.6901960784313727,0.49167896861678956,4.235294117647059,ST-GBR-RR,0.2
387,LR-REAL-Political,0.6431372549019608,0.48854063297191513,4.411764705882353,ST-GBR-RR,0.2
388,LR-REAL-Political,0.6431372549019608,0.5031125541741053,4.470588235294118,ST-GBR-RR,0.2
389,LR-REAL-Political,0.7098039215686276,0.4904295382771024,4.352941176470588,ST-GBR-RR,0.2
390,LR-REAL-Political,0.6274509803921569,0.508807725618991,4.235294117647059,ST-GBR-RR,0.2
391,LR-REAL-Political,0.6627450980392158,0.4963564271181584,4.117647058823529,ST-GBR-RR,0.2
392,LR-REAL-Political,0.6078431372549019,0.4797927105023763,4.470588235294118,ST-GBR-RR,0.2
393,LR-REAL-Political,0.6901960784313725,0.48727193657360923,4.411764705882353,ST-GBR-RR,0.2
394,LR-REAL-Political,0.7019607843137255,0.48166236859299183,4.294117647058823,ST-GBR-RR,0.2
395,LR-REAL-Political,0.6549019607843137,0.48826838953248225,4.352941176470588,ST-GBR-RR,0.2
396,LR-REAL-Political,0.6901960784313727,0.5770629135253476,4.529411764705882,ST-GBR-RR,0.2
397,LR-REAL-Political,0.5725490196078432,0.5680744548304157,4.470588235294118,ST-GBR-RR,0.2
398,LR-REAL-Political,0.6666666666666667,0.5717226885141002,4.352941176470588,ST-GBR-RR,0.2
399,LR-REAL-Political,0.803921568627451,0.4779277664679116,4.470588235294118,ST-GBR-RR,0.2
400,LR-REAL-Political,0.39999999999999997,0.4961821982241267,3.3529411764705883,ST-GBR-PI,0.2
401,LR-REAL-Political,0.2745098039215686,0.5959211669608004,2.9411764705882355,ST-GBR-PI,0.2
402,LR-REAL-Political,0.45490196078431366,0.5908138408779346,3.235294117647059,ST-GBR-PI,0.2
403,LR-REAL-Political,0.3843137254901961,0.6576799604345248,3.176470588235294,ST-GBR-PI,0.2
404,LR-REAL-Political,0.3568627450980392,0.5882425023485979,2.9411764705882355,ST-GBR-PI,0.2
405,LR-REAL-Political,0.2980392156862745,0.5909494723860231,2.7058823529411766,ST-GBR-PI,0.2
406,LR-REAL-Political,0.44313725490196076,0.5629090851450972,3.1176470588235294,ST-GBR-PI,0.2
407,LR-REAL-Political,0.4392156862745098,0.545223872782841,3.1176470588235294,ST-GBR-PI,0.2
408,LR-REAL-Political,0.37254901960784315,0.5486489296987163,3.4705882352941178,ST-GBR-PI,0.2
409,LR-REAL-Political,0.3647058823529412,0.5281995055234474,2.8823529411764706,ST-GBR-PI,0.2
410,LR-REAL-Political,0.4156862745098039,0.5927343229935114,3.0,ST-GBR-PI,0.2
411,LR-REAL-Political,0.4862745098039215,0.5676988789918788,2.823529411764706,ST-GBR-PI,0.2
412,LR-REAL-Political,0.45882352941176463,0.5145152804627158,3.6470588235294117,ST-GBR-PI,0.2
413,LR-REAL-Political,0.4705882352941176,0.5053853525923693,2.8823529411764706,ST-GBR-PI,0.2
414,LR-REAL-Political,0.34901960784313724,0.5221871719410686,3.0588235294117645,ST-GBR-PI,0.2
415,LR-REAL-Political,0.3411764705882353,0.5997412657676174,2.9411764705882355,ST-GBR-PI,0.2
416,LR-REAL-Political,0.4235294117647058,0.5864789376477475,3.0,ST-GBR-PI,0.2
417,LR-REAL-Political,0.3764705882352941,0.5837244863711256,3.235294117647059,ST-GBR-PI,0.2
418,LR-REAL-Political,0.3803921568627451,0.5060120245478715,3.0588235294117645,ST-GBR-PI,0.2
419,LR-REAL-Political,0.388235294117647,0.5873797627181054,2.7058823529411766,ST-GBR-PI,0.2
420,LR-REAL-Political,0.4156862745098039,0.572782304389866,2.823529411764706,ST-GBR-PI,0.2
421,LR-REAL-Political,0.3686274509803922,0.4952086142296918,3.235294117647059,ST-GBR-PI,0.2
422,LR-REAL-Political,0.38431372549019605,0.49045127937340055,3.4705882352941178,ST-GBR-PI,0.2
423,LR-REAL-Political,0.4862745098039215,0.5658120919454408,3.2941176470588234,ST-GBR-PI,0.2
424,LR-REAL-Political,0.3803921568627451,0.49968473546108516,3.1176470588235294,ST-GBR-PI,0.2
425,LR-REAL-Political,0.3333333333333333,0.5007343692081404,3.1176470588235294,ST-GBR-PI,0.2
426,LR-REAL-Political,0.411764705882353,0.5108601477672999,2.9411764705882355,ST-GBR-PI,0.2
427,LR-REAL-Political,0.43921568627450974,0.48782824101426364,3.0588235294117645,ST-GBR-PI,0.2
428,LR-REAL-Political,0.3490196078431373,0.47915948446910334,2.6470588235294117,ST-GBR-PI,0.2
429,LR-REAL-Political,0.38431372549019605,0.515014699975242,2.7058823529411766,ST-GBR-PI,0.2
430,LR-REAL-Political,0.392156862745098,0.5075021290470199,2.8823529411764706,ST-GBR-PI,0.2
431,LR-REAL-Political,0.3137254901960785,0.5633079203721373,3.1176470588235294,ST-GBR-PI,0.2
432,LR-REAL-Political,0.39999999999999997,0.48975723820611455,3.0,ST-GBR-PI,0.2
433,LR-REAL-Political,0.43921568627450974,0.5168000607886123,2.5294117647058822,ST-GBR-PI,0.2
434,LR-REAL-Political,0.403921568627451,0.49666723666259066,2.9411764705882355,ST-GBR-PI,0.2
435,LR-REAL-Political,0.4588235294117647,0.49634395695106626,3.0588235294117645,ST-GBR-PI,0.2
436,LR-REAL-Political,0.3607843137254902,0.5063580270071188,3.0588235294117645,ST-GBR-PI,0.2
437,LR-REAL-Political,0.4313725490196078,0.4911653353415169,3.0588235294117645,ST-GBR-PI,0.2
438,LR-REAL-Political,0.3607843137254902,0.5040643253710191,2.588235294117647,ST-GBR-PI,0.2
439,LR-REAL-Political,0.37254901960784315,0.511910854745804,3.176470588235294,ST-GBR-PI,0.2
440,LR-REAL-Political,0.3333333333333333,0.477539334560387,3.4705882352941178,ST-GBR-PI,0.2
441,LR-REAL-Political,0.41176470588235287,0.48202273617896857,3.176470588235294,ST-GBR-PI,0.2
442,LR-REAL-Political,0.4196078431372549,0.4927070757073273,3.176470588235294,ST-GBR-PI,0.2
443,LR-REAL-Political,0.43529411764705883,0.5791589891801908,2.9411764705882355,ST-GBR-PI,0.2
444,LR-REAL-Political,0.5098039215686274,0.538436930079665,3.0588235294117645,ST-GBR-PI,0.2
445,LR-REAL-Political,0.39215686274509803,0.5201229216545673,2.9411764705882355,ST-GBR-PI,0.2
446,LR-REAL-Political,0.3803921568627451,0.593030241559738,3.0588235294117645,ST-GBR-PI,0.2
447,LR-REAL-Political,0.28235294117647064,0.5930363552784662,3.0588235294117645,ST-GBR-PI,0.2
448,LR-REAL-Political,0.37254901960784315,0.5582835313054816,3.2941176470588234,ST-GBR-PI,0.2
449,LR-REAL-Political,0.392156862745098,0.5192170053212244,2.764705882352941,ST-GBR-PI,0.2
450,LR-REAL-Political,0.7137254901960784,0.7376758020399937,5.0588235294117645,RPC-GB,0.2
451,LR-REAL-Political,0.4862745098039216,0.883267263891023,4.764705882352941,RPC-GB,0.2
452,LR-REAL-Political,0.6901960784313725,0.713191877361666,5.117647058823529,RPC-GB,0.2
453,LR-REAL-Political,0.5568627450980392,0.7189650842206576,4.764705882352941,RPC-GB,0.2
454,LR-REAL-Political,0.5529411764705884,0.7027901786087499,4.882352941176471,RPC-GB,0.2
455,LR-REAL-Political,0.607843137254902,0.6898527736386852,4.411764705882353,RPC-GB,0.2
456,LR-REAL-Political,0.5019607843137256,0.6845009206737097,5.470588235294118,RPC-GB,0.2
457,LR-REAL-Political,0.6901960784313725,0.6595704333401547,4.647058823529412,RPC-GB,0.2
458,LR-REAL-Political,0.6784313725490198,0.7128526115733766,4.705882352941177,RPC-GB,0.2
459,LR-REAL-Political,0.6156862745098038,0.6605760802496231,4.823529411764706,RPC-GB,0.2
460,LR-REAL-Political,0.6588235294117647,0.7061520116322807,4.882352941176471,RPC-GB,0.2
461,LR-REAL-Political,0.7294117647058823,0.709514913987294,4.764705882352941,RPC-GB,0.2
462,LR-REAL-Political,0.7019607843137257,0.6451055879384492,5.176470588235294,RPC-GB,0.2
463,LR-REAL-Political,0.6862745098039216,0.696235079498438,5.176470588235294,RPC-GB,0.2
464,LR-REAL-Political,0.6196078431372549,0.6366231194159787,5.235294117647059,RPC-GB,0.2
465,LR-REAL-Political,0.5529411764705883,0.7003053740930825,4.764705882352941,RPC-GB,0.2
466,LR-REAL-Political,0.5882352941176471,0.8206476917501506,4.470588235294118,RPC-GB,0.2
467,LR-REAL-Political,0.5411764705882354,0.7318679762343613,4.823529411764706,RPC-GB,0.2
468,LR-REAL-Political,0.6000000000000001,0.6129690099801206,4.647058823529412,RPC-GB,0.2
469,LR-REAL-Political,0.6509803921568627,0.6477755139095684,4.647058823529412,RPC-GB,0.2
470,LR-REAL-Political,0.5607843137254902,0.6437785934202056,4.764705882352941,RPC-GB,0.2
471,LR-REAL-Political,0.6470588235294118,0.5983948872623578,4.764705882352941,RPC-GB,0.2
472,LR-REAL-Political,0.5568627450980392,0.5895757176709964,4.823529411764706,RPC-GB,0.2
473,LR-REAL-Political,0.7333333333333334,0.6430606313169525,4.823529411764706,RPC-GB,0.2
474,LR-REAL-Political,0.5019607843137254,0.5970575607992079,4.588235294117647,RPC-GB,0.2
475,LR-REAL-Political,0.607843137254902,0.6172422169019015,4.235294117647059,RPC-GB,0.2
476,LR-REAL-Political,0.5568627450980392,0.6355071219207746,4.9411764705882355,RPC-GB,0.2
477,LR-REAL-Political,0.8313725490196077,0.612911652094287,5.117647058823529,RPC-GB,0.2
478,LR-REAL-Political,0.6549019607843138,0.601051847659799,4.529411764705882,RPC-GB,0.2
479,LR-REAL-Political,0.7686274509803921,0.6231622140728219,5.0588235294117645,RPC-GB,0.2
480,LR-REAL-Political,0.6823529411764706,0.6093812569272549,4.764705882352941,RPC-GB,0.2
481,LR-REAL-Political,0.5019607843137255,0.5829812687593278,4.529411764705882,RPC-GB,0.2
482,LR-REAL-Political,0.6823529411764707,0.6242054306741004,5.0588235294117645,RPC-GB,0.2
483,LR-REAL-Political,0.6980392156862746,0.7169849288092918,5.352941176470588,RPC-GB,0.2
484,LR-REAL-Political,0.7215686274509805,0.7774934750282,4.705882352941177,RPC-GB,0.2
485,LR-REAL-Political,0.6431372549019608,0.641254934538014,4.823529411764706,RPC-GB,0.2
486,LR-REAL-Political,0.6862745098039217,0.6661666547853249,5.0588235294117645,RPC-GB,0.2
487,LR-REAL-Political,0.603921568627451,0.5852412076196535,4.9411764705882355,RPC-GB,0.2
488,LR-REAL-Political,0.6549019607843138,0.6415002937464885,4.764705882352941,RPC-GB,0.2
489,LR-REAL-Political,0.6980392156862745,0.6127503254859714,4.647058823529412,RPC-GB,0.2
490,LR-REAL-Political,0.6039215686274509,0.6086976362681016,4.764705882352941,RPC-GB,0.2
491,LR-REAL-Political,0.6745098039215687,0.6316311384938348,5.117647058823529,RPC-GB,0.2
492,LR-REAL-Political,0.596078431372549,0.638630249550985,4.352941176470588,RPC-GB,0.2
493,LR-REAL-Political,0.7137254901960784,0.6939197002218418,5.235294117647059,RPC-GB,0.2
494,LR-REAL-Political,0.7019607843137255,0.6917301358222337,4.9411764705882355,RPC-GB,0.2
495,LR-REAL-Political,0.6235294117647059,0.7224923315237306,4.588235294117647,RPC-GB,0.2
496,LR-REAL-Political,0.6627450980392158,0.7030792625439323,5.0588235294117645,RPC-GB,0.2
497,LR-REAL-Political,0.5490196078431372,0.8262292676294312,4.647058823529412,RPC-GB,0.2
498,LR-REAL-Political,0.5882352941176471,0.6435484560258148,5.117647058823529,RPC-GB,0.2
499,LR-REAL-Political,0.7215686274509805,0.6246173342829262,5.470588235294118,RPC-GB,0.2
500,LR-REAL-Political,0.1450980392156863,1.2603516413299805,2.0,Chain-GBR-PI,0.3
501,LR-REAL-Political,0.10588235294117647,1.2559237741745168,1.8235294117647058,Chain-GBR-PI,0.3
502,LR-REAL-Political,0.1843137254901961,1.2585659665439666,2.0588235294117645,Chain-GBR-PI,0.3
503,LR-REAL-Political,0.06666666666666667,1.2510213263228147,1.9411764705882353,Chain-GBR-PI,0.3
504,LR-REAL-Political,0.04313725490196079,1.2621932750225295,1.8235294117647058,Chain-GBR-PI,0.3
505,LR-REAL-Political,0.10196078431372547,1.268760491196238,2.1176470588235294,Chain-GBR-PI,0.3
506,LR-REAL-Political,0.17254901960784313,1.2746623254171223,2.176470588235294,Chain-GBR-PI,0.3
507,LR-REAL-Political,0.11372549019607844,1.2603935909194963,1.9411764705882353,Chain-GBR-PI,0.3
508,LR-REAL-Political,0.14117647058823532,1.266245484943639,1.8823529411764706,Chain-GBR-PI,0.3
509,LR-REAL-Political,0.17647058823529413,1.2909119206558182,2.176470588235294,Chain-GBR-PI,0.3
510,LR-REAL-Political,0.08627450980392158,1.2596554112830605,2.0588235294117645,Chain-GBR-PI,0.3
511,LR-REAL-Political,0.24705882352941178,1.271188951047279,1.8823529411764706,Chain-GBR-PI,0.3
512,LR-REAL-Political,0.27058823529411763,1.2699628551117021,2.3529411764705883,Chain-GBR-PI,0.3
513,LR-REAL-Political,0.24313725490196075,1.2711359237299193,2.0,Chain-GBR-PI,0.3
514,LR-REAL-Political,0.10588235294117646,1.2537408085295498,2.176470588235294,Chain-GBR-PI,0.3
515,LR-REAL-Political,0.18039215686274512,1.2518312745301023,2.0588235294117645,Chain-GBR-PI,0.3
516,LR-REAL-Political,0.16862745098039217,1.2513020722517898,2.0588235294117645,Chain-GBR-PI,0.3
517,LR-REAL-Political,0.2,1.250266358562322,2.0,Chain-GBR-PI,0.3
518,LR-REAL-Political,0.09019607843137256,1.255594193283927,2.1176470588235294,Chain-GBR-PI,0.3
519,LR-REAL-Political,0.12549019607843137,1.2596912373159912,2.0588235294117645,Chain-GBR-PI,0.3
520,LR-REAL-Political,0.1686274509803922,1.252181789936982,1.9411764705882353,Chain-GBR-PI,0.3
521,LR-REAL-Political,0.2,1.2481230080505803,2.2941176470588234,Chain-GBR-PI,0.3
522,LR-REAL-Political,0.19999999999999998,1.254434484333337,2.5294117647058822,Chain-GBR-PI,0.3
523,LR-REAL-Political,0.19999999999999998,1.2631775686668147,2.588235294117647,Chain-GBR-PI,0.3
524,LR-REAL-Political,0.14901960784313728,1.2537573728981664,2.176470588235294,Chain-GBR-PI,0.3
525,LR-REAL-Political,0.1411764705882353,1.2594241666455055,2.0,Chain-GBR-PI,0.3
526,LR-REAL-Political,0.2588235294117647,1.2607336960025677,1.9411764705882353,Chain-GBR-PI,0.3
527,LR-REAL-Political,0.11372549019607844,1.256748784058635,2.176470588235294,Chain-GBR-PI,0.3
528,LR-REAL-Political,0.1843137254901961,1.2389835632123596,1.8823529411764706,Chain-GBR-PI,0.3
529,LR-REAL-Political,0.05098039215686275,1.2475585549311623,2.235294117647059,Chain-GBR-PI,0.3
530,LR-REAL-Political,0.2196078431372549,1.2400568061528896,2.0,Chain-GBR-PI,0.3
531,LR-REAL-Political,0.24705882352941178,1.251008295405671,2.2941176470588234,Chain-GBR-PI,0.3
532,LR-REAL-Political,0.2392156862745098,1.2565673220222229,2.2941176470588234,Chain-GBR-PI,0.3
533,LR-REAL-Political,0.1215686274509804,1.2514193943714396,2.3529411764705883,Chain-GBR-PI,0.3
534,LR-REAL-Political,0.196078431372549,1.252377292412315,2.2941176470588234,Chain-GBR-PI,0.3
535,LR-REAL-Political,0.24705882352941178,1.2760471086402252,1.9411764705882353,Chain-GBR-PI,0.3
536,LR-REAL-Political,0.1843137254901961,1.2539294926250997,2.5294117647058822,Chain-GBR-PI,0.3
537,LR-REAL-Political,0.12941176470588234,1.2538699604588344,2.0588235294117645,Chain-GBR-PI,0.3
538,LR-REAL-Political,0.10588235294117647,1.2575918223955138,2.176470588235294,Chain-GBR-PI,0.3
539,LR-REAL-Political,0.19215686274509802,1.2808562206434224,2.0588235294117645,Chain-GBR-PI,0.3
540,LR-REAL-Political,0.10196078431372547,1.267516614453064,2.0,Chain-GBR-PI,0.3
541,LR-REAL-Political,0.11372549019607842,1.271709134413169,1.8235294117647058,Chain-GBR-PI,0.3
542,LR-REAL-Political,0.18823529411764706,1.2654832466974055,2.0588235294117645,Chain-GBR-PI,0.3
543,LR-REAL-Political,0.2627450980392157,1.262369308886371,2.5294117647058822,Chain-GBR-PI,0.3
544,LR-REAL-Political,0.3215686274509804,1.2556073390468436,2.4705882352941178,Chain-GBR-PI,0.3
545,LR-REAL-Political,0.13725490196078433,1.248680205529485,2.235294117647059,Chain-GBR-PI,0.3
546,LR-REAL-Political,0.30588235294117644,1.2633191250913194,2.2941176470588234,Chain-GBR-PI,0.3
547,LR-REAL-Political,0.21568627450980393,1.2600096566019674,2.0588235294117645,Chain-GBR-PI,0.3
548,LR-REAL-Political,0.12549019607843137,1.261944559059716,1.9411764705882353,Chain-GBR-PI,0.3
549,LR-REAL-Political,0.1607843137254902,1.2528215508093625,2.411764705882353,Chain-GBR-PI,0.3
550,LR-REAL-Political,0.3843137254901961,1.2474414718205762,4.176470588235294,Chain-GBR-RR,0.3
551,LR-REAL-Political,0.3803921568627451,1.2446159606805092,3.823529411764706,Chain-GBR-RR,0.3
552,LR-REAL-Political,0.4784313725490196,1.2471314424962705,4.0588235294117645,Chain-GBR-RR,0.3
553,LR-REAL-Political,0.40392156862745093,1.2295116645718565,3.8823529411764706,Chain-GBR-RR,0.3
554,LR-REAL-Political,0.36470588235294116,1.244902589293694,3.8823529411764706,Chain-GBR-RR,0.3
555,LR-REAL-Political,0.4078431372549019,1.239518015022793,4.0588235294117645,Chain-GBR-RR,0.3
556,LR-REAL-Political,0.4549019607843136,1.2499198262014097,4.0588235294117645,Chain-GBR-RR,0.3
557,LR-REAL-Political,0.44313725490196076,1.2511138628493161,4.117647058823529,Chain-GBR-RR,0.3
558,LR-REAL-Political,0.34117647058823536,1.2517388386567332,3.7058823529411766,Chain-GBR-RR,0.3
559,LR-REAL-Political,0.40392156862745093,1.2605571899192993,4.0,Chain-GBR-RR,0.3
560,LR-REAL-Political,0.33725490196078434,1.259731253073733,3.6470588235294117,Chain-GBR-RR,0.3
561,LR-REAL-Political,0.5647058823529412,1.2452557699834321,4.176470588235294,Chain-GBR-RR,0.3
562,LR-REAL-Political,0.43529411764705883,1.2392679436512275,4.352941176470588,Chain-GBR-RR,0.3
563,LR-REAL-Political,0.5176470588235293,1.2414366605399623,3.9411764705882355,Chain-GBR-RR,0.3
564,LR-REAL-Political,0.36078431372549025,1.2207655787704081,4.0588235294117645,Chain-GBR-RR,0.3
565,LR-REAL-Political,0.3686274509803922,1.2288944402510413,3.8823529411764706,Chain-GBR-RR,0.3
566,LR-REAL-Political,0.31764705882352945,1.227422262187098,4.0,Chain-GBR-RR,0.3
567,LR-REAL-Political,0.4235294117647059,1.2309548730918307,4.176470588235294,Chain-GBR-RR,0.3
568,LR-REAL-Political,0.32941176470588235,1.2356047419873366,3.6470588235294117,Chain-GBR-RR,0.3
569,LR-REAL-Political,0.3294117647058824,1.2338088742794633,3.9411764705882355,Chain-GBR-RR,0.3
570,LR-REAL-Political,0.39607843137254894,1.2281400799432125,3.9411764705882355,Chain-GBR-RR,0.3
571,LR-REAL-Political,0.4980392156862745,1.225650256775466,4.235294117647059,Chain-GBR-RR,0.3
572,LR-REAL-Political,0.388235294117647,1.2307941699000648,3.7058823529411766,Chain-GBR-RR,0.3
573,LR-REAL-Political,0.40392156862745093,1.2294951867604051,4.0588235294117645,Chain-GBR-RR,0.3
574,LR-REAL-Political,0.4470588235294117,1.23132131044477,4.294117647058823,Chain-GBR-RR,0.3
575,LR-REAL-Political,0.43921568627450974,1.2350629525927013,4.294117647058823,Chain-GBR-RR,0.3
576,LR-REAL-Political,0.4784313725490196,1.243463334127726,3.764705882352941,Chain-GBR-RR,0.3
577,LR-REAL-Political,0.4705882352941176,1.2273184002128703,4.0,Chain-GBR-RR,0.3
578,LR-REAL-Political,0.396078431372549,1.2161201295052546,4.0,Chain-GBR-RR,0.3
579,LR-REAL-Political,0.3294117647058824,1.226598709856689,4.0,Chain-GBR-RR,0.3
580,LR-REAL-Political,0.5607843137254902,1.22635350185546,3.764705882352941,Chain-GBR-RR,0.3
581,LR-REAL-Political,0.3450980392156863,1.2360765011263475,4.176470588235294,Chain-GBR-RR,0.3
582,LR-REAL-Political,0.4901960784313726,1.2484445158572712,4.235294117647059,Chain-GBR-RR,0.3
583,LR-REAL-Political,0.3686274509803922,1.2385000680853466,3.9411764705882355,Chain-GBR-RR,0.3
584,LR-REAL-Political,0.4784313725490196,1.2438116945038455,4.235294117647059,Chain-GBR-RR,0.3
585,LR-REAL-Political,0.5372549019607844,1.2643116933466574,4.0,Chain-GBR-RR,0.3
586,LR-REAL-Political,0.33725490196078434,1.2390463609564364,3.8823529411764706,Chain-GBR-RR,0.3
587,LR-REAL-Political,0.3686274509803922,1.236306428342273,4.0588235294117645,Chain-GBR-RR,0.3
588,LR-REAL-Political,0.388235294117647,1.2380136334558007,4.235294117647059,Chain-GBR-RR,0.3
589,LR-REAL-Political,0.4509803921568627,1.2687418387031912,4.235294117647059,Chain-GBR-RR,0.3
590,LR-REAL-Political,0.3843137254901961,1.2459350289782412,3.823529411764706,Chain-GBR-RR,0.3
591,LR-REAL-Political,0.4392156862745098,1.248290279991788,4.0588235294117645,Chain-GBR-RR,0.3
592,LR-REAL-Political,0.42745098039215684,1.2412927864694223,3.9411764705882355,Chain-GBR-RR,0.3
593,LR-REAL-Political,0.4313725490196078,1.2406934196513408,3.9411764705882355,Chain-GBR-RR,0.3
594,LR-REAL-Political,0.5960784313725491,1.2347029370321911,4.235294117647059,Chain-GBR-RR,0.3
595,LR-REAL-Political,0.43137254901960775,1.2154160796575608,3.9411764705882355,Chain-GBR-RR,0.3
596,LR-REAL-Political,0.5568627450980392,1.2361496635345635,3.8823529411764706,Chain-GBR-RR,0.3
597,LR-REAL-Political,0.40392156862745093,1.2301352896782836,4.0,Chain-GBR-RR,0.3
598,LR-REAL-Political,0.47058823529411764,1.2342131612711302,4.235294117647059,Chain-GBR-RR,0.3
599,LR-REAL-Political,0.4784313725490196,1.227358651541195,4.294117647058823,Chain-GBR-RR,0.3
600,LR-REAL-Political,0.7137254901960786,0.4728513730650266,4.411764705882353,ST-GBR-RR,0.3
601,LR-REAL-Political,0.48235294117647054,0.4812391944467924,4.0588235294117645,ST-GBR-RR,0.3
602,LR-REAL-Political,0.7137254901960784,0.48110792339399955,4.470588235294118,ST-GBR-RR,0.3
603,LR-REAL-Political,0.6470588235294117,0.4701418874517569,4.235294117647059,ST-GBR-RR,0.3
604,LR-REAL-Political,0.623529411764706,0.4842179961089414,4.117647058823529,ST-GBR-RR,0.3
605,LR-REAL-Political,0.6705882352941177,0.4688441360840469,4.294117647058823,ST-GBR-RR,0.3
606,LR-REAL-Political,0.6823529411764706,0.4752708719139929,4.0588235294117645,ST-GBR-RR,0.3
607,LR-REAL-Political,0.7098039215686275,0.4799141503326684,4.235294117647059,ST-GBR-RR,0.3
608,LR-REAL-Political,0.7019607843137255,0.5756635435914438,4.529411764705882,ST-GBR-RR,0.3
609,LR-REAL-Political,0.6509803921568628,0.5715678097408932,4.470588235294118,ST-GBR-RR,0.3
610,LR-REAL-Political,0.6352941176470588,0.5724656907544454,4.176470588235294,ST-GBR-RR,0.3
611,LR-REAL-Political,0.6862745098039217,0.4779161834445865,4.705882352941177,ST-GBR-RR,0.3
612,LR-REAL-Political,0.7176470588235295,0.47257004889714976,4.470588235294118,ST-GBR-RR,0.3
613,LR-REAL-Political,0.7098039215686275,0.5190277599787207,4.764705882352941,ST-GBR-RR,0.3
614,LR-REAL-Political,0.6392156862745099,0.4750048594790894,4.294117647058823,ST-GBR-RR,0.3
615,LR-REAL-Political,0.6980392156862746,0.5390294754236962,4.470588235294118,ST-GBR-RR,0.3
616,LR-REAL-Political,0.6588235294117647,0.47857267565163786,4.411764705882353,ST-GBR-RR,0.3
617,LR-REAL-Political,0.5450980392156863,0.5369901360022846,3.9411764705882355,ST-GBR-RR,0.3
618,LR-REAL-Political,0.6431372549019607,0.4834038522205148,3.8823529411764706,ST-GBR-RR,0.3
619,LR-REAL-Political,0.5607843137254902,0.461362575057072,4.294117647058823,ST-GBR-RR,0.3
620,LR-REAL-Political,0.6431372549019608,0.45564429832595454,4.411764705882353,ST-GBR-RR,0.3
621,LR-REAL-Political,0.6666666666666666,0.47000220552361965,4.235294117647059,ST-GBR-RR,0.3
622,LR-REAL-Political,0.596078431372549,0.49071511789481576,4.352941176470588,ST-GBR-RR,0.3
623,LR-REAL-Political,0.7294117647058824,0.47513054756406126,4.352941176470588,ST-GBR-RR,0.3
624,LR-REAL-Political,0.6392156862745099,0.47073266027709754,4.588235294117647,ST-GBR-RR,0.3
625,LR-REAL-Political,0.6235294117647059,0.4736557433879489,4.0588235294117645,ST-GBR-RR,0.3
626,LR-REAL-Political,0.615686274509804,0.6121036193323877,4.294117647058823,ST-GBR-RR,0.3
627,LR-REAL-Political,0.7411764705882352,0.5360126612608717,4.294117647058823,ST-GBR-RR,0.3
628,LR-REAL-Political,0.6745098039215687,0.5041558475522335,3.9411764705882355,ST-GBR-RR,0.3
629,LR-REAL-Political,0.6588235294117647,0.4878867997507446,4.235294117647059,ST-GBR-RR,0.3
630,LR-REAL-Political,0.7333333333333334,0.4799374069191919,4.294117647058823,ST-GBR-RR,0.3
631,LR-REAL-Political,0.5450980392156863,0.49151753627069467,4.352941176470588,ST-GBR-RR,0.3
632,LR-REAL-Political,0.7019607843137255,0.5008074361557516,4.588235294117647,ST-GBR-RR,0.3
633,LR-REAL-Political,0.6470588235294118,0.48106404967961064,4.529411764705882,ST-GBR-RR,0.3
634,LR-REAL-Political,0.6705882352941177,0.5254813491741206,4.235294117647059,ST-GBR-RR,0.3
635,LR-REAL-Political,0.7137254901960783,0.4798273276879205,4.764705882352941,ST-GBR-RR,0.3
636,LR-REAL-Political,0.6980392156862745,0.48334357306733117,4.529411764705882,ST-GBR-RR,0.3
637,LR-REAL-Political,0.6352941176470589,0.5713429221823436,4.294117647058823,ST-GBR-RR,0.3
638,LR-REAL-Political,0.6313725490196078,0.5813493342209574,4.176470588235294,ST-GBR-RR,0.3
639,LR-REAL-Political,0.6627450980392158,0.47750637317006844,3.8823529411764706,ST-GBR-RR,0.3
640,LR-REAL-Political,0.5882352941176471,0.4772416350919623,4.235294117647059,ST-GBR-RR,0.3
641,LR-REAL-Political,0.6705882352941176,0.5146984124937635,4.470588235294118,ST-GBR-RR,0.3
642,LR-REAL-Political,0.6627450980392158,0.48728341665840047,4.411764705882353,ST-GBR-RR,0.3
643,LR-REAL-Political,0.6862745098039217,0.47029264941256754,4.294117647058823,ST-GBR-RR,0.3
644,LR-REAL-Political,0.7098039215686275,0.484118252242353,4.529411764705882,ST-GBR-RR,0.3
645,LR-REAL-Political,0.6941176470588235,0.4821922406296076,4.352941176470588,ST-GBR-RR,0.3
646,LR-REAL-Political,0.6784313725490198,0.46462645981818185,4.529411764705882,ST-GBR-RR,0.3
647,LR-REAL-Political,0.5803921568627451,0.5464022832772314,4.470588235294118,ST-GBR-RR,0.3
648,LR-REAL-Political,0.7490196078431373,0.4835702427048462,4.352941176470588,ST-GBR-RR,0.3
649,LR-REAL-Political,0.7607843137254902,0.5816149446865713,4.294117647058823,ST-GBR-RR,0.3
650,LR-REAL-Political,0.48235294117647054,0.5491516256078536,3.0588235294117645,ST-GBR-PI,0.3
651,LR-REAL-Political,0.1568627450980392,0.48707288568685697,3.235294117647059,ST-GBR-PI,0.3
652,LR-REAL-Political,0.47058823529411764,0.4981566551242265,3.235294117647059,ST-GBR-PI,0.3
653,LR-REAL-Political,0.44313725490196076,0.5139710240587745,3.176470588235294,ST-GBR-PI,0.3
654,LR-REAL-Political,0.35294117647058826,0.571004051451853,3.235294117647059,ST-GBR-PI,0.3
655,LR-REAL-Political,0.2901960784313726,0.49638535159604,2.8823529411764706,ST-GBR-PI,0.3
656,LR-REAL-Political,0.36470588235294116,0.5028076431189205,2.8823529411764706,ST-GBR-PI,0.3
657,LR-REAL-Political,0.4666666666666667,0.4932390760270896,3.235294117647059,ST-GBR-PI,0.3
658,LR-REAL-Political,0.388235294117647,0.5685215256617906,3.2941176470588234,ST-GBR-PI,0.3
659,LR-REAL-Political,0.39999999999999997,0.6607775452061888,3.4705882352941178,ST-GBR-PI,0.3
660,LR-REAL-Political,0.38823529411764707,0.5257294007550487,2.588235294117647,ST-GBR-PI,0.3
661,LR-REAL-Political,0.4666666666666667,0.5368671070255304,2.9411764705882355,ST-GBR-PI,0.3
662,LR-REAL-Political,0.4901960784313726,0.5691834666007756,3.4705882352941178,ST-GBR-PI,0.3
663,LR-REAL-Political,0.44313725490196076,0.5456236137280217,3.0,ST-GBR-PI,0.3
664,LR-REAL-Political,0.32941176470588235,0.5305455968895062,3.0,ST-GBR-PI,0.3
665,LR-REAL-Political,0.4352941176470588,0.5451270130929863,3.4705882352941178,ST-GBR-PI,0.3
666,LR-REAL-Political,0.41568627450980383,0.483352606941637,3.411764705882353,ST-GBR-PI,0.3
667,LR-REAL-Political,0.3372549019607843,0.48373124389672584,3.176470588235294,ST-GBR-PI,0.3
668,LR-REAL-Political,0.38431372549019605,0.472301494846938,2.8823529411764706,ST-GBR-PI,0.3
669,LR-REAL-Political,0.30196078431372547,0.4913407385555561,2.764705882352941,ST-GBR-PI,0.3
670,LR-REAL-Political,0.4470588235294118,0.49516161694842636,3.2941176470588234,ST-GBR-PI,0.3
671,LR-REAL-Political,0.3999999999999999,0.4748822965946268,3.2941176470588234,ST-GBR-PI,0.3
672,LR-REAL-Political,0.30588235294117644,0.5207066683924104,2.9411764705882355,ST-GBR-PI,0.3
673,LR-REAL-Political,0.48235294117647054,0.48369802574035176,3.2941176470588234,ST-GBR-PI,0.3
674,LR-REAL-Political,0.3764705882352941,0.48967122601986124,3.2941176470588234,ST-GBR-PI,0.3
675,LR-REAL-Political,0.3764705882352941,0.4740990015809203,3.2941176470588234,ST-GBR-PI,0.3
676,LR-REAL-Political,0.4117647058823529,0.582537352616292,3.0,ST-GBR-PI,0.3
677,LR-REAL-Political,0.38431372549019605,0.4959976016759811,3.235294117647059,ST-GBR-PI,0.3
678,LR-REAL-Political,0.35294117647058826,0.4967780499971655,2.823529411764706,ST-GBR-PI,0.3
679,LR-REAL-Political,0.4156862745098039,0.5026091813585081,3.3529411764705883,ST-GBR-PI,0.3
680,LR-REAL-Political,0.4431372549019607,0.481577648058268,2.7058823529411766,ST-GBR-PI,0.3
681,LR-REAL-Political,0.3372549019607843,0.4571599840154717,3.5294117647058822,ST-GBR-PI,0.3
682,LR-REAL-Political,0.38823529411764707,0.4782393855120556,3.1176470588235294,ST-GBR-PI,0.3
683,LR-REAL-Political,0.4078431372549019,0.4988113846729358,3.176470588235294,ST-GBR-PI,0.3
684,LR-REAL-Political,0.36078431372549025,0.5667692846159507,2.823529411764706,ST-GBR-PI,0.3
685,LR-REAL-Political,0.4549019607843137,0.48135580290859753,3.3529411764705883,ST-GBR-PI,0.3
686,LR-REAL-Political,0.396078431372549,0.47961965214663566,3.411764705882353,ST-GBR-PI,0.3
687,LR-REAL-Political,0.4470588235294118,0.633627821803465,3.176470588235294,ST-GBR-PI,0.3
688,LR-REAL-Political,0.34901960784313724,0.5667437386531823,3.0588235294117645,ST-GBR-PI,0.3
689,LR-REAL-Political,0.39607843137254894,0.5669537356442877,2.9411764705882355,ST-GBR-PI,0.3
690,LR-REAL-Political,0.2823529411764706,0.4793831532305957,2.9411764705882355,ST-GBR-PI,0.3
691,LR-REAL-Political,0.3568627450980393,0.4969197955946699,3.0588235294117645,ST-GBR-PI,0.3
692,LR-REAL-Political,0.44705882352941173,0.47607619945407526,3.4705882352941178,ST-GBR-PI,0.3
693,LR-REAL-Political,0.4509803921568628,0.5582006353305423,2.764705882352941,ST-GBR-PI,0.3
694,LR-REAL-Political,0.44705882352941173,0.4915383794675425,3.176470588235294,ST-GBR-PI,0.3
695,LR-REAL-Political,0.37254901960784315,0.48087270161982065,2.8823529411764706,ST-GBR-PI,0.3
696,LR-REAL-Political,0.37254901960784315,0.48132931973681026,3.0588235294117645,ST-GBR-PI,0.3
697,LR-REAL-Political,0.30588235294117644,0.503082820578486,3.411764705882353,ST-GBR-PI,0.3
698,LR-REAL-Political,0.4745098039215687,0.4669531825858418,2.9411764705882355,ST-GBR-PI,0.3
699,LR-REAL-Political,0.45490196078431366,0.575417784038883,3.176470588235294,ST-GBR-PI,0.3
700,LR-REAL-Political,0.6352941176470588,0.6413925402334212,5.588235294117647,RPC-GB,0.3
701,LR-REAL-Political,0.4862745098039216,0.5458943967379638,4.764705882352941,RPC-GB,0.3
702,LR-REAL-Political,0.6941176470588235,0.6304185459410613,5.588235294117647,RPC-GB,0.3
703,LR-REAL-Political,0.584313725490196,0.6735513160031382,5.117647058823529,RPC-GB,0.3
704,LR-REAL-Political,0.611764705882353,0.7217605220345151,5.294117647058823,RPC-GB,0.3
705,LR-REAL-Political,0.5843137254901962,0.6109185301538079,5.294117647058823,RPC-GB,0.3
706,LR-REAL-Political,0.5490196078431373,0.6366707397568028,5.294117647058823,RPC-GB,0.3
707,LR-REAL-Political,0.6627450980392158,0.5901770116056765,4.411764705882353,RPC-GB,0.3
708,LR-REAL-Political,0.6470588235294117,0.7365847375690713,5.235294117647059,RPC-GB,0.3
709,LR-REAL-Political,0.7058823529411766,0.7008111199686702,4.647058823529412,RPC-GB,0.3
710,LR-REAL-Political,0.6980392156862745,0.6384258014948745,5.0588235294117645,RPC-GB,0.3
711,LR-REAL-Political,0.6980392156862746,0.6220787210959143,5.235294117647059,RPC-GB,0.3
712,LR-REAL-Political,0.7019607843137255,0.6365121223857974,5.411764705882353,RPC-GB,0.3
713,LR-REAL-Political,0.6509803921568628,0.6067636663227818,4.764705882352941,RPC-GB,0.3
714,LR-REAL-Political,0.5294117647058824,0.6847270807841734,4.705882352941177,RPC-GB,0.3
715,LR-REAL-Political,0.6705882352941177,0.565704627221416,4.9411764705882355,RPC-GB,0.3
716,LR-REAL-Political,0.47058823529411753,0.5681272414462774,5.0,RPC-GB,0.3
717,LR-REAL-Political,0.5254901960784314,0.5844041701357285,5.0588235294117645,RPC-GB,0.3
718,LR-REAL-Political,0.4470588235294118,0.563477637655201,4.764705882352941,RPC-GB,0.3
719,LR-REAL-Political,0.5803921568627451,0.5801414317127206,5.0,RPC-GB,0.3
720,LR-REAL-Political,0.5137254901960785,0.5402725923705495,5.0,RPC-GB,0.3
721,LR-REAL-Political,0.611764705882353,0.5602915286936152,5.235294117647059,RPC-GB,0.3
722,LR-REAL-Political,0.6588235294117648,0.5816611258824462,5.588235294117647,RPC-GB,0.3
723,LR-REAL-Political,0.6862745098039216,0.5803278761076145,5.0,RPC-GB,0.3
724,LR-REAL-Political,0.5568627450980392,0.8334020920291837,4.705882352941177,RPC-GB,0.3
725,LR-REAL-Political,0.5568627450980392,0.5682916027313388,5.0588235294117645,RPC-GB,0.3
726,LR-REAL-Political,0.596078431372549,0.6121131751095285,5.176470588235294,RPC-GB,0.3
727,LR-REAL-Political,0.7568627450980392,0.6450389033259444,4.882352941176471,RPC-GB,0.3
728,LR-REAL-Political,0.6352941176470589,0.8228980025934318,5.0588235294117645,RPC-GB,0.3
729,LR-REAL-Political,0.5372549019607843,0.5815160218216541,5.0,RPC-GB,0.3
730,LR-REAL-Political,0.611764705882353,0.6006885975812399,5.117647058823529,RPC-GB,0.3
731,LR-REAL-Political,0.42745098039215684,0.6118944686080626,5.176470588235294,RPC-GB,0.3
732,LR-REAL-Political,0.6509803921568627,0.6167255367302368,5.176470588235294,RPC-GB,0.3
733,LR-REAL-Political,0.7098039215686276,0.5974253312780771,5.176470588235294,RPC-GB,0.3
734,LR-REAL-Political,0.6392156862745099,0.6674602152466138,4.9411764705882355,RPC-GB,0.3
735,LR-REAL-Political,0.6156862745098038,0.5784489780649461,5.352941176470588,RPC-GB,0.3
736,LR-REAL-Political,0.5882352941176471,0.5599825931389163,4.9411764705882355,RPC-GB,0.3
737,LR-REAL-Political,0.6392156862745099,0.6514343036977889,5.235294117647059,RPC-GB,0.3
738,LR-REAL-Political,0.6352941176470589,0.7163963530646206,4.9411764705882355,RPC-GB,0.3
739,LR-REAL-Political,0.6862745098039216,0.5675497654762827,5.117647058823529,RPC-GB,0.3
740,LR-REAL-Political,0.6509803921568628,0.5483704657763901,5.0,RPC-GB,0.3
741,LR-REAL-Political,0.6470588235294118,0.6189523419636759,5.235294117647059,RPC-GB,0.3
742,LR-REAL-Political,0.5450980392156862,0.6283054947699259,4.529411764705882,RPC-GB,0.3
743,LR-REAL-Political,0.7215686274509805,0.6210721112626427,5.411764705882353,RPC-GB,0.3
744,LR-REAL-Political,0.6549019607843137,0.6601095218316065,4.9411764705882355,RPC-GB,0.3
745,LR-REAL-Political,0.6627450980392158,0.605752472389519,5.117647058823529,RPC-GB,0.3
746,LR-REAL-Political,0.6588235294117648,0.5792044946947676,5.117647058823529,RPC-GB,0.3
747,LR-REAL-Political,0.5411764705882354,0.6081255680497644,4.882352941176471,RPC-GB,0.3
748,LR-REAL-Political,0.6627450980392157,0.579576817553331,5.470588235294118,RPC-GB,0.3
749,LR-REAL-Political,0.7725490196078431,0.8223715519123963,5.294117647058823,RPC-GB,0.3
750,LR-REAL-Political,0.17647058823529413,1.262734233318317,2.3529411764705883,Chain-GBR-PI,0.4
751,LR-REAL-Political,-0.01960784313725491,1.2615640168190334,2.0,Chain-GBR-PI,0.4
752,LR-REAL-Political,0.1411764705882353,1.258191831917639,2.0588235294117645,Chain-GBR-PI,0.4
753,LR-REAL-Political,0.11372549019607843,1.2527992046051075,1.8235294117647058,Chain-GBR-PI,0.4
754,LR-REAL-Political,0.03137254901960785,1.2610849480409825,1.7058823529411764,Chain-GBR-PI,0.4
755,LR-REAL-Political,0.09019607843137256,1.2632191741114225,1.8235294117647058,Chain-GBR-PI,0.4
756,LR-REAL-Political,0.14117647058823532,1.2654942666485185,2.0588235294117645,Chain-GBR-PI,0.4
757,LR-REAL-Political,0.06666666666666667,1.276844921761419,2.0588235294117645,Chain-GBR-PI,0.4
758,LR-REAL-Political,0.011764705882352941,1.2749950798169971,1.588235294117647,Chain-GBR-PI,0.4
759,LR-REAL-Political,0.10588235294117647,1.2638431669554393,2.0588235294117645,Chain-GBR-PI,0.4
760,LR-REAL-Political,0.11372549019607843,1.2574343390526965,2.3529411764705883,Chain-GBR-PI,0.4
761,LR-REAL-Political,0.13333333333333336,1.260297831036272,2.0588235294117645,Chain-GBR-PI,0.4
762,LR-REAL-Political,0.09019607843137256,1.2807239537083213,1.7647058823529411,Chain-GBR-PI,0.4
763,LR-REAL-Political,0.07058823529411765,1.2458826976779969,1.7647058823529411,Chain-GBR-PI,0.4
764,LR-REAL-Political,-0.03529411764705882,1.2306226149739818,2.0,Chain-GBR-PI,0.4
765,LR-REAL-Political,0.09411764705882353,1.2433169080682909,1.6470588235294117,Chain-GBR-PI,0.4
766,LR-REAL-Political,0.16078431372549024,1.2483887980120087,2.411764705882353,Chain-GBR-PI,0.4
767,LR-REAL-Political,0.09803921568627451,1.2441718619331277,1.9411764705882353,Chain-GBR-PI,0.4
768,LR-REAL-Political,0.08627450980392158,1.2440047186126149,1.9411764705882353,Chain-GBR-PI,0.4
769,LR-REAL-Political,0.12156862745098038,1.252743364485629,2.4705882352941178,Chain-GBR-PI,0.4
770,LR-REAL-Political,0.1647058823529412,1.254029951574467,1.8235294117647058,Chain-GBR-PI,0.4
771,LR-REAL-Political,0.10196078431372549,1.2453489914331484,2.3529411764705883,Chain-GBR-PI,0.4
772,LR-REAL-Political,0.047058823529411764,1.250598978537309,1.9411764705882353,Chain-GBR-PI,0.4
773,LR-REAL-Political,0.1843137254901961,1.2542308679817198,2.1176470588235294,Chain-GBR-PI,0.4
774,LR-REAL-Political,-0.015686274509803918,1.2597794982974246,1.7058823529411764,Chain-GBR-PI,0.4
775,LR-REAL-Political,0.1450980392156863,1.2432971603661072,2.1176470588235294,Chain-GBR-PI,0.4
776,LR-REAL-Political,0.007843137254901959,1.247287904520681,1.8235294117647058,Chain-GBR-PI,0.4
777,LR-REAL-Political,0.23529411764705882,1.2544855416656546,2.2941176470588234,Chain-GBR-PI,0.4
778,LR-REAL-Political,0.058823529411764705,1.2396085106138688,2.176470588235294,Chain-GBR-PI,0.4
779,LR-REAL-Political,0.20784313725490197,1.2652340700243976,2.235294117647059,Chain-GBR-PI,0.4
780,LR-REAL-Political,0.17254901960784313,1.2590713114257341,2.0588235294117645,Chain-GBR-PI,0.4
781,LR-REAL-Political,0.17254901960784313,1.2551567238833259,1.6470588235294117,Chain-GBR-PI,0.4
782,LR-REAL-Political,0.10980392156862745,1.254195901432238,2.0588235294117645,Chain-GBR-PI,0.4
783,LR-REAL-Political,0.14901960784313725,1.2532398493349954,2.411764705882353,Chain-GBR-PI,0.4
784,LR-REAL-Political,0.11372549019607843,1.255500564590474,1.7647058823529411,Chain-GBR-PI,0.4
785,LR-REAL-Political,0.2745098039215686,1.2536838514751156,2.3529411764705883,Chain-GBR-PI,0.4
786,LR-REAL-Political,0.0784313725490196,1.2610348617357212,1.8823529411764706,Chain-GBR-PI,0.4
787,LR-REAL-Political,0.015686274509803918,1.2724583542329881,2.0588235294117645,Chain-GBR-PI,0.4
788,LR-REAL-Political,0.03137254901960784,1.2792300414325226,1.7058823529411764,Chain-GBR-PI,0.4
789,LR-REAL-Political,0.07843137254901962,1.310711941578272,2.176470588235294,Chain-GBR-PI,0.4
790,LR-REAL-Political,0.11372549019607843,1.2787220500663032,1.7058823529411764,Chain-GBR-PI,0.4
791,LR-REAL-Political,0.0823529411764706,1.2558088366601665,1.7647058823529411,Chain-GBR-PI,0.4
792,LR-REAL-Political,0.007843137254901959,1.247365549160574,1.7647058823529411,Chain-GBR-PI,0.4
793,LR-REAL-Political,0.16862745098039217,1.2442051808632804,2.0588235294117645,Chain-GBR-PI,0.4
794,LR-REAL-Political,0.0980392156862745,1.2528821069449614,1.8235294117647058,Chain-GBR-PI,0.4
795,LR-REAL-Political,0.21960784313725487,1.235848172829307,2.235294117647059,Chain-GBR-PI,0.4
796,LR-REAL-Political,0.11764705882352941,1.2504312400960769,2.0588235294117645,Chain-GBR-PI,0.4
797,LR-REAL-Political,0.04313725490196078,1.2529545329597094,2.176470588235294,Chain-GBR-PI,0.4
798,LR-REAL-Political,0.0823529411764706,1.2535626410050453,1.8235294117647058,Chain-GBR-PI,0.4
799,LR-REAL-Political,0.06274509803921569,1.2519121929565267,2.3529411764705883,Chain-GBR-PI,0.4
800,LR-REAL-Political,0.3215686274509804,1.2413833421144382,4.117647058823529,Chain-GBR-RR,0.4
801,LR-REAL-Political,0.25098039215686274,1.2381398183397065,4.0588235294117645,Chain-GBR-RR,0.4
802,LR-REAL-Political,0.3647058823529412,1.23914043360613,3.588235294117647,Chain-GBR-RR,0.4
803,LR-REAL-Political,0.2784313725490196,1.2215871825442373,3.9411764705882355,Chain-GBR-RR,0.4
804,LR-REAL-Political,0.14117647058823532,1.232769607993213,3.588235294117647,Chain-GBR-RR,0.4
805,LR-REAL-Political,0.31764705882352945,1.2379997648738812,4.294117647058823,Chain-GBR-RR,0.4
806,LR-REAL-Political,0.392156862745098,1.2475134540909305,3.8823529411764706,Chain-GBR-RR,0.4
807,LR-REAL-Political,0.27450980392156865,1.2470990676522038,3.7058823529411766,Chain-GBR-RR,0.4
808,LR-REAL-Political,0.17254901960784316,1.2480404522332063,3.4705882352941178,Chain-GBR-RR,0.4
809,LR-REAL-Political,0.3490196078431373,1.2435450752884967,3.588235294117647,Chain-GBR-RR,0.4
810,LR-REAL-Political,0.2392156862745098,1.244299543103277,3.7058823529411766,Chain-GBR-RR,0.4
811,LR-REAL-Political,0.4156862745098039,1.2508439902784914,3.9411764705882355,Chain-GBR-RR,0.4
812,LR-REAL-Political,0.3411764705882353,1.2570912695331156,3.6470588235294117,Chain-GBR-RR,0.4
813,LR-REAL-Political,0.2980392156862745,1.221068594582533,3.6470588235294117,Chain-GBR-RR,0.4
814,LR-REAL-Political,0.16470588235294123,1.2100406886766315,3.7058823529411766,Chain-GBR-RR,0.4
815,LR-REAL-Political,0.2627450980392157,1.2197008481457148,3.8823529411764706,Chain-GBR-RR,0.4
816,LR-REAL-Political,0.40392156862745093,1.231233124750454,4.0,Chain-GBR-RR,0.4
817,LR-REAL-Political,0.3019607843137255,1.2204460380677948,3.8823529411764706,Chain-GBR-RR,0.4
818,LR-REAL-Political,0.25490196078431376,1.2266106140516095,3.7058823529411766,Chain-GBR-RR,0.4
819,LR-REAL-Political,0.30588235294117644,1.2360259002323308,4.0588235294117645,Chain-GBR-RR,0.4
820,LR-REAL-Political,0.41568627450980394,1.2339730264649633,3.823529411764706,Chain-GBR-RR,0.4
821,LR-REAL-Political,0.24705882352941178,1.2208132469096795,3.764705882352941,Chain-GBR-RR,0.4
822,LR-REAL-Political,0.32549019607843144,1.2312351572345077,3.588235294117647,Chain-GBR-RR,0.4
823,LR-REAL-Political,0.3764705882352941,1.2632900756440357,4.0588235294117645,Chain-GBR-RR,0.4
824,LR-REAL-Political,0.19999999999999998,1.2353351550463891,3.823529411764706,Chain-GBR-RR,0.4
825,LR-REAL-Political,0.3568627450980392,1.2201244054360676,3.8823529411764706,Chain-GBR-RR,0.4
826,LR-REAL-Political,0.13333333333333333,1.2282999805381773,3.3529411764705883,Chain-GBR-RR,0.4
827,LR-REAL-Political,0.4078431372549019,1.2325272809761176,4.235294117647059,Chain-GBR-RR,0.4
828,LR-REAL-Political,0.2745098039215686,1.2218994766994784,4.0588235294117645,Chain-GBR-RR,0.4
829,LR-REAL-Political,0.3647058823529412,1.2368446607408303,3.588235294117647,Chain-GBR-RR,0.4
830,LR-REAL-Political,0.45098039215686275,1.2272585811664185,3.823529411764706,Chain-GBR-RR,0.4
831,LR-REAL-Political,0.2823529411764706,1.2307009398416107,3.6470588235294117,Chain-GBR-RR,0.4
832,LR-REAL-Political,0.3568627450980392,1.2319142041096054,4.0588235294117645,Chain-GBR-RR,0.4
833,LR-REAL-Political,0.35686274509803917,1.239664745929739,4.0588235294117645,Chain-GBR-RR,0.4
834,LR-REAL-Political,0.3254901960784314,1.234674638809958,3.8823529411764706,Chain-GBR-RR,0.4
835,LR-REAL-Political,0.42745098039215684,1.2376419057967185,4.352941176470588,Chain-GBR-RR,0.4
836,LR-REAL-Political,0.26666666666666666,1.2306357452060055,3.764705882352941,Chain-GBR-RR,0.4
837,LR-REAL-Political,0.28627450980392155,1.2388372391483777,3.6470588235294117,Chain-GBR-RR,0.4
838,LR-REAL-Political,0.33725490196078434,1.2398828466352967,3.6470588235294117,Chain-GBR-RR,0.4
839,LR-REAL-Political,0.29411764705882354,1.255315481175963,3.588235294117647,Chain-GBR-RR,0.4
840,LR-REAL-Political,0.32941176470588235,1.225394296291009,3.823529411764706,Chain-GBR-RR,0.4
841,LR-REAL-Political,0.34117647058823536,1.227352194116587,3.6470588235294117,Chain-GBR-RR,0.4
842,LR-REAL-Political,0.30980392156862746,1.2311687714842425,3.7058823529411766,Chain-GBR-RR,0.4
843,LR-REAL-Political,0.3568627450980393,1.2273128254762478,3.9411764705882355,Chain-GBR-RR,0.4
844,LR-REAL-Political,0.4117647058823529,1.2353604361626287,3.9411764705882355,Chain-GBR-RR,0.4
845,LR-REAL-Political,0.4549019607843137,1.2173827469224574,4.117647058823529,Chain-GBR-RR,0.4
846,LR-REAL-Political,0.3254901960784314,1.2265698951297805,4.0588235294117645,Chain-GBR-RR,0.4
847,LR-REAL-Political,0.25882352941176473,1.2280562357603706,3.8823529411764706,Chain-GBR-RR,0.4
848,LR-REAL-Political,0.34901960784313724,1.2368329134026659,4.0588235294117645,Chain-GBR-RR,0.4
849,LR-REAL-Political,0.25490196078431376,1.2321833109101175,4.0588235294117645,Chain-GBR-RR,0.4
850,LR-REAL-Political,0.7019607843137255,0.56607157668922,4.411764705882353,ST-GBR-RR,0.4
851,LR-REAL-Political,0.5450980392156863,0.4601191149495627,4.411764705882353,ST-GBR-RR,0.4
852,LR-REAL-Political,0.6980392156862745,0.4632196826134075,4.352941176470588,ST-GBR-RR,0.4
853,LR-REAL-Political,0.627450980392157,0.4635164661647379,4.294117647058823,ST-GBR-RR,0.4
854,LR-REAL-Political,0.6705882352941177,0.5515235808800752,4.705882352941177,ST-GBR-RR,0.4
855,LR-REAL-Political,0.6235294117647059,0.467360373873796,4.352941176470588,ST-GBR-RR,0.4
856,LR-REAL-Political,0.6313725490196078,0.4591390055049695,4.352941176470588,ST-GBR-RR,0.4
857,LR-REAL-Political,0.6627450980392157,0.4714818405266554,4.117647058823529,ST-GBR-RR,0.4
858,LR-REAL-Political,0.6392156862745099,0.472673284799025,4.235294117647059,ST-GBR-RR,0.4
859,LR-REAL-Political,0.615686274509804,0.4705302348322614,4.470588235294118,ST-GBR-RR,0.4
860,LR-REAL-Political,0.6666666666666669,0.421595466466846,4.294117647058823,ST-GBR-RR,0.4
861,LR-REAL-Political,0.6862745098039217,0.4777999947101539,4.588235294117647,ST-GBR-RR,0.4
862,LR-REAL-Political,0.7098039215686275,0.5261669530050681,4.470588235294118,ST-GBR-RR,0.4
863,LR-REAL-Political,0.6470588235294117,0.46111844641068317,4.411764705882353,ST-GBR-RR,0.4
864,LR-REAL-Political,0.627450980392157,0.46899043413849206,4.235294117647059,ST-GBR-RR,0.4
865,LR-REAL-Political,0.6784313725490196,0.4580191568136891,4.470588235294118,ST-GBR-RR,0.4
866,LR-REAL-Political,0.6509803921568629,0.46255118261636236,4.235294117647059,ST-GBR-RR,0.4
867,LR-REAL-Political,0.6352941176470589,0.55191518935999,4.529411764705882,ST-GBR-RR,0.4
868,LR-REAL-Political,0.6156862745098038,0.49108193658370713,4.470588235294118,ST-GBR-RR,0.4
869,LR-REAL-Political,0.6235294117647059,0.48605742063415336,4.647058823529412,ST-GBR-RR,0.4
870,LR-REAL-Political,0.6588235294117648,0.46522362097667186,4.470588235294118,ST-GBR-RR,0.4
871,LR-REAL-Political,0.6627450980392158,0.46849913440706314,4.117647058823529,ST-GBR-RR,0.4
872,LR-REAL-Political,0.5568627450980392,0.4854352541173289,4.294117647058823,ST-GBR-RR,0.4
873,LR-REAL-Political,0.6901960784313725,0.47633473335407095,4.294117647058823,ST-GBR-RR,0.4
874,LR-REAL-Political,0.6352941176470588,0.45755862717317547,4.294117647058823,ST-GBR-RR,0.4
875,LR-REAL-Political,0.5647058823529412,0.45614573184599017,4.529411764705882,ST-GBR-RR,0.4
876,LR-REAL-Political,0.6196078431372549,0.5362019268506273,4.411764705882353,ST-GBR-RR,0.4
877,LR-REAL-Political,0.7725490196078431,0.5279554633856172,4.470588235294118,ST-GBR-RR,0.4
878,LR-REAL-Political,0.6627450980392157,0.4520541766392087,4.176470588235294,ST-GBR-RR,0.4
879,LR-REAL-Political,0.607843137254902,0.4644994763120126,4.235294117647059,ST-GBR-RR,0.4
880,LR-REAL-Political,0.6509803921568628,0.48144863487319856,4.176470588235294,ST-GBR-RR,0.4
881,LR-REAL-Political,0.5490196078431372,0.4795165337404757,4.0588235294117645,ST-GBR-RR,0.4
882,LR-REAL-Political,0.6509803921568628,0.5254645029759009,4.294117647058823,ST-GBR-RR,0.4
883,LR-REAL-Political,0.6823529411764706,0.45377697264978545,4.470588235294118,ST-GBR-RR,0.4
884,LR-REAL-Political,0.6784313725490196,0.46279430594475474,4.294117647058823,ST-GBR-RR,0.4
885,LR-REAL-Political,0.6784313725490196,0.47961367138375044,4.352941176470588,ST-GBR-RR,0.4
886,LR-REAL-Political,0.592156862745098,0.4636020002765626,4.529411764705882,ST-GBR-RR,0.4
887,LR-REAL-Political,0.6431372549019607,0.4700171469987181,3.823529411764706,ST-GBR-RR,0.4
888,LR-REAL-Political,0.6549019607843137,0.44217216242687835,4.294117647058823,ST-GBR-RR,0.4
889,LR-REAL-Political,0.6941176470588235,0.4742775657872277,4.235294117647059,ST-GBR-RR,0.4
890,LR-REAL-Political,0.5607843137254902,0.46435237105306054,4.352941176470588,ST-GBR-RR,0.4
891,LR-REAL-Political,0.6666666666666666,0.4497683614770504,4.411764705882353,ST-GBR-RR,0.4
892,LR-REAL-Political,0.6470588235294117,0.456574589863304,4.705882352941177,ST-GBR-RR,0.4
893,LR-REAL-Political,0.6235294117647059,0.47002413755561645,4.529411764705882,ST-GBR-RR,0.4
894,LR-REAL-Political,0.7137254901960786,0.46953567682899183,4.411764705882353,ST-GBR-RR,0.4
895,LR-REAL-Political,0.6431372549019608,0.4626004259035846,4.235294117647059,ST-GBR-RR,0.4
896,LR-REAL-Political,0.7098039215686276,0.5224649446993304,4.588235294117647,ST-GBR-RR,0.4
897,LR-REAL-Political,0.5450980392156862,0.5871991799503888,4.294117647058823,ST-GBR-RR,0.4
898,LR-REAL-Political,0.6509803921568627,0.5209729145689163,4.117647058823529,ST-GBR-RR,0.4
899,LR-REAL-Political,0.7411764705882353,0.47546539208457783,4.588235294117647,ST-GBR-RR,0.4
900,LR-REAL-Political,0.4784313725490196,0.5676900693196812,3.2941176470588234,ST-GBR-PI,0.4
901,LR-REAL-Political,0.2235294117647059,0.5510675611065079,2.6470588235294117,ST-GBR-PI,0.4
902,LR-REAL-Political,0.4431372549019608,0.4917641921617792,3.176470588235294,ST-GBR-PI,0.4
903,LR-REAL-Political,0.4078431372549019,0.4894347089969925,3.1176470588235294,ST-GBR-PI,0.4
904,LR-REAL-Political,0.38431372549019605,0.5246396582917457,3.1176470588235294,ST-GBR-PI,0.4
905,LR-REAL-Political,0.3647058823529412,0.48912740157165624,2.823529411764706,ST-GBR-PI,0.4
906,LR-REAL-Political,0.396078431372549,0.4968136207063675,2.9411764705882355,ST-GBR-PI,0.4
907,LR-REAL-Political,0.40392156862745093,0.5014846940833683,2.9411764705882355,ST-GBR-PI,0.4
908,LR-REAL-Political,0.3294117647058824,0.5486464717369199,3.176470588235294,ST-GBR-PI,0.4
909,LR-REAL-Political,0.38823529411764707,0.48143152658251065,2.8823529411764706,ST-GBR-PI,0.4
910,LR-REAL-Political,0.3803921568627451,0.48876444559566873,3.0,ST-GBR-PI,0.4
911,LR-REAL-Political,0.4156862745098039,0.48353145098708233,3.1176470588235294,ST-GBR-PI,0.4
912,LR-REAL-Political,0.4784313725490196,0.5735491843629533,3.2941176470588234,ST-GBR-PI,0.4
913,LR-REAL-Political,0.388235294117647,0.4849866928976902,3.235294117647059,ST-GBR-PI,0.4
914,LR-REAL-Political,0.34509803921568627,0.5044639277471992,3.235294117647059,ST-GBR-PI,0.4
915,LR-REAL-Political,0.3294117647058824,0.5009993432723218,2.823529411764706,ST-GBR-PI,0.4
916,LR-REAL-Political,0.4392156862745098,0.45927589877803865,3.1176470588235294,ST-GBR-PI,0.4
917,LR-REAL-Political,0.44313725490196076,0.5504493905703918,3.3529411764705883,ST-GBR-PI,0.4
918,LR-REAL-Political,0.3803921568627451,0.5267141734269266,3.1176470588235294,ST-GBR-PI,0.4
919,LR-REAL-Political,0.3686274509803922,0.48567201217137906,3.176470588235294,ST-GBR-PI,0.4
920,LR-REAL-Political,0.47058823529411764,0.5363593864776524,3.0,ST-GBR-PI,0.4
921,LR-REAL-Political,0.38823529411764707,0.47807875951924406,3.588235294117647,ST-GBR-PI,0.4
922,LR-REAL-Political,0.388235294117647,0.5193219202351392,3.235294117647059,ST-GBR-PI,0.4
923,LR-REAL-Political,0.47058823529411764,0.5293999849512478,3.176470588235294,ST-GBR-PI,0.4
924,LR-REAL-Political,0.3568627450980393,0.5447465134185108,2.823529411764706,ST-GBR-PI,0.4
925,LR-REAL-Political,0.27058823529411763,0.4780453434050105,3.235294117647059,ST-GBR-PI,0.4
926,LR-REAL-Political,0.42745098039215684,0.5120628670437724,2.8823529411764706,ST-GBR-PI,0.4
927,LR-REAL-Political,0.396078431372549,0.47856577299052994,2.9411764705882355,ST-GBR-PI,0.4
928,LR-REAL-Political,0.3450980392156863,0.5366625904286692,2.5294117647058822,ST-GBR-PI,0.4
929,LR-REAL-Political,0.3254901960784314,0.5330799269615144,2.7058823529411766,ST-GBR-PI,0.4
930,LR-REAL-Political,0.33333333333333337,0.5139980685588227,2.9411764705882355,ST-GBR-PI,0.4
931,LR-REAL-Political,0.3568627450980392,0.5432162569777517,3.2941176470588234,ST-GBR-PI,0.4
932,LR-REAL-Political,0.3607843137254902,0.4943716965819983,3.0,ST-GBR-PI,0.4
933,LR-REAL-Political,0.48235294117647065,0.5111069935482552,3.1176470588235294,ST-GBR-PI,0.4
934,LR-REAL-Political,0.4156862745098039,0.4823845885612702,3.0,ST-GBR-PI,0.4
935,LR-REAL-Political,0.45490196078431366,0.5115521838736099,2.7058823529411766,ST-GBR-PI,0.4
936,LR-REAL-Political,0.36470588235294116,0.4756564973112255,3.235294117647059,ST-GBR-PI,0.4
937,LR-REAL-Political,0.4352941176470588,0.5397338064819814,3.0588235294117645,ST-GBR-PI,0.4
938,LR-REAL-Political,0.33333333333333337,0.48616446763270804,2.4705882352941178,ST-GBR-PI,0.4
939,LR-REAL-Political,0.39215686274509803,0.5601549880427213,2.9411764705882355,ST-GBR-PI,0.4
940,LR-REAL-Political,0.2823529411764706,0.46571857413008516,3.0,ST-GBR-PI,0.4
941,LR-REAL-Political,0.38431372549019605,0.4971929887804909,2.7058823529411766,ST-GBR-PI,0.4
942,LR-REAL-Political,0.4156862745098039,0.46679350321042756,3.3529411764705883,ST-GBR-PI,0.4
943,LR-REAL-Political,0.42745098039215684,0.570921920928947,2.764705882352941,ST-GBR-PI,0.4
944,LR-REAL-Political,0.5137254901960784,0.4868157251902324,3.3529411764705883,ST-GBR-PI,0.4
945,LR-REAL-Political,0.4156862745098039,0.5339635240771592,3.0588235294117645,ST-GBR-PI,0.4
946,LR-REAL-Political,0.34901960784313724,0.5249735664130495,3.2941176470588234,ST-GBR-PI,0.4
947,LR-REAL-Political,0.35294117647058826,0.5515884603693884,3.235294117647059,ST-GBR-PI,0.4
948,LR-REAL-Political,0.396078431372549,0.5535752762679177,3.0588235294117645,ST-GBR-PI,0.4
949,LR-REAL-Political,0.4156862745098039,0.5466653805285161,2.8823529411764706,ST-GBR-PI,0.4
950,LR-REAL-Political,0.6078431372549019,0.6037684269155418,4.823529411764706,RPC-GB,0.4
951,LR-REAL-Political,0.40392156862745093,0.6899906850873682,5.0588235294117645,RPC-GB,0.4
952,LR-REAL-Political,0.6666666666666667,0.5770716640317404,5.0588235294117645,RPC-GB,0.4
953,LR-REAL-Political,0.47058823529411775,0.5198601312753649,4.294117647058823,RPC-GB,0.4
954,LR-REAL-Political,0.5725490196078431,0.671720903628966,5.235294117647059,RPC-GB,0.4
955,LR-REAL-Political,0.592156862745098,0.5759077889359111,4.470588235294118,RPC-GB,0.4
956,LR-REAL-Political,0.5294117647058822,0.5964837548615555,5.470588235294118,RPC-GB,0.4
957,LR-REAL-Political,0.5686274509803921,0.6150602548436355,5.352941176470588,RPC-GB,0.4
958,LR-REAL-Political,0.568627450980392,0.6647106541724387,5.0,RPC-GB,0.4
959,LR-REAL-Political,0.5529411764705882,0.5334725816947843,5.411764705882353,RPC-GB,0.4
960,LR-REAL-Political,0.6470588235294118,0.6154911640687913,5.647058823529412,RPC-GB,0.4
961,LR-REAL-Political,0.5019607843137255,0.5589594752486002,5.117647058823529,RPC-GB,0.4
962,LR-REAL-Political,0.6117647058823531,0.7529225144990866,5.588235294117647,RPC-GB,0.4
963,LR-REAL-Political,0.6,0.6085547824952348,5.294117647058823,RPC-GB,0.4
964,LR-REAL-Political,0.6039215686274509,0.5671195159580326,4.9411764705882355,RPC-GB,0.4
965,LR-REAL-Political,0.5607843137254903,0.5415364677882915,5.0588235294117645,RPC-GB,0.4
966,LR-REAL-Political,0.603921568627451,0.5318518255538421,5.470588235294118,RPC-GB,0.4
967,LR-REAL-Political,0.6235294117647059,0.7019185305271735,5.588235294117647,RPC-GB,0.4
968,LR-REAL-Political,0.4901960784313726,0.6552309528455679,5.529411764705882,RPC-GB,0.4
969,LR-REAL-Political,0.4666666666666666,0.5796814438794009,5.470588235294118,RPC-GB,0.4
970,LR-REAL-Political,0.6117647058823529,0.6386009732533944,5.117647058823529,RPC-GB,0.4
971,LR-REAL-Political,0.6784313725490196,0.5543942213435581,5.235294117647059,RPC-GB,0.4
972,LR-REAL-Political,0.49411764705882344,0.5822901038144338,5.294117647058823,RPC-GB,0.4
973,LR-REAL-Political,0.5647058823529412,0.5604713792834943,5.470588235294118,RPC-GB,0.4
974,LR-REAL-Political,0.592156862745098,0.5542371417611017,5.117647058823529,RPC-GB,0.4
975,LR-REAL-Political,0.4549019607843137,0.5194911224241875,5.588235294117647,RPC-GB,0.4
976,LR-REAL-Political,0.5607843137254901,0.5767069304228376,5.588235294117647,RPC-GB,0.4
977,LR-REAL-Political,0.6862745098039216,0.5790579676502204,5.705882352941177,RPC-GB,0.4
978,LR-REAL-Political,0.580392156862745,0.6351311650841767,5.235294117647059,RPC-GB,0.4
979,LR-REAL-Political,0.611764705882353,0.5656363582261008,5.470588235294118,RPC-GB,0.4
980,LR-REAL-Political,0.5647058823529412,0.5541442776641221,5.411764705882353,RPC-GB,0.4
981,LR-REAL-Political,0.43137254901960786,0.5843573339362323,5.588235294117647,RPC-GB,0.4
982,LR-REAL-Political,0.5647058823529412,0.5818625332009506,5.294117647058823,RPC-GB,0.4
983,LR-REAL-Political,0.6431372549019608,0.6305611041116251,5.647058823529412,RPC-GB,0.4
984,LR-REAL-Political,0.5529411764705883,0.6774297951897518,5.117647058823529,RPC-GB,0.4
985,LR-REAL-Political,0.6588235294117647,0.6048660347126421,5.588235294117647,RPC-GB,0.4
986,LR-REAL-Political,0.6196078431372548,0.5688509748632199,5.117647058823529,RPC-GB,0.4
987,LR-REAL-Political,0.6117647058823529,0.645948421971195,5.352941176470588,RPC-GB,0.4
988,LR-REAL-Political,0.615686274509804,0.6598728526720989,5.176470588235294,RPC-GB,0.4
989,LR-REAL-Political,0.6,0.5884641775492232,5.176470588235294,RPC-GB,0.4
990,LR-REAL-Political,0.5019607843137255,0.6050198259706041,5.352941176470588,RPC-GB,0.4
991,LR-REAL-Political,0.5725490196078431,0.5853751209636366,5.294117647058823,RPC-GB,0.4
992,LR-REAL-Political,0.5137254901960784,0.5680731973804473,5.0,RPC-GB,0.4
993,LR-REAL-Political,0.611764705882353,0.6055918007065892,5.352941176470588,RPC-GB,0.4
994,LR-REAL-Political,0.5568627450980392,0.5105912740514754,5.647058823529412,RPC-GB,0.4
995,LR-REAL-Political,0.5647058823529412,0.6064396787311106,5.235294117647059,RPC-GB,0.4
996,LR-REAL-Political,0.5843137254901962,0.5596565509670512,5.117647058823529,RPC-GB,0.4
997,LR-REAL-Political,0.5568627450980392,0.7755708118761162,5.176470588235294,RPC-GB,0.4
998,LR-REAL-Political,0.5803921568627451,0.6076434833583763,5.529411764705882,RPC-GB,0.4
999,LR-REAL-Political,0.7137254901960784,0.5920539587120158,5.470588235294118,RPC-GB,0.4
1000,LR-REAL-Political,0.12156862745098038,1.245889176045602,1.8235294117647058,Chain-GBR-PI,0.5
1001,LR-REAL-Political,-0.003921568627450983,1.2407100441151664,1.8823529411764706,Chain-GBR-PI,0.5
1002,LR-REAL-Political,0.0,1.2502211777392729,1.6470588235294117,Chain-GBR-PI,0.5
1003,LR-REAL-Political,0.0784313725490196,1.2403125351584803,2.2941176470588234,Chain-GBR-PI,0.5
1004,LR-REAL-Political,0.09411764705882353,1.2523793601121183,2.1176470588235294,Chain-GBR-PI,0.5
1005,LR-REAL-Political,0.027450980392156862,1.3177130057716333,1.6470588235294117,Chain-GBR-PI,0.5
1006,LR-REAL-Political,0.1254901960784314,1.2641212660729535,2.2941176470588234,Chain-GBR-PI,0.5
1007,LR-REAL-Political,0.07058823529411765,1.2688342719442676,2.1176470588235294,Chain-GBR-PI,0.5
1008,LR-REAL-Political,0.08235294117647059,1.2716855298000225,1.7647058823529411,Chain-GBR-PI,0.5
1009,LR-REAL-Political,0.12549019607843137,1.257734773882113,1.8235294117647058,Chain-GBR-PI,0.5
1010,LR-REAL-Political,-0.011764705882352941,1.2562263825347038,1.8235294117647058,Chain-GBR-PI,0.5
1011,LR-REAL-Political,0.12549019607843137,1.254473910895695,2.4705882352941178,Chain-GBR-PI,0.5
1012,LR-REAL-Political,0.07450980392156863,1.2523539265351826,1.7058823529411764,Chain-GBR-PI,0.5
1013,LR-REAL-Political,0.09019607843137256,1.2483024406395218,1.7058823529411764,Chain-GBR-PI,0.5
1014,LR-REAL-Political,0.04313725490196079,1.2399385392299416,2.0,Chain-GBR-PI,0.5
1015,LR-REAL-Political,0.0980392156862745,1.2462003237791839,2.176470588235294,Chain-GBR-PI,0.5
1016,LR-REAL-Political,0.2235294117647059,1.258203703303709,2.0,Chain-GBR-PI,0.5
1017,LR-REAL-Political,0.08627450980392158,1.2558577995082767,2.588235294117647,Chain-GBR-PI,0.5
1018,LR-REAL-Political,0.08627450980392158,1.2397976316577384,1.6470588235294117,Chain-GBR-PI,0.5
1019,LR-REAL-Political,0.07058823529411766,1.240154282168927,1.9411764705882353,Chain-GBR-PI,0.5
1020,LR-REAL-Political,0.10980392156862744,1.2401797661811234,1.7647058823529411,Chain-GBR-PI,0.5
1021,LR-REAL-Political,0.14901960784313728,1.2434787756431882,1.9411764705882353,Chain-GBR-PI,0.5
1022,LR-REAL-Political,0.06274509803921569,1.2482649022457326,1.9411764705882353,Chain-GBR-PI,0.5
1023,LR-REAL-Political,0.12941176470588234,1.2527689291741575,2.1176470588235294,Chain-GBR-PI,0.5
1024,LR-REAL-Political,-0.01568627450980391,1.2418058670602756,1.8235294117647058,Chain-GBR-PI,0.5
1025,LR-REAL-Political,0.03921568627450981,1.2517698238580413,1.411764705882353,Chain-GBR-PI,0.5
1026,LR-REAL-Political,0.043137254901960784,1.2519439497565357,2.1176470588235294,Chain-GBR-PI,0.5
1027,LR-REAL-Political,0.1215686274509804,1.247304062156978,2.0588235294117645,Chain-GBR-PI,0.5
1028,LR-REAL-Political,0.10196078431372549,1.2448334748404393,1.8823529411764706,Chain-GBR-PI,0.5
1029,LR-REAL-Political,0.03529411764705883,1.2442139992419035,1.6470588235294117,Chain-GBR-PI,0.5
1030,LR-REAL-Political,0.16470588235294117,1.2401727807527014,2.176470588235294,Chain-GBR-PI,0.5
1031,LR-REAL-Political,0.08627450980392158,1.2496218124133207,1.8235294117647058,Chain-GBR-PI,0.5
1032,LR-REAL-Political,0.14117647058823532,1.2583594499114203,2.3529411764705883,Chain-GBR-PI,0.5
1033,LR-REAL-Political,0.20784313725490194,1.265856736728443,2.0588235294117645,Chain-GBR-PI,0.5
1034,LR-REAL-Political,0.09019607843137256,1.2586779401101602,1.8235294117647058,Chain-GBR-PI,0.5
1035,LR-REAL-Political,0.01568627450980392,1.2543314906428131,2.235294117647059,Chain-GBR-PI,0.5
1036,LR-REAL-Political,0.10980392156862745,1.2669520231496085,2.2941176470588234,Chain-GBR-PI,0.5
1037,LR-REAL-Political,0.027450980392156866,1.263605790422278,2.2941176470588234,Chain-GBR-PI,0.5
1038,LR-REAL-Political,0.050980392156862744,1.274680102557858,1.6470588235294117,Chain-GBR-PI,0.5
1039,LR-REAL-Political,0.09411764705882353,1.2704836786662341,1.7647058823529411,Chain-GBR-PI,0.5
1040,LR-REAL-Political,0.0823529411764706,1.268514917409523,1.8823529411764706,Chain-GBR-PI,0.5
1041,LR-REAL-Political,0.1450980392156863,1.2712960048754982,1.7647058823529411,Chain-GBR-PI,0.5
1042,LR-REAL-Political,0.20784313725490194,1.260058549713794,2.0,Chain-GBR-PI,0.5
1043,LR-REAL-Political,0.21960784313725493,1.2808911995803811,2.1176470588235294,Chain-GBR-PI,0.5
1044,LR-REAL-Political,0.1019607843137255,1.2658444791210623,1.8235294117647058,Chain-GBR-PI,0.5
1045,LR-REAL-Political,0.05490196078431374,1.2487009215907146,1.9411764705882353,Chain-GBR-PI,0.5
1046,LR-REAL-Political,0.10196078431372547,1.2481364694115158,1.9411764705882353,Chain-GBR-PI,0.5
1047,LR-REAL-Political,0.07450980392156863,1.247417394183608,2.0,Chain-GBR-PI,0.5
1048,LR-REAL-Political,0.007843137254901962,1.2582465871791015,1.7058823529411764,Chain-GBR-PI,0.5
1049,LR-REAL-Political,0.12156862745098043,1.261680010076849,1.7058823529411764,Chain-GBR-PI,0.5
1050,LR-REAL-Political,0.29411764705882354,1.228157634914234,3.588235294117647,Chain-GBR-RR,0.5
1051,LR-REAL-Political,0.18039215686274512,1.2245885548350364,3.823529411764706,Chain-GBR-RR,0.5
1052,LR-REAL-Political,0.21176470588235297,1.232760011198615,3.411764705882353,Chain-GBR-RR,0.5
1053,LR-REAL-Political,0.25098039215686274,1.2269318337401225,3.7058823529411766,Chain-GBR-RR,0.5
1054,LR-REAL-Political,0.2156862745098039,1.2282726713966028,3.8823529411764706,Chain-GBR-RR,0.5
1055,LR-REAL-Political,0.21568627450980393,1.2329010451329547,3.4705882352941178,Chain-GBR-RR,0.5
1056,LR-REAL-Political,0.3333333333333333,1.2313910448911771,3.764705882352941,Chain-GBR-RR,0.5
1057,LR-REAL-Political,0.33333333333333337,1.23844442398045,3.823529411764706,Chain-GBR-RR,0.5
1058,LR-REAL-Political,0.25882352941176473,1.2425353354959663,3.411764705882353,Chain-GBR-RR,0.5
1059,LR-REAL-Political,0.22745098039215686,1.231476517145059,3.588235294117647,Chain-GBR-RR,0.5
1060,LR-REAL-Political,0.09019607843137255,1.2363148175558407,3.5294117647058822,Chain-GBR-RR,0.5
1061,LR-REAL-Political,0.28627450980392155,1.2390750738253962,3.823529411764706,Chain-GBR-RR,0.5
1062,LR-REAL-Political,0.0784313725490196,1.2306461773971114,3.235294117647059,Chain-GBR-RR,0.5
1063,LR-REAL-Political,0.3137254901960784,1.2283452689889336,3.4705882352941178,Chain-GBR-RR,0.5
1064,LR-REAL-Political,0.20392156862745095,1.217176974631185,3.6470588235294117,Chain-GBR-RR,0.5
1065,LR-REAL-Political,0.2431372549019608,1.2280211154635707,4.0,Chain-GBR-RR,0.5
1066,LR-REAL-Political,0.4313725490196078,1.235504933588195,3.8823529411764706,Chain-GBR-RR,0.5
1067,LR-REAL-Political,0.20784313725490194,1.2220147879297358,3.9411764705882355,Chain-GBR-RR,0.5
1068,LR-REAL-Political,0.34509803921568627,1.2242859241360244,3.6470588235294117,Chain-GBR-RR,0.5
1069,LR-REAL-Political,0.2901960784313726,1.2203228632881313,4.0,Chain-GBR-RR,0.5
1070,LR-REAL-Political,0.3137254901960785,1.2179293047125221,3.823529411764706,Chain-GBR-RR,0.5
1071,LR-REAL-Political,0.42745098039215684,1.222657760872075,3.588235294117647,Chain-GBR-RR,0.5
1072,LR-REAL-Political,0.24705882352941178,1.2328152829671857,3.235294117647059,Chain-GBR-RR,0.5
1073,LR-REAL-Political,0.3294117647058823,1.2217078956561402,3.823529411764706,Chain-GBR-RR,0.5
1074,LR-REAL-Political,0.1607843137254902,1.2167167403743524,3.4705882352941178,Chain-GBR-RR,0.5
1075,LR-REAL-Political,0.36078431372549025,1.2211442722466066,3.4705882352941178,Chain-GBR-RR,0.5
1076,LR-REAL-Political,0.22745098039215686,1.2272931753995666,3.764705882352941,Chain-GBR-RR,0.5
1077,LR-REAL-Political,0.32941176470588235,1.228287179050856,4.0,Chain-GBR-RR,0.5
1078,LR-REAL-Political,0.3215686274509804,1.2154143299056317,3.8823529411764706,Chain-GBR-RR,0.5
1079,LR-REAL-Political,0.23137254901960783,1.2234091128025413,3.7058823529411766,Chain-GBR-RR,0.5
1080,LR-REAL-Political,0.3686274509803921,1.217189779726325,3.5294117647058822,Chain-GBR-RR,0.5
1081,LR-REAL-Political,0.24705882352941178,1.2263653017325133,3.588235294117647,Chain-GBR-RR,0.5
1082,LR-REAL-Political,0.396078431372549,1.2401623291956676,3.9411764705882355,Chain-GBR-RR,0.5
1083,LR-REAL-Political,0.27450980392156865,1.236229098227564,3.8823529411764706,Chain-GBR-RR,0.5
1084,LR-REAL-Political,0.23529411764705882,1.2267256016321877,3.6470588235294117,Chain-GBR-RR,0.5
1085,LR-REAL-Political,0.13333333333333333,1.2288416689856891,3.823529411764706,Chain-GBR-RR,0.5
1086,LR-REAL-Political,0.19215686274509802,1.247204603449134,3.411764705882353,Chain-GBR-RR,0.5
1087,LR-REAL-Political,0.2431372549019608,1.2406510216436628,3.8823529411764706,Chain-GBR-RR,0.5
1088,LR-REAL-Political,0.3019607843137255,1.2505174109876682,3.7058823529411766,Chain-GBR-RR,0.5
1089,LR-REAL-Political,0.25098039215686274,1.2585415526529051,3.823529411764706,Chain-GBR-RR,0.5
1090,LR-REAL-Political,0.27843137254901956,1.2387714743082088,3.764705882352941,Chain-GBR-RR,0.5
1091,LR-REAL-Political,0.3490196078431373,1.2404738315192776,3.764705882352941,Chain-GBR-RR,0.5
1092,LR-REAL-Political,0.3176470588235294,1.2231004874547686,3.6470588235294117,Chain-GBR-RR,0.5
1093,LR-REAL-Political,0.30980392156862746,1.2383690793120028,3.4705882352941178,Chain-GBR-RR,0.5
1094,LR-REAL-Political,0.2705882352941177,1.231971932146138,3.4705882352941178,Chain-GBR-RR,0.5
1095,LR-REAL-Political,0.047058823529411764,1.2211329554068417,3.823529411764706,Chain-GBR-RR,0.5
1096,LR-REAL-Political,0.3019607843137255,1.2298796499986169,3.8823529411764706,Chain-GBR-RR,0.5
1097,LR-REAL-Political,0.1607843137254902,1.2310413871136219,3.764705882352941,Chain-GBR-RR,0.5
1098,LR-REAL-Political,0.2196078431372549,1.2439402949710707,3.5294117647058822,Chain-GBR-RR,0.5
1099,LR-REAL-Political,0.3137254901960784,1.226748875259133,3.411764705882353,Chain-GBR-RR,0.5
1100,LR-REAL-Political,0.7215686274509805,0.46338271791681207,4.470588235294118,ST-GBR-RR,0.5
1101,LR-REAL-Political,0.5215686274509803,0.45300143505560175,4.0588235294117645,ST-GBR-RR,0.5
1102,LR-REAL-Political,0.6352941176470588,0.46661841700193585,4.411764705882353,ST-GBR-RR,0.5
1103,LR-REAL-Political,0.5960784313725491,0.5485893108345312,4.117647058823529,ST-GBR-RR,0.5
1104,LR-REAL-Political,0.6431372549019608,0.48470364369568497,4.352941176470588,ST-GBR-RR,0.5
1105,LR-REAL-Political,0.6980392156862746,0.5465744376187537,4.0,ST-GBR-RR,0.5
1106,LR-REAL-Political,0.6196078431372549,0.48140233817208977,4.294117647058823,ST-GBR-RR,0.5
1107,LR-REAL-Political,0.6901960784313727,0.4584484522466227,4.294117647058823,ST-GBR-RR,0.5
1108,LR-REAL-Political,0.6431372549019608,0.4972936263519906,4.235294117647059,ST-GBR-RR,0.5
1109,LR-REAL-Political,0.611764705882353,0.4479239108826836,4.529411764705882,ST-GBR-RR,0.5
1110,LR-REAL-Political,0.6352941176470588,0.5266299326249376,4.352941176470588,ST-GBR-RR,0.5
1111,LR-REAL-Political,0.6941176470588236,0.4490791248935412,4.470588235294118,ST-GBR-RR,0.5
1112,LR-REAL-Political,0.7019607843137255,0.45094369096927556,4.235294117647059,ST-GBR-RR,0.5
1113,LR-REAL-Political,0.6274509803921569,0.4519653464554933,4.529411764705882,ST-GBR-RR,0.5
1114,LR-REAL-Political,0.6313725490196078,0.4499697761601435,4.294117647058823,ST-GBR-RR,0.5
1115,LR-REAL-Political,0.6823529411764706,0.4532578012689425,4.470588235294118,ST-GBR-RR,0.5
1116,LR-REAL-Political,0.607843137254902,0.43456576698583393,4.411764705882353,ST-GBR-RR,0.5
1117,LR-REAL-Political,0.5686274509803921,0.45377114385445483,4.235294117647059,ST-GBR-RR,0.5
1118,LR-REAL-Political,0.6352941176470589,0.45044229087866117,4.176470588235294,ST-GBR-RR,0.5
1119,LR-REAL-Political,0.5882352941176471,0.4538352349384832,4.470588235294118,ST-GBR-RR,0.5
1120,LR-REAL-Political,0.6352941176470588,0.45707592480914677,4.117647058823529,ST-GBR-RR,0.5
1121,LR-REAL-Political,0.592156862745098,0.4586177396429645,4.470588235294118,ST-GBR-RR,0.5
1122,LR-REAL-Political,0.615686274509804,0.4536224945331732,4.294117647058823,ST-GBR-RR,0.5
1123,LR-REAL-Political,0.7058823529411766,0.5159853900394287,4.529411764705882,ST-GBR-RR,0.5
1124,LR-REAL-Political,0.5568627450980392,0.460611340125801,3.8823529411764706,ST-GBR-RR,0.5
1125,LR-REAL-Political,0.6431372549019607,0.4621991080486153,4.0588235294117645,ST-GBR-RR,0.5
1126,LR-REAL-Political,0.5725490196078431,0.45591938760501777,4.470588235294118,ST-GBR-RR,0.5
1127,LR-REAL-Political,0.7686274509803921,0.45560043673962747,4.470588235294118,ST-GBR-RR,0.5
1128,LR-REAL-Political,0.6666666666666666,0.4528611860089341,4.294117647058823,ST-GBR-RR,0.5
1129,LR-REAL-Political,0.6627450980392158,0.49617583335429133,4.294117647058823,ST-GBR-RR,0.5
1130,LR-REAL-Political,0.6745098039215687,0.5473700828367867,4.352941176470588,ST-GBR-RR,0.5
1131,LR-REAL-Political,0.48235294117647054,0.4584066701912857,4.0,ST-GBR-RR,0.5
1132,LR-REAL-Political,0.6901960784313727,0.4648272417246599,4.176470588235294,ST-GBR-RR,0.5
1133,LR-REAL-Political,0.6901960784313727,0.47274275551647243,4.352941176470588,ST-GBR-RR,0.5
1134,LR-REAL-Political,0.7058823529411765,0.4715474004426234,4.352941176470588,ST-GBR-RR,0.5
1135,LR-REAL-Political,0.6313725490196078,0.47617272751679435,4.352941176470588,ST-GBR-RR,0.5
1136,LR-REAL-Political,0.7176470588235294,0.47213490458150514,4.588235294117647,ST-GBR-RR,0.5
1137,LR-REAL-Political,0.603921568627451,0.4493754683662568,4.176470588235294,ST-GBR-RR,0.5
1138,LR-REAL-Political,0.6823529411764706,0.5349726048590315,4.411764705882353,ST-GBR-RR,0.5
1139,LR-REAL-Political,0.7098039215686275,0.4584673048818545,4.352941176470588,ST-GBR-RR,0.5
1140,LR-REAL-Political,0.5999999999999999,0.4427545461423284,4.176470588235294,ST-GBR-RR,0.5
1141,LR-REAL-Political,0.6823529411764706,0.45301687557841364,4.235294117647059,ST-GBR-RR,0.5
1142,LR-REAL-Political,0.5960784313725489,0.5869855289775872,4.0588235294117645,ST-GBR-RR,0.5
1143,LR-REAL-Political,0.6980392156862745,0.5098573302583106,4.529411764705882,ST-GBR-RR,0.5
1144,LR-REAL-Political,0.6705882352941178,0.45409443244668846,4.294117647058823,ST-GBR-RR,0.5
1145,LR-REAL-Political,0.6313725490196078,0.5770555185823015,4.0,ST-GBR-RR,0.5
1146,LR-REAL-Political,0.6862745098039216,0.4833137755960477,4.647058823529412,ST-GBR-RR,0.5
1147,LR-REAL-Political,0.5686274509803922,0.5375836411259516,4.705882352941177,ST-GBR-RR,0.5
1148,LR-REAL-Political,0.7058823529411766,0.47005406024407953,4.235294117647059,ST-GBR-RR,0.5
1149,LR-REAL-Political,0.7725490196078431,0.4508461168382665,4.294117647058823,ST-GBR-RR,0.5
1150,LR-REAL-Political,0.39999999999999997,0.4687976832773672,3.2941176470588234,ST-GBR-PI,0.5
1151,LR-REAL-Political,0.2431372549019608,0.4783469038924326,2.9411764705882355,ST-GBR-PI,0.5
1152,LR-REAL-Political,0.392156862745098,0.47196752145643056,3.235294117647059,ST-GBR-PI,0.5
1153,LR-REAL-Political,0.43137254901960786,0.48433292498429686,3.176470588235294,ST-GBR-PI,0.5
1154,LR-REAL-Political,0.3764705882352941,0.5016885247432731,3.5294117647058822,ST-GBR-PI,0.5
1155,LR-REAL-Political,0.3019607843137255,0.5484892717131512,2.6470588235294117,ST-GBR-PI,0.5
1156,LR-REAL-Political,0.3686274509803922,0.5048036956039398,3.0,ST-GBR-PI,0.5
1157,LR-REAL-Political,0.3411764705882353,0.5492852070743408,2.9411764705882355,ST-GBR-PI,0.5
1158,LR-REAL-Political,0.3647058823529412,0.5328509037239427,3.3529411764705883,ST-GBR-PI,0.5
1159,LR-REAL-Political,0.37254901960784315,0.47867153410995145,3.411764705882353,ST-GBR-PI,0.5
1160,LR-REAL-Political,0.3411764705882353,0.5425740967237807,2.9411764705882355,ST-GBR-PI,0.5
1161,LR-REAL-Political,0.30196078431372547,0.5084537739411821,2.764705882352941,ST-GBR-PI,0.5
1162,LR-REAL-Political,0.4078431372549019,0.5149243337317574,3.0588235294117645,ST-GBR-PI,0.5
1163,LR-REAL-Political,0.3372549019607843,0.4609740594330936,3.2941176470588234,ST-GBR-PI,0.5
1164,LR-REAL-Political,0.33333333333333337,0.5488209656082127,3.588235294117647,ST-GBR-PI,0.5
1165,LR-REAL-Political,0.37254901960784315,0.5611505439564535,3.0588235294117645,ST-GBR-PI,0.5
1166,LR-REAL-Political,0.396078431372549,0.4614800396055769,3.0588235294117645,ST-GBR-PI,0.5
1167,LR-REAL-Political,0.30588235294117644,0.44986474608937765,3.0,ST-GBR-PI,0.5
1168,LR-REAL-Political,0.3568627450980392,0.498659042859359,3.235294117647059,ST-GBR-PI,0.5
1169,LR-REAL-Political,0.36470588235294116,0.46636966884549463,2.8823529411764706,ST-GBR-PI,0.5
1170,LR-REAL-Political,0.3568627450980393,0.5258910922424606,3.4705882352941178,ST-GBR-PI,0.5
1171,LR-REAL-Political,0.30980392156862746,0.5136874145797128,3.0,ST-GBR-PI,0.5
1172,LR-REAL-Political,0.4078431372549019,0.4639019069728517,2.9411764705882355,ST-GBR-PI,0.5
1173,LR-REAL-Political,0.5372549019607843,0.47568785125731733,3.1176470588235294,ST-GBR-PI,0.5
1174,LR-REAL-Political,0.41960784313725485,0.46372704045188035,2.764705882352941,ST-GBR-PI,0.5
1175,LR-REAL-Political,0.30980392156862746,0.4659524896018771,3.0,ST-GBR-PI,0.5
1176,LR-REAL-Political,0.3803921568627451,0.4462192697856608,3.1176470588235294,ST-GBR-PI,0.5
1177,LR-REAL-Political,0.39607843137254894,0.4652079139490269,3.4705882352941178,ST-GBR-PI,0.5
1178,LR-REAL-Political,0.31764705882352945,0.47016417150109036,2.588235294117647,ST-GBR-PI,0.5
1179,LR-REAL-Political,0.3921568627450981,0.536692316953593,2.823529411764706,ST-GBR-PI,0.5
1180,LR-REAL-Political,0.3803921568627451,0.48184525048232396,2.823529411764706,ST-GBR-PI,0.5
1181,LR-REAL-Political,0.2784313725490197,0.45783370944520657,3.176470588235294,ST-GBR-PI,0.5
1182,LR-REAL-Political,0.44313725490196076,0.46286972819614236,3.2941176470588234,ST-GBR-PI,0.5
1183,LR-REAL-Political,0.4313725490196078,0.4582448063548674,3.1176470588235294,ST-GBR-PI,0.5
1184,LR-REAL-Political,0.4784313725490196,0.6734196827881418,3.235294117647059,ST-GBR-PI,0.5
1185,LR-REAL-Political,0.43529411764705883,0.4874288605248896,3.0588235294117645,ST-GBR-PI,0.5
1186,LR-REAL-Political,0.45098039215686275,0.5197510424672191,3.3529411764705883,ST-GBR-PI,0.5
1187,LR-REAL-Political,0.37647058823529417,0.48063523036724193,3.0,ST-GBR-PI,0.5
1188,LR-REAL-Political,0.33725490196078434,0.4743971732907553,2.823529411764706,ST-GBR-PI,0.5
1189,LR-REAL-Political,0.38431372549019605,0.47880788558356746,3.2941176470588234,ST-GBR-PI,0.5
1190,LR-REAL-Political,0.2980392156862745,0.487693634267111,2.9411764705882355,ST-GBR-PI,0.5
1191,LR-REAL-Political,0.33725490196078434,0.46949213209341534,3.0588235294117645,ST-GBR-PI,0.5
1192,LR-REAL-Political,0.34509803921568627,0.470785305953382,3.411764705882353,ST-GBR-PI,0.5
1193,LR-REAL-Political,0.4549019607843137,0.5113010703871435,3.0,ST-GBR-PI,0.5
1194,LR-REAL-Political,0.38431372549019605,0.5543954963803353,3.176470588235294,ST-GBR-PI,0.5
1195,LR-REAL-Political,0.388235294117647,0.477629301013178,3.1176470588235294,ST-GBR-PI,0.5
1196,LR-REAL-Political,0.3803921568627451,0.6212578480244482,3.176470588235294,ST-GBR-PI,0.5
1197,LR-REAL-Political,0.2901960784313726,0.5478355002471078,2.823529411764706,ST-GBR-PI,0.5
1198,LR-REAL-Political,0.3803921568627451,0.5909554153641177,2.8823529411764706,ST-GBR-PI,0.5
1199,LR-REAL-Political,0.44313725490196076,0.5360002510157841,3.0588235294117645,ST-GBR-PI,0.5
1200,LR-REAL-Political,0.584313725490196,0.5220769246357331,5.529411764705882,RPC-GB,0.5
1201,LR-REAL-Political,0.42352941176470593,0.6101509695398522,5.411764705882353,RPC-GB,0.5
1202,LR-REAL-Political,0.6235294117647059,0.6557224962117667,5.470588235294118,RPC-GB,0.5
1203,LR-REAL-Political,0.5058823529411764,0.562435162138645,5.647058823529412,RPC-GB,0.5
1204,LR-REAL-Political,0.5843137254901962,0.6247875470931336,5.705882352941177,RPC-GB,0.5
1205,LR-REAL-Political,0.5686274509803921,0.5225062368487853,5.705882352941177,RPC-GB,0.5
1206,LR-REAL-Political,0.5450980392156862,0.5872190011760192,5.647058823529412,RPC-GB,0.5
1207,LR-REAL-Political,0.596078431372549,0.671914208316072,5.764705882352941,RPC-GB,0.5
1208,LR-REAL-Political,0.6000000000000001,0.6220038960931256,5.352941176470588,RPC-GB,0.5
1209,LR-REAL-Political,0.5176470588235295,0.5399075929262144,5.764705882352941,RPC-GB,0.5
1210,LR-REAL-Political,0.592156862745098,0.6847671580855099,5.823529411764706,RPC-GB,0.5
1211,LR-REAL-Political,0.6117647058823529,0.6006254656119532,5.882352941176471,RPC-GB,0.5
1212,LR-REAL-Political,0.603921568627451,0.7016767839652965,5.470588235294118,RPC-GB,0.5
1213,LR-REAL-Political,0.5529411764705883,0.4837469357124265,5.882352941176471,RPC-GB,0.5
1214,LR-REAL-Political,0.584313725490196,0.6110884841161944,5.882352941176471,RPC-GB,0.5
1215,LR-REAL-Political,0.5529411764705883,0.7034049298106566,5.647058823529412,RPC-GB,0.5
1216,LR-REAL-Political,0.6,0.5380901779589268,5.588235294117647,RPC-GB,0.5
1217,LR-REAL-Political,0.4588235294117647,0.5055791730560107,5.529411764705882,RPC-GB,0.5
1218,LR-REAL-Political,0.5568627450980392,0.5136982073398378,5.764705882352941,RPC-GB,0.5
1219,LR-REAL-Political,0.4862745098039216,0.5087543025379639,5.176470588235294,RPC-GB,0.5
1220,LR-REAL-Political,0.5137254901960784,0.5185938450384211,5.529411764705882,RPC-GB,0.5
1221,LR-REAL-Political,0.5215686274509803,0.49527301913021926,5.705882352941177,RPC-GB,0.5
1222,LR-REAL-Political,0.5372549019607843,0.5160330725412267,5.882352941176471,RPC-GB,0.5
1223,LR-REAL-Political,0.6862745098039216,0.5168293106586092,5.764705882352941,RPC-GB,0.5
1224,LR-REAL-Political,0.5647058823529412,0.506938288208917,5.764705882352941,RPC-GB,0.5
1225,LR-REAL-Political,0.5333333333333333,0.5251001987605008,5.823529411764706,RPC-GB,0.5
1226,LR-REAL-Political,0.5647058823529412,0.5729822165566169,5.235294117647059,RPC-GB,0.5
1227,LR-REAL-Political,0.5921568627450979,0.501013311075613,5.529411764705882,RPC-GB,0.5
1228,LR-REAL-Political,0.6392156862745098,0.5495895528912881,5.0588235294117645,RPC-GB,0.5
1229,LR-REAL-Political,0.5764705882352942,0.5464812632452367,5.823529411764706,RPC-GB,0.5
1230,LR-REAL-Political,0.5294117647058824,0.5713293175493832,5.882352941176471,RPC-GB,0.5
1231,LR-REAL-Political,0.3725490196078431,0.5105289876747874,5.352941176470588,RPC-GB,0.5
1232,LR-REAL-Political,0.6235294117647059,0.5431670274554126,5.411764705882353,RPC-GB,0.5
1233,LR-REAL-Political,0.603921568627451,0.5452045345066245,5.647058823529412,RPC-GB,0.5
1234,LR-REAL-Political,0.6980392156862746,0.6319227822242104,5.823529411764706,RPC-GB,0.5
1235,LR-REAL-Political,0.5490196078431373,0.5406648914002004,5.764705882352941,RPC-GB,0.5
1236,LR-REAL-Political,0.580392156862745,0.5296854777986754,5.823529411764706,RPC-GB,0.5
1237,LR-REAL-Political,0.392156862745098,0.5895199787079527,5.588235294117647,RPC-GB,0.5
1238,LR-REAL-Political,0.6901960784313727,0.6457259571344952,5.823529411764706,RPC-GB,0.5
1239,LR-REAL-Political,0.6274509803921569,0.6097571369951318,5.823529411764706,RPC-GB,0.5
1240,LR-REAL-Political,0.5725490196078431,0.6466259441204762,5.529411764705882,RPC-GB,0.5
1241,LR-REAL-Political,0.6313725490196079,0.4899265388558159,5.764705882352941,RPC-GB,0.5
1242,LR-REAL-Political,0.5176470588235295,0.5754493879222113,5.823529411764706,RPC-GB,0.5
1243,LR-REAL-Political,0.596078431372549,0.6347281063435979,5.588235294117647,RPC-GB,0.5
1244,LR-REAL-Political,0.5490196078431373,0.5472722552086426,5.352941176470588,RPC-GB,0.5
1245,LR-REAL-Political,0.5254901960784313,0.7548251117648999,5.588235294117647,RPC-GB,0.5
1246,LR-REAL-Political,0.5372549019607844,0.7556917142603038,5.235294117647059,RPC-GB,0.5
1247,LR-REAL-Political,0.44313725490196076,0.554194974672981,5.235294117647059,RPC-GB,0.5
1248,LR-REAL-Political,0.6823529411764705,0.5764513655231834,5.470588235294118,RPC-GB,0.5
1249,LR-REAL-Political,0.6745098039215687,0.4972133252748387,5.470588235294118,RPC-GB,0.5
1250,LR-REAL-Political,0.14901960784313725,1.2486236079947965,2.176470588235294,Chain-GBR-PI,0.6
1251,LR-REAL-Political,-0.06274509803921567,1.2444929065083827,1.9411764705882353,Chain-GBR-PI,0.6
1252,LR-REAL-Political,0.15294117647058825,1.2501658005576675,2.5294117647058822,Chain-GBR-PI,0.6
1253,LR-REAL-Political,0.19607843137254902,1.244231830050555,2.176470588235294,Chain-GBR-PI,0.6
1254,LR-REAL-Political,0.08627450980392158,1.2547337231963616,2.0588235294117645,Chain-GBR-PI,0.6
1255,LR-REAL-Political,0.12941176470588234,1.2549657415752296,2.0588235294117645,Chain-GBR-PI,0.6
1256,LR-REAL-Political,0.15294117647058825,1.256278143589447,1.8823529411764706,Chain-GBR-PI,0.6
1257,LR-REAL-Political,0.04313725490196079,1.265752626241873,2.176470588235294,Chain-GBR-PI,0.6
1258,LR-REAL-Political,-0.03137254901960785,1.2709427385272656,2.0588235294117645,Chain-GBR-PI,0.6
1259,LR-REAL-Political,0.10588235294117646,1.2631633909546731,1.7647058823529411,Chain-GBR-PI,0.6
1260,LR-REAL-Political,-0.0196078431372549,1.2619989116573516,1.9411764705882353,Chain-GBR-PI,0.6
1261,LR-REAL-Political,0.19607843137254902,1.250698274171963,2.1176470588235294,Chain-GBR-PI,0.6
1262,LR-REAL-Political,0.07843137254901962,1.2536022740304518,1.8823529411764706,Chain-GBR-PI,0.6
1263,LR-REAL-Political,0.07058823529411766,1.2393922191807327,2.2941176470588234,Chain-GBR-PI,0.6
1264,LR-REAL-Political,-0.04313725490196079,1.2289113035237564,2.176470588235294,Chain-GBR-PI,0.6
1265,LR-REAL-Political,0.09019607843137255,1.2430679807818568,2.0588235294117645,Chain-GBR-PI,0.6
1266,LR-REAL-Political,0.11372549019607844,1.24776721449251,2.1176470588235294,Chain-GBR-PI,0.6
1267,LR-REAL-Political,0.07450980392156863,1.2394528866715657,1.9411764705882353,Chain-GBR-PI,0.6
1268,LR-REAL-Political,0.03137254901960785,1.2436951344216096,1.9411764705882353,Chain-GBR-PI,0.6
1269,LR-REAL-Political,0.03137254901960785,1.238700616684143,1.8235294117647058,Chain-GBR-PI,0.6
1270,LR-REAL-Political,0.17647058823529413,1.2468967806167404,2.1176470588235294,Chain-GBR-PI,0.6
1271,LR-REAL-Political,0.003921568627450986,1.246074122914091,2.0,Chain-GBR-PI,0.6
1272,LR-REAL-Political,0.08235294117647059,1.2461288515964717,1.8823529411764706,Chain-GBR-PI,0.6
1273,LR-REAL-Political,0.2549019607843137,1.2398383304198666,2.1176470588235294,Chain-GBR-PI,0.6
1274,LR-REAL-Political,0.15294117647058827,1.2458947476465292,1.8235294117647058,Chain-GBR-PI,0.6
1275,LR-REAL-Political,0.05098039215686273,1.2500080127012216,1.588235294117647,Chain-GBR-PI,0.6
1276,LR-REAL-Political,0.1450980392156863,1.248476175116782,1.9411764705882353,Chain-GBR-PI,0.6
1277,LR-REAL-Political,0.2156862745098039,1.2490596739886375,2.3529411764705883,Chain-GBR-PI,0.6
1278,LR-REAL-Political,0.12156862745098038,1.2413723425738779,2.176470588235294,Chain-GBR-PI,0.6
1279,LR-REAL-Political,0.19215686274509802,1.2392059999972096,1.8823529411764706,Chain-GBR-PI,0.6
1280,LR-REAL-Political,0.06666666666666667,1.256217767099697,1.8235294117647058,Chain-GBR-PI,0.6
1281,LR-REAL-Political,0.12941176470588237,1.2474111234694096,2.0,Chain-GBR-PI,0.6
1282,LR-REAL-Political,0.19215686274509805,1.2510928405931354,2.3529411764705883,Chain-GBR-PI,0.6
1283,LR-REAL-Political,0.10196078431372549,1.2585200968679557,2.0588235294117645,Chain-GBR-PI,0.6
1284,LR-REAL-Political,0.0980392156862745,1.2749203856355655,1.8235294117647058,Chain-GBR-PI,0.6
1285,LR-REAL-Political,0.09411764705882353,1.3034828061444113,1.7647058823529411,Chain-GBR-PI,0.6
1286,LR-REAL-Political,0.023529411764705885,1.3345640708105215,2.1176470588235294,Chain-GBR-PI,0.6
1287,LR-REAL-Political,0.1450980392156863,1.3438354381163582,2.0588235294117645,Chain-GBR-PI,0.6
1288,LR-REAL-Political,0.1215686274509804,1.3292655209546471,1.8823529411764706,Chain-GBR-PI,0.6
1289,LR-REAL-Political,-0.019607843137254898,1.3054935073588134,1.8235294117647058,Chain-GBR-PI,0.6
1290,LR-REAL-Political,0.08235294117647059,1.2848848567959488,1.8823529411764706,Chain-GBR-PI,0.6
1291,LR-REAL-Political,0.007843137254901962,1.2358328255009856,2.176470588235294,Chain-GBR-PI,0.6
1292,LR-REAL-Political,0.01960784313725491,1.2335381300402162,1.7058823529411764,Chain-GBR-PI,0.6
1293,LR-REAL-Political,0.06274509803921569,1.2386656478158695,1.8235294117647058,Chain-GBR-PI,0.6
1294,LR-REAL-Political,0.09019607843137256,1.2353269529341555,1.8235294117647058,Chain-GBR-PI,0.6
1295,LR-REAL-Political,0.06274509803921569,1.2264582645110094,2.0588235294117645,Chain-GBR-PI,0.6
1296,LR-REAL-Political,0.03529411764705882,1.2380592560108428,2.3529411764705883,Chain-GBR-PI,0.6
1297,LR-REAL-Political,0.07450980392156863,1.2350958830970626,1.8823529411764706,Chain-GBR-PI,0.6
1298,LR-REAL-Political,0.14901960784313728,1.2341512265208552,2.2941176470588234,Chain-GBR-PI,0.6
1299,LR-REAL-Political,0.058823529411764705,1.2423981740577854,1.9411764705882353,Chain-GBR-PI,0.6
1300,LR-REAL-Political,0.3254901960784314,1.2277471749842788,3.823529411764706,Chain-GBR-RR,0.6
1301,LR-REAL-Political,0.0627450980392157,1.2219807069480164,3.6470588235294117,Chain-GBR-RR,0.6
1302,LR-REAL-Political,0.30980392156862746,1.2339514261389113,3.6470588235294117,Chain-GBR-RR,0.6
1303,LR-REAL-Political,0.3411764705882353,1.2138893496760488,3.588235294117647,Chain-GBR-RR,0.6
1304,LR-REAL-Political,0.25490196078431376,1.2367068990337187,3.9411764705882355,Chain-GBR-RR,0.6
1305,LR-REAL-Political,0.34509803921568627,1.2404912840214786,3.7058823529411766,Chain-GBR-RR,0.6
1306,LR-REAL-Political,0.27058823529411763,1.2394215619907119,3.5294117647058822,Chain-GBR-RR,0.6
1307,LR-REAL-Political,0.1843137254901961,1.2708359839865786,3.3529411764705883,Chain-GBR-RR,0.6
1308,LR-REAL-Political,0.12549019607843137,1.2523180727994605,3.3529411764705883,Chain-GBR-RR,0.6
1309,LR-REAL-Political,0.3529411764705882,1.235439889562185,3.6470588235294117,Chain-GBR-RR,0.6
1310,LR-REAL-Political,0.1647058823529412,1.235774204646695,3.3529411764705883,Chain-GBR-RR,0.6
1311,LR-REAL-Political,0.36078431372549025,1.225480144995664,3.588235294117647,Chain-GBR-RR,0.6
1312,LR-REAL-Political,0.31764705882352945,1.2240957695738441,3.7058823529411766,Chain-GBR-RR,0.6
1313,LR-REAL-Political,0.196078431372549,1.2176509404002425,3.7058823529411766,Chain-GBR-RR,0.6
1314,LR-REAL-Political,0.13725490196078433,1.2068812314109203,3.823529411764706,Chain-GBR-RR,0.6
1315,LR-REAL-Political,0.2274509803921569,1.2279205014143242,3.823529411764706,Chain-GBR-RR,0.6
1316,LR-REAL-Political,0.33333333333333337,1.216946367277602,3.6470588235294117,Chain-GBR-RR,0.6
1317,LR-REAL-Political,0.2784313725490196,1.2165531225048827,3.4705882352941178,Chain-GBR-RR,0.6
1318,LR-REAL-Political,0.20392156862745095,1.2202757026055184,3.411764705882353,Chain-GBR-RR,0.6
1319,LR-REAL-Political,0.25882352941176473,1.2179082323250592,3.7058823529411766,Chain-GBR-RR,0.6
1320,LR-REAL-Political,0.2980392156862745,1.2227902643656798,3.3529411764705883,Chain-GBR-RR,0.6
1321,LR-REAL-Political,0.17647058823529413,1.2209319941544468,3.588235294117647,Chain-GBR-RR,0.6
1322,LR-REAL-Political,0.2196078431372549,1.229857167510749,3.2941176470588234,Chain-GBR-RR,0.6
1323,LR-REAL-Political,0.4549019607843137,1.2188343529364536,3.823529411764706,Chain-GBR-RR,0.6
1324,LR-REAL-Political,0.4313725490196078,1.2220117177232686,3.764705882352941,Chain-GBR-RR,0.6
1325,LR-REAL-Political,0.1843137254901961,1.2174809153482493,3.3529411764705883,Chain-GBR-RR,0.6
1326,LR-REAL-Political,0.30196078431372547,1.2228917997198983,3.823529411764706,Chain-GBR-RR,0.6
1327,LR-REAL-Political,0.3803921568627451,1.226114680307365,4.0,Chain-GBR-RR,0.6
1328,LR-REAL-Political,0.16078431372549018,1.218829709053783,3.5294117647058822,Chain-GBR-RR,0.6
1329,LR-REAL-Political,0.396078431372549,1.2589377333221075,3.411764705882353,Chain-GBR-RR,0.6
1330,LR-REAL-Political,0.2352941176470588,1.2421962086204341,3.588235294117647,Chain-GBR-RR,0.6
1331,LR-REAL-Political,0.3686274509803922,1.2321993072175286,3.764705882352941,Chain-GBR-RR,0.6
1332,LR-REAL-Political,0.4196078431372549,1.2377216066484307,4.117647058823529,Chain-GBR-RR,0.6
1333,LR-REAL-Political,0.15294117647058825,1.232278280084364,3.6470588235294117,Chain-GBR-RR,0.6
1334,LR-REAL-Political,0.19607843137254902,1.2383404617563132,3.9411764705882355,Chain-GBR-RR,0.6
1335,LR-REAL-Political,0.3333333333333333,1.3158503456646191,3.3529411764705883,Chain-GBR-RR,0.6
1336,LR-REAL-Political,0.14901960784313728,1.3242569853880584,3.7058823529411766,Chain-GBR-RR,0.6
1337,LR-REAL-Political,0.2901960784313725,1.3121303420252677,3.7058823529411766,Chain-GBR-RR,0.6
1338,LR-REAL-Political,0.2941176470588235,1.2953745441308278,3.6470588235294117,Chain-GBR-RR,0.6
1339,LR-REAL-Political,0.2,1.282361803527331,3.176470588235294,Chain-GBR-RR,0.6
1340,LR-REAL-Political,0.3176470588235294,1.253139210736946,3.9411764705882355,Chain-GBR-RR,0.6
1341,LR-REAL-Political,0.21176470588235294,1.220001981791148,3.823529411764706,Chain-GBR-RR,0.6
1342,LR-REAL-Political,0.28235294117647064,1.2129302889869813,3.5294117647058822,Chain-GBR-RR,0.6
1343,LR-REAL-Political,0.3764705882352941,1.22001564503433,3.823529411764706,Chain-GBR-RR,0.6
1344,LR-REAL-Political,0.3137254901960784,1.211001992431,3.588235294117647,Chain-GBR-RR,0.6
1345,LR-REAL-Political,0.3490196078431373,1.206745694927902,3.764705882352941,Chain-GBR-RR,0.6
1346,LR-REAL-Political,0.22745098039215683,1.2173174698110225,3.588235294117647,Chain-GBR-RR,0.6
1347,LR-REAL-Political,0.24705882352941172,1.213404951449275,3.588235294117647,Chain-GBR-RR,0.6
1348,LR-REAL-Political,0.25098039215686274,1.2243534825408533,3.764705882352941,Chain-GBR-RR,0.6
1349,LR-REAL-Political,0.26666666666666666,1.2209930754582075,3.8823529411764706,Chain-GBR-RR,0.6
1350,LR-REAL-Political,0.6823529411764706,0.4441258279554883,4.176470588235294,ST-GBR-RR,0.6
1351,LR-REAL-Political,0.5490196078431373,0.4608357193882121,4.294117647058823,ST-GBR-RR,0.6
1352,LR-REAL-Political,0.7254901960784315,0.5132826274914308,4.352941176470588,ST-GBR-RR,0.6
1353,LR-REAL-Political,0.6470588235294118,0.48170006281618644,4.294117647058823,ST-GBR-RR,0.6
1354,LR-REAL-Political,0.6627450980392158,0.42831836639985005,4.705882352941177,ST-GBR-RR,0.6
1355,LR-REAL-Political,0.6666666666666666,0.460738969737448,4.352941176470588,ST-GBR-RR,0.6
1356,LR-REAL-Political,0.6431372549019607,0.5125520242549778,4.176470588235294,ST-GBR-RR,0.6
1357,LR-REAL-Political,0.592156862745098,0.47140891929903744,4.0,ST-GBR-RR,0.6
1358,LR-REAL-Political,0.5294117647058824,0.44651123522598873,3.8823529411764706,ST-GBR-RR,0.6
1359,LR-REAL-Political,0.627450980392157,0.44514602866476993,4.235294117647059,ST-GBR-RR,0.6
1360,LR-REAL-Political,0.592156862745098,0.4372225780164069,4.235294117647059,ST-GBR-RR,0.6
1361,LR-REAL-Political,0.7686274509803921,0.46262545575586117,4.411764705882353,ST-GBR-RR,0.6
1362,LR-REAL-Political,0.6705882352941177,0.436324363263682,4.176470588235294,ST-GBR-RR,0.6
1363,LR-REAL-Political,0.6392156862745099,0.44008749104025313,4.0588235294117645,ST-GBR-RR,0.6
1364,LR-REAL-Political,0.607843137254902,0.4326823047774163,4.117647058823529,ST-GBR-RR,0.6
1365,LR-REAL-Political,0.627450980392157,0.44893761524421744,4.470588235294118,ST-GBR-RR,0.6
1366,LR-REAL-Political,0.6196078431372549,0.5187353593486663,4.0588235294117645,ST-GBR-RR,0.6
1367,LR-REAL-Political,0.5803921568627451,0.39457547534797255,4.235294117647059,ST-GBR-RR,0.6
1368,LR-REAL-Political,0.6352941176470589,0.41887726486763993,3.8823529411764706,ST-GBR-RR,0.6
1369,LR-REAL-Political,0.5607843137254901,0.4720910935805374,4.294117647058823,ST-GBR-RR,0.6
1370,LR-REAL-Political,0.5725490196078431,0.5291008823949442,4.117647058823529,ST-GBR-RR,0.6
1371,LR-REAL-Political,0.6549019607843137,0.43997397074699857,4.176470588235294,ST-GBR-RR,0.6
1372,LR-REAL-Political,0.5333333333333333,0.45088582858761245,3.9411764705882355,ST-GBR-RR,0.6
1373,LR-REAL-Political,0.7333333333333334,0.4480850769242882,4.352941176470588,ST-GBR-RR,0.6
1374,LR-REAL-Political,0.603921568627451,0.4493121796350933,4.352941176470588,ST-GBR-RR,0.6
1375,LR-REAL-Political,0.6313725490196078,0.43961920778746144,4.117647058823529,ST-GBR-RR,0.6
1376,LR-REAL-Political,0.584313725490196,0.44307031219859366,4.294117647058823,ST-GBR-RR,0.6
1377,LR-REAL-Political,0.7411764705882353,0.5172149580685188,4.117647058823529,ST-GBR-RR,0.6
1378,LR-REAL-Political,0.6666666666666667,0.5073512357433276,4.294117647058823,ST-GBR-RR,0.6
1379,LR-REAL-Political,0.6078431372549019,0.5250231714684072,3.8823529411764706,ST-GBR-RR,0.6
1380,LR-REAL-Political,0.6588235294117648,0.5154093603930081,4.470588235294118,ST-GBR-RR,0.6
1381,LR-REAL-Political,0.5882352941176471,0.5166335528659913,4.352941176470588,ST-GBR-RR,0.6
1382,LR-REAL-Political,0.6666666666666667,0.48994814355060357,4.176470588235294,ST-GBR-RR,0.6
1383,LR-REAL-Political,0.6,0.4569667481282902,4.176470588235294,ST-GBR-RR,0.6
1384,LR-REAL-Political,0.6392156862745098,0.4427563992988421,4.294117647058823,ST-GBR-RR,0.6
1385,LR-REAL-Political,0.6941176470588235,0.5133508569370356,4.529411764705882,ST-GBR-RR,0.6
1386,LR-REAL-Political,0.6627450980392157,0.4536132997280811,4.352941176470588,ST-GBR-RR,0.6
1387,LR-REAL-Political,0.603921568627451,0.43151453170088117,4.117647058823529,ST-GBR-RR,0.6
1388,LR-REAL-Political,0.5764705882352942,0.44637101983885313,3.823529411764706,ST-GBR-RR,0.6
1389,LR-REAL-Political,0.6588235294117647,0.49947243663747365,4.9411764705882355,ST-GBR-RR,0.6
1390,LR-REAL-Political,0.6666666666666667,0.42908043134364054,4.235294117647059,ST-GBR-RR,0.6
1391,LR-REAL-Political,0.6156862745098041,0.4512276903942133,4.117647058823529,ST-GBR-RR,0.6
1392,LR-REAL-Political,0.6078431372549019,0.459164940034592,4.176470588235294,ST-GBR-RR,0.6
1393,LR-REAL-Political,0.615686274509804,0.4695754045918489,4.352941176470588,ST-GBR-RR,0.6
1394,LR-REAL-Political,0.607843137254902,0.5711452148160091,4.176470588235294,ST-GBR-RR,0.6
1395,LR-REAL-Political,0.6784313725490196,0.4853832591431348,4.0588235294117645,ST-GBR-RR,0.6
1396,LR-REAL-Political,0.615686274509804,0.4362626267350597,3.823529411764706,ST-GBR-RR,0.6
1397,LR-REAL-Political,0.592156862745098,0.4435430778435353,4.647058823529412,ST-GBR-RR,0.6
1398,LR-REAL-Political,0.6745098039215687,0.45535716621064276,4.0588235294117645,ST-GBR-RR,0.6
1399,LR-REAL-Political,0.7529411764705882,0.5251562365021458,4.411764705882353,ST-GBR-RR,0.6
1400,LR-REAL-Political,0.4509803921568627,0.5117264767056162,3.588235294117647,ST-GBR-PI,0.6
1401,LR-REAL-Political,0.26666666666666666,0.46640190768656603,3.411764705882353,ST-GBR-PI,0.6
1402,LR-REAL-Political,0.4156862745098039,0.463822697965444,3.176470588235294,ST-GBR-PI,0.6
1403,LR-REAL-Political,0.39607843137254894,0.4532445090232046,3.176470588235294,ST-GBR-PI,0.6
1404,LR-REAL-Political,0.3686274509803922,0.5053735161691004,3.5294117647058822,ST-GBR-PI,0.6
1405,LR-REAL-Political,0.23921568627450984,0.5502369318188689,3.0588235294117645,ST-GBR-PI,0.6
1406,LR-REAL-Political,0.2980392156862745,0.49332293415875705,2.411764705882353,ST-GBR-PI,0.6
1407,LR-REAL-Political,0.29803921568627456,0.4422108029486526,3.235294117647059,ST-GBR-PI,0.6
1408,LR-REAL-Political,0.29803921568627456,0.4656614276538485,3.0,ST-GBR-PI,0.6
1409,LR-REAL-Political,0.4156862745098039,0.5290325884466632,3.2941176470588234,ST-GBR-PI,0.6
1410,LR-REAL-Political,0.25098039215686274,0.496171387657319,2.764705882352941,ST-GBR-PI,0.6
1411,LR-REAL-Political,0.4862745098039215,0.470462122037171,3.0588235294117645,ST-GBR-PI,0.6
1412,LR-REAL-Political,0.3568627450980392,0.45613397954530316,3.3529411764705883,ST-GBR-PI,0.6
1413,LR-REAL-Political,0.28627450980392155,0.4511271780753677,2.764705882352941,ST-GBR-PI,0.6
1414,LR-REAL-Political,0.36470588235294116,0.46745962614855885,3.1176470588235294,ST-GBR-PI,0.6
1415,LR-REAL-Political,0.3686274509803921,0.42750525216695134,3.1176470588235294,ST-GBR-PI,0.6
1416,LR-REAL-Political,0.392156862745098,0.4624665698086995,2.9411764705882355,ST-GBR-PI,0.6
1417,LR-REAL-Political,0.30980392156862746,0.44095971721989036,2.764705882352941,ST-GBR-PI,0.6
1418,LR-REAL-Political,0.3058823529411765,0.46684203268634505,2.764705882352941,ST-GBR-PI,0.6
1419,LR-REAL-Political,0.30980392156862746,0.46932917120537176,2.764705882352941,ST-GBR-PI,0.6
1420,LR-REAL-Political,0.30588235294117644,0.5278757872958391,3.176470588235294,ST-GBR-PI,0.6
1421,LR-REAL-Political,0.27450980392156865,0.4431738685928494,2.8823529411764706,ST-GBR-PI,0.6
1422,LR-REAL-Political,0.30588235294117644,0.535502737537278,3.0588235294117645,ST-GBR-PI,0.6
1423,LR-REAL-Political,0.44313725490196076,0.45402715750217837,3.0588235294117645,ST-GBR-PI,0.6
1424,LR-REAL-Political,0.35294117647058826,0.46464137271995787,2.8823529411764706,ST-GBR-PI,0.6
1425,LR-REAL-Political,0.3137254901960784,0.45409634084673206,2.588235294117647,ST-GBR-PI,0.6
1426,LR-REAL-Political,0.4470588235294118,0.45591692814522117,2.823529411764706,ST-GBR-PI,0.6
1427,LR-REAL-Political,0.37254901960784315,0.5796421665333419,2.9411764705882355,ST-GBR-PI,0.6
1428,LR-REAL-Political,0.26666666666666666,0.5353083368321555,2.588235294117647,ST-GBR-PI,0.6
1429,LR-REAL-Political,0.2980392156862745,0.5431034517952112,3.235294117647059,ST-GBR-PI,0.6
1430,LR-REAL-Political,0.36470588235294116,0.535236205615854,3.0588235294117645,ST-GBR-PI,0.6
1431,LR-REAL-Political,0.34901960784313724,0.5290603179458532,3.4705882352941178,ST-GBR-PI,0.6
1432,LR-REAL-Political,0.3176470588235294,0.5377792455357224,2.7058823529411766,ST-GBR-PI,0.6
1433,LR-REAL-Political,0.3764705882352941,0.4680683375111211,3.176470588235294,ST-GBR-PI,0.6
1434,LR-REAL-Political,0.3019607843137255,0.5083839511529424,2.9411764705882355,ST-GBR-PI,0.6
1435,LR-REAL-Political,0.4431372549019607,0.5128728186907648,3.235294117647059,ST-GBR-PI,0.6
1436,LR-REAL-Political,0.2901960784313726,0.4687946973788925,2.9411764705882355,ST-GBR-PI,0.6
1437,LR-REAL-Political,0.35294117647058826,0.5141268200405621,3.176470588235294,ST-GBR-PI,0.6
1438,LR-REAL-Political,0.3647058823529412,0.4677557722909252,2.8823529411764706,ST-GBR-PI,0.6
1439,LR-REAL-Political,0.31764705882352945,0.4901942791442655,3.176470588235294,ST-GBR-PI,0.6
1440,LR-REAL-Political,0.2941176470588235,0.52173542380501,2.9411764705882355,ST-GBR-PI,0.6
1441,LR-REAL-Political,0.30588235294117655,0.4654032741740419,3.2941176470588234,ST-GBR-PI,0.6
1442,LR-REAL-Political,0.36078431372549025,0.49138740759659916,3.235294117647059,ST-GBR-PI,0.6
1443,LR-REAL-Political,0.39999999999999997,0.45786792839461987,3.0588235294117645,ST-GBR-PI,0.6
1444,LR-REAL-Political,0.40392156862745093,0.5346131266158901,2.7058823529411766,ST-GBR-PI,0.6
1445,LR-REAL-Political,0.4392156862745098,0.5122995874803318,3.411764705882353,ST-GBR-PI,0.6
1446,LR-REAL-Political,0.3058823529411765,0.4812065687414002,3.176470588235294,ST-GBR-PI,0.6
1447,LR-REAL-Political,0.30980392156862746,0.5185375103018252,3.3529411764705883,ST-GBR-PI,0.6
1448,LR-REAL-Political,0.39607843137254894,0.4988299170008579,3.2941176470588234,ST-GBR-PI,0.6
1449,LR-REAL-Political,0.4313725490196078,0.5475629302891156,3.0588235294117645,ST-GBR-PI,0.6
1450,LR-REAL-Political,0.5921568627450982,0.5334087759487577,5.882352941176471,RPC-GB,0.6
1451,LR-REAL-Political,0.5058823529411764,0.503478848525176,5.647058823529412,RPC-GB,0.6
1452,LR-REAL-Political,0.4784313725490196,0.47147897533147076,5.0588235294117645,RPC-GB,0.6
1453,LR-REAL-Political,0.4901960784313726,0.531647345138165,6.0,RPC-GB,0.6
1454,LR-REAL-Political,0.4862745098039216,0.6248172843106868,5.294117647058823,RPC-GB,0.6
1455,LR-REAL-Political,0.5450980392156863,0.5945704455682846,6.0,RPC-GB,0.6
1456,LR-REAL-Political,0.3215686274509804,0.4961892058682768,5.764705882352941,RPC-GB,0.6
1457,LR-REAL-Political,0.5333333333333333,0.4841008246757938,5.823529411764706,RPC-GB,0.6
1458,LR-REAL-Political,0.5568627450980392,0.5226924338809209,5.9411764705882355,RPC-GB,0.6
1459,LR-REAL-Political,0.44313725490196076,0.5449411028200819,5.764705882352941,RPC-GB,0.6
1460,LR-REAL-Political,0.611764705882353,0.5339751898234408,5.352941176470588,RPC-GB,0.6
1461,LR-REAL-Political,0.5725490196078431,0.4606193671066478,5.823529411764706,RPC-GB,0.6
1462,LR-REAL-Political,0.5019607843137255,0.523752714549236,5.882352941176471,RPC-GB,0.6
1463,LR-REAL-Political,0.4666666666666667,0.45694578219335175,5.882352941176471,RPC-GB,0.6
1464,LR-REAL-Political,0.5254901960784314,0.45214791843722313,5.823529411764706,RPC-GB,0.6
1465,LR-REAL-Political,0.4352941176470587,0.46137821719339306,5.588235294117647,RPC-GB,0.6
1466,LR-REAL-Political,0.5333333333333333,0.44678040070868935,5.647058823529412,RPC-GB,0.6
1467,LR-REAL-Political,0.4078431372549019,0.4789256470394075,5.764705882352941,RPC-GB,0.6
1468,LR-REAL-Political,0.580392156862745,0.474674452923509,5.705882352941177,RPC-GB,0.6
1469,LR-REAL-Political,0.5333333333333333,0.48709135029840983,5.823529411764706,RPC-GB,0.6
1470,LR-REAL-Political,0.4392156862745098,0.6125766220264073,5.882352941176471,RPC-GB,0.6
1471,LR-REAL-Political,0.4666666666666667,0.5194119804118545,5.705882352941177,RPC-GB,0.6
1472,LR-REAL-Political,0.5215686274509803,0.6853998412344549,5.882352941176471,RPC-GB,0.6
1473,LR-REAL-Political,0.6196078431372549,0.5051420227059645,5.882352941176471,RPC-GB,0.6
1474,LR-REAL-Political,0.4627450980392157,0.5464683067830766,5.705882352941177,RPC-GB,0.6
1475,LR-REAL-Political,0.44705882352941184,0.5595985259022019,5.647058823529412,RPC-GB,0.6
1476,LR-REAL-Political,0.4745098039215686,0.4675324571866227,5.882352941176471,RPC-GB,0.6
1477,LR-REAL-Political,0.611764705882353,0.6077413087011154,5.705882352941177,RPC-GB,0.6
1478,LR-REAL-Political,0.5607843137254903,0.6512112602435366,5.764705882352941,RPC-GB,0.6
1479,LR-REAL-Political,0.4901960784313726,0.6694491152977723,6.0,RPC-GB,0.6
1480,LR-REAL-Political,0.5686274509803921,0.6729564937884194,5.823529411764706,RPC-GB,0.6
1481,LR-REAL-Political,0.42745098039215684,0.5629717939399356,5.705882352941177,RPC-GB,0.6
1482,LR-REAL-Political,0.5215686274509804,0.6454629976295136,5.647058823529412,RPC-GB,0.6
1483,LR-REAL-Political,0.6352941176470589,0.6187168161508034,5.823529411764706,RPC-GB,0.6
1484,LR-REAL-Political,0.42745098039215684,0.4995248733160637,5.823529411764706,RPC-GB,0.6
1485,LR-REAL-Political,0.5058823529411764,0.5178709982926412,5.882352941176471,RPC-GB,0.6
1486,LR-REAL-Political,0.45490196078431366,0.5087387248598172,5.823529411764706,RPC-GB,0.6
1487,LR-REAL-Political,0.5215686274509803,0.5173189314938101,6.0,RPC-GB,0.6
1488,LR-REAL-Political,0.37254901960784315,0.5540106885425282,6.0,RPC-GB,0.6
1489,LR-REAL-Political,0.5019607843137254,0.5289656968425566,5.764705882352941,RPC-GB,0.6
1490,LR-REAL-Political,0.4784313725490196,0.5194829455843728,5.176470588235294,RPC-GB,0.6
1491,LR-REAL-Political,0.5529411764705883,0.47120444126579675,5.882352941176471,RPC-GB,0.6
1492,LR-REAL-Political,0.5098039215686275,0.5156996078772914,5.705882352941177,RPC-GB,0.6
1493,LR-REAL-Political,0.5176470588235295,0.5174837764181468,5.9411764705882355,RPC-GB,0.6
1494,LR-REAL-Political,0.3215686274509804,0.5133248369806964,5.9411764705882355,RPC-GB,0.6
1495,LR-REAL-Political,0.4392156862745098,0.5411782502291327,5.9411764705882355,RPC-GB,0.6
1496,LR-REAL-Political,0.5254901960784313,0.4926723209785102,5.9411764705882355,RPC-GB,0.6
1497,LR-REAL-Political,0.4784313725490196,0.6280742340959551,5.9411764705882355,RPC-GB,0.6
1498,LR-REAL-Political,0.49411764705882344,0.5084575279472849,5.9411764705882355,RPC-GB,0.6
1499,LR-REAL-Political,0.5450980392156863,0.6150163688119227,5.647058823529412,RPC-GB,0.6
