A1,A2,A3,A4,A5,A6,A7,A8,A9,A10,A11,A12,A13,A14,A15,A16,A17,A18,A19,A20,A21,A22,A23,A24,A25,A26,A27,A28,A29,A30,A31,A32,A33,A34,A35,A36,A37,A38,A39,A40,A41,A42,A43,A44,A45,A46,A47,A48,A49,A50,A51,A52,A53,A54,A55,A56,A57,A58,A59,A60,A61,A62,A63,A64,A65,A66,A67,A68,A69,A70,A71,A72,A73,A74,A75,A76,A77,A78,A79,A80,A81,A82,A83,A84,A85,A86,A87,A88,A89,A90,L1,L2,L3,L4,L5,L6,L7,L8,L9,L10,L11,L12,L13,L14,L15
1.15937,-0.92951,1.16413,-0.95247,1.18023,-0.9488,1.17582,-0.94117,1.10466,-1.04722,0.92957,-1.17604,0.65366,-1.30121,0.25936,-1.32873,-0.2223,-1.14997,-0.60907,-0.7811,-0.91711,-0.309,-1.17685,0.4189,-1.25469,1.30784,-1.24943,1.90645,-1.24152,1.89457,-1.22751,1.39423,-1.1882,0.6779,-0.99863,0.04145,-0.69911,-0.51717,-0.30916,-0.92142,0.21605,-1.2372,0.68384,-1.3784,1.02317,-1.38895,1.2611,-1.29747,1.40398,-1.10351,1.45918,-1.04254,1.36821,-1.11885,1.09844,-1.40874,0.67272,-1.55119,0.17779,-1.44135,-0.35822,-1.09723,-0.80709,-0.60348,-1.11516,0.15323,-1.14091,0.90728,-1.02442,1.48993,-0.89329,1.98256,-0.85514,2.21754,-0.87423,1.98995,-0.91552,1.46309,-0.87759,0.82406,-0.7034,0.2266,-0.42359,-0.24795,-0.06755,-0.58187,0.31463,-0.8215,0.64799,-0.89096,1,4,12,9,10,5,6,13,7,3,15,11,14,8,2
0.56538,-1.51058,0.57806,-1.50929,0.58308,-1.50639,0.59267,-1.49961,0.60201,-1.50859,0.54997,-1.55323,0.4549,-1.59647,0.29114,-1.63148,0.02142,-1.65043,-0.30544,-1.56922,-0.65934,-1.37773,-0.95305,-1.085,-1.22432,-0.63045,-1.49369,-0.08974,-1.67638,0.51649,-1.82369,1.02255,-1.98793,1.45265,-2.11148,1.71621,-2.16975,1.65226,-2.13423,1.24149,-1.9878,0.6209,-1.65866,-0.11182,-1.2927,-0.78005,-0.86228,-1.33043,-0.42007,-1.69128,0.01052,-1.88399,0.44563,-1.94601,0.83824,-1.79792,1.11189,-1.58346,1.31423,-1.36174,1.36011,-1.31766,1.27024,-1.39883,1.07298,-1.56563,0.77683,-1.668,0.40631,-1.69213,-0.00177,-1.59835,-0.35747,-1.34825,-0.67946,-0.96082,-0.9618,-0.47293,-1.21166,0.04325,-1.39993,0.57558,-1.47565,0.95963,-1.48338,1.17,-1.4651,1.24028,-1.422,1.19834,1,6,12,3,5,4,10,14,9,7,15,11,13,8,2
0.77959,-1.70842,0.79293,-1.70731,0.79843,-1.70467,0.8101,-1.6982,0.83319,-1.68318,0.82699,-1.6789,0.65366,-1.71204,0.24879,-1.71046,-0.2223,-1.58282,-0.54622,-1.20971,-0.80368,-0.76703,-1.06493,-0.07777,-1.18378,0.69793,-1.23922,1.25464,-1.2519,1.56386,-1.29136,1.63726,-1.26595,1.25897,-1.13774,0.38263,-0.75888,-0.48526,-0.26079,-1.05056,0.33581,-1.39872,0.88294,-1.49204,1.29562,-1.56995,1.60392,-1.54458,1.71888,-1.4954,1.63089,-1.54418,1.3468,-1.68649,0.85993,-1.78174,0.22255,-1.80936,-0.29017,-1.3936,-0.64832,-0.8296,-0.93828,-0.15124,-1.06231,0.58291,-1.11032,1.05615,-1.09349,1.31792,-1.04668,1.36277,-0.97724,1.10071,-0.84642,0.5079,-0.57301,-0.11243,-0.2188,-0.60298,0.16025,-0.98149,0.52699,-1.20346,0.85817,-1.1918,1.1204,-1.07295,1.28358,-0.97597,1,4,12,7,6,3,10,14,9,5,15,11,13,8,2
-0.00913,-1.23861,-0.01776,-1.23708,-0.02384,-1.23381,-0.03003,-1.22661,-0.02133,-1.20936,-0.04501,-1.26403,-0.1728,-1.3911,-0.44006,-1.47351,-0.80504,-1.39342,-1.17449,-1.1544,-1.47385,-0.73927,-1.75674,-0.35373,-2.00422,0.31838,-2.08403,1.03735,-2.1216,1.52249,-2.18569,1.5372,-2.31008,1.19937,-2.33174,0.64624,-2.22959,0.04109,-2.01338,-0.55019,-1.66438,-1.01099,-1.21359,-1.44329,-0.65701,-1.83327,-0.13238,-2.02236,0.30741,-1.93624,0.6007,-1.70601,0.75672,-1.60543,0.76234,-1.65199,0.62879,-1.77709,0.31149,-1.82368,-0.15736,-1.77424,-0.6759,-1.53916,-1.0834,-1.15126,-1.33472,-0.68557,-1.47828,-0.33042,-1.56428,0.02679,-1.6158,0.46827,-1.66254,0.80161,-1.66543,0.7688,-1.56425,0.43366,-1.3535,0.09236,-1.06957,-0.26125,-0.73009,-0.65974,-0.36713,-0.99752,-0.00478,-1.15817,1,3,12,5,8,6,10,14,7,4,15,11,13,9,2
0.52642,-0.91712,0.52923,-0.90296,0.54391,-0.89923,0.55312,-0.90391,0.57181,-0.91008,0.52945,-0.96233,0.33981,-0.98027,0.05802,-0.78904,-0.2435,-0.39243,-0.33684,0.04848,-0.30882,0.6626,-0.20018,1.26049,0.21401,2.90727,-0.09932,1.78426,-0.24761,1.20553,-0.23734,0.56502,-0.15514,-0.09685,0.07952,-0.78039,0.41282,-1.41048,0.89948,-1.80914,1.49768,-1.72188,1.98393,-1.18353,2.14707,-0.50031,2.05732,-0.29253,1.95773,-0.54841,1.85625,-0.99403,1.7437,-1.42705,1.4996,-1.8628,1.06795,-1.98682,0.54547,-1.7281,0.12161,-1.27039,-0.15107,-0.74388,-0.29065,-0.29183,-0.31465,0.14806,-0.33372,0.73029,-0.23187,1.4867,-0.16026,1.9888,0.11811,2.83116,0.10282,2.78494,-0.07038,1.95486,-0.10905,1.67634,-0.22052,0.98617,-0.17646,0.43035,-0.05722,-0.11747,0.17556,-0.63588,1,5,11,10,3,8,4,13,7,6,15,12,14,9,2
1.34438,-1.05311,1.3692,-0.95247,1.33687,-0.9116,1.36361,-0.94117,1.39619,-0.71055,1.27835,-0.22063,0.95703,0.22645,0.49248,0.60623,0.04256,0.85213,-0.30544,0.82275,-0.50471,0.60708,-0.53591,0.26715,-0.47473,-0.15604,-0.3741,-0.59219,-0.25794,-0.95802,-0.18412,-1.07907,-0.21073,-0.85667,-0.1987,-0.4392,-0.04152,-0.02265,0.23474,0.30531,0.67119,0.45931,1.18747,0.40777,1.62483,0.19084,1.88036,-0.25958,1.96856,-0.90757,1.94207,-1.47945,1.95829,-1.81625,2.02,-1.57086,2.0451,-0.95419,1.94936,-0.34227,1.62788,0.08355,1.13905,0.4257,0.56561,0.69038,0.02198,0.69885,-0.29424,0.30024,-0.37564,-0.26243,-0.31052,-0.74272,-0.1972,-0.98752,-0.15636,-0.78001,-0.12603,-0.26637,0.02097,0.21315,0.33318,0.52175,0.74016,0.63794,1.17355,0.5614,1.53265,0.32374,3,1,11,10,9,6,5,13,2,8,15,12,14,7,4
0.75039,0.66548,0.7441,0.66867,0.7299,0.72405,0.75082,0.69707,0.79302,0.58624,0.8167,0.60912,0.75826,0.25212,0.56667,-0.03877,0.36045,-0.13536,0.06104,-0.03448,-0.33974,0.06576,-0.76991,0.21196,-0.9508,0.79279,-1.27995,1.33613,-1.47967,1.79812,-1.55755,1.92321,-1.55476,1.69105,-1.4971,1.0029,-1.17737,0.63132,-0.96184,0.32142,-0.38281,-0.04156,0.25046,-0.1605,0.67125,-0.40156,1.00672,-0.21011,1.24113,0.26796,1.4163,0.60798,1.51841,0.74622,1.48873,0.60225,1.29852,0.23981,0.94655,-0.40599,0.51208,-0.27855,0.03478,-0.12005,-0.53373,0.06114,-0.8451,0.43088,-1.01453,0.5439,-1.13291,1.08735,-1.23076,1.47745,-1.26375,1.57603,-1.23031,1.47647,-1.14671,1.14712,-0.88917,0.79038,-0.63581,0.61462,-0.36706,0.32652,0.00476,0.12138,0.29581,0.10513,1,2,7,14,15,8,4,9,6,3,12,11,13,10,5
1.05224,0.25746,1.05667,0.2603,1.08235,0.22841,0.97817,-0.0724,0.75279,-0.56097,0.43716,-0.78632,-0.05771,-0.55662,-0.6414,-0.24934,-0.88984,0.1081,-1.08024,0.56006,-1.08208,1.32882,-1.04457,1.49503,-1.00144,1.44339,-0.98481,0.83368,-0.786,0.39249,-0.64191,0.10755,-0.31065,-0.12665,0.19543,-0.28419,0.68784,-0.30981,0.98409,-0.43723,1.21017,-0.07387,1.33976,0.13174,1.30701,0.89848,1.33851,0.87717,1.29541,0.52922,1.21241,-0.18495,1.04641,-0.3242,0.77316,-0.54918,0.43115,-0.55082,-0.00049,-0.59709,-0.43632,-0.40451,-0.818,-0.12005,-0.93547,0.26063,-1.02868,0.60953,-1.06386,1.20324,-0.98914,1.69334,-0.99603,1.42368,-0.93915,0.78829,-0.76738,0.44833,-0.57144,0.21825,-0.14621,-0.09559,0.27779,-0.08875,0.59499,0.06697,0.79278,0.0208,0.97438,0.37233,1,2,9,13,12,8,5,11,4,3,14,10,15,7,6
1.06196,0.41818,1.05667,0.42116,1.05295,0.33997,0.98803,-0.24617,0.78293,-0.77293,0.48845,-0.86175,0.04689,-0.94178,-0.46126,-0.76271,-0.81567,-0.5006,-0.986,-0.18655,-1.02019,0.14904,-1.05478,0.3913,-1.11288,0.67082,-1.06621,1.36329,-1.09657,1.3296,-1.06778,0.53642,-0.87717,0.11175,-0.45377,-0.33068,0.09002,-0.58098,0.54899,-0.48562,0.8868,-0.42936,1.11723,-0.38785,1.38648,0.00984,1.67024,0.31705,1.83828,0.62719,1.83478,0.54324,1.67936,0.19483,1.34781,-0.38699,0.89228,-0.77672,0.41177,-0.59709,-0.07925,-0.62488,-0.55561,-0.43196,-0.89317,0.01506,-1.0695,0.3267,-1.35003,0.58694,-1.55471,1.08735,-1.5876,1.27562,-1.50489,1.21553,-1.2025,0.54183,-0.79412,0.2721,-0.49911,-0.02844,-0.10978,-0.18162,0.33175,-0.12767,0.65114,-0.00435,0.83694,0.10513,1,2,9,12,11,8,4,13,3,6,14,10,15,7,5
0.89643,0.15854,0.90038,0.18605,0.91594,0.15405,0.86943,0.02689,0.7729,-0.41132,0.51921,-0.59775,0.20384,-0.46678,-0.23871,-0.43364,-0.68853,-0.25714,-0.88131,0.13144,-1.09236,0.31561,-1.24807,1.01218,-1.3357,1.25362,-1.30032,1.2818,-1.2519,1.01264,-1.03585,0.55075,-0.79942,0.03722,-0.25665,-0.25317,0.19758,-0.19817,0.64572,-0.19506,0.94668,-0.25158,1.2109,0.29413,1.34105,0.7339,1.34955,0.87717,1.3063,0.82314,1.21241,0.47851,1.00348,-0.21062,0.65394,-0.50056,0.11277,-0.59919,-0.51298,-0.48561,-1.0723,-0.34153,-1.47402,0.09822,-1.60138,0.85917,-1.68158,1.45807,-1.67564,1.77663,-1.60264,1.69334,-1.46555,1.38328,-1.29156,0.76158,-1.02661,0.23475,-0.5807,-0.09138,-0.0812,-0.09559,0.36086,-0.07545,0.63126,-0.06281,0.80166,0.09624,0.99156,0.39663,1,2,9,12,13,8,4,11,5,3,14,10,15,7,6
1.12041,-0.08875,1.11525,-0.02431,1.12147,-0.09375,1.13627,0.02689,1.14489,-0.18686,1.06291,-0.45948,0.87336,-0.65933,0.54546,-0.73638,0.14856,-0.63588,-0.30544,-0.4769,-0.54596,-0.26732,-0.80042,0.10157,-0.96096,0.45393,-1.09673,0.91516,-1.11728,1.08152,-1.14231,0.92243,-1.21042,0.11175,-0.74355,-0.57881,-0.0176,-0.94787,0.68196,-0.82457,1.12632,-1.33415,1.38657,-0.58272,1.47727,-0.00665,1.60392,0.35001,1.65371,0.54558,1.65236,0.5271,1.60426,0.37321,1.43453,-0.41943,1.14481,-1.03483,0.72375,-1.2343,0.11042,-1.17592,-0.43533,-1.07136,-0.89317,-0.90569,-1.15114,-0.52177,-1.26122,0.05658,-1.2863,0.67413,-1.32471,1.14106,-1.34723,1.37576,-1.33212,1.36965,-1.32301,1.29519,-1.24206,0.89777,-1.10649,0.2961,-0.75731,-0.06281,-0.24317,-0.26835,0.17556,-0.29573,1,2,8,11,12,10,3,13,4,6,14,7,15,9,5
1.36381,0.208,1.3692,0.1984,1.39558,0.16647,1.40316,0.12618,1.38616,0.01266,1.36045,-0.13259,1.21858,-0.28704,0.89517,-0.6574,0.63594,-0.36537,0.34377,-0.35248,0.01078,-0.26732,-0.29175,-0.1192,-0.49499,0.18282,-0.65909,0.43987,-0.76528,0.72325,-0.9081,1.10833,-0.98824,1.27384,-0.987,0.98742,-0.77087,0.5356,-0.36958,-0.04981,0.16812,-0.21926,0.63698,-0.27421,0.95503,-0.31931,1.25,-0.40783,1.54515,-0.00959,1.70601,0.3329,1.78663,0.55159,1.80319,0.60225,1.79257,0.43338,1.67079,0.04006,1.4047,-0.37302,1.01876,-0.57229,0.63961,-0.44531,0.19539,-0.43251,-0.22517,-0.28745,-0.52903,-0.06959,-0.72367,0.30685,-0.88348,0.57464,-1.01737,0.84892,-1.08176,1.10676,-1.0842,1.23336,-0.96808,1.03926,-0.72104,0.72881,-0.4114,0.14653,0.0811,-0.01636,3,1,9,12,13,10,2,11,4,6,14,8,15,7,5
-1.39184,-1.31274,-1.36564,-1.33603,-1.33561,-1.38246,-1.24574,-1.46241,-1.04675,-1.58341,-0.69134,-1.6915,-0.13094,-1.71204,0.55609,-1.57882,1.15514,-1.20408,1.6107,-0.58751,1.88717,0.07967,1.95662,0.68103,1.97649,0.87412,1.93627,0.98303,1.93703,1.04021,1.91324,1.00822,1.77757,0.54383,1.47064,-0.14458,1.0824,-0.82031,0.54899,-1.40562,-0.04743,-1.85115,-0.65136,-2.0279,-1.27005,-1.8991,-1.70276,-1.52814,-1.85326,-1.34841,-1.84592,-1.3662,-1.79649,-1.47568,-1.63374,-1.6033,-1.21567,-1.89001,-0.60209,-2.09446,0.1662,-2.12057,0.9641,-1.77306,1.52751,-1.13594,1.81736,-0.40274,1.88631,0.21423,1.81955,0.5364,1.7648,0.69707,1.62056,0.57464,1.44523,0.12792,1.20081,-0.44142,0.88462,-0.99495,0.51774,-1.38926,0.05041,-1.58108,-0.4114,-1.52552,-0.79499,-1.26752,1,7,11,6,8,3,9,13,5,4,15,12,14,10,2
-1.80082,-1.57243,-1.77588,-1.6207,-1.73695,-1.56838,-1.55213,-1.66094,-1.17741,-1.67068,-0.65028,-1.56577,-0.12051,-1.30121,0.29114,-0.82856,0.56177,-0.20303,0.6893,0.36648,0.74278,0.82917,0.77644,1.06738,0.78125,1.09095,0.75564,0.94232,0.66355,0.57162,0.45466,0.05036,0.14474,-0.70773,-0.31467,-1.46268,-0.83065,-2.0167,-1.409,-2.39026,-1.93987,-2.49741,-2.27939,-2.35261,-2.47338,-2.11301,-2.45477,-2.18712,-2.32012,-2.2954,-2.13569,-2.51509,-1.87159,-2.59472,-1.63374,-2.54391,-1.10589,-2.51928,-0.47957,-2.28556,0.13274,-1.83715,0.60331,-1.21168,0.87214,-0.55272,0.98088,0.0141,0.98845,0.45789,0.88971,0.67413,0.75998,0.60284,0.66529,0.37437,0.5287,-0.01893,0.26369,-0.58949,-0.10905,-1.07549,-0.61739,-1.30963,-1.11129,-1.36049,-1.40312,-1.37465,-1.54225,-1.29182,1,5,11,3,7,4,9,12,8,6,15,13,14,10,2
-1.8495,-1.34986,-1.87354,-1.36079,-1.86423,-1.34531,-1.88817,-1.35067,-1.85101,-1.40883,-1.49152,-1.46519,-0.94692,-1.51949,-0.39765,-1.3682,0.07439,-1.00112,0.50081,-0.49075,0.79437,0.13519,1.01045,0.66726,1.07498,0.92834,1.09152,0.99664,1.09835,1.12284,1.09349,1.13693,1.06668,0.7971,0.87939,-0.00504,0.52044,-0.86814,-0.04327,-1.47019,-0.74215,-1.78652,-1.48294,-1.83303,-1.90574,-1.66869,-2.04558,-1.57753,-2.16811,-1.57701,-2.15711,-1.59269,-2.11835,-1.62162,-2.06742,-1.57086,-1.84146,-1.6641,-1.3932,-1.80772,-0.68177,-1.85293,0.04569,-1.64837,0.629,-1.12056,0.92988,-0.50692,1.09696,0.14259,1.20605,0.67413,1.22013,0.85849,1.19392,0.96185,1.16749,0.96907,1.13585,0.67594,0.99606,0.13266,0.7854,-0.43376,0.45882,-0.89328,-0.03067,-1.17348,-0.53734,-1.17034,1,5,11,6,8,3,10,12,7,4,15,14,13,9,2
-1.75214,-1.11496,-1.75633,-1.12567,-1.73695,-1.12225,-1.70038,-1.1397,-1.50917,-1.2343,-1.18374,-1.30177,-0.71679,-1.26272,-0.23871,-1.02599,0.12736,-0.52766,0.44847,0.08993,0.71186,0.64875,0.90872,1.02595,0.97371,1.17228,0.95918,1.20032,0.91202,1.1504,0.806,0.76519,0.58906,0.15642,0.19543,-0.4392,-0.30454,-0.94787,-0.84099,-1.24427,-1.40089,-1.17257,-1.95144,-0.98866,-2.16686,-0.91171,-2.16725,-0.8197,-2.15728,-0.84225,-2.11422,-0.84835,-2.08618,-0.98916,-1.96984,-1.08437,-1.63286,-1.26074,-1.14804,-1.45725,-0.57021,-1.52232,0.02382,-1.24288,0.48101,-0.66019,0.77683,0.07365,0.9983,0.68725,1.05266,1.01845,0.98539,1.04689,0.90642,0.88173,0.77865,0.50174,0.62554,-0.05102,0.32743,-0.56542,-0.05443,-0.93802,-0.50323,-1.10093,-0.89842,-0.92208,-1.17293,-0.56299,1,3,11,7,10,5,9,12,4,6,15,13,14,8,2
-1.61581,-1.27567,-1.62938,-1.28659,-1.63907,-1.27096,-1.58177,-1.35067,-1.42877,-1.43377,-1.16322,-1.51548,-0.79002,-1.50662,-0.39765,-1.3682,0.00022,-1.14997,0.37517,-0.7811,0.67061,-0.29509,0.89857,0.25332,1.02434,0.69793,1.06094,1.01019,1.07764,1.13665,1.08281,1.15119,1.05559,1.0057,0.91415,0.56873,0.67585,-0.08647,0.30728,-0.77618,-0.19116,-1.31796,-0.85052,-1.60568,-1.48574,-1.66869,-1.89075,-1.54458,-2.03783,-1.51169,-2.07128,-1.47945,-2.08618,-1.44324,-2.07824,-1.4898,-2.00618,-1.55119,-1.81658,-1.58469,-1.47396,-1.69548,-0.91641,-1.74194,-0.35404,-1.67309,0.13421,-1.34054,0.51481,-0.70313,0.85135,-0.05579,1.08866,0.44136,1.1383,0.60135,1.11196,0.67536,1.08021,0.81057,0.98679,0.56219,0.73926,0.01742,0.42255,-0.51695,0.04015,-0.87179,-0.37415,-0.97597,1,3,11,4,8,7,9,14,5,6,15,12,13,10,2
-1.58661,-1.41166,-1.57076,-1.39794,-1.57054,-1.40725,-1.562,-1.44997,-1.31816,-1.50859,-0.91701,-1.57837,-0.382,-1.48095,0.19581,-1.1313,0.67834,-0.64944,0.96154,0.03462,1.14489,0.56546,1.28516,0.9018,1.25733,1.14517,1.23401,1.15955,1.23298,1.16421,1.27447,0.95103,1.22219,0.75243,1.06489,0.18106,0.72369,-0.53316,0.18637,-1.19581,-0.51458,-1.59262,-1.22528,-1.63816,-1.7809,-1.53703,-1.99029,-1.49519,-2.0161,-1.46274,-2.00692,-1.51181,-1.98962,-1.47568,-1.89394,-1.55467,-1.65483,-1.6641,-1.18145,-1.83958,-0.4921,-1.86864,0.26439,-1.64837,0.90384,-1.10525,1.31751,-0.34319,1.50153,0.35758,1.53195,0.77052,1.46428,0.83158,1.38868,0.88173,1.33414,0.91565,1.22868,0.67594,1.06107,0.15945,0.75768,-0.4736,0.35901,-0.93225,-0.0661,-1.18608,-0.50297,-1.21893,1,6,11,7,9,4,8,12,5,3,15,14,13,10,2
0.63354,0.91272,0.54877,0.87903,0.46561,0.82319,0.36533,0.77154,0.1295,0.63612,-0.18864,0.54628,-0.58077,0.58587,-0.94871,0.73787,-1.11236,0.83858,-1.21633,1.03013,-1.32951,1.2733,-1.28878,1.31568,-1.17368,1.18587,-1.03569,1.05096,-0.92057,0.92995,-0.74842,0.86524,-0.48839,0.72263,-0.18713,0.67726,0.12588,0.69514,0.41608,0.80569,0.64722,0.92787,0.85951,1.10602,1.00046,1.11239,1.07305,1.48676,1.02395,1.45992,0.99777,1.20671,0.91768,0.98948,0.71896,0.87793,0.45312,0.73993,0.13321,0.64534,-0.22427,0.68187,-0.5447,0.78437,-0.78747,0.88987,-0.92668,0.96683,-1.04411,1.10293,-1.11378,1.23883,-1.08992,1.2622,-0.99481,1.16212,-0.86923,1.08927,-0.69204,0.93171,-0.41552,0.69643,-0.11904,0.57478,0.19563,0.58602,0.50058,0.76257,0.68232,0.8582,2,7,5,15,13,8,6,3,9,1,12,11,14,10,4
0.03955,1.24654,0.03107,1.25025,0.03487,1.25691,0.03916,1.26795,0.05913,1.29696,0.03704,1.28799,-0.03678,1.2791,-0.13275,1.23805,-0.27527,1.16326,-0.39963,1.07158,-0.515,1.0235,-0.61733,0.95699,-0.71787,0.94187,-0.98481,1.05096,-1.33471,1.20553,-1.37657,1.17979,-1.19928,1.0057,-0.97544,0.84781,-0.74695,0.85467,-0.45419,0.98322,-0.08335,0.9925,0.23878,1.12229,0.50093,1.26047,0.67493,1.56918,0.68738,1.52524,0.66511,1.35232,0.58512,1.23274,0.43707,1.07255,0.22255,0.93356,-0.0896,0.8524,-0.44746,0.88652,-0.74147,0.86238,-0.95656,0.82848,-1.13073,0.96683,-1.28096,1.16027,-1.27673,1.44541,-1.14629,1.30254,-1.05974,1.16212,-0.90628,0.96907,-0.72917,0.9452,-0.61055,0.95147,-0.43279,0.95963,-0.2491,0.9364,-0.0661,1.00142,0.10686,0.95538,2,8,5,14,15,7,6,1,11,3,12,9,13,10,4
-0.34995,0.62835,-0.34983,0.61917,-0.34688,0.63733,-0.36606,0.6226,-0.45361,0.57374,-0.60929,0.55883,-0.82139,0.56019,-1.11827,0.60623,-1.41962,0.71685,-1.65611,0.64302,-1.78311,0.74589,-2.0416,1.1777,-1.96374,1.13165,-1.79905,0.86084,-1.6971,0.65431,-1.53625,0.53642,-1.27704,0.24582,-0.91748,-0.11356,-0.49586,-0.40553,-0.09157,-0.55019,0.31191,-0.59087,0.70728,-0.35537,0.93238,0.15792,0.95143,0.26766,0.89367,0.12104,0.7617,-0.18495,0.52072,-0.4377,0.19856,-0.51674,-0.17268,-0.454,-0.51298,-0.26258,-0.81566,0.02057,-1.01482,0.36332,-1.168,0.72107,-1.34495,0.98168,-1.38947,1.03128,-1.27673,0.96336,-1.1275,0.83158,-0.93915,0.60135,-0.7489,0.26145,-0.525,0.01633,-0.26697,-0.16268,0.0471,-0.26125,0.34086,-0.2315,0.57144,0.00825,0.71669,0.48169,1,3,6,14,15,7,8,10,5,2,9,13,12,11,4
0.28296,0.5171,0.29482,0.50776,0.30897,0.50104,0.24673,0.43645,-0.05148,0.28695,-0.40408,0.21939,-0.69586,0.25212,-0.95933,0.39561,-1.18653,0.59512,-1.33153,0.82275,-1.44288,0.98183,-1.47187,1.03978,-1.48767,1.13165,-1.41229,1.05096,-1.33471,0.99883,-1.24882,0.86524,-1.16597,0.69283,-1.03339,0.47568,-0.90235,0.31233,-0.7322,0.14389,-0.4547,-0.04156,-0.10087,-0.19298,0.23987,-0.2699,0.48694,-0.22663,0.76338,0.07209,0.96559,0.49473,1.10004,0.64891,1.07674,0.6185,1.07891,0.62701,0.93544,0.35859,0.63483,0.08355,0.29717,-0.02654,-0.00521,-0.03095,-0.31465,0.10343,-0.56067,0.30024,-0.7399,0.5364,-0.87393,0.79124,-0.96696,1.02864,-1.03589,1.22274,-1.03537,1.20098,-0.97276,1.09911,-0.85734,0.97293,-0.72104,0.84558,-0.53536,0.63684,-0.28822,0.42092,1,2,7,15,14,8,6,10,5,3,12,11,13,9,4
0.10772,0.90038,0.10924,0.91613,0.11321,0.89755,0.11826,0.90804,0.1295,0.92291,-0.00401,0.78514,-0.24604,0.48322,-0.63083,0.26397,-1.06996,0.17577,-1.48862,0.20055,-1.83465,0.26009,-2.13317,0.61207,-2.42966,1.1994,-2.54202,1.37684,-2.55645,1.35716,-2.59026,1.17979,-2.54334,0.5885,-2.32017,-0.1756,-1.99042,-0.72459,-1.57822,-0.71161,-1.06552,-0.72014,-0.42882,-0.58272,0.04689,-0.22057,0.43165,0.18524,0.69827,0.97006,0.75094,1.07725,0.71385,1.02192,0.64306,0.78062,0.508,0.1591,0.2112,-0.18297,-0.26892,-0.5619,-0.71959,-0.63468,-1.07286,-0.49133,-1.39595,-0.11985,-1.72497,0.30024,-2.03401,0.59149,-2.2919,1.04689,-2.33956,1.2022,-2.3042,1.10259,-2.21376,0.87786,-2.02216,0.56219,-1.74327,-0.06221,-1.3382,-0.56887,-0.88071,-0.64548,-0.37415,-0.50222,1,4,5,13,15,6,7,12,9,2,10,11,14,8,3
0.26353,0.78907,0.26553,0.79238,0.26985,0.81083,0.2665,0.82118,0.26017,0.78571,0.1909,0.7223,0.04689,0.50884,-0.21751,0.2903,-0.57196,0.17577,-0.9546,0.20055,-1.28825,0.37113,-1.56344,0.55688,-1.85231,0.80632,-2.24686,1.29536,-2.37009,1.72924,-2.34539,1.60866,-2.29896,1.27384,-2.13467,0.73929,-1.79911,0.21661,-1.38488,-0.24352,-0.99369,-0.59087,-0.42882,-0.55024,0.1263,-0.30282,0.55327,0.1029,0.81766,0.97006,0.89047,1.17434,0.84258,1.10305,0.71896,0.95906,0.60682,0.65928,0.42295,0.32673,0.13274,0.05206,-0.11828,0.06703,-0.36465,0.09184,-0.63087,0.05873,-0.85665,0.12823,-1.06581,0.28853,-1.24018,0.5221,-1.37504,0.85502,-1.5173,1.14268,-1.58282,1.32212,-1.53926,1.2736,-1.41104,1.05256,-1.17482,0.66389,-0.93381,0.24711,-0.68335,0.03224,1,4,5,14,15,7,6,11,8,2,12,10,13,9,3
0.74062,-0.79347,0.70506,-0.77921,0.7299,-0.77531,0.78046,-0.7674,0.82316,-0.74799,0.7757,-0.73603,0.48627,-0.77491,0.111,-0.80223,-0.21172,-0.83884,-0.46248,-0.82261,-0.67997,-0.78089,-0.83092,-0.72625,-0.92043,-0.63045,-0.90335,-0.57858,-0.82737,-0.59975,-0.64191,-0.66446,-0.33288,-0.7822,0.05632,-0.85789,0.48459,-0.91596,0.88742,-0.93753,1.2581,-0.94635,1.56229,-0.92371,1.76105,-0.94463,1.8472,-0.93507,1.75144,-0.95659,1.50213,-0.99403,1.13221,-1.03778,0.68645,-1.06811,0.2116,-1.03483,-0.22329,-0.97941,-0.58134,-0.90829,-0.82897,-0.85302,-0.96716,-0.75228,-1.0185,-0.65579,-0.99479,-0.58845,-0.87411,-0.5792,-0.67672,-0.55432,-0.41052,-0.53358,-0.11008,-0.52634,0.19874,-0.50871,0.4853,-0.48487,0.76694,-0.43376,1.01245,-0.36128,1.19122,-0.30604,1.30933,-0.25932,3,1,11,6,5,7,8,14,2,9,15,12,13,10,4
1.40278,-0.60802,1.40829,-0.5936,1.42498,-0.60181,1.45258,-0.60608,1.48668,-0.58591,1.53484,-0.56006,1.52194,-0.54381,1.3721,-0.56528,1.11274,-0.60883,0.81495,-0.64282,0.50569,-0.61432,0.19656,-0.56067,-0.09999,-0.49489,-0.41483,-0.44278,-0.66176,-0.4068,-0.81227,-0.42143,-0.8105,-0.40972,-0.61607,-0.47022,-0.26869,-0.50125,0.16225,-0.53401,0.58734,-0.55855,0.97668,-0.59892,1.30701,-0.64839,1.60392,-0.6385,1.86,-0.59736,2.03866,-0.55713,2.09772,-0.53501,2.00918,-0.533,1.7706,-0.51855,1.4591,-0.58119,1.08114,-0.60917,0.66888,-0.60348,0.28017,-0.55272,-0.06984,-0.492,-0.38305,-0.43074,-0.62488,-0.37262,-0.78941,-0.31216,-0.83711,-0.29322,-0.75814,-0.20587,-0.5807,-0.17216,-0.32266,-0.14929,0.00096,-0.14184,0.30454,-0.12767,0.57144,-0.13007,0.81119,-0.12571,3,1,9,11,12,6,4,14,2,8,15,10,13,7,5
1.3541,-0.73167,1.3692,-0.70495,1.36622,-0.71332,1.35375,-0.70532,1.37608,-0.67317,1.41174,-0.66059,1.35455,-0.6722,1.16013,-0.72325,0.90085,-0.75767,0.69975,-0.79495,0.42318,-0.7948,0.10499,-0.75385,-0.21137,-0.65756,-0.49623,-0.56503,-0.71352,-0.50325,-0.8655,-0.47862,-0.88826,-0.46932,-0.73199,-0.48576,-0.44801,-0.53316,-0.03115,-0.58247,0.38374,-0.6555,0.75415,-0.71263,1.0686,-0.74714,1.33851,-0.75379,1.5886,-0.74428,1.8026,-0.70274,1.93682,-0.66477,1.97661,-0.64649,1.82549,-0.64764,1.54821,-0.64491,1.17038,-0.65637,0.75638,-0.6815,0.38587,-0.6755,0.07298,-0.65579,-0.20543,-0.58845,-0.44275,-0.5241,-0.62978,-0.41976,-0.78149,-0.38666,-0.85071,-0.3394,-0.81269,-0.27986,-0.67556,-0.22978,-0.46047,-0.26125,-0.22183,-0.28341,0.05787,-0.30604,0.33018,-0.30791,3,1,11,9,12,6,4,14,2,7,15,10,13,8,5
0.1564,-0.06402,0.14828,-0.06147,0.07404,-0.06896,-0.05967,-0.05997,-0.25252,-0.03722,-0.45537,-0.00686,-0.63307,0.0339,-0.81097,0.06654,-0.97459,0.1081,-1.08024,0.10379,-1.16454,0.09352,-1.27858,0.11534,-1.3965,0.19641,-1.46317,0.31767,-1.44862,0.36492,-1.37657,0.37918,-1.27704,0.37996,-1.13774,0.41365,-0.91435,0.5037,-0.58716,0.43438,-0.19116,0.31392,0.20366,0.19669,0.55774,0.10858,0.78551,0.02048,0.89367,-0.04225,0.99777,-0.05549,1.07858,-0.01606,1.00085,-0.03025,0.68368,-0.03454,0.25579,0.02409,-0.13503,0.11504,-0.4572,0.12941,-0.70288,0.09184,-0.93691,0.11828,-1.12308,0.12823,-1.15209,0.13698,-1.08055,0.1588,-0.9577,0.21414,-0.75814,0.28816,-0.42297,0.25861,-0.05336,0.2266,0.34239,0.20323,0.63126,0.15784,0.81049,0.12138,0.90564,0.12942,3,1,9,13,12,8,7,14,2,4,11,10,15,5,6
1.29565,0.03489,1.30083,0.03754,1.30746,0.04254,1.3142,0.05171,1.35596,0.07499,1.40145,0.11881,1.46964,0.16223,1.52041,0.19818,1.49417,0.22988,1.31751,0.18675,1.01083,0.10743,0.68492,0.07398,0.40651,0.10149,0.11442,0.18187,-0.21651,0.21335,-0.53546,0.29339,-0.7328,0.49909,-0.75518,0.59975,-0.6274,0.51969,-0.46625,0.41827,-0.21512,0.34624,0.14504,0.19669,0.53503,0.09209,0.88505,0.02048,1.18685,0.02306,1.49142,0.12256,1.8188,0.30833,2.05251,0.4725,2.19881,0.54636,2.19445,0.56572,2.01841,0.50864,1.68569,0.301,1.31612,0.10715,0.91965,0.02896,0.54445,0.07089,0.20911,0.13698,-0.1321,0.23954,-0.40122,0.34767,-0.56372,0.48842,-0.68278,0.70287,-0.64771,0.79038,-0.55279,0.70749,-0.38522,0.56007,-0.17235,0.38538,0.12404,0.20226,4,1,9,13,15,8,2,11,3,5,12,10,14,7,6
0.7893,-0.94185,0.79293,-0.95247,0.79843,-0.9488,0.8101,-0.94117,0.84328,-0.92257,0.87828,-0.91204,0.91516,-0.86475,0.92701,-0.84169,0.86903,-0.85234,0.7521,-0.82261,0.60877,-0.7948,0.46107,-0.76767,0.31534,-0.72531,0.15515,-0.68723,-0.04051,-0.71001,-0.25865,-0.70739,-0.48839,-0.76733,-0.6856,-0.84242,-0.83065,-0.82031,-0.86511,-0.80846,-0.81398,-0.83328,-0.67479,-0.82627,-0.47536,-0.82946,-0.25399,-0.85265,-0.00749,-0.87491,0.23587,-0.91308,0.4778,-0.92428,0.72983,-0.92218,0.98014,-0.90581,1.23624,-0.85197,1.44935,-0.78233,1.57638,-0.74388,1.62265,-0.7062,1.63373,-0.64087,1.60019,-0.60275,1.52239,-0.53785,1.40796,-0.5005,1.24958,-0.49349,1.04716,-0.45954,0.82965,-0.42793,0.606,-0.41772,0.39779,-0.39397,0.20469,-0.36128,0.02243,-0.34379,-0.13365,-0.3322,5,2,11,6,8,4,10,14,1,7,15,12,13,9,3
0.98408,0.01016,1.02739,-0.01197,1.03341,-0.00703,1.01767,0.0145,1.03429,0.02511,0.78594,0.03083,0.49671,0.00822,0.16398,0.10606,-0.21172,0.21632,-0.54622,0.2282,-0.82431,0.1768,-1.08528,0.21196,-1.27495,0.20993,-1.30032,0.24974,-1.20014,0.25467,-0.87617,0.29339,-0.45508,0.42463,-0.01326,0.53772,0.46067,0.63132,0.83905,0.51513,1.15029,0.44312,1.43343,0.37529,1.55674,0.3225,1.55966,0.2841,1.49087,0.25167,1.40554,0.2358,1.20731,0.24345,0.95752,0.26169,0.67272,0.32046,0.43406,0.5179,0.07696,0.52442,-0.27135,0.45689,-0.54434,0.33741,-0.75328,0.22253,-0.9652,0.21423,-1.23837,0.15079,-1.42797,0.18571,-1.40285,0.24084,-1.18398,0.23475,-0.84977,0.28553,-0.50842,0.40109,-0.21131,0.52175,0.07767,0.56007,0.36778,0.5614,0.66518,0.50598,4,1,9,14,13,10,3,11,2,5,12,8,15,7,6
1.16909,0.36872,1.18362,0.35931,1.18023,0.37712,1.18573,0.3868,1.17504,0.26201,1.11425,-0.24572,0.86286,-0.21001,0.5773,-0.14409,0.28628,-0.0948,-0.02271,0.07613,-0.37065,0.13519,-0.67834,0.18436,-1.0116,0.15571,-1.33084,0.19542,-1.37614,0.18579,-1.24882,0.20761,-0.8994,0.24582,-0.48853,0.38263,-0.08936,0.42397,0.29516,0.32142,0.70716,0.28161,1.09379,0.26165,1.36376,0.25667,1.34955,0.25115,1.33886,0.18635,1.148,0.17107,0.83182,0.16239,0.45876,0.19681,0.13474,0.20754,-0.15648,0.1675,-0.46978,0.17802,-0.73056,0.17624,-0.98831,0.18392,-1.1715,0.2523,-1.18225,0.28594,-1.06581,0.26098,-0.85514,0.29337,-0.53106,0.36105,-0.21193,0.43501,0.15235,0.47402,0.45745,0.50849,0.73926,0.54823,0.93076,0.58602,1.12924,0.61169,1.16333,0.60312,4,1,7,13,15,9,5,11,2,3,12,10,14,8,6
1.3541,0.29453,1.35946,0.2974,1.35646,0.30276,1.34384,0.31233,1.38616,-0.11204,1.18606,-0.0823,0.98839,-0.14584,0.61965,-0.0651,0.29691,-0.02719,-0.04365,0.04848,-0.32945,0.07967,-0.53591,0.10157,-0.70771,0.11507,-0.84231,0.15471,-0.786,0.15822,-0.53546,0.17901,-0.18851,0.20115,0.207,0.25857,0.60414,0.23253,1.0687,0.17618,1.40182,0.18466,1.63253,0.14801,1.7384,0.07567,1.68133,0.05343,1.59943,-0.00959,1.43771,-0.104,1.11075,-0.11338,0.68645,-0.03025,0.32137,0.07845,0.05527,0.10378,-0.20201,0.13082,-0.36976,0.20743,-0.50204,0.26063,-0.67169,0.26716,-0.81721,0.2286,-0.96039,0.19208,-0.97724,0.23954,-0.86497,0.24084,-0.62853,0.27478,-0.33945,0.35288,-0.09047,0.40109,0.1763,0.42882,0.39528,0.4433,0.67769,0.36024,0.95719,0.31162,4,1,7,13,15,10,3,11,2,5,12,8,14,9,6
1.18857,-0.42258,1.18362,-0.40794,1.19982,-0.40353,1.16596,-0.39505,0.99406,-0.37389,0.7757,-0.27086,0.53857,-0.01746,0.28057,0.0534,0.04256,0.1081,-0.2112,0.11759,-0.41191,-0.01753,-0.59697,-0.05018,-0.82925,-0.10181,-1.01533,-0.08974,-0.98271,-0.08985,-0.71644,-0.04969,-0.28849,0.02235,0.14904,0.01044,0.59215,-0.02265,0.98409,-0.04981,1.3659,-0.09,1.62085,-0.1605,1.67025,-0.18765,1.62605,-0.24307,1.46915,-0.23812,1.16947,-0.18495,0.82112,-0.162,0.58886,-0.12756,0.40924,-0.09908,0.23349,-0.02366,0.0435,0.05206,-0.14016,0.06703,-0.32235,0.03044,-0.48805,0.0141,-0.61,0.01355,-0.74947,-0.06959,-0.79882,-0.00263,-0.69802,0.0539,-0.42487,0.08784,-0.14459,0.17783,0.10451,0.25345,0.36086,0.28286,0.64036,0.26161,0.91674,0.20936,1.11182,0.20226,4,1,9,11,12,8,3,13,2,5,15,10,14,7,6
1.34438,-0.17528,1.33991,-0.14807,1.36622,-0.15574,1.37352,-0.14687,1.43642,-0.14948,1.46303,-0.10744,1.52194,-0.06881,1.57345,-0.03877,1.62137,-0.02719,1.4955,-0.04834,1.22735,-0.03138,0.92908,0.01878,0.62934,0.08796,0.3078,0.15471,-0.00946,0.2271,-0.34385,0.2362,-0.72166,0.27562,-1.12611,0.3206,-1.46432,0.34423,-1.52992,0.3376,-1.329,0.33005,-0.93245,0.3104,-0.52078,0.30608,-0.08813,0.30054,0.32908,0.30062,0.71876,0.26817,1.00348,0.25964,1.28274,0.26169,1.48515,0.28819,1.52592,0.26308,1.42702,0.28827,1.25927,0.22299,0.82984,0.22994,0.3892,0.23738,0.09054,0.25727,-0.13597,0.31607,-0.4232,0.27994,-0.60528,0.29425,-0.81371,0.23475,-0.94255,0.23168,-0.94486,0.2937,-0.75581,0.38903,-0.43969,0.39138,-0.09265,0.42313,0.27005,0.3845,5,1,10,11,15,9,2,12,3,4,13,8,14,7,6
1.08144,0.24507,1.07622,0.2479,1.09212,0.26561,1.10663,0.26269,1.08455,0.27451,1.26811,-0.24572,1.06163,-0.21001,0.76801,-0.09143,0.44525,0.02693,0.09244,0.07613,-0.1026,0.02414,-0.43418,0.03255,-0.75835,0.02016,-1.05606,0.08678,-1.37614,0.07553,-1.29136,0.15041,-0.9327,0.12662,-0.53492,0.07247,-0.12522,0.02517,0.2831,0.04704,0.64722,0.0392,1.00005,0.0181,1.27291,-0.03957,1.438,-0.17716,1.45826,-0.27078,1.3626,-0.21725,1.11075,-0.162,0.83824,-0.12756,0.52997,-0.05064,0.23349,-0.03963,-0.0346,-0.02663,-0.41351,0.05147,-0.79802,0.12253,-1.13073,0.14806,-1.33029,0.1569,-1.40132,0.12324,-1.18382,0.17228,-0.84642,0.21414,-0.51744,0.23475,-0.20955,0.24517,0.07666,0.2803,0.36086,0.33594,0.61314,0.36543,0.86364,0.34769,1.05169,0.34803,4,1,7,13,15,9,3,11,2,5,12,10,14,8,6
-1.68398,-0.55856,-1.66842,-0.56885,-1.65865,-0.56466,-1.6411,-0.54399,-1.469,-0.43626,-1.08117,-0.30861,-0.61214,-0.29991,-0.1539,-0.302,0.27571,-0.32476,0.6369,-0.31103,0.90775,-0.26732,1.08166,-0.22958,1.18642,-0.22378,1.21365,-0.17123,1.09835,-0.18629,0.8699,-0.207,0.56683,-0.24585,0.12591,-0.22216,-0.41216,-0.16627,-0.92554,-0.13049,-1.36498,-0.17082,-1.69378,-0.32289,-1.8717,-0.43448,-1.97926,-0.44078,-1.90754,-0.61372,-1.88886,-0.65415,-1.88235,-0.66477,-1.79635,-0.58162,-1.53404,-0.454,-1.03664,-0.40599,-0.45859,-0.46749,0.03478,-0.50991,0.37532,-0.5681,0.61366,-0.58132,0.80099,-0.54541,0.92807,-0.5241,0.97597,-0.46016,0.9899,-0.38666,0.93607,-0.32602,0.7647,-0.26637,0.50388,-0.22978,0.15784,-0.19487,-0.22183,-0.12767,-0.57963,-0.07978,-0.85511,-0.08924,4,1,10,9,11,5,8,14,2,6,15,13,12,7,3
-1.66449,-0.64509,-1.65867,-0.65545,-1.65865,-0.60181,-1.59169,-0.53161,-1.35839,-0.41132,-0.9273,-0.3589,-0.4448,-0.31272,0.03682,-0.26253,0.45582,-0.21653,0.74165,-0.1451,0.90775,-0.12852,1.01045,-0.13296,1.04461,-0.12892,1.01006,-0.1169,0.87059,-0.14498,0.65694,-0.1784,0.35579,-0.20112,-0.09441,-0.1756,-0.65132,-0.18219,-1.23979,-0.19506,-1.65243,-0.26777,-1.82264,-0.35537,-1.86037,-0.43448,-1.91288,-0.45729,-1.96182,-0.45043,-1.88886,-0.47618,-1.73216,-0.48639,-1.48195,-0.33837,-1.11684,-0.27654,-0.69126,-0.27855,-0.2466,-0.27855,0.19876,-0.26044,0.56561,-0.21513,0.85847,-0.14962,1.06737,-0.11543,1.20605,-0.08334,1.26707,-0.05645,1.27739,-0.02616,1.23229,0.00778,1.10803,0.04325,0.87536,0.05211,0.55466,0.09705,0.16842,0.11888,-0.22545,0.10884,-0.58028,0.10513,4,1,10,9,11,5,8,13,2,6,15,14,12,7,3
-2.11244,-0.41019,-1.9712,-0.40794,-1.73695,-0.37875,-1.46317,-0.25855,-1.06686,-0.2243,-0.62976,-0.20803,-0.21461,-0.15871,0.14277,-0.10457,0.43462,-0.04069,0.65785,-0.00683,0.81495,-0.00362,0.88837,0.01878,0.84205,0.03374,0.70476,0.04606,0.45645,0.03416,0.08202,-0.0211,-0.43286,-0.03725,-0.987,-0.02051,-1.51216,-0.02265,-1.88041,-0.11438,-2.21537,-0.10619,-2.3965,-0.09554,-2.41662,-0.13824,-2.32208,-0.17716,-2.27667,-0.23812,-2.25369,-0.15259,-1.98962,-0.24306,-1.65544,-0.22481,-1.30353,-0.09908,-0.84724,-0.05553,-0.40281,-0.04241,-0.00897,-0.01091,0.28017,0.01506,0.50143,0.04388,0.66285,0.05658,0.76507,0.05434,0.78819,0.06463,0.73021,0.08061,0.58423,0.08784,0.3379,0.08361,0.02097,0.13266,-0.33131,0.18993,-0.71193,0.2227,-1.04006,0.15913,-1.31037,0.12942,3,1,10,9,11,5,8,13,2,6,15,12,14,7,4
-2.03451,-1.21388,-2.03957,-1.18758,-2.05022,-1.17182,-2.07596,-1.15214,-2.1124,-1.13454,-2.12756,-1.08806,-2.08719,-1.03162,-1.94486,-0.74957,-1.49379,-0.56827,-1.00695,-0.43544,-0.47379,-0.37837,-0.00689,-0.32614,0.40651,-0.29159,0.71492,-0.2391,0.9534,-0.21386,1.14671,-0.23559,1.2555,-0.26072,1.20399,-0.26865,0.93893,-0.29389,0.51274,-0.37266,-0.09536,-0.39704,-0.74509,-0.40412,-1.2927,-0.45097,-1.62534,-0.55615,-1.83154,-0.64631,-2.02834,-0.62186,-2.15052,-0.66477,-2.18665,-0.66268,-2.21478,-0.63147,-2.19537,-0.61305,-1.99838,-0.54618,-1.59425,-0.5411,-1.1574,-0.32253,-0.61046,-0.31342,-0.17584,-0.31612,0.13244,-0.33127,0.34683,-0.32559,0.51689,-0.34663,0.65832,-0.31269,0.78327,-0.27986,0.88462,-0.24323,0.91461,-0.19487,0.83096,-0.16658,0.60683,-0.18031,0.27867,-0.21072,3,1,11,8,10,6,9,14,2,7,15,13,12,5,4
-1.5769,-0.71928,-1.50238,-0.7297,-1.36496,-0.65138,-1.14686,-0.59364,-0.80548,-0.52353,-0.38355,-0.45948,0.03645,-0.40262,0.35475,-0.32833,0.61474,-0.2977,0.83589,-0.25572,1.00055,-0.22571,1.07151,-0.20198,1.01424,-0.19667,0.85741,-0.21194,0.6014,-0.25523,0.29498,-0.29278,-0.08853,-0.30545,-0.54649,-0.29966,-0.98605,-0.29389,-1.32439,-0.30809,-1.61651,-0.38085,-1.78746,-0.46908,-1.89442,-0.56614,-1.97926,-0.62198,-1.9401,-0.58106,-1.74933,-0.62186,-1.58196,-0.50257,-1.20006,-0.45187,-0.74358,-0.4379,-0.29017,-0.40599,0.13274,-0.42022,0.5049,-0.4164,0.79815,-0.36861,1.0217,-0.26872,1.08711,-0.24441,1.06228,-0.23488,0.92903,-0.23142,0.69315,-0.23981,0.40833,-0.21925,0.01314,-0.17216,-0.47126,-0.13583,-0.98655,-0.11529,-1.28373,-0.16658,-1.41195,-0.14262,-1.45637,-0.13784,3,1,11,9,10,6,7,14,2,5,15,12,13,8,4
-2.13192,-0.97892,-2.10795,-0.96482,-2.05022,-0.98596,-1.89808,-0.97838,-1.58963,-0.69811,-1.04012,-0.58515,-0.52847,-0.5823,-0.10092,-0.56528,0.21211,-0.54121,0.47986,-0.49075,0.66032,-0.47551,0.81715,-0.43652,0.93322,-0.39998,1.01006,-0.36135,0.97412,-0.36549,0.77407,-0.42143,0.44463,-0.48419,-0.01326,-0.5478,-0.59149,-0.51717,-1.1673,-0.50173,-1.62846,-0.54243,-1.928,-0.85875,-2.13282,-0.84588,-2.27783,-0.78675,-2.33098,-0.72799,-2.27516,-0.75125,-2.15052,-0.71339,-1.87225,-0.87356,-1.57797,-0.59919,-1.15922,-0.58119,-0.64832,-0.53041,-0.16203,-0.50991,0.26962,-0.47601,0.59325,-0.38782,0.86016,-0.31612,1.0431,-0.27617,1.10744,-0.24485,1.08263,-0.2131,0.97307,-0.17916,0.75544,-0.18565,0.47599,-0.17614,0.13017,-0.14184,-0.30353,-0.08877,-0.76558,-0.05464,-1.1815,-0.08924,3,1,11,6,10,5,9,14,2,8,15,12,13,7,4
-0.12597,0.33165,-0.12517,0.33455,-0.12172,0.35233,-0.13872,0.36198,-0.20226,0.37427,-0.27074,0.42056,-0.28784,0.49603,-0.31289,0.57991,-0.40241,0.64918,-0.49388,0.72593,-0.53562,0.7875,-0.56641,0.79141,-0.6368,0.79279,-0.70998,0.76574,-0.81704,0.76457,-0.89748,0.77945,-0.91048,0.81197,-0.88266,0.81687,-0.7828,0.83875,-0.69589,0.87019,-0.58642,0.8148,-0.42882,0.74883,-0.24828,0.68456,-0.03284,0.64658,0.16624,0.59454,0.3217,0.62419,0.38129,0.64891,0.44794,0.71574,0.39823,0.70772,0.23349,0.70906,-0.01228,0.68187,-0.29323,0.67523,-0.52319,0.70569,-0.65128,0.65423,-0.74814,0.62991,-0.82619,0.56394,-0.89272,0.58942,-0.9577,0.61473,-0.98961,0.64865,-0.93329,0.64901,-0.74988,0.60243,-0.52507,0.54823,-0.32168,0.58602,-0.0661,0.61169,0.14123,0.66388,4,2,7,14,13,8,3,9,5,1,12,11,15,10,6
-0.15522,-0.11348,-0.15451,-0.11097,-0.15112,-0.10617,-0.14863,-0.08479,-0.16208,-0.06216,-0.23993,-0.03201,-0.35064,0.0339,-0.45063,0.13239,-0.59316,0.20282,-0.73471,0.26972,-0.84494,0.35722,-0.94285,0.46026,-1.04197,0.53526,-1.15782,0.60284,-1.28295,0.62675,-1.36589,0.69373,-1.42147,0.69283,-1.45071,0.70827,-1.44046,0.71112,-1.3607,0.70883,-1.26912,0.6047,-1.10817,0.5052,-0.86132,0.40475,-0.56365,0.31705,-0.2789,0.25167,-0.03242,0.21966,0.19887,0.25964,0.40456,0.39144,0.5739,0.53019,0.59005,0.53386,0.55673,0.52442,0.48302,0.48808,0.32247,0.44481,0.0628,0.43088,-0.21532,0.44359,-0.43313,0.46756,-0.61099,0.50867,-0.75368,0.57464,-0.88776,0.60857,-1.0075,0.63558,-1.11204,0.66958,-1.13417,0.70749,-1.09313,0.66389,-1.02239,0.67453,-0.90667,0.62741,4,1,9,12,13,8,6,11,3,2,14,10,15,5,7
0.10772,0.17088,0.10924,0.17364,0.11321,0.17884,0.10835,0.18821,0.08927,0.21213,0.01651,0.23199,-0.15187,0.29061,-0.38708,0.31663,-0.60373,0.35161,-0.80801,0.40793,-0.98928,0.44051,-1.11579,0.44649,-1.16352,0.44035,-1.13746,0.46703,-1.08623,0.4338,-1.01455,0.43637,-0.87717,0.46929,-0.63921,0.52217,-0.38824,0.5356,-0.11576,0.5797,0.12025,0.6209,0.29733,0.65139,0.41013,0.60224,0.43165,0.59711,0.38342,0.56188,0.20369,0.5271,-0.01566,0.50297,-0.32183,0.4725,-0.65577,0.43338,-1.00323,0.40642,-1.28429,0.24101,-1.48493,0.28537,-1.58023,0.33741,-1.51836,0.38625,-1.3204,0.44359,-1.07542,0.4813,-0.78941,0.57593,-0.47544,0.61473,-0.19341,0.66198,0.07809,0.72979,0.31812,0.81722,0.49006,0.86675,0.55867,0.89749,0.54485,0.90084,0.50199,0.90679,4,1,9,12,14,7,5,11,3,2,13,10,15,6,8
-0.25259,0.54183,-0.25217,0.54492,-0.249,0.55061,-0.24746,0.57295,-0.31286,0.57374,-0.40408,0.59657,-0.57033,0.61155,-0.75799,0.65889,-0.96401,0.67623,-1.16399,0.67062,-1.36042,0.63484,-1.55329,0.68103,-1.66996,0.72498,-1.71759,0.79291,-1.64534,0.84726,-1.49365,0.93676,-1.26595,1.0057,-1.02176,1.04946,-0.74695,1.04611,-0.44213,1.04779,-0.11933,1.04094,0.0748,1.02486,0.28524,1.04656,0.46482,1.0914,0.53537,1.10069,0.50417,1.0611,0.43492,1.02192,0.27446,0.97524,0.01395,0.93356,-0.3347,0.88426,-0.68177,0.87074,-1.00385,0.86238,-1.26315,0.84379,-1.46736,0.92213,-1.646,1.04559,-1.64099,1.10109,-1.56886,1.08729,-1.47708,1.10876,-1.31359,1.14268,-1.08176,1.09327,-0.82416,1.05887,-0.57126,1.03926,-0.31263,1.02727,-0.10148,1.00142,0.09829,1.00398,2,3,7,13,14,5,8,9,11,1,12,10,15,6,4
0.02007,0.54183,0.02133,0.54492,0.0251,0.53819,0.01943,0.5233,-0.08162,0.49892,-0.26045,0.48339,-0.4866,0.49603,-0.72616,0.50092,-0.97459,0.54101,-1.14309,0.5462,-1.30888,0.60708,-1.41086,0.55688,-1.45725,0.60301,-1.41229,0.61639,-1.314,0.65431,-1.14231,0.69373,-0.9327,0.75243,-0.70879,0.78585,-0.47194,0.79086,-0.17618,0.78951,0.08434,0.7986,0.29733,0.79751,0.4896,0.79973,0.60861,0.81127,0.60054,0.77412,0.58999,0.75359,0.48856,0.74622,0.27446,0.71574,-0.01897,0.67545,-0.34587,0.64534,-0.67058,0.66609,-0.93828,0.65967,-1.11516,0.675,-1.22255,0.63931,-1.30065,0.68725,-1.2863,0.70168,-1.21198,0.72398,-1.13391,0.78829,-0.98961,0.87562,-0.78482,0.87786,-0.56412,0.87092,-0.31284,0.88005,-0.06755,0.88454,0.15528,0.91339,0.31299,0.93109,3,2,5,13,14,9,4,11,7,1,12,10,15,8,6
0.17588,0.50471,0.17762,0.50776,0.18174,0.52583,0.16768,0.53574,0.05913,0.52386,-0.16811,0.48339,-0.4448,0.44467,-0.72616,0.50092,-0.97459,0.56807,-1.15354,0.62916,-1.28825,0.69036,-1.3905,0.72239,-1.44714,0.75209,-1.47333,0.79291,-1.45895,0.80589,-1.39782,0.85097,-1.24373,0.93117,-1.02176,0.94086,-0.73502,0.87059,-0.36958,0.80569,-0.01152,0.75016,0.2739,0.71635,0.4896,0.71748,0.65281,0.71248,0.74166,0.65985,0.77241,0.64034,0.76748,0.66516,0.67563,0.66712,0.46413,0.62701,0.1555,0.54976,-0.19081,0.49293,-0.50095,0.50371,-0.76632,0.58291,-0.9675,0.63931,-1.12308,0.68725,-1.24794,0.70168,-1.2965,0.76432,-1.25445,0.76158,-1.1377,0.82221,-0.89616,0.82406,-0.61986,0.85753,-0.31284,0.84021,0.00503,0.81963,0.28808,0.80026,0.4848,0.77319,3,2,6,14,13,9,5,10,7,1,12,11,15,8,4
1.20805,0.2698,1.20317,0.28505,1.20958,0.30276,1.21537,0.31233,1.24541,0.24957,1.30916,0.05597,1.38592,-0.15871,1.45686,-0.34152,1.53657,-0.55471,1.6002,-0.7811,1.67071,-0.96131,1.72261,-1.11259,1.78404,-1.24036,1.8243,-1.27116,1.87489,-1.19228,1.91324,-0.99328,1.95531,-0.7226,1.9923,-0.45475,1.99109,-0.19817,1.96314,0.06315,1.92885,0.21697,1.86682,0.37529,1.82919,0.43766,1.79191,0.48182,1.75144,0.54558,1.73819,0.60798,1.76516,0.55159,1.80319,0.42387,1.7706,0.36883,1.8156,0.21525,1.8622,-0.04241,1.90433,-0.27601,1.91864,-0.50671,1.91936,-0.70042,1.9258,-0.86078,1.92501,-0.96481,1.94321,-1.03877,1.94516,-1.09435,1.9544,-1.11381,1.94311,-0.99333,1.89688,-0.78015,1.819,-0.48684,1.72036,-0.20554,1.63398,0.0208,1.54127,0.16584,8,7,1,11,10,5,6,13,3,9,12,15,14,4,2
0.84775,0.2698,0.85155,0.28505,0.85718,0.2904,0.86943,0.28751,0.90357,0.24957,0.9398,0.15656,0.95703,0.09806,0.96936,0.02707,1.0068,-0.16242,1.01388,-0.4769,1.00055,-0.83641,1.01045,-1.15396,1.04461,-1.40302,1.05079,-1.63781,1.07764,-1.79869,1.12541,-1.77963,1.16666,-1.54208,1.19237,-1.21462,1.23781,-0.88406,1.27422,-0.48562,1.2581,-0.17082,1.24602,0.09926,1.23887,0.27316,1.20575,0.41591,1.09996,0.57824,1.06218,0.67271,1.07858,0.69753,1.13095,0.65094,1.22166,0.51409,1.292,0.3427,1.282,0.17802,1.24836,-0.10449,1.17868,-0.43,1.11346,-0.77489,1.04763,-1.07577,0.98556,-1.35047,0.94782,-1.59041,0.89717,-1.78865,0.86198,-1.84813,0.87609,-1.72029,0.91247,-1.38423,0.94228,-0.96457,0.96708,-0.52996,0.97872,-0.09233,0.97438,0.23873,8,7,1,11,10,3,5,14,4,9,15,12,13,6,2
0.9354,0.39345,0.91993,0.42116,0.91594,0.43905,0.91884,0.44883,0.96391,0.4241,1.05267,0.30743,1.10349,0.2778,1.16013,0.26397,1.23988,0.16221,1.28612,-0.06214,1.30986,-0.29509,1.32582,-0.49171,1.3485,-0.68467,1.3663,-0.93168,1.34689,-1.21985,1.31707,-1.55086,1.27772,-1.84002,1.21556,-2.03645,1.1661,-2.03262,1.12918,-1.76075,1.12632,-1.3664,1.15235,-0.92371,1.1594,-0.5168,1.16155,-0.21011,1.14341,0.03943,1.148,0.2358,1.20731,0.32452,1.27192,0.34274,1.30947,0.28819,1.35881,0.11967,1.36011,-0.15259,1.30302,-0.46316,1.23152,-0.75228,1.16451,-0.96839,1.10685,-1.16178,1.07184,-1.35047,1.0605,-1.55007,1.05482,-1.6685,1.0564,-1.63454,1.04308,-1.45108,1.04249,-1.11574,1.03456,-0.75228,1.03061,-0.36128,0.99644,-0.00435,0.93144,0.27515,6,7,1,12,10,4,5,11,3,8,15,13,14,9,2
-0.53496,0.67781,-0.53541,0.68102,-0.52311,0.6869,-0.54399,0.65986,-0.59436,0.41166,-0.60929,0.09372,-0.63307,-0.27423,-0.65198,-0.61793,-0.68853,-0.94701,-0.68237,-1.23736,-0.64905,-1.43325,-0.58677,-1.55407,-0.54563,-1.5521,-0.52681,-1.42052,-0.53752,-1.16472,-0.54614,-0.79311,-0.55506,-0.33525,-0.55806,0.11903,-0.50785,0.5356,-0.45419,0.93476,-0.40678,1.20253,-0.3234,1.38205,-0.30509,1.44154,-0.27612,1.43737,-0.2789,1.36195,-0.35431,1.17434,-0.38045,0.74622,-0.39772,0.26169,-0.44718,-0.32492,-0.51298,-0.86793,-0.55902,-1.30188,-0.5884,-1.60154,-0.60773,-1.79581,-0.57987,-1.86157,-0.55078,-1.83548,-0.54821,-1.74989,-0.52651,-1.6039,-0.494,-1.37473,-0.47115,-0.98028,-0.43223,-0.46835,-0.38767,0.10581,-0.32205,0.61462,-0.30353,1.05323,-0.31403,1.20259,-0.31402,1.17405,5,7,1,11,12,3,10,15,6,4,14,8,13,9,2
0.81855,0.04723,0.82227,0.04989,0.82783,0.05491,0.82988,0.07654,0.85331,0.08743,0.88852,0.14396,0.92566,0.23926,0.95878,0.42194,0.99622,0.36511,1.08718,-0.18655,1.15518,-0.96131,1.20374,-1.74724,1.21679,-2.40605,1.2238,-2.83278,1.24331,-2.87356,1.28509,-2.70889,1.33325,-2.43596,1.37786,-1.92793,1.4172,-1.23503,1.43131,-0.43723,1.44975,0.31392,1.44518,0.91115,1.47727,1.11239,1.48225,1.19019,1.39314,1.0844,1.28753,0.80217,1.20731,0.04882,1.16351,-0.71137,1.16677,-1.35755,1.16942,-2.01478,1.21503,-2.65583,1.25927,-3.161,1.25267,-3.37657,1.21551,-3.26084,1.21541,-2.93914,1.1773,-2.47982,1.19197,-1.9268,1.19392,-1.32132,1.21377,-0.73993,1.27507,-0.17216,1.28395,0.41455,1.28376,0.81367,1.36643,1.13109,1.45687,1.27797,1.38665,1.18617,4,10,1,6,3,5,7,13,8,9,15,12,14,11,2
1.12041,0.52944,1.12505,0.55726,1.13129,0.55061,1.14618,0.56057,1.18507,0.58624,1.22706,0.59657,1.28132,0.63723,1.30849,0.63256,1.31406,0.48689,1.32796,0.1729,1.34077,-0.2118,1.36653,-0.58827,1.4194,-0.88797,1.45791,-1.16252,1.5125,-1.41279,1.57258,-1.67951,1.64428,-1.86982,1.70246,-1.98996,1.72806,-1.98479,1.70932,-1.84143,1.6414,-1.5603,1.53886,-1.24849,1.46589,-0.84588,1.40483,-0.39139,1.34969,0.02306,1.34118,0.41378,1.38967,0.66516,1.43453,0.9428,1.44122,1.22401,1.43681,1.39403,1.43821,1.46906,1.41234,1.48614,1.39012,1.48841,1.37868,1.36875,1.38313,1.20324,1.37861,0.93581,1.3516,0.7105,1.33306,0.49452,1.3619,0.16795,1.40497,-0.18565,1.43255,-0.45802,1.44985,-0.72573,1.45718,-0.93225,1.43032,-1.07295,1.38665,-1.19464,6,8,1,12,10,3,4,11,5,7,15,13,14,9,2
0.16611,0.91272,0.17762,0.92854,0.16215,0.93475,0.19731,0.84601,0.24005,0.64856,0.18067,0.42056,0.20384,0.11093,0.26994,-0.10457,0.30748,-0.54121,0.39612,-0.96082,0.4438,-1.39158,0.46107,-1.74724,0.44699,-1.8368,0.45029,-1.6242,0.50821,-1.24741,0.49726,-0.89323,0.50022,-0.52892,0.49684,-0.12911,0.54437,0.21661,0.58523,0.40217,0.62332,0.57239,0.69553,0.7813,0.69397,0.98073,0.65281,1.10784,0.6331,1.10069,0.65441,0.91542,0.60653,0.74622,0.57804,0.71574,0.60682,0.20754,0.65687,-0.23072,0.65716,-0.64066,0.59234,-1.10255,0.50216,-1.47354,0.46061,-1.71269,0.35698,-1.89282,0.29539,-1.84627,0.2811,-1.64424,0.27576,-1.25458,0.23243,-0.90016,0.28221,-0.56256,0.37386,-0.17614,0.45318,0.18993,0.48608,0.54712,0.45631,0.76257,0.45043,0.78536,8,7,1,12,9,4,5,15,3,6,14,11,13,10,2
0.5751,0.97457,0.58786,0.97804,0.58308,0.98432,0.61245,0.98251,0.65227,0.96029,0.74489,0.87312,0.86286,0.73993,0.8846,0.48779,0.74188,0.13515,0.7207,-0.08979,0.77375,-0.43389,0.77644,-0.78144,0.67998,-1.19972,0.67419,-1.63781,0.61173,-1.88132,0.56111,-2.00833,0.64459,-1.88475,0.68233,-1.38517,0.77154,-0.78841,0.9116,-0.21124,0.91077,0.05539,0.98837,0.37529,0.96642,0.58582,0.91822,0.81127,0.85028,1.06803,0.81535,1.19049,0.79965,1.11924,0.85993,0.68337,0.73857,0.4011,0.76833,-0.10335,0.76872,-0.73513,0.74541,-1.2897,0.72415,-1.62702,0.71565,-1.84665,0.65295,-1.99313,0.59255,-1.87382,0.60035,-1.46933,0.58181,-1.02761,0.61203,-0.52634,0.59771,-0.10487,0.59674,0.25345,0.6562,0.56153,0.74016,0.70285,0.80166,0.85055,0.78543,0.95538,7,8,1,13,10,4,5,12,3,6,15,9,14,11,2
0.25376,1.03637,0.27528,1.01514,0.26985,1.03389,0.2665,1.05698,0.27025,1.08499,0.29353,1.03659,0.37118,0.81697,0.38653,0.48779,0.39222,0.0946,0.35422,-0.36634,0.35101,-0.86417,0.45092,-1.42992,0.56854,-1.90455,0.65382,-2.05878,0.64283,-1.78488,0.61439,-1.52227,0.57792,-1.25894,0.62437,-1.01298,0.65199,-0.7565,0.63359,-0.46944,0.58734,-0.13851,0.57842,0.14801,0.54636,0.33892,0.58648,0.56416,0.64399,0.85579,0.75094,1.02873,0.79965,1.2003,0.78404,1.07255,0.69469,0.80447,0.66805,0.43828,0.6237,0.05206,0.57052,-0.29164,0.50216,-0.64481,0.44025,-1.02794,0.38657,-1.3481,0.38168,-1.6397,0.33741,-1.73846,0.31287,-1.48156,0.26948,-1.02031,0.30077,-0.67027,0.40171,-0.32378,0.44392,-0.04891,0.42255,0.2227,0.42093,0.49857,0.42467,0.61529,8,7,1,12,11,3,5,14,4,6,15,10,13,9,2
0.17588,1.0611,0.17762,1.06464,0.17192,1.08341,0.18745,1.09419,0.18979,1.12238,0.20119,1.16226,0.25614,1.22774,0.29114,1.30384,0.33925,1.37966,0.38562,1.44488,0.42318,1.48148,0.46107,1.49503,0.50779,1.48403,0.53169,1.49903,0.55997,1.52249,0.59309,1.58007,0.61128,1.64632,0.62437,1.71621,0.62806,1.7639,0.60941,1.77408,0.58734,1.76803,0.55499,1.72304,0.53503,1.70479,0.49798,1.66796,0.5137,1.62314,0.4827,1.57888,0.48856,1.58957,0.51296,1.60774,0.508,1.62737,0.54547,1.63294,0.55673,1.64222,0.54865,1.6421,0.54446,1.62651,0.54225,1.59203,0.53455,1.54727,0.54463,1.50051,0.55341,1.49093,0.554,1.5093,0.54723,1.54321,0.56058,1.59138,0.56889,1.60919,0.55466,1.63645,0.54051,1.6242,0.52718,1.57972,0.51056,1.52631,5,11,4,14,12,6,7,1,9,3,13,10,15,8,2
0.09795,1.01164,0.09945,1.01514,0.09363,1.00911,0.09849,1.01977,0.10939,1.04761,0.12938,1.09943,0.16198,1.16358,0.17461,1.1196,0.22273,0.81152,0.29143,0.38027,0.29946,-0.15628,0.28813,-0.68489,0.28492,-1.18613,0.27728,-1.73284,0.25973,-1.95026,0.23107,-1.95114,0.27803,-1.58674,0.32297,-0.98196,0.3889,-0.37362,0.4402,0.20846,0.44362,0.63702,0.42619,0.94363,0.44417,1.24405,0.46482,1.40441,0.5137,1.49258,0.51488,1.43327,0.45633,1.34631,0.45876,1.05637,0.49705,0.67545,0.51206,0.24712,0.51208,-0.27855,0.45024,-0.72825,0.36477,-1.12056,0.25662,-1.4745,0.1892,-1.57745,0.1995,-1.48821,0.23415,-1.26751,0.24795,-0.77387,0.288,-0.29931,0.3936,0.16439,0.42956,0.61589,0.42546,0.94638,0.47698,1.20896,0.53601,1.36601,0.54493,1.55061,7,8,1,13,12,3,4,11,5,6,15,9,14,10,2
0.17588,1.16002,0.15807,1.16365,0.17192,1.17018,0.1479,1.16866,0.1295,1.08499,0.17043,0.87312,0.17242,0.54738,0.23816,0.15871,0.31805,-0.32476,0.40657,-0.86406,0.4438,-1.34997,0.44072,-1.78861,0.44699,-1.91807,0.46045,-1.89581,0.48749,-1.70219,0.51856,-1.27924,0.58906,-0.79713,0.68233,-0.40825,0.74761,0.00918,0.73033,0.38599,0.69515,0.70165,0.66041,0.9761,0.6145,1.26047,0.74131,1.45381,0.76338,1.50887,0.75094,1.43327,0.58512,1.23274,0.63224,0.86175,0.67272,0.48182,0.71263,0.05595,0.7464,-0.40451,0.75638,-0.88421,0.75585,-1.38145,0.70547,-1.7871,0.66285,-2.10781,0.65004,-2.0942,0.6473,-1.98063,0.64673,-1.58838,0.69536,-1.04701,0.74618,-0.48178,0.72676,0.02526,0.69313,0.33594,0.70389,0.61198,0.67769,0.91339,0.64799,1.17405,7,9,1,12,8,3,6,13,4,5,15,11,14,10,2
-0.48628,0.65308,-0.44749,0.63152,-0.52311,0.63733,-0.5143,0.61021,-0.52398,0.61118,-0.51695,0.53368,-0.67493,0.48322,-0.72616,0.26397,-0.83687,-0.05425,-0.9127,-0.36634,-1.02019,-0.61432,-1.11579,-0.82281,-1.22432,-1.06416,-1.24943,-1.25755,-1.41757,-1.26122,-1.53625,-1.22205,-1.07713,-1.55694,-1.32317,-1.40065,-1.33284,-0.90005,-1.20354,-0.55019,-1.11345,-0.17082,-0.8622,0.19669,-0.71376,0.5529,-0.50837,0.72892,-0.39835,0.95377,-0.22555,1.28759,-0.11223,1.57331,-0.11584,1.72123,-0.10678,1.72419,-0.12301,1.72853,-0.13503,1.65793,-0.24948,1.36138,-0.38579,0.95126,-0.59005,0.63931,-0.73825,0.34328,-0.89329,-0.00075,-0.93966,-0.31216,-1.11536,-0.61369,-1.03589,-0.98028,-1.03537,-1.10104,-1.02845,-0.57881,-0.92194,-0.14184,-0.75731,0.33947,-0.57079,0.68713,-0.40848,0.83396,6,5,1,11,12,2,10,13,8,4,15,9,14,7,3
-0.29155,0.71488,-0.31075,0.73052,-0.29794,0.72405,-0.2771,0.73428,-0.32289,0.73588,-0.34256,0.65941,-0.45524,0.53452,-0.48246,0.4088,-0.58258,0.12165,-0.63002,-0.25572,-0.67997,-0.65599,-0.79027,-0.83663,-0.84952,-1.1455,-0.88304,-1.42052,-0.97233,-1.34392,-1.05716,-1.43648,-1.08822,-1.54208,-1.07978,-1.35416,-0.99804,-0.94787,-0.91347,-0.5663,-0.83795,-0.05768,-0.63967,0.39156,-0.44131,0.81615,-0.24296,1.07489,-0.06177,1.29664,0.07493,1.498,0.156,1.68688,0.14436,1.70505,0.01395,1.43374,-0.26788,1.04356,-0.46978,0.71336,-0.70868,0.33219,-0.86147,-0.10766,-0.89609,-0.47714,-1.10334,-0.78913,-1.22881,-1.06125,-0.95845,-1.49624,-1.37504,-1.06764,-1.04513,-1.42089,-1.02606,-0.93953,-0.77773,-0.44457,-0.61739,-0.03566,-0.50323,0.52116,-0.36713,0.8757,-0.2281,1.06474,7,4,1,11,12,2,10,13,8,5,15,6,14,9,3
-0.60312,0.76434,-0.63307,0.79238,-0.64058,0.79841,-0.65268,0.79636,-0.63453,0.73588,-0.57847,0.53368,-0.51803,0.23926,-0.41885,-0.13089,-0.33887,-0.56827,-0.22164,-1.01613,-0.12322,-1.39158,-0.10861,-1.66446,-0.07972,-1.85032,-0.04844,-2.00445,-0.01979,-2.06052,-0.00314,-2.10844,-0.01077,-2.03369,-0.00163,-1.74183,0.04218,-1.34667,-0.03115,-0.84075,-0.16719,-0.30009,-0.26484,0.22917,-0.30509,0.75039,-0.26508,1.12435,-0.31151,1.4109,-0.35431,1.51415,-0.35899,1.57331,-0.31101,1.62392,-0.35931,1.65965,-0.40157,1.44178,-0.44746,1.01248,-0.47908,0.5349,-0.44919,0.04576,-0.39624,-0.40274,-0.38305,-0.81774,-0.37564,-1.14384,-0.36684,-1.37516,-0.37341,-1.50826,-0.3693,-1.63454,-0.36728,-1.74721,-0.35982,-1.76006,-0.33131,-1.68118,-0.31263,-1.47726,-0.26088,-1.17348,-0.20234,-0.76948,4,12,1,7,6,2,10,14,9,8,15,11,13,5,3
-0.38891,0.60362,-0.37912,0.61917,-0.38606,0.62497,-0.3957,0.63504,-0.40335,0.64856,-0.48613,0.62172,-0.50754,0.36764,-0.48246,-0.01245,-0.41304,-0.46004,-0.39963,-0.93317,-0.43254,-1.3083,-0.44434,-1.60926,-0.43425,-1.75546,-0.44535,-1.81433,-0.43394,-1.84,-0.46093,-1.7367,-0.42178,-1.52714,-0.29147,-1.15258,-0.20891,-0.6767,-0.16412,-0.14667,-0.13128,0.39468,-0.07749,0.9599,0.01279,1.09597,0.07774,1.22314,0.06851,1.1823,0.07493,1.15813,0.0809,1.16786,0.02508,1.04012,-0.10678,0.80447,-0.16759,0.31084,-0.21314,-0.15259,-0.26044,-0.60348,-0.3118,-1.01316,-0.34524,-1.29585,-0.38305,-1.46277,-0.39482,-1.61215,-0.38563,-1.68464,-0.37341,-1.70853,-0.3693,-1.68795,-0.34871,-1.63957,-0.34124,-1.47817,-0.27591,-1.19021,-0.1583,-0.82842,-0.04838,-0.38148,0.02955,0.06865,4,9,1,12,8,3,11,15,5,7,14,10,13,6,2
-0.27207,0.83853,-0.28146,0.84188,-0.33712,0.83561,-0.34629,0.74671,-0.39326,0.53636,-0.52718,0.1691,-0.59126,-0.42829,-0.6626,-1.07865,-0.7627,-1.60988,-0.77661,-1.91487,-0.8346,-2.155,-0.76991,-2.16113,-0.70771,-1.9994,-0.64894,-1.80077,-0.5789,-1.44036,-0.49285,-0.9075,-0.444,-0.30545,-0.45377,0.22755,-0.36432,0.66323,-0.20037,1.19303,-0.14329,1.5095,-0.00719,1.56071,-0.02125,1.55671,-0.066,1.47032,-0.10522,1.36195,-0.20408,1.33617,-0.30535,1.15168,-0.44111,0.79687,-0.58987,0.385,-0.75808,-0.00777,-0.9049,-0.46749,-1.0476,-0.9154,-1.14685,-1.25873,-1.18173,-1.45964,-1.17241,-1.59176,-1.17127,-1.66724,-1.17445,-1.69806,-1.11536,-1.6685,-1.08217,-1.50101,-0.98898,-1.18182,-0.87985,-0.87415,-0.682,-0.4603,-0.51228,-0.03686,-0.39368,0.37284,-0.31402,0.65171,4,8,1,11,12,3,10,15,9,5,14,7,13,6,2
-0.28178,0.85092,-0.28146,0.82953,-0.25877,0.77362,-0.2771,0.69707,-0.28271,0.48648,-0.3015,0.20685,-0.25647,-0.15871,-0.19631,-0.52576,-0.1799,-0.90645,-0.14835,-1.26502,-0.13356,-1.50263,-0.11881,-1.66446,-0.04935,-1.78258,-0.02808,-1.86865,-0.03018,-1.88132,-0.02444,-1.80822,0.01145,-1.70595,0.02156,-1.50924,0.0661,-1.12339,0.07764,-0.63087,0.08434,-0.21926,0.01624,0.13174,0.00146,0.51999,0.03354,0.79483,0.03595,1.03538,0.05346,1.23907,0.04867,1.41119,0.03596,1.54286,0.01395,1.64347,-0.04501,1.58519,-0.05693,1.42179,-0.11828,1.15867,-0.20605,0.79778,-0.26365,0.46066,-0.25481,0.09956,-0.22226,-0.27617,-0.19784,-0.63507,-0.17864,-0.94749,-0.17488,-1.19392,-0.19098,-1.3703,-0.22049,-1.45132,-0.22052,-1.48213,-0.2491,-1.4124,-0.26088,-1.37465,-0.26247,-1.24323,5,12,1,10,6,2,8,14,7,9,15,11,13,4,3
-0.51547,0.44291,-0.51587,0.43351,-0.51329,0.43905,-0.50444,0.42401,-0.52398,0.48648,-0.51695,0.47085,-0.4971,0.49603,-0.47183,0.42194,-0.45538,0.22988,-0.46248,-0.04834,-0.48408,-0.37837,-0.49525,-0.68489,-0.52537,-0.94219,-0.53696,-1.14891,-0.58928,-1.3301,-0.65259,-1.49367,-0.74388,-1.58674,-0.8479,-1.66432,-0.92628,-1.63382,-0.9739,-1.55094,-1.04155,-1.39872,-1.07305,-1.0861,-1.02025,-0.64839,-0.9397,-0.12777,-0.84348,0.18635,-0.70844,0.51088,-0.74518,0.8111,-0.75551,0.95906,-0.73263,1.01427,-0.71355,1.0117,-0.65945,0.96521,-0.56652,0.86238,-0.51264,0.73639,-0.49823,0.62445,-0.4916,0.42922,-0.45231,0.02679,-0.41378,-0.37942,-0.41977,-0.69376,-0.45263,-0.92687,-0.47862,-1.0876,-0.50842,-1.14259,-0.53433,-1.12383,-0.55766,-1.03607,-0.57963,-0.88434,-0.58885,-0.6237,5,4,1,8,12,2,9,13,6,7,15,11,14,10,3
-0.34995,0.98691,-0.34008,0.97804,-0.33712,0.98432,-0.33642,0.99495,-0.343,0.99773,-0.35279,0.96116,-0.382,0.84264,-0.42943,0.57991,-0.65675,0.37867,-0.72427,0.1591,-0.80368,-0.11467,-0.80042,-0.42269,-0.75835,-0.73889,-0.7507,-0.986,-0.786,-1.19228,-0.82295,-1.25064,-0.9327,-1.27387,-1.03339,-1.21462,-1.08174,-1.09148,-1.13106,-0.71161,-1.22125,-0.38085,-1.14329,-0.19298,-0.97489,0.02626,-0.89544,0.3994,-0.76748,0.77412,-0.69773,1.10961,-0.55205,1.42737,-0.517,1.59148,-0.50206,1.5951,-0.50186,1.55333,-0.44746,1.50055,-0.41351,1.4082,-0.36465,1.16614,-0.32483,0.80303,-0.41264,0.51523,-0.49067,0.26098,-0.47952,0.02423,-0.42908,-0.26652,-0.41559,-0.52634,-0.50649,-0.75105,-0.57343,-0.82046,-0.6266,-0.77882,-0.63024,-0.64673,-0.63278,-0.49461,-0.58885,-0.16213,6,5,1,11,13,2,9,12,7,4,15,8,14,10,3
-0.10654,1.12289,-0.09588,1.11415,-0.10218,1.12061,-0.08931,1.13145,-0.11177,1.12238,-0.1784,1.04914,-0.21461,0.894,-0.22808,0.69835,-0.34944,0.52745,-0.44153,0.39413,-0.44282,0.26009,-0.45454,0.06015,-0.45451,-0.12892,-0.45556,-0.30703,-0.47537,-0.44812,-0.50353,-0.57868,-0.53284,-0.60339,-0.58125,-0.57881,-0.59149,-0.54908,-0.61128,-0.42105,-0.63434,-0.18695,-0.65136,0.05058,-0.61158,0.10858,-0.49733,0.30054,-0.47435,0.59454,-0.4402,0.8669,-0.39115,1.10305,-0.36521,1.33205,-0.32639,1.49829,-0.32358,1.60108,-0.33589,1.62644,-0.30414,1.57972,-0.24835,1.53442,-0.23301,1.38361,-0.21532,1.08862,-0.23187,0.64659,-0.41378,0.29337,-0.4847,0.17411,-0.52668,-0.00561,-0.58996,-0.21258,-0.64771,-0.36402,-0.66353,-0.39397,-0.68472,-0.38723,-0.65933,-0.30604,-0.66616,-0.23502,6,8,1,12,15,3,7,10,9,2,13,4,14,11,5
-0.41811,1.08583,-0.4182,1.07699,-0.39582,1.07104,-0.40561,1.09419,-0.40335,1.10993,-0.38355,1.11203,-0.35064,1.11223,-0.32347,0.98796,-0.31767,0.73035,-0.50438,0.46324,-0.53562,0.274,-0.54611,-0.00881,-0.54563,-0.27801,-0.50644,-0.52426,-0.4857,-0.79264,-0.50353,-1.02188,-0.51062,-1.12487,-0.54649,-1.15258,-0.57956,-1.0755,-0.63547,-0.88914,-0.6463,-0.63938,-0.61624,-0.30669,-0.61158,0.00984,-0.65216,0.13585,-0.46352,0.36593,-0.39725,0.70507,-0.38045,1.05436,-0.36521,1.36449,-0.4142,1.579,-0.40157,1.71256,-0.36935,1.67371,-0.29323,1.56416,-0.2589,1.42702,-0.28406,1.16033,-0.31398,0.68725,-0.37564,0.24717,-0.43257,0.05114,-0.52181,-0.1864,-0.61001,-0.39281,-0.59926,-0.57606,-0.57343,-0.65936,-0.562,-0.67265,-0.56676,-0.58187,-0.57963,-0.46951,-0.58885,-0.32003,5,6,1,12,15,2,8,10,9,4,14,7,13,11,3
-0.27207,1.01164,-0.25217,1.00279,-0.25877,1.00911,-0.26723,1.00733,-0.27263,0.96029,-0.29121,0.75999,-0.3925,0.49603,-0.50361,0.27716,-0.55076,-0.04069,-0.55673,-0.35248,-0.50471,-0.62823,-0.40368,-0.86423,-0.29244,-0.98283,-0.23161,-1.01316,-0.23723,-1.01315,-0.26932,-1.00761,-0.31065,-0.9312,-0.361,-0.76491,-0.42415,-0.54908,-0.55086,-0.24352,-0.58642,-0.00924,-0.41714,0.16421,-0.2937,0.53641,-0.27612,0.92664,-0.26806,1.24761,-0.25772,1.44942,-0.26242,1.52469,-0.25681,1.49424,-0.23852,1.48218,-0.22329,1.47364,-0.17968,1.3431,-0.17294,1.06509,-0.11096,0.675,-0.24324,0.38625,-0.31398,0.07089,-0.3181,-0.23488,-0.27294,-0.37942,-0.28068,-0.50687,-0.3045,-0.60645,-0.34871,-0.6837,-0.35051,-0.64591,-0.35898,-0.51339,-0.358,-0.29636,-0.38485,-0.02949,-0.37415,0.12942,9,5,1,11,12,2,7,13,6,4,15,8,14,10,3
-0.21362,1.11056,-0.21308,1.12649,-0.20983,1.12061,-0.21782,1.14383,-0.21234,1.08499,-0.25022,0.94856,-0.382,0.63723,-0.48246,0.21131,-0.60373,-0.17597,-0.74516,-0.35248,-0.75214,-0.53103,-0.7292,-0.80904,-0.78872,-0.98283,-0.86268,-1.09464,-0.92057,-1.06828,-0.99325,-1.02188,-1.05491,-1.00567,-1.16087,-0.90445,-1.16544,-0.70861,-1.11893,-0.67933,-1.10143,-0.39704,-1.03787,0.0181,-0.99754,0.43766,-0.95073,0.87717,-0.91949,1.29664,-0.80503,1.6274,-0.76664,1.73551,-0.76638,1.6888,-0.74358,1.43374,-0.68008,0.90022,-0.62599,0.2725,-0.55561,-0.16687,-0.60773,-0.24582,-0.62069,-0.43251,-0.60011,-0.71743,-0.6057,-0.85462,-0.64857,-0.8638,-0.64235,-0.77387,-0.63777,-0.63316,-0.65491,-0.48178,-0.66629,-0.48487,-0.65428,-0.06221,-0.63024,0.48226,-0.65933,0.91339,-0.66616,1.25906,6,4,1,11,13,2,9,12,8,5,15,7,14,10,3
-0.56416,-1.94332,-0.58424,-1.93007,-0.59164,-1.92773,-0.5934,-1.92161,-0.59436,-1.89514,-0.57847,-1.89266,-0.57033,-1.90459,-0.57779,-1.92109,-0.62493,-1.98862,-0.69281,-2.03929,-0.75214,-2.04395,-0.83092,-1.99555,-0.91032,-1.94518,-1.01533,-1.90936,-1.138,-1.88132,-1.29136,-1.85108,-1.49922,-1.78042,-1.70573,-1.66432,-1.8948,-1.49028,-2.02544,-1.30884,-2.10756,-1.07562,-2.12716,-0.85875,-2.07607,-0.66489,-2.01242,-0.40783,-1.9401,-0.15652,-1.83522,0.07397,-1.71069,0.27589,-1.60118,0.45631,-1.45724,0.64318,-1.31521,0.8365,-1.15041,0.99671,-0.96016,1.1431,-0.75572,1.22746,-0.56964,1.27943,-0.37321,1.27494,-0.20308,1.22503,-0.06637,1.18146,0.07174,1.14879,0.17691,1.14268,0.29151,1.13369,0.39244,1.08572,0.4716,1.0658,0.50419,1.04022,0.51829,0.97628,0.50199,0.94326,4,7,11,1,3,2,10,13,9,8,14,12,15,5,6
-0.02861,-1.90625,-0.02751,-1.90532,-0.03366,-1.90295,-0.02012,-1.89679,-0.01125,-1.8827,-0.00401,-1.86752,0.03645,-1.8661,0.07922,-1.86843,0.12736,-1.88045,0.15528,-1.91487,0.16546,-1.90514,0.1559,-1.91276,0.133,-1.89096,0.09405,-1.89581,0.02158,-1.9227,-0.07766,-2.03692,-0.22181,-2.12309,-0.39582,-2.20701,-0.60348,-2.23998,-0.80468,-2.21266,-1.00564,-2.15812,-1.16673,-2.14154,-1.2927,-2.11301,-1.3931,-2.02236,-1.48407,-1.85456,-1.54545,-1.68979,-1.59266,-1.47568,-1.62287,-1.21412,-1.63286,-0.93809,-1.64942,-0.66081,-1.63017,-0.40451,-1.55056,-0.10449,-1.42169,0.15323,-1.27354,0.40111,-1.12308,0.61561,-0.96996,0.77052,-0.80819,0.91232,-0.67946,1.04197,-0.56372,1.19603,-0.41366,1.33561,-0.25765,1.44815,-0.10057,1.53028,0.05951,1.57229,0.19067,1.55457,0.30442,1.51414,4,6,12,1,3,2,10,13,9,7,14,11,15,8,5
0.02007,-1.93098,0.02133,-1.93007,0.0251,-1.92773,0.0293,-1.934,0.03901,-1.90764,0.04733,-1.90521,0.07831,-1.90459,0.111,-1.90789,0.12736,-1.94806,0.13433,-1.98398,0.11392,-1.98843,0.05413,-1.99555,-0.02908,-1.95877,-0.14005,-1.96368,-0.26833,-1.99158,-0.43963,-2.00833,-0.6439,-2.00395,-0.87109,-1.95895,-1.05782,-1.87309,-1.22773,-1.72847,-1.35296,-1.57649,-1.42438,-1.3784,-1.44031,-1.15854,-1.43735,-0.90212,-1.42979,-0.61372,-1.40597,-0.33056,-1.36743,-0.0485,-1.34098,0.22925,-1.28157,0.46565,-1.20375,0.6772,-1.08343,0.85503,-0.93828,0.98715,-0.77687,1.10474,-0.61046,1.1901,-0.43238,1.23191,-0.26061,1.22503,-0.1039,1.23528,0.04393,1.28232,0.18615,1.32956,0.32864,1.36254,0.46672,1.3676,0.59159,1.33123,0.68573,1.27382,0.75739,1.17744,0.81119,1.10116,4,7,11,1,3,2,10,13,9,8,14,12,15,6,5
-0.27207,-1.21388,-0.27171,-1.21233,-0.26859,-1.20902,-0.2771,-1.20179,-0.27263,-1.19687,-0.26045,-1.1635,-0.24604,-1.16001,-0.21751,-1.14444,-0.16932,-1.14997,-0.1274,-1.1544,-0.11294,-1.12788,-0.08831,-1.12636,-0.08983,-1.11839,-0.10948,-1.14891,-0.1337,-1.21985,-0.1948,-1.2935,-0.27735,-1.39307,-0.39582,-1.47822,-0.51978,-1.55409,-0.63547,-1.61551,-0.76612,-1.67344,-0.88564,-1.70312,-0.98621,-1.75102,-1.0724,-1.79176,-1.13667,-1.78925,-1.20209,-1.80311,-1.30303,-1.70275,-1.41688,-1.57086,-1.52308,-1.38983,-1.6383,-1.17057,-1.7306,-0.90829,-1.75828,-0.63468,-1.77052,-0.4607,-1.74276,-0.23895,-1.69533,-0.02942,-1.66017,0.13698,-1.63459,0.33377,-1.60692,0.5079,-1.5821,0.7421,-1.57351,0.99906,-1.56711,1.15281,-1.51258,1.29139,-1.45617,1.4036,-1.39424,1.42885,-1.30175,1.4899,2,6,12,1,4,3,9,13,8,7,15,11,14,10,5
0.38037,-1.22621,0.38274,-1.22468,0.38732,-1.22139,0.39502,-1.21417,0.411,-1.19687,0.43716,-1.17604,0.47583,-1.16001,0.52432,-1.15763,0.57239,-1.13641,0.61601,-1.12675,0.65003,-1.10011,0.68492,-1.07117,0.72051,-1.03705,0.75564,-1.02671,0.78778,-1.04071,0.81667,-1.0648,0.84455,-1.11,0.86782,-1.16806,0.87916,-1.20312,0.87536,-1.22809,0.85089,-1.2372,0.8127,-1.26469,0.77344,-1.33961,0.74131,-1.41284,0.7091,-1.44638,0.68658,-1.47945,0.69238,-1.5243,0.68645,-1.55467,0.68368,-1.59956,0.65687,-1.63252,0.6237,-1.66399,0.57052,-1.69512,0.50216,-1.71911,0.45043,-1.69777,0.37672,-1.64909,0.32414,-1.61215,0.25294,-1.55007,0.19233,-1.48156,0.12134,-1.42089,0.05027,-1.34337,-0.03478,-1.23659,-0.10978,-1.11058,-0.18556,-0.97115,-0.26976,-0.83404,-0.33978,-0.70877,3,8,11,4,1,6,7,14,5,9,15,12,13,10,2
0.27324,-1.73315,0.27528,-1.73206,0.28939,-1.74182,0.30605,-1.73541,0.32051,-1.72056,0.34482,-1.70404,0.37118,-1.69917,0.42893,-1.69727,0.47702,-1.69105,0.51126,-1.69363,0.54689,-1.6692,0.573,-1.65063,0.59896,-1.60633,0.61315,-1.6242,0.61173,-1.66087,0.58241,-1.7653,0.52238,-1.85495,0.42731,-1.9434,0.29327,-1.98479,0.13807,-1.97056,-0.03548,-1.88347,-0.21804,-1.80055,-0.38456,-1.7181,-0.54158,-1.59405,-0.68064,-1.44638,-0.79432,-1.28525,-0.87391,-1.08641,-0.91817,-0.90599,-0.93021,-0.64764,-0.91406,-0.37413,-0.84912,-0.10532,-0.74147,0.12941,-0.62888,0.35272,-0.49823,0.54998,-0.35346,0.70162,-0.21269,0.82562,-0.07574,0.95272,0.05318,1.12209,0.19543,1.27615,0.32864,1.42982,0.45745,1.5287,0.59159,1.59667,0.72205,1.63715,0.82821,1.59226,0.93144,1.52631,4,7,11,1,3,2,10,13,8,6,14,12,15,9,5
0.72114,-1.56004,0.72455,-1.54645,0.7299,-1.55596,0.73105,-1.53688,0.74276,-1.50859,0.76541,-1.50293,0.81056,-1.48095,0.84219,-1.47351,0.89023,-1.47459,0.93009,-1.4586,0.93866,-1.48878,0.90872,-1.51271,0.86232,-1.53858,0.77595,-1.63781,0.65316,-1.72975,0.51856,-1.83682,0.36687,-1.94435,0.17223,-2.03645,-0.04152,-2.09643,-0.28497,-2.11588,-0.49062,-2.12581,-0.68654,-2.07658,-0.83866,-1.99784,-0.97286,-1.87411,-1.09322,-1.69128,-1.2128,-1.51181,-1.31374,-1.2973,-1.40606,-1.05193,-1.47915,-0.84127,-1.53801,-0.58119,-1.54088,-0.37302,-1.48493,-0.15124,-1.40054,0.04576,-1.28372,0.2523,-1.12308,0.38625,-0.98914,0.5364,-0.87393,0.68358,-0.77219,0.81499,-0.67481,0.94236,-0.5807,1.09327,-0.47126,1.17966,-0.36819,1.27815,-0.25815,1.32573,-0.16347,1.36601,-0.04776,1.34412,3,7,12,1,5,2,8,13,9,6,15,11,14,10,4
0.68223,-1.5477,0.68552,-1.54645,0.69078,-1.54359,0.71127,-1.53688,0.73267,-1.52109,0.75518,-1.51548,0.77919,-1.51949,0.77864,-1.53936,0.76308,-1.56932,0.7102,-1.63832,0.65003,-1.64144,0.573,-1.65063,0.49763,-1.66055,0.41977,-1.65136,0.31149,-1.70219,0.17785,-1.7653,0.02254,-1.81022,-0.16393,-1.8659,-0.36432,-1.85717,-0.5388,-1.84143,-0.69422,-1.78652,-0.83877,-1.73559,-0.92946,-1.70161,-0.99498,-1.59405,-1.0281,-1.46274,-1.07332,-1.31762,-1.0992,-1.1351,-1.11329,-0.95462,-1.12786,-0.76055,-1.13693,-0.56522,-1.11689,-0.38873,-1.05857,-0.24482,-0.97771,-0.09234,-0.89609,0.05873,-0.77773,0.21423,-0.66324,0.35737,-0.54525,0.49519,-0.43833,0.64143,-0.36006,0.79551,-0.29306,0.95864,-0.23907,1.08572,-0.18364,1.19852,-0.14925,1.28677,-0.10148,1.30312,-0.03915,1.30765,3,6,12,1,4,2,9,13,8,7,15,11,14,10,5
0.85747,-1.34986,0.85155,-1.34844,0.85718,-1.35768,0.87929,-1.35067,0.89354,-1.30907,0.92957,-1.31432,0.97796,-1.30121,1.02239,-1.28921,1.08097,-1.28519,1.10813,-1.27882,1.11397,-1.26668,1.10202,-1.26434,1.06488,-1.26747,1.03042,-1.33904,0.96378,-1.39904,0.88052,-1.52227,0.78902,-1.64635,0.65914,-1.74183,0.49652,-1.82526,0.31934,-1.8576,0.14422,-1.86727,-0.03062,-1.84923,-0.19152,-1.83327,-0.30934,-1.75881,-0.38751,-1.65862,-0.4509,-1.51181,-0.48772,-1.36217,-0.517,-1.19786,-0.52403,-0.98646,-0.52415,-0.74049,-0.50324,-0.49898,-0.4463,-0.27601,-0.38579,-0.07696,-0.31465,0.1332,-0.22517,0.30024,-0.14559,0.44001,-0.07574,0.58942,-0.00243,0.73488,0.0473,0.88895,0.09665,1.03942,0.16952,1.16626,0.24091,1.2516,0.33175,1.27382,0.39433,1.26543,0.4848,1.23476,3,8,12,1,5,2,9,13,7,6,15,11,14,10,4
0.6043,-1.88152,0.60735,-1.86816,0.60267,-1.86574,0.62231,-1.87196,0.63215,-1.85776,0.66284,-1.82977,0.68503,-1.85324,0.67268,-1.89476,0.60417,-2.00217,0.46942,-2.08074,0.35101,-2.155,0.21692,-2.13353,0.06209,-2.06721,-0.07896,-1.99084,-0.20618,-1.90888,-0.33317,-1.82249,-0.48839,-1.69101,-0.65084,-1.55573,-0.83065,-1.37857,-0.96184,-1.1797,-0.98167,-0.91404,-0.93245,-0.66388,-0.81595,-0.41806,-0.69636,-0.16072,-0.57208,0.07209,-0.46167,0.26817,-0.34823,0.48671,-0.23512,0.71574,-0.08487,0.94973,0.08868,1.10728,0.27782,1.21714,0.45024,1.22105,0.61846,1.22746,0.77683,1.1901,1.01804,1.1459,1.18687,1.12864,1.32344,1.10071,1.42579,1.09538,1.52856,1.11598,1.57196,1.18754,1.56257,1.23336,1.54212,1.2516,1.52071,1.22191,1.48342,1.18999,1.4382,1.13763,6,8,11,2,3,1,10,13,9,7,14,12,15,4,5
0.65298,-1.6095,0.65618,-1.6083,0.66137,-1.60553,0.67172,-1.59891,0.69245,-1.59591,0.71413,-1.57837,0.74783,-1.57084,0.77864,-1.57882,0.80548,-1.59632,0.794,-1.63832,0.73249,-1.68305,0.65437,-1.70582,0.56854,-1.72835,0.47065,-1.76,0.35292,-1.84,0.19915,-1.9226,0.03368,-1.94435,-0.15237,-1.97442,-0.36432,-1.9369,-0.5388,-1.82532,-0.68227,-1.67344,-0.78021,-1.50825,-0.86132,-1.33961,-0.91757,-1.11627,-0.94121,-0.87491,-0.95526,-0.60564,-0.94901,-0.29176,-0.91817,-0.014,-0.82044,0.27208,-0.68008,0.502,-0.4921,0.72907,-0.30414,0.87794,-0.14266,1.02797,-0.00861,1.1157,0.13003,1.08862,0.30496,1.10109,0.45014,1.14106,0.53545,1.14879,0.67684,1.22274,0.89461,1.26826,1.07034,1.30045,1.18223,1.34448,1.26658,1.36464,1.27092,1.34086,1.24064,1.29553,5,8,11,1,3,2,10,13,9,7,14,12,15,6,4
0.68223,-1.95571,0.69526,-1.96717,0.69078,-1.96488,0.70141,-1.94643,0.71256,-1.93258,0.72436,-1.93035,0.72689,-1.96876,0.69383,-2.02634,0.64657,-2.08335,0.59506,-2.10839,0.5366,-2.11333,0.48143,-2.09217,0.42673,-2.0401,0.37904,-2.018,0.31149,-2.01914,0.24175,-2.02266,0.16697,-2.04862,0.06789,-2.03645,-0.02959,-2.0167,-0.12788,-1.98674,-0.26305,-1.9481,-0.38202,-1.89799,-0.48668,-1.86618,-0.56365,-1.77525,-0.64808,-1.65862,-0.69773,-1.52796,-0.73447,-1.39461,-0.76638,-1.24655,-0.7765,-1.08327,-0.74696,-0.91569,-0.69291,-0.71935,-0.62124,-0.50991,-0.54434,-0.32253,-0.45747,-0.11985,-0.36331,0.05658,-0.26061,0.21963,-0.17905,0.38753,-0.10447,0.5079,-0.04527,0.64865,-0.00543,0.75672,0.03023,0.88432,0.05631,0.98617,0.11394,1.06618,0.13756,1.08941,0.19274,1.11333,4,7,12,1,3,2,9,13,8,6,14,11,15,10,5
0.00059,-2.17823,-0.00796,-2.17753,-0.01407,-2.17553,-0.03003,-2.18223,-0.05148,-2.16949,-0.0553,-2.16921,-0.04727,-2.17417,-0.02674,-2.1975,-0.02098,-2.21863,-0.00176,-2.26052,-0.0098,-2.23828,-0.01709,-2.21632,-0.02908,-2.16207,-0.07896,-2.15381,-0.12337,-2.18452,-0.20542,-2.25142,-0.32179,-2.31682,-0.45377,-2.36209,-0.60348,-2.39951,-0.74426,-2.40637,-0.88588,-2.38434,-1.01443,-2.40137,-1.13382,-2.39275,-1.22723,-2.38483,-1.33207,-2.2954,-1.43815,-2.20764,-1.53903,-2.12439,-1.64456,-2.02498,-1.75365,-1.89001,-1.84999,-1.75996,-1.88682,-1.67977,-1.90039,-1.55479,-1.82337,-1.56563,-1.72235,-1.42987,-1.7644,-1.30512,-1.7081,-1.15764,-1.68154,-0.99837,-1.65328,-0.8807,-1.64691,-0.7266,-1.58282,-0.65678,-1.55779,-0.49827,-1.53104,-0.32758,-1.46522,-0.16658,-1.41195,-0.00435,-1.32755,0.14154,4,7,12,1,3,2,8,13,9,6,14,11,15,10,5
-0.30127,-1.6095,-0.31075,-1.6207,-0.30771,-1.60553,-0.31665,-1.62373,-0.343,-1.6333,-0.40408,-1.64121,-0.4971,-1.68636,-0.6202,-1.73679,-0.75207,-1.7316,-0.89175,-1.66598,-1.04082,-1.55815,-1.20736,-1.41609,-1.37623,-1.21325,-1.50385,-1.01316,-1.58319,-0.87533,-1.6214,-0.76458,-1.71027,-0.66299,-1.72892,-0.59429,-1.71541,-0.46934,-1.68701,-0.30809,-1.58053,-0.09,-1.3307,0.06678,-1.0884,0.28958,-0.80699,0.51477,-0.52863,0.69251,-0.28996,0.85068,-0.04783,0.9733,0.13349,1.04012,0.34334,1.09492,0.54547,1.171,0.73526,1.18565,0.84382,1.20542,0.88269,1.21215,0.86865,1.20496,0.83057,1.17457,0.77468,1.16993,0.73182,1.18146,0.71165,1.2022,0.7046,1.23612,0.6998,1.29519,0.68033,1.3139,0.67466,1.34448,0.65852,1.32573,0.65114,1.29057,0.62224,1.24694,5,7,11,2,4,1,10,13,9,8,15,12,14,3,6
-0.18442,-1.43639,-0.18379,-1.42269,-0.19025,-1.44445,-0.19805,-1.46241,-0.20226,-1.45871,-0.20916,-1.45264,-0.2251,-1.48095,-0.23871,-1.4867,-0.23292,-1.50165,-0.24259,-1.50005,-0.26757,-1.47487,-0.3019,-1.44369,-0.33292,-1.3895,-0.38431,-1.3662,-0.46504,-1.34392,-0.56738,-1.36502,-0.71058,-1.37814,-0.87109,-1.36963,-1.0339,-1.34667,-1.17936,-1.27655,-1.3051,-1.18869,-1.40095,-1.15105,-1.45164,-1.10921,-1.50367,-1.08332,-1.53835,-1.0382,-1.53474,-1.05876,-1.53903,-1.00534,-1.53616,-0.98705,-1.55601,-0.85737,-1.59371,-0.77235,-1.55207,-0.70364,-1.50681,-0.60348,-1.43224,-0.5681,-1.32454,-0.4176,-1.25132,-0.27308,-1.12335,-0.16598,-1.04298,-0.05645,-0.97626,0.06728,-0.90628,0.19466,-0.85908,0.33939,-0.787,0.44139,-0.70041,0.54823,-0.63024,0.63794,-0.54424,0.69968,-0.4686,0.73677,3,4,12,1,5,2,9,14,7,8,15,11,13,10,6
0.00059,-1.8444,-0.02751,-1.85582,-0.07278,-1.86574,-0.12886,-1.89679,-0.19222,-1.92008,-0.26045,-1.91781,-0.34014,-1.93027,-0.44006,-1.93422,-0.54018,-1.921,-0.65097,-1.88722,-0.76242,-1.75248,-0.87163,-1.66446,-0.98123,-1.51147,-1.07642,-1.37981,-1.16904,-1.28879,-1.25944,-1.20772,-1.35479,-1.12487,-1.4739,-1.04399,-1.58393,-0.93195,-1.66283,-0.82457,-1.70035,-0.72014,-1.60011,-0.92371,-1.59925,-0.81297,-1.58109,-0.72084,-1.52752,-0.58106,-1.44892,-0.37908,-1.34596,-0.12956,-1.21088,0.0995,-1.08392,0.36883,-0.92524,0.62944,-0.74869,0.85503,-0.5884,1.04953,-0.43864,1.22746,-0.25342,1.36875,-0.07718,1.41829,0.10365,1.41786,0.29047,1.39676,0.48908,1.40247,0.69536,1.43639,0.85753,1.5106,0.98679,1.56894,1.02535,1.60991,1.03967,1.59824,1.01415,1.55457,0.96576,1.50202,4,7,11,1,3,2,10,13,9,8,14,12,15,5,6
0.26353,-1.80733,0.26553,-1.80631,0.25027,-1.81617,0.25664,-1.82232,0.24005,-1.80788,0.22172,-1.80463,0.18291,-1.81475,0.1322,-1.8421,0.05319,-1.88045,-0.02271,-1.88722,-0.14385,-1.87738,-0.2714,-1.85763,-0.39371,-1.80969,-0.55733,-1.71929,-0.74456,-1.64706,-0.9507,-1.55086,-1.1882,-1.43774,-1.38119,-1.29212,-1.51216,-1.1553,-1.5541,-1.0021,-1.52065,-0.8494,-1.44782,-0.71263,-1.37217,-0.59906,-1.30465,-0.49025,-1.23439,-0.54841,-1.15915,-0.37908,-1.07774,-0.162,-0.99407,0.11575,-0.89729,0.36883,-0.76925,0.61348,-0.58134,0.77627,-0.39164,0.95596,-0.21665,1.10474,-0.05961,1.20496,0.06096,1.24627,0.28578,1.30767,0.49709,1.38328,0.68384,1.46926,0.85274,1.55653,1.01525,1.64523,1.11681,1.73004,1.17302,1.76917,1.19399,1.75398,1.16467,1.70545,1.09463,1.64779,5,8,11,1,3,2,10,13,9,7,14,12,15,4,6
-0.30127,-1.62189,-0.31075,-1.6454,-0.31753,-1.66746,-0.33642,-1.67338,-0.37315,-1.68318,-0.41437,-1.6915,-0.46567,-1.72485,-0.53544,-1.74993,-0.60373,-1.77222,-0.67187,-1.73509,-0.78305,-1.69696,-0.89199,-1.60926,-1.02171,-1.47083,-1.17819,-1.37981,-1.35543,-1.30254,-1.54687,-1.19345,-1.65474,-1.1696,-1.78688,-1.13704,-1.84695,-1.09148,-1.91665,-1.05056,-1.91591,-0.94635,-1.85776,-0.87502,-1.7809,-0.82946,-1.71379,-0.68789,-1.63608,-0.48309,-1.51327,-0.23347,-1.36743,0.04882,-1.22176,0.34274,-1.06196,0.64318,-0.92524,0.93208,-0.79334,1.15416,-0.65402,1.34582,-0.43864,1.44234,-0.17183,1.5027,0.12018,1.48993,0.38168,1.47296,0.58156,1.49093,0.73951,1.52262,0.83421,1.55653,0.89461,1.61831,0.9032,1.64949,0.89614,1.663,0.88539,1.65015,0.83704,1.60486,0.80257,1.53844,5,7,11,1,4,2,10,13,9,8,14,12,15,3,6
-1.00239,-0.65748,-1.01402,-0.65545,-1.01256,-0.65138,-1.0184,-0.64329,-1.02663,-0.63573,-1.04012,-0.6229,-1.04108,-0.60798,-1.02289,-0.59161,-0.99579,-0.58177,-0.9546,-0.57372,-0.92739,-0.54494,-0.91234,-0.54691,-0.91032,-0.54911,-0.93392,-0.55142,-0.97233,-0.57219,-1.05716,-0.59301,-1.16597,-0.61833,-1.28841,-0.65632,-1.41653,-0.69269,-1.51779,-0.69543,-1.59255,-0.70401,-1.65866,-0.72884,-1.70144,-0.74714,-1.74701,-0.75379,-1.80981,-0.74428,-1.86739,-0.71889,-1.93598,-0.66477,-2.01322,-0.63024,-2.08303,-0.56699,-2.16196,-0.50157,-2.21037,-0.436,-2.21743,-0.33839,-2.16165,-0.32253,-2.0998,-0.26872,-2.03083,-0.21575,-2.00525,-0.11089,-1.97263,-0.00263,-1.9686,0.02725,-1.98018,0.15463,-2.00035,0.28553,-2.05002,0.3877,-1.95554,0.52175,-1.98257,0.65094,-1.91666,0.73742,-1.96314,0.80966,3,2,11,1,10,4,9,14,7,5,15,12,13,8,6
-0.5934,-0.50911,-0.59404,-0.51934,-0.59164,-0.52746,-0.5934,-0.50679,-0.59436,-0.51108,-0.58876,-0.48463,-0.57033,-0.46678,-0.54602,-0.45997,-0.52956,-0.4736,-0.51483,-0.49075,-0.52534,-0.51718,-0.54611,-0.54691,-0.60643,-0.56264,-0.70998,-0.57858,-0.83776,-0.58594,-1.02523,-0.57868,-1.23265,-0.58853,-1.43914,-0.68734,-1.67956,-0.70861,-1.88041,-0.69543,-2.04768,-0.59087,-2.18572,-0.50156,-2.25766,-0.43448,-2.33311,-0.37488,-2.48298,-0.28715,-2.56491,-0.07164,-2.59039,0.16239,-2.64203,0.44006,-2.62098,0.70772,-2.54077,0.93208,-2.4112,1.09118,-2.19561,1.1743,-1.97136,1.28885,-1.75299,1.36875,-1.52761,1.38962,-1.34384,1.44541,-1.16503,1.51785,-1.01332,1.54933,-0.83219,1.59662,-0.67348,1.63174,-0.51769,1.64949,-0.37745,1.6497,-0.25815,1.61119,-0.15463,1.55457,-0.0649,1.47772,3,5,10,1,12,2,8,13,9,7,14,11,15,4,6
-0.2039,-0.78113,-0.20334,-0.77921,-0.20006,-0.78767,-0.20791,-0.7674,-0.20226,-0.74799,-0.19893,-0.72348,-0.18324,-0.71069,-0.16453,-0.68373,-0.16932,-0.69,-0.1798,-0.69813,-0.20574,-0.71151,-0.25104,-0.71248,-0.3127,-0.71178,-0.40468,-0.728,-0.52713,-0.75132,-0.69519,-0.72166,-0.8994,-0.70773,-1.10291,-0.65632,-1.32084,-0.56506,-1.50573,-0.45334,-1.62846,-0.36472,-1.70547,-0.37164,-1.7468,-0.31931,-1.78017,-0.22663,-1.78809,-0.10757,-1.78157,0.00924,-1.76432,0.24345,-1.74215,0.44006,-1.68775,0.61091,-1.6383,0.80464,-1.50742,0.98099,-1.34283,1.12748,-1.1257,1.24284,-0.9165,1.33898,-0.68892,1.38962,-0.49067,1.39032,-0.33868,1.42368,-0.18795,1.44256,-0.06379,1.44977,0.07809,1.45675,0.17883,1.4347,0.26858,1.42411,0.29548,1.37765,0.29696,1.32826,0.27867,1.27123,4,5,11,1,10,2,9,13,7,6,15,12,14,3,8
-1.00239,-0.65748,-1.01402,-0.65545,-1.01256,-0.65138,-1.0184,-0.64329,-1.02663,-0.63573,-1.04012,-0.6229,-1.04108,-0.60798,-1.02289,-0.59161,-0.99579,-0.58177,-0.9546,-0.57372,-0.92739,-0.54494,-0.91234,-0.54691,-0.91032,-0.54911,-0.93392,-0.55142,-0.97233,-0.57219,-1.05716,-0.59301,-1.16597,-0.61833,-1.28841,-0.65632,-1.41653,-0.69269,-1.51779,-0.69543,-1.59255,-0.70401,-1.65866,-0.72884,-1.70144,-0.74714,-1.74701,-0.75379,-1.80981,-0.74428,-1.86739,-0.71889,-1.93598,-0.66477,-2.01322,-0.63024,-2.08303,-0.56699,-2.16196,-0.50157,-2.21037,-0.436,-2.21743,-0.33839,-2.16165,-0.32253,-2.0998,-0.26872,-2.03083,-0.21575,-2.00525,-0.11089,-1.97263,-0.00263,-1.9686,0.02725,-1.98018,0.15463,-2.00035,0.28553,-2.05002,0.3877,-1.95554,0.52175,-1.98257,0.65094,-1.91666,0.73742,-1.96314,0.80966,3,2,11,1,10,4,9,14,7,5,15,12,13,8,6
-0.5934,-0.50911,-0.59404,-0.51934,-0.59164,-0.52746,-0.5934,-0.50679,-0.59436,-0.51108,-0.58876,-0.48463,-0.57033,-0.46678,-0.54602,-0.45997,-0.52956,-0.4736,-0.51483,-0.49075,-0.52534,-0.51718,-0.54611,-0.54691,-0.60643,-0.56264,-0.70998,-0.57858,-0.83776,-0.58594,-1.02523,-0.57868,-1.23265,-0.58853,-1.43914,-0.68734,-1.67956,-0.70861,-1.88041,-0.69543,-2.04768,-0.59087,-2.18572,-0.50156,-2.25766,-0.43448,-2.33311,-0.37488,-2.48298,-0.28715,-2.56491,-0.07164,-2.59039,0.16239,-2.64203,0.44006,-2.62098,0.70772,-2.54077,0.93208,-2.4112,1.09118,-2.19561,1.1743,-1.97136,1.28885,-1.75299,1.36875,-1.52761,1.38962,-1.34384,1.44541,-1.16503,1.51785,-1.01332,1.54933,-0.83219,1.59662,-0.67348,1.63174,-0.51769,1.64949,-0.37745,1.6497,-0.25815,1.61119,-0.15463,1.55457,-0.0649,1.47772,3,5,10,1,12,2,8,13,9,7,14,11,15,4,6
-0.2039,-0.78113,-0.20334,-0.77921,-0.20006,-0.78767,-0.20791,-0.7674,-0.20226,-0.74799,-0.19893,-0.72348,-0.18324,-0.71069,-0.16453,-0.68373,-0.16932,-0.69,-0.1798,-0.69813,-0.20574,-0.71151,-0.25104,-0.71248,-0.3127,-0.71178,-0.40468,-0.728,-0.52713,-0.75132,-0.69519,-0.72166,-0.8994,-0.70773,-1.10291,-0.65632,-1.32084,-0.56506,-1.50573,-0.45334,-1.62846,-0.36472,-1.70547,-0.37164,-1.7468,-0.31931,-1.78017,-0.22663,-1.78809,-0.10757,-1.78157,0.00924,-1.76432,0.24345,-1.74215,0.44006,-1.68775,0.61091,-1.6383,0.80464,-1.50742,0.98099,-1.34283,1.12748,-1.1257,1.24284,-0.9165,1.33898,-0.68892,1.38962,-0.49067,1.39032,-0.33868,1.42368,-0.18795,1.44256,-0.06379,1.44977,0.07809,1.45675,0.17883,1.4347,0.26858,1.42411,0.29548,1.37765,0.29696,1.32826,0.27867,1.27123,4,5,11,1,10,2,9,13,7,6,15,12,14,3,8
-0.34023,-1.8444,-0.34008,-1.84341,-0.33712,-1.84096,-0.33642,-1.8347,-0.33297,-1.82032,-0.32203,-1.81723,-0.2774,-1.82756,-0.22808,-1.8421,-0.13755,-1.88045,-0.02271,-1.92867,0.10358,-1.91905,0.24742,-1.92659,0.40651,-1.91807,0.57242,-1.92297,0.75668,-1.9227,0.94443,-1.95114,1.15552,-1.94435,1.37786,-1.91239,1.59652,-1.82526,1.79393,-1.68007,1.92885,-1.47954,2.00736,-1.28097,2.04489,-1.0598,2.06835,-0.78675,2.08801,-0.53204,2.10307,-0.26583,2.11919,0.03263,2.11759,0.29412,2.09999,0.48182,2.07188,0.53386,2.00722,0.65038,1.94808,0.78437,1.84464,0.87449,1.69496,0.96683,1.56071,0.98825,1.38818,1.01845,1.30465,1.03346,1.17541,1.05535,1.10268,1.07589,1.04308,1.10676,0.98679,1.12596,0.86847,1.15873,0.73111,1.18301,0.60683,1.1397,0.49337,1.06474,4,8,11,3,1,2,9,13,7,10,14,12,15,6,5
0.2148,-1.86913,0.21665,-1.88057,0.23068,-1.89053,0.25664,-1.89679,0.29037,-1.89514,0.35506,-1.90521,0.44441,-1.91746,0.5985,-1.94736,0.77371,-1.96156,0.95104,-1.94252,1.12426,-1.87738,1.29531,-1.76101,1.48015,-1.63344,1.66144,-1.502,1.84384,-1.37148,2.03037,-1.22205,2.19966,-1.06527,2.34004,-0.84242,2.39758,-0.64479,2.39825,-0.43723,2.32411,-0.23546,2.18302,-0.14429,2.01084,-0.1054,1.82507,-0.01247,1.66455,0.1374,1.5236,0.30053,1.38967,0.47053,1.28274,0.6185,1.18874,0.73993,1.09142,0.82054,0.95839,0.91801,0.8766,0.94033,0.703,0.98196,0.56266,0.96683,0.43589,0.94528,0.32414,0.90826,0.21536,0.87198,0.11811,0.8417,0.0473,0.82221,0.01314,0.81057,-0.00693,0.83068,0.00096,0.85351,-0.00402,0.87154,-0.01295,0.85055,-0.02196,0.83396,3,9,11,5,1,2,7,13,8,10,15,12,14,4,6
-1.0413,-2.07931,-1.04331,-2.07853,-1.04192,-2.07639,-1.04804,-2.0705,-1.05678,-2.05723,-1.07093,-2.04348,-1.06201,-2.03298,-1.03352,-2.03953,-0.99579,-2.05629,-0.9232,-2.08074,-0.86556,-2.0578,-0.82077,-2.00938,-0.76851,-1.97229,-0.74055,-1.96368,-0.73423,-1.99158,-0.73774,-2.07985,-0.76611,-2.18269,-0.81314,-2.25357,-0.83065,-2.33569,-0.84099,-2.39026,-0.81398,-2.43278,-0.76853,-2.53128,-0.71376,-2.62316,-0.65216,-2.69785,-0.58291,-2.73624,-0.51531,-2.74165,-0.42332,-2.75691,-0.3327,-2.75479,-0.23852,-2.71291,-0.13418,-2.65199,-0.01228,-2.59292,0.10035,-2.53722,0.21678,-2.45575,0.31779,-2.32304,0.41615,-2.17945,0.4967,-2.03911,0.56282,-1.91337,0.64673,-1.78865,0.72312,-1.70127,0.80183,-1.57222,0.85678,-1.43793,0.91461,-1.28309,0.94892,-1.12689,0.96989,-0.95977,0.97438,-0.81807,4,9,11,2,1,5,10,14,7,6,15,12,13,8,3
-0.16494,-0.79347,-0.16425,-0.77921,-0.15112,-0.78767,-0.15849,-0.7674,-0.152,-0.76043,-0.14764,-0.69833,-0.12051,-0.68501,-0.06914,-0.6574,-0.02098,-0.64944,0.02964,-0.62903,0.07266,-0.60046,0.12534,-0.58827,0.17353,-0.57623,0.23655,-0.61935,0.28044,-0.64107,0.33758,-0.70739,0.3891,-0.76733,0.45045,-0.85789,0.50851,-0.91596,0.58523,-1.0021,0.64722,-1.09174,0.67216,-1.16726,0.72801,-1.27378,0.77448,-1.33043,0.85028,-1.36477,0.92265,-1.3662,1.02494,-1.36217,1.15264,-1.36005,1.28751,-1.32528,1.42569,-1.29802,1.54978,-1.2389,1.64194,-1.19612,1.7072,-1.15126,1.77654,-1.05772,1.84688,-0.97546,1.89621,-0.85462,1.97137,-0.75615,2.0379,-0.65372,2.11178,-0.57975,2.19367,-0.48178,2.27767,-0.53857,2.30815,-0.48684,2.30121,-0.34827,2.28031,-0.28089,2.25417,-0.22285,4,6,11,8,1,5,10,13,3,7,14,15,12,9,2
-0.00913,-0.92951,-0.00796,-0.94006,0.00551,-0.9488,0.00952,-0.92873,0.0189,-0.92257,0.03704,-0.8995,0.06782,-0.86475,0.111,-0.84169,0.14856,-0.83884,0.19718,-0.82261,0.23763,-0.78089,0.27798,-0.72625,0.30518,-0.71178,0.31795,-0.63291,0.33221,-0.62732,0.35883,-0.73598,0.40024,-0.8716,0.48527,-1.05953,0.60414,-1.31476,0.76657,-1.50248,0.91077,-1.65725,1.07036,-1.80055,1.21615,-1.83327,1.37167,-1.7423,1.52343,-1.56065,1.66307,-1.25289,1.79733,-0.90803,1.91159,-0.51674,2.00117,-0.19583,2.06076,-0.00777,2.16343,0.24101,2.26513,0.50371,2.27802,0.7824,2.15399,1.10078,2.00471,1.36095,1.82916,1.6107,1.63333,1.80041,1.42579,1.90983,1.19525,1.94374,0.96887,1.9145,0.76387,1.75689,0.59159,1.53028,0.45882,1.26082,0.39433,0.92599,0.3903,0.76107,3,8,11,5,1,2,10,13,7,9,15,12,14,6,4
-0.07729,-1.73315,-0.08613,-1.71966,-0.0826,-1.72945,-0.06953,-1.72302,-0.06151,-1.70812,-0.04501,-1.6915,-0.00541,-1.69917,0.04744,-1.69727,0.09559,-1.70455,0.14484,-1.72129,0.217,-1.71081,0.28813,-1.70582,0.35582,-1.67413,0.42993,-1.66497,0.53925,-1.70219,0.68892,-1.7653,0.88894,-1.81022,1.12284,-1.83488,1.36935,-1.77737,1.60053,-1.6639,1.77311,-1.49567,1.89025,-1.29717,1.9427,-1.09271,1.96887,-0.83621,1.96856,-0.51575,1.97431,-0.18495,1.99046,0.14614,2.00918,0.53737,2.03409,0.25591,2.04958,0.40642,2.02954,0.6346,1.9153,0.83119,1.68605,0.98196,1.4195,1.1157,1.19566,1.20324,0.98556,1.25258,0.75998,1.30254,0.554,1.34906,0.36205,1.35627,0.208,1.34904,0.07666,1.3139,-0.02676,1.23836,-0.10387,1.15705,-0.17235,1.10201,-0.20234,1.02827,4,7,11,3,1,2,9,13,8,10,14,12,15,6,5
-0.83681,-1.91859,-0.83819,-1.91767,-0.84616,-1.91531,-0.85038,-1.90917,-0.84566,-1.8827,-0.8452,-1.88006,-0.83183,-1.87891,-0.80034,-1.88157,-0.75207,-1.9075,-0.67187,-1.91487,-0.53562,-1.96067,-0.3019,-2.00938,-0.01892,-2.0401,0.27728,-2.05878,0.57035,-2.0467,0.88052,-1.97973,1.15552,-1.86982,1.42425,-1.64878,1.62044,-1.36265,1.75769,-1.06667,1.83299,-0.76865,1.81995,-0.51776,1.77244,-0.31931,1.67024,-0.11133,1.55598,0.05572,1.43771,0.20344,1.32534,0.40565,1.21772,0.58606,1.11189,0.73993,1.01343,0.8365,0.89147,0.9495,0.74541,1.04953,0.59731,1.10474,0.46061,1.14547,0.34708,1.16027,0.27621,1.11484,0.19657,1.11414,0.10885,1.16212,0.01025,1.20942,-0.07038,1.2279,-0.1648,1.24675,-0.25745,1.23836,-0.3489,1.20896,-0.42911,1.1397,-0.4944,1.06474,4,7,11,3,1,2,9,13,8,10,14,12,15,5,6
-0.90497,-1.47351,-0.89682,-1.47219,-0.8951,-1.46924,-0.8998,-1.46241,-0.91603,-1.44627,-0.88625,-1.45264,-0.82139,-1.51949,-0.71558,-1.57882,-0.55076,-1.60988,-0.37874,-1.58302,-0.1954,-1.5443,-0.00689,-1.44369,0.2039,-1.3488,0.41977,-1.244,0.62211,-1.16472,0.78469,-1.10766,0.95561,-1.0206,1.11128,-0.88891,1.2498,-0.70861,1.35883,-0.48562,1.42578,-0.21926,1.41,0.06678,1.32966,0.33892,1.21684,0.59711,1.08912,0.79048,0.95482,0.91542,0.85328,1.05436,0.75147,1.15361,0.63975,1.22401,0.54547,1.31434,0.4563,1.3431,0.3628,1.33019,0.25902,1.33493,0.1648,1.35383,0.09054,1.30361,-0.01138,1.30767,-0.09453,1.31602,-0.1972,1.34906,-0.28597,1.35627,-0.36728,1.37597,-0.45268,1.3676,-0.52507,1.35778,-0.60303,1.33868,-0.64161,1.29057,-0.62322,1.24694,5,9,11,4,1,2,7,13,10,8,15,12,14,3,6
-0.78813,-1.48585,-0.78936,-1.49695,-0.7874,-1.49402,-0.79106,-1.48723,-0.7954,-1.47121,-0.78368,-1.45264,-0.74816,-1.46814,-0.68381,-1.47351,-0.57196,-1.50165,-0.43108,-1.55536,-0.29848,-1.572,-0.14932,-1.55407,-0.00881,-1.52499,0.14494,-1.51555,0.32188,-1.52305,0.50788,-1.52227,0.70012,-1.51228,0.87939,-1.46268,1.04655,-1.33075,1.16543,-1.13124,1.2581,-0.93016,1.31632,-0.72884,1.32966,-0.50031,1.32742,-0.24307,1.3063,0.00677,1.27677,0.2358,1.23948,0.43809,1.19602,0.58606,1.1338,0.7561,1.06913,0.8524,1.00304,0.99671,0.90944,1.08072,0.80869,1.16614,0.69524,1.23473,0.57403,1.24627,0.46791,1.26638,0.37499,1.28911,0.29432,1.33573,0.20467,1.36965,0.12448,1.41639,0.03023,1.4213,-0.05443,1.43741,-0.13109,1.4036,-0.20778,1.35341,-0.28822,1.29553,5,7,11,3,1,2,9,13,8,10,15,12,14,4,6
-0.84658,-1.80733,-0.84799,-1.78156,-0.85592,-1.80381,-0.86025,-1.79749,-0.86577,-1.7455,-0.86573,-1.72919,-0.85276,-1.72485,-0.83217,-1.74993,-0.77327,-1.77222,-0.72427,-1.76274,-0.61808,-1.75248,-0.52576,-1.78861,-0.38361,-1.78258,-0.2113,-1.81433,-0.03018,-1.86757,0.15654,-1.90828,0.33356,-1.91455,0.49684,-1.91239,0.63999,-1.85717,0.76657,-1.76075,0.8868,-1.65725,0.98837,-1.557,1.0686,-1.43836,1.13943,-1.31399,1.18685,-1.21778,1.22312,-1.05876,1.26094,-0.89184,1.29361,-0.67893,1.30947,-0.40563,1.32541,-0.167,1.29313,0.05206,1.21558,0.22299,1.10468,0.38342,0.98088,0.50535,0.8799,0.65858,0.76507,0.77052,0.6473,0.85849,0.53545,0.96185,0.41761,1.06256,0.30077,1.16062,0.17883,1.21996,0.06556,1.23836,-0.03128,1.24787,-0.1192,1.20259,-0.18516,1.16193,4,7,11,2,1,3,10,13,8,9,14,12,15,6,5
-0.83681,-1.48585,-0.83819,-1.48454,-0.84616,-1.4816,-0.85038,-1.47479,-0.85574,-1.45871,-0.8452,-1.45264,-0.82139,-1.45527,-0.75799,-1.4867,-0.64613,-1.52871,-0.51483,-1.59681,-0.36037,-1.64144,-0.19003,-1.65063,0.00135,-1.63344,0.19582,-1.6242,0.4254,-1.61949,0.66762,-1.60805,0.91117,-1.58674,1.14604,-1.50924,1.35742,-1.31476,1.50386,-1.08285,1.54554,-0.83328,1.55054,-0.6314,1.51132,-0.4674,1.46012,-0.30897,1.38225,-0.14022,1.30895,0.05783,1.1966,0.24345,1.13095,0.44006,1.04599,0.64318,0.95773,0.77278,0.85802,0.88652,0.7345,1.00271,0.61846,1.13544,0.51161,1.21988,0.38657,1.18893,0.31457,1.22503,0.19657,1.27562,0.0903,1.32235,0.00101,1.36965,-0.10746,1.38946,-0.18338,1.40785,-0.28512,1.38432,-0.3489,1.33868,-0.4114,1.26543,-0.47722,1.16193,5,8,11,3,1,2,9,13,7,10,15,12,14,4,6
-0.64209,-1.86913,-0.65261,-1.86816,-0.65034,-1.86574,-0.65268,-1.85953,-0.65465,-1.83282,-0.66057,-1.81723,-0.64356,-1.81475,-0.60962,-1.81577,-0.56138,-1.82633,-0.50438,-1.83191,-0.46345,-1.7941,-0.42403,-1.74724,-0.38361,-1.71477,-0.34358,-1.70568,-0.33042,-1.72975,-0.35448,-1.79389,-0.37733,-1.86982,-0.40738,-1.92793,-0.43608,-2.00071,-0.38164,-2.06742,-0.13128,-2.17432,0.13335,-2.30393,0.36471,-2.39275,0.58648,-2.35188,0.80683,-2.19743,0.98706,-1.94872,1.15368,-1.63787,1.3153,-1.29517,1.44122,-0.93809,1.5148,-0.58119,1.49399,-0.23128,1.36865,0.06703,1.21037,0.33741,1.03187,0.54998,0.87006,0.65858,0.74594,0.77052,0.58156,0.91232,0.43346,1.10876,0.26948,1.27615,0.11522,1.34904,-0.03478,1.39445,-0.2021,1.39756,-0.32168,1.3906,-0.42028,1.31572,-0.48579,1.22264,4,6,11,2,1,3,10,13,9,8,14,12,15,7,5
-0.52524,-1.90625,-0.50612,-1.91767,-0.48394,-1.92773,-0.46489,-1.934,-0.43349,-1.93258,-0.39384,-1.93035,-0.3297,-1.95595,-0.25991,-1.96055,-0.1799,-2.00217,-0.096,-2.02543,-0.02014,-2.01619,0.07448,-1.99555,0.16337,-1.95877,0.25691,-1.93652,0.36325,-1.96401,0.46534,-2.03692,0.56683,-2.09329,0.6939,-2.14498,0.80739,-2.17616,0.92366,-2.18045,1.00656,-2.15812,1.05867,-2.15781,1.11397,-2.17884,1.18368,-2.13773,1.25197,-2.08317,1.34118,-1.99723,1.45407,-1.89738,1.5755,-1.78174,1.71571,-1.63183,1.83789,-1.47322,1.91798,-1.30188,1.98086,-1.1493,1.98203,-0.99778,1.98054,-0.81952,1.98502,-0.66009,1.95375,-0.53785,1.95258,-0.36593,1.97297,-0.2131,1.99145,-0.04564,2.01737,0.09711,2.01763,0.25345,1.99434,0.40227,1.94728,0.52116,1.87303,0.58655,1.79896,0.62741,5,8,11,2,1,4,10,13,6,9,14,12,15,7,3
-0.67128,-1.33747,-0.66241,-1.33603,-0.66016,-1.34531,-0.65268,-1.33829,-0.65465,-1.30907,-0.61952,-1.32692,-0.59126,-1.33975,-0.53544,-1.34187,-0.44481,-1.37992,-0.36823,-1.41709,-0.26757,-1.41934,-0.19003,-1.42992,-0.09999,-1.41661,-0.00771,-1.43413,0.06301,-1.49549,0.1353,-1.57946,0.20028,-1.67615,0.27658,-1.74183,0.32913,-1.80927,0.40395,-1.82532,0.46758,-1.81883,0.53155,-1.84923,0.56907,-1.88268,0.61965,-1.84115,0.68738,-1.80561,0.7617,-1.72216,0.84258,-1.67031,0.93583,-1.57086,1.03503,-1.45437,1.11372,-1.31391,1.2039,-1.17592,1.25927,-1.05573,1.28437,-0.95177,1.2971,-0.80466,1.31406,-0.68876,1.31151,-0.56539,1.31402,-0.43324,1.3145,-0.3066,1.33414,-0.19255,1.34928,-0.05102,1.35827,0.03866,1.34836,0.15014,1.33917,0.2227,1.30635,0.32255,1.26639,0.37233,5,7,11,2,1,4,10,14,6,8,15,12,13,9,3
-0.35971,-1.39932,-0.36937,-1.39794,-0.34688,-1.41967,-0.34629,-1.42514,-0.32289,-1.42133,-0.29121,-1.4149,-0.24604,-1.42959,-0.19631,-1.43405,-0.10573,-1.44754,-0.02271,-1.48625,0.07266,-1.47487,0.1457,-1.48511,0.23428,-1.47083,0.31795,-1.48839,0.40468,-1.52305,0.48664,-1.59372,0.56683,-1.67615,0.65914,-1.74183,0.75954,-1.79336,0.85118,-1.82532,0.91077,-1.81883,0.95325,-1.83303,1.00046,-1.84976,1.01776,-1.82471,1.04568,-1.75659,1.10506,-1.70601,1.15368,-1.60543,1.20684,-1.4898,1.27655,-1.34145,1.3477,-1.25019,1.38243,-1.12872,1.41234,-1.00897,1.41121,-0.92107,1.3685,-0.78975,1.36339,-0.67446,1.35944,-0.53785,1.36102,-0.44667,1.36087,-0.35996,1.37114,-0.20587,1.3771,-0.05102,1.38612,0.06551,1.3945,0.1369,1.37549,0.24866,1.3329,0.32255,1.27501,0.3845,5,7,11,3,1,4,10,14,6,8,15,12,13,9,2
-0.67128,-1.79494,-0.67215,-1.79391,-0.66993,-1.79139,-0.65268,-1.80988,-0.64462,-1.82032,-0.61952,-1.80463,-0.58077,-1.81475,-0.51424,-1.8421,-0.42361,-1.85339,-0.33684,-1.88722,-0.24694,-1.87738,-0.14932,-1.85763,-0.05945,-1.82321,0.03302,-1.82794,0.12516,-1.85382,0.22045,-1.93687,0.30026,-1.97415,0.40412,-1.98996,0.52044,-2.00071,0.63359,-1.97056,0.71912,-1.91578,0.78927,-1.84923,0.85291,-1.86618,0.89615,-1.8082,0.96967,-1.72393,1.02994,-1.60891,1.10004,-1.50811,1.17433,-1.36005,1.2656,-1.21236,1.33652,-1.05903,1.39356,-0.89258,1.36865,-0.77507,1.36897,-0.62949,1.35833,-0.50692,1.34365,-0.41643,1.34026,-0.30372,1.3516,-0.17759,1.34231,-0.01284,1.3619,0.10122,1.35858,0.23168,1.35827,0.34739,1.3299,0.4819,1.2938,0.54712,1.23549,0.5488,1.15476,0.62741,5,7,11,2,1,3,10,14,6,9,15,12,13,8,4
-0.46679,-1.49824,-0.46703,-1.49695,-0.45458,-1.50639,-0.44511,-1.49961,-0.43349,-1.48365,-0.40408,-1.47779,-0.37157,-1.48095,-0.30227,-1.4867,-0.2223,-1.50165,-0.1274,-1.52771,-0.04077,-1.51654,0.05413,-1.49888,0.133,-1.48436,0.23655,-1.48839,0.32188,-1.52305,0.40143,-1.59372,0.48908,-1.66121,0.57799,-1.72629,0.67585,-1.76145,0.76657,-1.77686,0.85089,-1.78652,0.90638,-1.78435,0.95503,-1.83327,1.00672,-1.8082,1.0674,-1.77295,1.11583,-1.70601,1.18585,-1.62162,1.26104,-1.52224,1.35341,-1.406,1.4034,-1.25019,1.47167,-1.12872,1.48888,-1.00897,1.49581,-0.90569,1.45009,-0.78975,1.46205,-0.66009,1.45528,-0.53785,1.45491,-0.40633,1.4536,-0.29322,1.473,-0.19255,1.47918,-0.06445,1.49756,0.02526,1.48678,0.20323,1.45718,0.30057,1.4126,0.34769,1.3437,0.4331,5,7,11,3,1,4,10,14,6,8,15,12,13,9,2
-0.5934,-1.53531,-0.58424,-1.5217,-0.59164,-1.53117,-0.5934,-1.51205,-0.59436,-1.49615,-0.599,-1.47779,-0.57033,-1.48095,-0.50361,-1.49984,-0.41304,-1.54226,-0.26354,-1.56922,-0.12322,-1.572,0.03382,-1.55407,0.2039,-1.49788,0.39941,-1.48839,0.6014,-1.45417,0.806,-1.42221,1.00006,-1.37814,1.19237,-1.3076,1.3335,-1.20312,1.43131,-1.05056,1.47371,-0.88172,1.44518,-0.72884,1.36376,-0.59906,1.34955,-0.53964,1.34969,-0.40141,1.3626,-0.21725,1.40043,-0.08094,1.42371,0.06706,1.44122,0.22364,1.43681,0.31084,1.37124,0.44566,1.28115,0.50371,1.15753,0.59829,1.03187,0.74355,0.97856,0.81623,0.89928,0.92206,0.77877,1.00655,0.65603,1.05535,0.51942,1.1293,0.40285,1.18754,0.27169,1.21996,0.1763,1.23836,0.08673,1.24787,0.02243,1.22768,-0.02196,1.19834,5,8,11,3,1,2,9,13,7,10,15,12,14,4,6
-0.80761,-0.80586,-0.8089,-0.81631,-0.80698,-0.81246,-0.80097,-0.79223,-0.7954,-0.78538,-0.78368,-0.76117,-0.72723,-0.74923,-0.6414,-0.74957,-0.52956,-0.74411,-0.37874,-0.73964,-0.23665,-0.71151,-0.09846,-0.65729,0.03172,-0.57623,0.1653,-0.48355,0.29078,-0.37924,0.41211,-0.27846,0.52238,-0.15645,0.61275,0.01044,0.68784,0.1528,0.73033,0.3376,0.73107,0.50775,0.71897,0.65139,0.7053,0.79973,0.68603,0.94308,0.66571,1.05174,0.62217,1.17434,0.59582,1.29762,0.55635,1.39693,0.49705,1.44991,0.38948,1.5055,0.30009,1.54775,0.20973,1.54853,0.10048,1.53442,0.00157,1.51762,-0.08703,1.48993,-0.16477,1.44541,-0.24479,1.41019,-0.32704,1.40247,-0.42487,1.40968,-0.51575,1.42982,-0.61055,1.4213,-0.682,1.39756,-0.73009,1.36464,-0.74786,1.30312,-0.76066,1.22264,4,8,12,10,1,3,6,13,9,5,15,11,14,2,7
-1.25556,-0.7564,-1.26797,-0.74205,-1.26708,-0.7381,-1.27538,-0.73014,-1.28802,-0.71055,-1.29661,-0.68573,-1.29214,-0.63366,-1.26664,-0.61793,-1.22887,-0.58177,-1.16399,-0.54606,-1.09236,-0.51718,-1.02427,-0.50548,-0.96096,-0.49489,-0.90335,-0.52426,-0.85847,-0.57219,-0.81227,-0.6502,-0.75497,-0.73753,-0.67403,-0.8114,-0.57956,-0.83623,-0.45419,-0.82457,-0.32293,-0.78477,-0.18286,-0.74511,-0.03258,-0.66489,0.08883,-0.57259,0.1988,-0.41778,0.26805,-0.21725,0.3276,0.0002,0.36117,0.22925,0.37626,0.43338,0.34495,0.59758,0.31128,0.76056,0.25342,0.87794,0.17448,0.98196,0.08321,1.04123,-0.00811,1.08862,-0.08805,1.08735,-0.17905,1.11414,-0.28068,1.14879,-0.39706,1.20942,-0.53431,1.26826,-0.66629,1.30045,-0.78348,1.30469,-0.88437,1.26082,-0.96924,1.1523,-1.02692,1.05257,6,4,11,7,3,1,10,13,9,5,15,12,14,2,8
-0.71025,-0.90478,-0.71124,-0.90296,-0.7091,-0.89923,-0.71201,-0.89152,-0.72502,-0.8602,-0.71186,-0.83661,-0.66449,-0.8134,-0.57779,-0.7759,-0.44481,-0.73061,-0.29494,-0.65668,-0.14385,-0.55879,-0.01709,-0.46412,0.11273,-0.3187,0.20603,-0.17123,0.25973,-0.03472,0.29498,0.07896,0.31134,0.20115,0.28815,0.33614,0.25742,0.43988,0.21055,0.51513,0.15617,0.6047,0.12167,0.66759,0.06954,0.75039,0.04458,0.79483,0.14452,0.82314,0.12858,0.94778,0.11307,1.07061,0.11179,1.2023,0.10182,1.30465,0.03298,1.37806,-0.05693,1.42179,-0.16203,1.43939,-0.2272,1.42702,-0.30442,1.36875,-0.35346,1.26058,-0.43313,1.11484,-0.5171,1.00655,-0.62384,0.90844,-0.7211,0.83554,-0.8312,0.75672,-0.91701,0.66958,-0.98655,0.60132,-1.0387,0.54712,-1.08437,0.48597,-1.10423,0.4331,6,7,12,11,3,4,5,13,8,2,15,10,14,1,9
-0.80761,-0.80586,-0.8089,-0.81631,-0.80698,-0.81246,-0.80097,-0.79223,-0.7954,-0.78538,-0.78368,-0.76117,-0.72723,-0.74923,-0.6414,-0.74957,-0.52956,-0.74411,-0.37874,-0.73964,-0.23665,-0.71151,-0.09846,-0.65729,0.03172,-0.57623,0.1653,-0.48355,0.29078,-0.37924,0.41211,-0.27846,0.52238,-0.15645,0.61275,0.01044,0.68784,0.1528,0.73033,0.3376,0.73107,0.50775,0.71897,0.65139,0.7053,0.79973,0.68603,0.94308,0.66571,1.05174,0.62217,1.17434,0.59582,1.29762,0.55635,1.39693,0.49705,1.44991,0.38948,1.5055,0.30009,1.54775,0.20973,1.54853,0.10048,1.53442,0.00157,1.51762,-0.08703,1.48993,-0.16477,1.44541,-0.24479,1.41019,-0.32704,1.40247,-0.42487,1.40968,-0.51575,1.42982,-0.61055,1.4213,-0.682,1.39756,-0.73009,1.36464,-0.74786,1.30312,-0.76066,1.22264,4,8,12,10,1,3,6,13,9,5,15,11,14,2,7
-1.25556,-0.7564,-1.26797,-0.74205,-1.26708,-0.7381,-1.27538,-0.73014,-1.28802,-0.71055,-1.29661,-0.68573,-1.29214,-0.63366,-1.26664,-0.61793,-1.22887,-0.58177,-1.16399,-0.54606,-1.09236,-0.51718,-1.02427,-0.50548,-0.96096,-0.49489,-0.90335,-0.52426,-0.85847,-0.57219,-0.81227,-0.6502,-0.75497,-0.73753,-0.67403,-0.8114,-0.57956,-0.83623,-0.45419,-0.82457,-0.32293,-0.78477,-0.18286,-0.74511,-0.03258,-0.66489,0.08883,-0.57259,0.1988,-0.41778,0.26805,-0.21725,0.3276,0.0002,0.36117,0.22925,0.37626,0.43338,0.34495,0.59758,0.31128,0.76056,0.25342,0.87794,0.17448,0.98196,0.08321,1.04123,-0.00811,1.08862,-0.08805,1.08735,-0.17905,1.11414,-0.28068,1.14879,-0.39706,1.20942,-0.53431,1.26826,-0.66629,1.30045,-0.78348,1.30469,-0.88437,1.26082,-0.96924,1.1523,-1.02692,1.05257,6,4,11,7,3,1,10,13,9,5,15,12,14,2,8
-0.71025,-0.90478,-0.71124,-0.90296,-0.7091,-0.89923,-0.71201,-0.89152,-0.72502,-0.8602,-0.71186,-0.83661,-0.66449,-0.8134,-0.57779,-0.7759,-0.44481,-0.73061,-0.29494,-0.65668,-0.14385,-0.55879,-0.01709,-0.46412,0.11273,-0.3187,0.20603,-0.17123,0.25973,-0.03472,0.29498,0.07896,0.31134,0.20115,0.28815,0.33614,0.25742,0.43988,0.21055,0.51513,0.15617,0.6047,0.12167,0.66759,0.06954,0.75039,0.04458,0.79483,0.14452,0.82314,0.12858,0.94778,0.11307,1.07061,0.11179,1.2023,0.10182,1.30465,0.03298,1.37806,-0.05693,1.42179,-0.16203,1.43939,-0.2272,1.42702,-0.30442,1.36875,-0.35346,1.26058,-0.43313,1.11484,-0.5171,1.00655,-0.62384,0.90844,-0.7211,0.83554,-0.8312,0.75672,-0.91701,0.66958,-0.98655,0.60132,-1.0387,0.54712,-1.08437,0.48597,-1.10423,0.4331,6,7,12,11,3,4,5,13,8,2,15,10,14,1,9
0.66274,-0.62042,0.65618,-0.61835,0.66137,-0.61423,0.67172,-0.60608,0.70253,-0.63573,0.71413,-0.74863,0.73733,-0.9161,0.74686,-1.05232,0.73131,-1.20408,0.66835,-1.38943,0.58815,-1.5443,0.49163,-1.67822,0.37609,-1.74188,0.2467,-1.80077,0.09406,-1.85382,-0.04574,-1.93687,-0.21073,-2.00395,-0.43058,-1.98996,-0.69911,-1.90499,-0.92554,-1.72847,-1.05357,-1.49567,-1.10817,-1.24849,-1.12244,-0.97754,-1.10556,-0.62198,-1.0715,-0.27078,-0.9982,0.07397,-0.87391,0.43809,-0.69049,0.74818,-0.4801,1.04655,-0.2567,1.3303,-0.00115,1.54775,0.26439,1.6421,0.51271,1.65721,0.75647,1.56225,0.96871,1.41829,1.13895,1.23883,1.24833,1.08729,1.29595,0.96185,1.34338,0.86224,1.34928,0.77021,1.33969,0.65613,1.30218,0.52175,1.23026,0.36543,1.12924,0.20936,1.0345,0.03224,8,10,5,2,4,1,11,13,9,6,15,12,14,7,3
0.88672,-0.29893,0.89064,-0.29658,0.89636,-0.27966,0.90898,-0.28338,0.92368,-0.29906,0.95009,-0.3463,0.97796,-0.45397,1.01176,-0.57841,1.028,-0.74411,1.03483,-0.90551,1.00055,-1.08626,0.95959,-1.26434,0.87243,-1.41661,0.73528,-1.56988,0.54964,-1.72975,0.3482,-1.89401,0.11144,-2.03369,-0.15237,-2.14498,-0.43608,-2.16024,-0.67177,-2.06742,-0.79002,-1.91578,-0.90907,-1.78435,-1.05435,-1.63578,-1.16085,-1.37989,-1.23439,-1.07085,-1.29868,-0.71889,-1.37813,-0.2755,-1.43857,0.19681,-1.43528,0.64318,-1.37091,1.02766,-1.195,1.3431,-0.94919,1.61091,-0.69233,1.8874,-0.44724,2.0535,-0.19558,2.03459,0.05572,1.88612,0.30925,1.67933,0.52619,1.46926,0.71384,1.27615,0.86678,1.1202,0.9589,0.96487,0.96995,0.78712,0.93986,0.57307,0.89019,0.36024,0.81976,0.15372,5,9,6,2,10,1,7,13,8,4,15,12,14,11,3
0.87695,-0.5215,0.88084,-0.50694,0.88654,-0.51509,0.89906,-0.49435,0.92368,-0.48614,0.96033,-0.47203,0.99889,-0.531,1.02239,-0.64426,1.03857,-0.78473,1.03483,-0.93317,0.99026,-1.08626,0.91888,-1.23675,0.83189,-1.33527,0.71492,-1.46129,0.57035,-1.59193,0.40143,-1.7653,0.18919,-1.86982,-0.03639,-1.97442,-0.28062,-1.98479,-0.56298,-1.97056,-0.84996,-1.81883,-1.08474,-1.62196,-1.22462,-1.37253,-1.30465,-1.09976,-1.34296,-0.7933,-1.36303,-0.47618,-1.35667,-0.09712,-1.33016,0.29412,-1.21567,0.62701,-1.04776,0.86836,-0.83798,1.09118,-0.62124,1.25224,-0.41749,1.33493,-0.20242,1.39853,-0.00811,1.44696,0.15157,1.41786,0.31867,1.36985,0.50764,1.26894,0.68608,1.15601,0.79257,1.07984,0.99606,0.89777,1.08995,0.77388,1.08509,0.63794,1.05842,0.51111,1.02589,0.37233,5,7,9,1,11,2,8,13,6,4,15,12,14,10,3
-0.58364,-1.20148,-0.58424,-1.19993,-0.59164,-1.1966,-0.58349,-1.18935,-0.58427,-1.17192,-0.57847,-1.1509,-0.57033,-1.16001,-0.54602,-1.19709,-0.51898,-1.27169,-0.50438,-1.36178,-0.53562,-1.39158,-0.58677,-1.41609,-0.68744,-1.41661,-0.81179,-1.42052,-0.94128,-1.52305,-1.13168,-1.45081,-1.34371,-1.34834,-1.56662,-1.19908,-1.75132,-0.96386,-1.88041,-0.71161,-1.90396,-0.52624,-1.84607,-0.30669,-1.73548,-0.17116,-1.61431,-0.04542,-1.49496,0.08838,-1.39521,0.25195,-1.30303,0.38939,-1.21088,0.56981,-1.10589,0.72382,-0.99206,0.8524,-0.84912,0.98099,-0.63215,1.15867,-0.38579,1.27354,-0.15142,1.3092,0.10044,1.24627,0.32414,1.12864,0.51583,1.01997,0.62823,0.97523,0.73236,0.91565,0.81114,0.85093,0.85678,0.77698,0.87768,0.62786,0.84911,0.48226,0.80166,0.2974,0.75106,0.08083,5,6,11,1,4,2,10,13,8,9,15,12,14,3,7
-0.81733,-0.62042,-0.82844,-0.61835,-0.82657,-0.60181,-0.85038,-0.55643,-0.84566,-0.57341,-0.83496,-0.59775,-0.80046,-0.62084,-0.69438,-0.67059,-0.54018,-0.66294,-0.33684,-0.71199,-0.11294,-0.73927,0.1559,-0.79521,0.45715,-0.79306,0.74543,-0.7551,1.00522,-0.66863,1.25317,-0.53582,1.45546,-0.32032,1.58655,-0.02051,1.60845,0.29634,1.52804,0.53124,1.41383,0.63702,1.23434,0.63512,1.0345,0.65165,0.7966,0.71248,0.55709,0.75782,0.31099,0.78595,0.10231,0.79485,-0.08332,0.79687,-0.23852,0.7561,-0.37928,0.70906,-0.50324,0.57162,-0.5884,0.41014,-0.66063,0.22994,-0.70228,0.05873,-0.70866,-0.05809,-0.69198,-0.15224,-0.65794,-0.21793,-0.60528,-0.3066,-0.55448,-0.3661,-0.49718,-0.4145,-0.44341,-0.41772,-0.38666,-0.36743,-0.32168,-0.36128,-0.23433,-0.35633,-0.14222,-0.36862,8,3,10,12,6,7,4,14,1,5,15,11,13,2,9
-0.34995,-1.56004,-0.34008,-1.5588,-0.33712,-1.56838,-0.33642,-1.5617,-0.32289,-1.54603,-0.31174,-1.51548,-0.29834,-1.50662,-0.25991,-1.46037,-0.21172,-1.44754,-0.14835,-1.43095,-0.1026,-1.41934,-0.05775,-1.42992,-0.04935,-1.48436,-0.09932,-1.66497,-0.24761,-1.82625,-0.45031,-1.95114,-0.74388,-1.94435,-1.1493,-1.75731,-1.54801,-1.26693,-1.75956,-0.64704,-1.82011,0.24929,-1.74065,1.08981,-1.53111,1.77062,-1.22723,2.47526,-0.77837,3.04363,-0.38655,3.18089,-0.62715,2.20584,-0.24593,1.76993,0.18963,1.43374,0.40066,1.02766,0.5344,0.71336,0.62518,0.41014,0.7453,-0.00025,0.85847,-0.35805,0.94897,-0.63142,0.99517,-0.86842,1.00413,-1.09254,0.9899,-1.308,0.89902,-1.48763,0.72762,-1.62607,0.47599,-1.69297,0.1763,-1.65464,-0.07666,-1.50322,-0.15463,-1.31181,-0.14222,-1.21893,6,8,7,5,2,1,11,13,10,9,15,12,14,3,4
0.47773,-1.53531,0.49014,-1.53405,0.49497,-1.51881,0.49384,-1.51205,0.51152,-1.50859,0.52945,-1.49033,0.52813,-1.5323,0.45013,-1.64461,0.30748,-1.77222,0.12389,-1.85956,-0.11294,-1.83577,-0.34261,-1.67822,-0.53553,-1.47083,-0.68966,-1.28471,-0.79633,-1.06828,-0.9081,-0.83604,-0.97715,-0.57359,-0.97544,-0.22216,-0.89042,0.13681,-0.76844,0.46667,-0.62233,0.71785,-0.44057,0.92742,-0.25966,1.11239,-0.05497,1.2067,0.18796,1.24761,0.41829,1.28759,0.64946,1.26518,0.85993,1.13743,1.04599,0.982,1.22512,0.8365,1.36011,0.65038,1.40143,0.47252,1.39012,0.19924,1.34809,-0.0603,1.27458,-0.31612,1.21561,-0.53785,1.14502,-0.72923,1.07337,-0.9074,0.99159,-1.04701,0.86678,-1.15489,0.71744,-1.18289,0.56392,-1.16367,0.44071,-1.11394,0.38549,-1.06035,0.35593,-1.01244,5,7,11,6,3,1,10,14,8,9,15,12,13,2,4
0.70171,-1.59716,0.69526,-1.6083,0.69078,-1.59316,0.70141,-1.58652,0.71256,-1.60836,0.70389,-1.66635,0.67459,-1.77621,0.5985,-1.93422,0.49822,-2.04273,0.40657,-2.12225,0.28917,-2.16885,0.16605,-2.14736,0.02156,-2.05363,-0.18073,-2.03161,-0.39256,-1.97782,-0.58868,-1.90828,-0.76611,-1.76555,-0.94061,-1.58675,-1.09367,-1.31476,-1.21567,-1.01828,-1.25717,-0.73633,-1.22528,-0.46908,-1.09972,-0.18765,-0.9397,0.02048,-0.77837,0.23537,-0.65479,0.44615,-0.55205,0.63272,-0.4628,0.82931,-0.34835,0.982,-0.17871,1.09138,0.06583,1.12267,0.3628,1.11191,0.60785,1.08936,0.79724,0.9966,0.96871,0.85927,1.08141,0.68794,1.1826,0.53559,1.24958,0.45449,1.32486,0.31486,1.38641,0.17783,1.41397,0.06551,1.43138,-0.06221,1.4118,-0.20554,1.37717,-0.30604,1.32652,-0.42939,6,8,11,2,3,1,10,14,9,7,15,12,13,4,5
0.70171,-1.3004,0.69526,-1.28659,0.70055,-1.28338,0.72119,-1.28864,0.75279,-1.28413,0.78594,-1.30177,0.80013,-1.40391,0.81042,-1.52617,0.77371,-1.69105,0.66835,-1.80425,0.49535,-1.84962,0.31864,-1.85763,0.133,-1.82321,-0.04844,-1.74645,-0.22689,-1.68843,-0.39708,-1.62232,-0.53284,-1.43774,-0.6856,-1.16806,-0.7948,-0.90005,-0.82887,-0.61476,-0.81398,-0.2839,-0.80365,0.0343,-0.72509,0.3225,-0.61894,0.56416,-0.44179,0.75782,-0.22555,0.94778,-0.00496,1.13542,0.22026,1.25093,0.40924,1.19174,0.70146,1.15511,1.00304,1.04397,1.27024,0.92476,1.42181,0.75177,1.48073,0.53513,1.53112,0.30024,1.55113,0.0406,1.5488,-0.13719,1.56489,-0.31993,1.59337,-0.47293,1.59053,-0.61642,1.58115,-0.7533,1.52371,-0.87169,1.42996,-0.97115,1.28864,-1.02266,1.13757,-1.03674,6,8,10,3,4,1,11,14,7,9,15,12,13,2,5
0.9646,-1.01604,0.9785,-1.00192,0.97465,-0.99832,0.98803,-0.99076,1.01417,-0.9724,1.05267,-0.94973,1.10349,-0.95459,1.14955,-1.03913,1.16571,-1.13641,1.16048,-1.27882,1.11397,-1.44711,1.04095,-1.60926,0.93322,-1.76899,0.79632,-1.93652,0.66355,-2.07427,0.47596,-2.19423,0.26695,-2.27209,0.02156,-2.28459,-0.19692,-2.19215,-0.44213,-2.05131,-0.65831,-1.83496,-0.83877,-1.557,-0.92946,-1.22437,-0.95073,-0.86916,-0.88693,-0.49938,-0.75138,-0.16874,-0.55205,0.16239,-0.3544,0.44006,-0.16172,0.65928,0.05527,0.86836,0.26663,1.01248,0.48302,1.08072,0.703,1.04335,0.90947,0.93705,1.06737,0.77326,1.22523,0.57775,1.34223,0.41445,1.39798,0.24084,1.42671,0.06119,1.45136,-0.09138,1.46039,-0.25662,1.46831,-0.40721,1.43902,-0.54291,1.38605,-0.67062,1.31795,-0.74518,6,9,10,2,4,1,11,13,7,5,15,12,14,8,3
0.61406,-1.34986,0.61714,-1.34844,0.63202,-1.34531,0.63222,-1.33829,0.65227,-1.33401,0.6936,-1.32692,0.74783,-1.32688,0.78921,-1.3682,0.79491,-1.43404,0.78349,-1.51391,0.73249,-1.572,0.66457,-1.62303,0.5787,-1.64702,0.48081,-1.69213,0.36325,-1.75731,0.22045,-1.85108,0.03368,-1.95922,-0.16393,-2.02098,-0.38824,-2.00071,-0.57504,-1.84143,-0.73014,-1.67344,-0.81534,-1.47577,-0.86132,-1.25729,-0.89544,-1.05037,-0.8761,-0.80959,-0.80503,-0.55713,-0.67008,-0.30794,-0.49531,-0.06269,-0.30442,0.143,-0.13418,0.32673,0.00999,0.49293,0.12223,0.62848,0.25902,0.69038,0.39943,0.684,0.57403,0.64428,0.72676,0.59149,0.86329,0.49519,0.97134,0.42779,1.06563,0.32819,1.13585,0.23168,1.17251,0.13266,1.20069,0.01742,1.18489,-0.07576,1.14695,-0.16777,1.11182,-0.24714,5,7,11,1,3,2,10,14,6,8,15,12,13,9,4
1.40278,-0.23713,1.40829,-0.23473,1.41516,-0.23009,1.42294,-0.22134,1.46656,-0.19936,1.51432,-0.17034,1.57424,-0.14584,1.64763,-0.13089,1.70612,-0.16242,1.74679,-0.25572,1.74289,-0.39228,1.74297,-0.5745,1.72329,-0.79306,1.69201,-0.99955,1.65746,-1.21985,1.57258,-1.508,1.51099,-1.86982,1.3431,-2.176,1.10633,-2.4474,0.80281,-2.60008,0.44362,-2.61056,0.01624,-2.51501,-0.39589,-2.34342,-0.72958,-2.03887,-0.91949,-1.65862,-0.97673,-1.20437,-1.0134,-0.71339,-0.99407,-0.22481,-0.94123,0.22364,-0.83607,0.61348,-0.65945,0.9495,-0.39164,1.1743,-0.14266,1.36563,0.07298,1.35383,0.31749,1.34659,0.59255,1.37657,0.88208,1.31602,1.14755,1.22891,1.38967,1.11598,1.5627,0.99906,1.674,0.84407,1.65291,0.74734,1.63867,0.59903,1.58967,0.44827,1.51551,0.27515,5,8,9,4,11,1,6,13,7,3,15,12,14,10,2
0.05904,-1.64657,0.06041,-1.6454,0.06427,-1.63031,0.04907,-1.66094,-0.06151,-1.72056,-0.26045,-1.79208,-0.4971,-1.80188,-0.75799,-1.71046,-0.97459,-1.55576,-1.18494,-1.27882,-1.33979,-0.97522,-1.41086,-0.69865,-1.41677,-0.53553,-1.37156,-0.33419,-1.3451,-0.07604,-1.29136,0.17901,-1.24373,0.42463,-1.13774,0.6928,-0.97412,0.96631,-0.7805,1.22532,-0.5505,1.39643,-0.33515,1.51196,-0.10072,1.54029,0.09987,1.47032,0.26397,1.42727,0.42905,1.36854,0.62799,1.33005,0.83824,1.21849,1.06795,1.11109,1.24741,1.0117,1.37124,0.99671,1.44513,0.89357,1.48521,0.73639,1.56232,0.53513,1.62978,0.31461,1.66616,0.01305,1.69906,-0.29867,1.73184,-0.56028,1.7137,-0.82004,1.65548,-1.04718,1.55325,-1.20974,1.40371,-1.32287,1.18489,-1.42535,0.95217,-1.47523,0.7253,-1.47401,3,7,11,9,5,2,10,14,8,6,15,12,13,1,4
-0.45708,-1.62189,-0.44749,-1.63305,-0.435,-1.6551,-0.43525,-1.67338,-0.47372,-1.70812,-0.58876,-1.76693,-0.79002,-1.8661,-0.99111,-1.89476,-1.14413,-1.85339,-1.26873,-1.7766,-1.43259,-1.62753,-1.66517,-1.3333,-1.88268,-1.06416,-1.81941,-1.08103,-1.93524,-0.87533,-2.13248,-0.6216,-1.81025,1.10997,-1.70573,1.48362,-1.50023,1.81179,-1.13106,2.00007,-0.69422,2.04269,-0.35858,2.03162,0.0355,1.96811,0.37636,1.83273,0.68738,1.68845,0.95482,1.51415,1.13221,1.31387,1.19602,1.12125,1.33144,0.83674,1.50368,0.56572,1.62788,0.30399,1.68569,-0.01091,1.66495,-0.35323,1.58273,-0.68557,1.49164,-0.96109,1.40736,-1.21274,1.27649,-1.48276,1.1383,-1.73523,0.91754,-1.96833,0.6441,-2.08377,0.36455,-2.0688,0.06556,-1.9997,-0.09477,-1.87955,-0.16347,-1.73923,-0.20234,-1.66838,4,6,9,8,5,2,11,14,10,7,15,12,13,1,3
-0.09677,-1.51058,-0.10568,-1.5217,-0.10218,-1.54359,-0.10908,-1.53688,-0.152,-1.55847,-0.2194,-1.64121,-0.34014,-1.72485,-0.50361,-1.76312,-0.66733,-1.77222,-0.81846,-1.73509,-0.99957,-1.61368,-1.17685,-1.40232,-1.3965,-1.11839,-1.5853,-0.82303,-1.6971,-0.66863,-1.72791,-0.59301,-1.79911,-0.63319,-1.85646,-0.39271,-2.03827,-0.07055,-2.01338,0.3376,-1.87999,0.71785,-1.60011,1.04106,-1.23595,1.22756,-0.95073,1.45381,-0.68064,1.70482,-0.42943,1.98342,-0.12293,2.27072,0.19856,2.40242,0.47508,2.43411,0.75716,2.36567,1.02536,2.31923,1.24836,2.18792,1.44296,1.91809,1.57255,1.65158,1.70874,1.40392,1.80037,1.15619,1.88685,0.92581,1.81532,0.72155,1.81555,0.50174,1.79469,0.36631,1.81329,-0.05528,1.79133,-0.2878,1.71131,-0.54291,1.59855,-0.85919,1.4382,-1.07316,5,8,10,6,3,1,11,13,9,7,15,12,14,2,4
-0.21362,-1.62189,-0.21308,-1.63305,-0.21965,-1.63031,-0.21782,-1.64855,-0.21234,-1.64574,-0.2194,-1.64121,-0.21461,-1.66069,-0.24929,-1.7236,-0.32824,-1.77222,-0.41013,-1.85956,-0.52534,-1.83577,-0.63763,-1.77484,-0.76851,-1.67413,-0.92372,-1.58349,-1.09657,-1.52305,-1.31267,-1.40789,-1.56584,-1.30367,-1.83327,-1.13704,-1.99042,-1.01168,-2.04963,-1.0021,-2.07165,-0.88172,-2.03343,-0.9075,-1.93984,-0.64839,-1.86862,-0.47373,-1.79898,-0.58106,-1.74933,-0.33056,-1.72145,-0.0485,-1.57954,0.27787,-1.47915,0.61091,-1.29291,0.88426,-1.13922,1.16994,-0.9055,1.4082,-0.67118,1.61113,-0.40647,1.7409,-0.13636,1.83397,0.10365,1.89992,0.31867,1.97532,0.49838,2.05674,0.68608,2.11735,0.87609,2.12985,1.07034,2.05217,1.23762,1.91513,1.4027,1.75398,1.51001,1.52943,1.55845,1.30765,5,8,11,1,4,2,10,13,9,7,14,12,15,3,6
-0.03838,-1.59716,-0.0373,-1.59595,-0.04343,-1.59316,-0.04975,-1.59891,-0.06151,-1.59591,-0.10659,-1.62861,-0.21461,-1.69917,-0.45063,-1.76312,-0.7203,-1.79928,-0.96505,-1.7766,-1.20579,-1.61368,-1.44137,-1.3885,-1.71049,-1.06416,-1.83972,-1.08103,-1.89381,-0.87533,-1.97274,-0.66446,-2.04352,-0.33525,-2.04196,0.01044,-1.97849,0.36015,-1.86835,0.66037,-1.79615,0.87936,-1.56493,1.20345,-1.24733,1.50737,-0.88441,1.75038,-0.46352,1.90076,-0.02166,2.04815,0.37053,2.14096,0.71896,2.12667,1.07891,2.01464,1.42569,1.84,1.70599,1.62644,1.9153,1.34582,2.03488,1.01266,2.07235,0.65423,1.94554,0.25727,1.87708,-0.13843,1.80237,-0.36593,1.73184,-0.5469,1.62113,-0.82004,1.44205,-1.15489,1.20967,-1.38423,0.89614,-1.60161,0.54051,-1.65895,0.173,-1.6135,-0.13365,-1.52261,4,7,10,6,5,1,11,13,9,8,15,12,14,2,3
-0.28178,-1.57243,-0.29125,-1.5712,-0.30771,-1.56838,-0.3562,-1.58652,-0.44352,-1.65824,-0.61952,-1.77948,-0.86325,-1.81475,-1.11827,-1.77625,-1.38785,-1.62338,-1.58281,-1.38943,-1.69036,-1.15564,-1.72623,-1.02981,-1.69023,-0.87439,-1.62598,-0.61935,-1.54181,-0.31036,-1.4298,0.05036,-1.29926,0.36502,-1.18406,0.67726,-0.99804,0.91848,-0.72008,1.12846,-0.38281,1.28328,-0.04231,1.36584,0.26258,1.42505,0.59752,1.45381,0.91539,1.45992,1.20165,1.4009,1.46477,1.31387,1.73811,1.13743,1.9792,0.90129,2.00506,0.64534,2.11878,0.36697,2.07927,0.1918,2.00318,-0.18443,1.91936,-0.53669,1.82714,-0.91812,1.68534,-1.19893,1.51123,-1.40207,1.34231,-1.6017,1.17677,-1.68795,0.88535,-1.81456,0.55031,-1.85406,0.18551,-1.80065,-0.1583,-1.68491,-0.2786,-1.53807,-0.26247,-1.46184,3,6,10,9,5,2,11,14,7,8,15,12,13,1,4
-0.74921,-0.05163,-0.75032,-0.06147,-0.74827,-0.04418,-0.75156,-0.04758,-0.75522,-0.02477,-0.75291,0.01828,-0.73772,0.05957,-0.70501,0.09287,-0.65675,0.1081,-0.60907,0.08993,-0.57688,0.06576,-0.56641,0.01878,-0.58617,-0.02048,-0.62857,-0.06258,-0.71352,-0.1036,-0.83357,-0.14981,-1.01046,-0.17132,-1.19569,-0.19114,-1.39261,-0.18219,-1.56616,-0.17895,-1.71231,-0.13851,-1.79921,-0.06313,-1.82627,0.00984,-1.8465,0.1029,-1.84237,0.20272,-1.85669,0.31668,-1.86089,0.55159,-1.82886,0.81305,-1.75365,1.01427,-1.31521,1.71256,-1.09463,1.7524,-0.82897,1.73568,-0.56548,1.73392,-0.33506,1.66643,-0.11667,1.53291,0.02698,1.37657,0.13084,1.23528,0.20158,1.08206,0.18615,0.96907,0.18017,0.89135,0.16952,0.77698,0.13937,0.68095,0.08673,0.59903,0.02243,0.52371,-0.03915,0.45739,4,2,9,7,12,1,10,13,8,5,14,11,15,3,6
-0.60312,0.76434,-0.60378,0.75528,-0.6014,0.74884,-0.5934,0.7591,-0.59436,0.78571,-0.58876,0.81028,-0.55984,0.85545,-0.51424,0.90898,-0.46601,0.91975,-0.41013,0.91951,-0.37065,0.88469,-0.33246,0.76382,-0.30254,0.6166,-0.2927,0.48058,-0.3097,0.3098,-0.37578,0.15041,-0.48839,-0.00745,-0.6624,-0.16012,-0.84258,-0.26199,-1.04645,-0.34037,-1.24516,-0.36472,-1.42438,-0.35537,-1.55382,-0.30282,-1.68063,-0.19367,-1.78809,-0.10757,-1.88886,-0.00691,-1.96815,0.1137,-2.01322,0.21307,-2.08303,0.48182,-2.11738,0.77278,-2.08762,1.05969,-1.98789,1.31462,-1.81282,1.51911,-1.64076,1.65158,-1.42895,1.69062,-1.20963,1.69334,-1.03356,1.74658,-0.83711,1.78968,-0.66557,1.82359,-0.50649,1.83372,-0.36909,1.81058,-0.24824,1.74263,-0.14019,1.6242,-0.05722,1.46659,-0.02196,1.31982,2,5,7,10,13,1,6,8,12,3,14,11,15,9,4
-0.99262,0.41818,-0.99448,0.42116,-0.99298,0.42669,-0.99862,0.42401,-1.00652,0.46154,-0.99912,0.49599,-0.99922,0.54738,-0.95933,0.59304,-0.91104,0.63568,-0.83941,0.65682,-0.77276,0.63484,-0.70885,0.61207,-0.67734,0.5759,-0.69982,0.3991,-0.74456,0.29604,-0.82295,0.17901,-0.95493,0.06702,-1.12611,-0.05153,-1.29692,-0.15028,-1.45737,-0.22734,-1.59255,-0.26777,-1.71722,-0.30669,-1.80362,-0.33573,-1.87971,-0.32548,-1.97266,-0.30344,-2.06057,-0.23347,-2.11835,-0.11338,-2.15414,0.00219,-2.20377,0.23981,-2.27337,0.502,-2.29961,0.76056,-2.31585,1.00271,-2.23563,1.19677,-2.02839,1.39853,-1.86311,1.48993,-1.7081,1.5418,-1.63459,1.5851,-1.51414,1.66953,-1.39692,1.77018,-1.28588,1.84715,-1.16779,1.89113,-1.05115,1.87534,-0.91164,1.81884,-0.80101,1.73059,-0.68335,1.61132,2,4,9,8,13,1,7,12,10,3,14,11,15,6,5
-0.74921,-0.05163,-0.75032,-0.06147,-0.74827,-0.04418,-0.75156,-0.04758,-0.75522,-0.02477,-0.75291,0.01828,-0.73772,0.05957,-0.70501,0.09287,-0.65675,0.1081,-0.60907,0.08993,-0.57688,0.06576,-0.56641,0.01878,-0.58617,-0.02048,-0.62857,-0.06258,-0.71352,-0.1036,-0.83357,-0.14981,-1.01046,-0.17132,-1.19569,-0.19114,-1.39261,-0.18219,-1.56616,-0.17895,-1.71231,-0.13851,-1.79921,-0.06313,-1.82627,0.00984,-1.8465,0.1029,-1.84237,0.20272,-1.85669,0.31668,-1.86089,0.55159,-1.82886,0.81305,-1.75365,1.01427,-1.31521,1.71256,-1.09463,1.7524,-0.82897,1.73568,-0.56548,1.73392,-0.33506,1.66643,-0.11667,1.53291,0.02698,1.37657,0.13084,1.23528,0.20158,1.08206,0.18615,0.96907,0.18017,0.89135,0.16952,0.77698,0.13937,0.68095,0.08673,0.59903,0.02243,0.52371,-0.03915,0.45739,4,2,9,7,12,1,10,13,8,5,14,11,15,3,6
-0.60312,0.76434,-0.60378,0.75528,-0.6014,0.74884,-0.5934,0.7591,-0.59436,0.78571,-0.58876,0.81028,-0.55984,0.85545,-0.51424,0.90898,-0.46601,0.91975,-0.41013,0.91951,-0.37065,0.88469,-0.33246,0.76382,-0.30254,0.6166,-0.2927,0.48058,-0.3097,0.3098,-0.37578,0.15041,-0.48839,-0.00745,-0.6624,-0.16012,-0.84258,-0.26199,-1.04645,-0.34037,-1.24516,-0.36472,-1.42438,-0.35537,-1.55382,-0.30282,-1.68063,-0.19367,-1.78809,-0.10757,-1.88886,-0.00691,-1.96815,0.1137,-2.01322,0.21307,-2.08303,0.48182,-2.11738,0.77278,-2.08762,1.05969,-1.98789,1.31462,-1.81282,1.51911,-1.64076,1.65158,-1.42895,1.69062,-1.20963,1.69334,-1.03356,1.74658,-0.83711,1.78968,-0.66557,1.82359,-0.50649,1.83372,-0.36909,1.81058,-0.24824,1.74263,-0.14019,1.6242,-0.05722,1.46659,-0.02196,1.31982,2,5,7,10,13,1,6,8,12,3,14,11,15,9,4
-0.99262,0.41818,-0.99448,0.42116,-0.99298,0.42669,-0.99862,0.42401,-1.00652,0.46154,-0.99912,0.49599,-0.99922,0.54738,-0.95933,0.59304,-0.91104,0.63568,-0.83941,0.65682,-0.77276,0.63484,-0.70885,0.61207,-0.67734,0.5759,-0.69982,0.3991,-0.74456,0.29604,-0.82295,0.17901,-0.95493,0.06702,-1.12611,-0.05153,-1.29692,-0.15028,-1.45737,-0.22734,-1.59255,-0.26777,-1.71722,-0.30669,-1.80362,-0.33573,-1.87971,-0.32548,-1.97266,-0.30344,-2.06057,-0.23347,-2.11835,-0.11338,-2.15414,0.00219,-2.20377,0.23981,-2.27337,0.502,-2.29961,0.76056,-2.31585,1.00271,-2.23563,1.19677,-2.02839,1.39853,-1.86311,1.48993,-1.7081,1.5418,-1.63459,1.5851,-1.51414,1.66953,-1.39692,1.77018,-1.28588,1.84715,-1.16779,1.89113,-1.05115,1.87534,-0.91164,1.81884,-0.80101,1.73059,-0.68335,1.61132,2,4,9,8,13,1,7,12,10,3,14,11,15,6,5
1.15937,-0.58329,1.16413,-0.5812,1.17046,-0.57703,1.18573,-0.56882,1.21526,-0.54847,1.25787,-0.52232,1.31274,-0.49246,1.3721,-0.45997,1.40943,-0.43299,1.42221,-0.42165,1.40266,-0.40613,1.36653,-0.40892,1.32823,-0.41356,1.29505,-0.44278,1.25369,-0.47568,1.21056,-0.53582,1.15552,-0.58853,1.09965,-0.6253,1.03456,-0.66078,0.92366,-0.71161,0.80296,-0.73633,0.64872,-0.79379,0.51232,-0.8788,0.36527,-0.91856,0.23141,-0.95659,0.11781,-0.96166,0.0058,-0.95672,-0.0942,-0.95462,-0.19464,-0.92191,-0.30129,-0.89979,-0.40281,-0.84531,-0.47908,-0.80626,-0.54434,-0.79829,-0.59005,-0.75997,-0.61985,-0.71743,-0.66324,-0.67559,-0.70493,-0.62164,-0.75368,-0.57361,-0.80443,-0.52634,-0.85908,-0.50871,-0.91701,-0.48487,-0.96808,-0.4603,-1.02054,-0.42614,-1.05777,-0.41922,-1.09562,-0.41721,7,4,10,9,12,8,1,14,2,5,15,3,13,11,6
1.3541,-0.60802,1.35946,-0.5936,1.36622,-0.60181,1.39325,-0.59364,1.42634,-0.57341,1.47326,-0.54746,1.53238,-0.51814,1.60522,-0.47316,1.65314,-0.46004,1.67349,-0.42165,1.681,-0.39228,1.6819,-0.36756,1.68276,-0.34581,1.67165,-0.34774,1.65746,-0.36549,1.64711,-0.39284,1.6332,-0.42459,1.59812,-0.45475,1.52482,-0.50125,1.41925,-0.55019,1.27005,-0.60706,1.10548,-0.66388,0.9437,-0.74714,0.7966,-0.80326,0.65482,-0.84225,0.53635,-0.86457,0.43492,-0.87559,0.32866,-0.87356,0.22255,-0.85737,0.0998,-0.83607,-0.01228,-0.79811,-0.10738,-0.75944,-0.20605,-0.72158,-0.28406,-0.67065,-0.34357,-0.61712,-0.39482,-0.56539,-0.45136,-0.5409,-0.51255,-0.53358,-0.60077,-0.52634,-0.68278,-0.5222,-0.76841,-0.52512,-0.84808,-0.48684,-0.92069,-0.43914,-0.98696,-0.40662,-1.04411,-0.3808,7,5,10,11,12,8,1,14,2,6,15,4,13,9,3
1.3249,-0.42258,1.33017,-0.42034,1.33687,-0.41595,1.34384,-0.40749,1.37608,-0.38638,1.42198,-0.3589,1.48008,-0.32558,1.53104,-0.28886,1.55777,-0.27064,1.54785,-0.26952,1.50574,-0.26732,1.4581,-0.27094,1.40925,-0.27801,1.3663,-0.29342,1.31579,-0.32411,1.25317,-0.36424,1.17774,-0.40972,1.08808,-0.47022,0.95086,-0.51717,0.79075,-0.55019,0.59936,-0.59087,0.42619,-0.6152,0.26258,-0.66489,0.1109,-0.7044,-0.02922,-0.71162,-0.16119,-0.71889,-0.26242,-0.69721,-0.37609,-0.67893,-0.49105,-0.66374,-0.59097,-0.61305,-0.71523,-0.59339,-0.78522,-0.57229,-0.85087,-0.5681,-0.90627,-0.53669,-0.9652,-0.51674,-1.00832,-0.49655,-1.07113,-0.47358,-1.13391,-0.48016,-1.21179,-0.44622,-1.28588,-0.44142,-1.3535,-0.47142,-1.42025,-0.44706,-1.44711,-0.41319,-1.4385,-0.39408,-1.41343,-0.3808,7,5,9,10,13,8,1,14,4,3,15,2,12,11,6
1.17881,-0.16294,1.18362,-0.14807,1.19,-0.14332,1.20546,-0.12205,1.2253,-0.0871,1.26811,-0.05715,1.31274,-0.00465,1.36147,0.02707,1.39886,0.06754,1.42221,0.10379,1.43357,0.13519,1.4479,0.17053,1.44978,0.1693,1.4477,0.18187,1.46074,0.18579,1.43415,0.17901,1.41101,0.18622,1.36629,0.21208,1.28565,0.21661,1.16543,0.17618,1.00656,0.16846,0.84782,0.09926,0.68258,0.04275,0.5312,-0.02891,0.38342,-0.10757,0.25734,-0.16874,0.156,-0.19444,0.04677,-0.20862,-0.0629,-0.19583,-0.16759,-0.18297,-0.28011,-0.15259,-0.36976,-0.15124,-0.44919,-0.13835,-0.51864,-0.10499,-0.57052,-0.0724,-0.62488,0.02679,-0.68614,0.03772,-0.76294,0.01387,-0.84147,0.43501,-0.92403,0.54131,-1.0006,0.61589,-1.06036,0.56153,-1.09313,0.49521,-1.11976,0.47342,-1.12137,0.48169,6,5,8,12,15,10,1,11,3,4,13,2,14,9,7
1.16909,-0.42258,1.17388,-0.42034,1.18023,-0.42832,1.1956,-0.43232,1.2253,-0.39883,1.26811,-0.37144,1.32318,-0.32558,1.38268,-0.28886,1.43063,-0.27064,1.46411,-0.24186,1.47483,-0.2118,1.49881,-0.17439,1.53084,-0.15604,1.58004,-0.14406,1.61608,-0.14498,1.66841,-0.16407,1.74426,-0.15645,1.80681,-0.14458,1.83568,-0.15028,1.84229,-0.16278,1.82104,-0.20314,1.7497,-0.24173,1.68164,-0.2864,1.62605,-0.32548,1.5886,-0.3361,1.56654,-0.36293,1.57209,-0.35663,1.58632,-0.33837,1.61689,-0.30881,1.63738,-0.27855,1.65021,-0.24706,1.62007,-0.21362,1.55921,-0.21513,1.51132,-0.19432,1.46205,-0.17277,1.41692,-0.15224,1.37039,-0.13719,1.3145,-0.10628,1.27858,-0.08572,1.22868,-0.07794,1.15393,-0.06874,1.07149,-0.06221,0.95802,-0.04981,0.83704,-0.07978,0.70812,-0.10142,5,2,9,12,10,8,3,11,1,7,15,13,14,6,4
1.60727,-0.68221,1.60366,-0.69255,1.61097,-0.68853,1.64037,-0.66811,1.66766,-0.64823,1.70923,-0.63544,1.78349,-0.60798,1.84897,-0.57841,1.88623,-0.54121,1.91433,-0.51841,1.92843,-0.48942,1.94641,-0.46412,1.97649,-0.4542,2.01768,-0.44278,2.0716,-0.44812,2.1262,-0.45003,2.22188,-0.46932,2.30527,-0.48576,2.3498,-0.51717,2.362,-0.53401,2.32411,-0.55855,2.25333,-0.58272,2.16978,-0.61548,2.10157,-0.68789,2.04457,-0.69533,2.01719,-0.71889,2.02263,-0.68095,2.04169,-0.66268,2.08898,-0.64764,2.11646,-0.61305,2.10765,-0.59339,2.0574,-0.57229,1.96094,-0.55272,1.84795,-0.53669,1.74817,-0.51674,1.64698,-0.53785,1.53943,-0.52741,1.44435,-0.52019,1.3619,-0.51296,1.28433,-0.49528,1.20036,-0.47142,1.09916,-0.44706,0.99429,-0.41319,0.88135,-0.40662,0.76824,-0.3808,5,4,9,11,10,7,3,14,2,8,15,13,12,6,1
1.05224,0.23273,1.05667,0.23555,1.06276,0.25319,1.07699,0.26269,1.10466,0.28695,1.15525,0.33257,1.19765,0.38051,1.25551,0.42194,1.30348,0.48689,1.33846,0.51855,1.3614,0.56546,1.38688,0.58447,1.4194,0.5759,1.4477,0.58923,1.49179,0.59919,1.52998,0.62221,1.56652,0.6481,1.58655,0.67726,1.56067,0.67922,1.50386,0.69266,1.38987,0.65321,1.25777,0.61891,1.13668,0.58582,1.00672,0.56416,0.90456,0.52922,0.80459,0.51088,0.70309,0.50297,0.62137,0.50493,0.51902,0.53019,0.42295,0.54976,0.3336,0.57162,0.23155,0.58166,0.13218,0.56759,0.05257,0.5649,-0.02786,0.58694,-0.10723,0.57775,-0.17905,0.58942,-0.24357,0.64143,-0.32302,0.71539,-0.4044,0.75672,-0.49911,0.81722,-0.58046,0.82697,-0.6484,0.83263,-0.70359,0.80026,-0.73486,0.73677,6,5,8,15,14,11,1,9,4,3,12,2,13,10,7
1.12041,0.18327,1.13479,0.18605,1.14106,0.19126,1.16596,0.20065,1.18507,0.22463,1.22706,0.25714,1.28132,0.30348,1.3297,0.35615,1.33526,0.41922,1.31751,0.49089,1.28923,0.52379,1.2546,0.54305,1.21679,0.54879,1.16276,0.56207,1.11907,0.57162,1.05088,0.59361,1.00006,0.6183,0.92578,0.64624,0.81938,0.66323,0.70614,0.66037,0.56338,0.6209,0.41444,0.58643,0.26258,0.56933,0.13303,0.53121,0.02512,0.51293,-0.09678,0.47851,-0.19803,0.47053,-0.3327,0.48875,-0.45813,0.49792,-0.59097,0.5179,-0.7041,0.49293,-0.80709,0.50371,-0.86147,0.42943,-0.92668,0.40111,-0.98494,0.38625,-1.01788,0.35737,-1.07113,0.38753,-1.11536,0.4144,-1.19327,0.44833,-1.27662,0.51438,-1.3535,0.57558,-1.41104,0.58808,-1.41985,0.61198,-1.37652,0.61169,-1.33612,0.55452,6,5,8,13,15,10,1,11,4,3,12,2,14,9,7
1.13989,0.23273,1.14459,0.23555,1.16064,0.24083,1.17582,0.23786,1.19515,0.27451,1.22706,0.30743,1.27088,0.35483,1.31907,0.42194,1.33526,0.47334,1.32796,0.51855,1.30986,0.55155,1.28516,0.57065,1.25733,0.58949,1.23401,0.61639,1.21226,0.64056,1.16801,0.69373,1.13335,0.7375,1.07645,0.78585,0.98671,0.85467,0.87536,0.87019,0.74308,0.87936,0.57842,0.84619,0.44417,0.84907,0.33211,0.79483,0.22052,0.74146,0.10711,0.72122,0.0058,0.71378,-0.0942,0.732,-0.19464,0.7722,-0.30129,0.77278,-0.40281,0.76056,-0.49005,0.73762,-0.55488,0.70569,-0.61046,0.684,-0.67907,0.65858,-0.7399,0.61904,-0.80819,0.57593,-0.88348,0.54793,-0.95256,0.55516,-0.98898,0.58173,-1.04703,0.62928,-1.12496,0.65441,-1.20204,0.66389,-1.2526,0.63684,-1.25881,0.61529,6,5,8,13,15,11,1,9,4,3,12,2,14,10,7
1.09121,0.05962,1.09576,0.06229,1.1117,0.0797,1.12641,0.07654,1.16495,0.08743,1.20653,0.11881,1.27088,0.14941,1.3509,0.18504,1.38823,0.24338,1.36986,0.31117,1.32015,0.37113,1.2546,0.40507,1.20669,0.44035,1.18307,0.45342,1.1605,0.48893,1.13603,0.52216,1.07782,0.5587,1.03012,0.58421,0.95086,0.59942,0.85118,0.5958,0.73107,0.58858,0.60186,0.57016,0.45556,0.53641,0.33211,0.53121,0.22052,0.51293,0.12858,0.51088,0.03797,0.5354,-0.06163,0.55362,-0.17268,0.61091,-0.31241,0.62944,-0.42513,0.66609,-0.51186,0.65967,-0.57603,0.6443,-0.66146,0.65423,-0.71851,0.62991,-0.80701,0.6053,-0.89272,0.60284,-0.98551,0.65476,-1.09141,0.72877,-1.22092,0.81057,-1.34423,0.87092,-1.42951,0.90654,-1.45617,0.92345,-1.4385,0.90084,-1.39625,0.8582,6,5,8,12,14,10,2,11,4,3,13,1,15,9,7
1.25674,-0.12582,1.252,-0.12332,1.26834,-0.11853,1.27465,-0.10961,1.3057,-0.07465,1.35016,-0.04461,1.40685,-0.03033,1.47806,0.04021,1.49417,0.0946,1.4955,0.11759,1.50574,0.20456,1.48861,0.25332,1.48015,0.29127,1.47827,0.31767,1.48146,0.32361,1.47675,0.33632,1.47768,0.37996,1.44744,0.39818,1.4052,0.43988,1.33464,0.41827,1.23413,0.4108,1.11723,0.35908,1.00046,0.33892,0.88505,0.2841,0.78511,0.25167,0.69729,0.2358,0.63875,0.22727,0.57804,0.26169,0.51902,0.30429,0.46747,0.31084,0.40052,0.36697,0.30808,0.39451,0.21678,0.39873,0.14439,0.41603,0.0708,0.38625,-0.00177,0.37111,-0.08516,0.38753,-0.16939,0.4144,-0.24897,0.46171,-0.33019,0.51438,-0.40625,0.53534,-0.46047,0.54823,-0.52134,0.54712,-0.59734,0.5488,-0.67474,0.53023,6,5,8,13,15,10,1,11,2,4,12,3,14,9,7
1.28593,-0.20001,1.29108,-0.20998,1.2977,-0.21767,1.3142,-0.18408,1.34593,-0.17442,1.39121,-0.13259,1.43827,-0.10736,1.48863,-0.0651,1.526,-0.00013,1.5374,0.04848,1.52637,0.09352,1.53947,0.12917,1.52068,0.15571,1.51895,0.16826,1.52289,0.19954,1.50868,0.22193,1.49991,0.21602,1.4822,0.27411,1.44112,0.26443,1.37089,0.25685,1.27005,0.26541,1.12891,0.22917,0.98913,0.19084,0.87402,0.15229,0.78511,0.15369,0.68658,0.15492,0.60653,0.17857,0.51296,0.21307,0.42019,0.23981,0.31149,0.27898,0.21085,0.28827,0.12223,0.28537,0.02649,0.29133,-0.04943,0.31185,-0.11667,0.34328,-0.17433,0.35737,-0.23537,0.37411,-0.28993,0.40108,-0.35078,0.42169,-0.4044,0.44709,-0.47126,0.46824,-0.54353,0.4819,-0.61213,0.49521,-0.68588,0.48597,-0.75205,0.46951,6,4,9,12,14,10,1,11,2,5,13,3,15,8,7
0.69194,-0.13821,0.69526,-0.13572,0.69078,-0.11853,0.6915,-0.12205,0.70253,-0.09959,0.73465,-0.06975,0.75826,-0.03033,0.79984,0.01388,0.82668,0.04048,0.84634,0.07613,0.86654,0.09352,0.86801,0.08774,0.85216,0.08796,0.85741,0.08678,0.83955,0.06172,0.8273,0.03603,0.8001,0.00742,0.75185,-0.00504,0.68784,-0.02265,0.59735,-0.04981,0.4796,-0.09,0.35589,-0.12802,0.22848,-0.18765,0.1109,-0.22663,-0.00749,-0.28715,-0.11825,-0.28198,-0.23025,-0.29176,-0.34352,-0.2735,-0.46908,-0.2281,-0.60209,-0.19886,-0.72642,-0.1683,-0.82897,-0.13568,-0.91432,-0.12304,-0.99809,-0.10499,-1.05401,-0.10107,-1.11378,-0.11089,-1.17445,-0.17759,-1.21739,-0.19978,-1.22103,-0.24596,-1.28588,-0.21258,-1.34423,-0.17614,-1.40184,-0.15508,-1.44711,-0.14068,-1.4651,-0.10493,-1.49931,-0.10142,6,5,8,11,15,9,1,12,3,4,13,2,14,10,7
0.84775,-0.11348,0.84181,-0.09857,0.8376,-0.09375,0.83979,-0.08479,0.85331,-0.06216,0.86799,-0.03201,0.90473,-0.00465,0.92701,0.04021,0.95382,0.08104,0.97198,0.10379,0.95929,0.13519,0.95959,0.14294,0.95344,0.14219,0.93881,0.1411,0.92235,0.13066,0.8912,0.12182,0.85563,0.09682,0.80987,0.08801,0.73568,0.073,0.64572,0.03086,0.52746,-0.00924,0.40276,-0.06313,0.28524,-0.12182,0.16625,-0.17716,0.05768,-0.20547,-0.04313,-0.21725,-0.1444,-0.21062,-0.24593,-0.19237,-0.33734,-0.17973,-0.43498,-0.167,-0.52556,-0.13681,-0.57749,-0.12005,-0.62888,-0.10766,-0.66146,-0.10499,-0.70866,-0.10107,-0.75908,-0.08334,-0.80819,-0.05645,-0.87423,-0.02616,-0.95256,0.00778,-1.01681,0.05669,-1.07488,0.06551,-1.12496,0.07051,-1.14761,0.06697,-1.1729,0.0208,-1.19868,0.00794,6,5,8,12,15,9,1,11,3,4,13,2,14,10,7
0.86724,-0.00217,0.8711,0.00044,0.86695,0.00539,0.87929,0.02689,0.89354,0.0376,0.92957,0.06857,0.95703,0.11093,1.01176,0.14552,1.028,0.20282,1.04528,0.2282,1.0418,0.24624,1.0308,0.26715,1.0345,0.26416,1.02027,0.26335,1.01555,0.26848,0.99766,0.25053,0.97784,0.24582,0.93735,0.25857,0.87916,0.26443,0.79075,0.24075,0.6832,0.20078,0.56673,0.14801,0.43285,0.09209,0.32108,0.03699,0.1988,0.00677,0.08563,-0.00691,-0.02642,0.0002,-0.1484,0.00219,-0.2715,0.03001,-0.3904,0.05595,-0.51443,0.08355,-0.61027,0.08266,-0.69233,0.07645,-0.75328,0.07365,-0.80732,0.09956,-0.85493,0.06814,-0.89272,0.06463,-0.9484,0.08061,-1.00808,0.06119,-1.07245,0.08361,-1.11204,0.09236,-1.12496,0.08381,-1.12945,0.07997,-1.12864,0.08369,-1.12999,0.08083,6,5,8,14,15,10,1,11,3,4,12,2,13,9,7
1.21777,-0.12582,1.21296,-0.11097,1.2194,-0.10617,1.21537,-0.10961,1.23533,-0.07465,1.25787,-0.04461,1.29181,-0.00465,1.3297,0.02707,1.35646,0.06754,1.34891,0.08993,1.35106,0.12128,1.33602,0.14294,1.31813,0.15571,1.30526,0.15471,1.27441,0.15822,1.25317,0.15041,1.22219,0.14155,1.16923,0.15004,1.10633,0.1528,1.00827,0.14389,0.89876,0.10383,0.77752,0.05058,0.64854,0.00984,0.5312,-0.02891,0.42681,-0.05854,0.33246,-0.07164,0.2525,-0.06468,0.17687,-0.04643,0.10182,-0.01836,0.0218,0.02409,-0.05693,0.06784,-0.12925,0.09822,-0.1955,0.12253,-0.26365,0.11828,-0.32388,0.12823,-0.37564,0.13698,-0.45136,0.14537,-0.52181,0.1474,-0.59148,0.16795,-0.67348,0.17783,-0.75915,0.1863,-0.82962,0.20323,-0.91164,0.20969,-0.96924,0.18427,-1.00974,0.16584,6,5,8,13,15,10,1,11,3,4,12,2,14,9,7
1.13989,-0.16294,1.15434,-0.16047,1.16064,-0.15574,1.17582,-0.13444,1.21526,-0.11204,1.25787,-0.0823,1.32318,-0.056,1.38268,-0.01245,1.43063,0.04048,1.46411,0.06228,1.48512,0.09352,1.50896,0.11534,1.54095,0.14219,1.58004,0.15471,1.61608,0.15822,1.66841,0.16474,1.72204,0.17135,1.77204,0.19653,1.79977,0.1847,1.79393,0.19228,1.72525,0.16846,1.64428,0.13174,1.54536,0.09209,1.44909,0.05343,1.36058,0.00677,1.27677,-0.02312,1.21807,-0.03224,1.16351,-0.03025,1.11189,-0.03454,1.04684,-0.00777,0.95839,0.00486,0.86569,0.02028,0.75585,0.01506,0.65442,0.02896,0.57403,0.04222,0.48709,0.06814,0.41257,0.10497,0.34068,0.13402,0.26024,0.18133,0.18943,0.23168,0.09524,0.2803,0.01017,0.3094,-0.07666,0.33947,-0.16347,0.34769,-0.24528,0.32374,6,3,7,15,14,10,1,11,2,5,12,8,13,9,4
1.26645,-0.26186,1.26179,-0.25948,1.24876,-0.25488,1.24501,-0.24617,1.26552,-0.2243,1.27835,-0.19548,1.29181,-0.15871,1.30849,-0.11776,1.32468,-0.0813,1.30707,-0.06214,1.27889,-0.04529,1.2546,-0.02264,1.22695,-0.00695,1.19328,-0.00826,1.1605,-0.00716,1.10411,-0.00683,1.04445,-0.00745,0.97211,-0.00504,0.87916,-0.00674,0.75445,-0.00142,0.61131,-0.02543,0.473,-0.06313,0.33066,-0.1054,0.21044,-0.14428,0.10107,-0.17288,-0.00019,-0.18495,-0.09076,-0.19444,-0.18091,-0.19237,-0.26049,-0.16355,-0.35699,-0.13514,-0.43632,-0.10532,-0.50095,-0.08886,-0.56548,-0.07696,-0.61046,-0.04545,-0.64949,-0.05809,-0.69198,-0.05579,-0.73309,-0.04302,-0.78149,-0.02616,-0.85071,-0.00561,-0.90546,0.02976,-0.96344,0.05211,-1.00496,0.07051,-0.99328,0.04101,-1.01351,0.0334,-1.04411,0.02006,6,5,8,11,15,9,1,12,3,4,13,2,14,10,7
-0.30127,0.47998,-0.301,0.45826,-0.30771,0.50104,-0.29687,0.49848,-0.29274,0.51142,-0.28098,0.55883,-0.25647,0.59874,-0.22808,0.65889,-0.19052,0.73035,-0.1693,0.78123,-0.12322,0.7875,-0.10861,0.83278,-0.11009,0.83343,-0.09932,0.86084,-0.12337,0.84726,-0.18412,0.87957,-0.24404,0.90137,-0.361,0.94086,-0.46001,0.90249,-0.55086,0.87019,-0.6463,0.83092,-0.72166,0.76503,-0.79323,0.70099,-0.85119,0.64658,-0.93038,0.6109,-1.00891,0.57561,-1.06703,0.55159,-1.15668,0.53737,-1.24859,0.53019,-1.33744,0.5179,-1.40699,0.54013,-1.45215,0.5349,-1.46399,0.5062,-1.47754,0.50535,-1.49802,0.50093,-1.50679,0.50885,-1.54065,0.53559,-1.57906,0.56132,-1.63763,0.59524,-1.67559,0.62209,-1.73424,0.66958,-1.7802,0.69425,-1.80104,0.7158,-1.81041,0.68713,-1.78276,0.63959,3,4,10,13,15,8,2,9,6,1,12,5,14,11,7
-0.32075,0.65308,-0.31075,0.68102,-0.30771,0.6869,-0.30673,0.67224,-0.31286,0.69844,-0.29121,0.74745,-0.26691,0.79129,-0.23871,0.85632,-0.19052,0.93331,-0.1379,0.97482,-0.09231,1.0235,-0.05775,1.03978,-0.00881,1.03679,0.02281,1.06452,0.03197,1.06777,0.02879,1.1226,0.01145,1.1547,-0.02483,1.20454,-0.07737,1.28537,-0.13994,1.27378,-0.20317,1.25104,-0.25316,1.20345,-0.30509,1.17822,-0.36463,1.12435,-0.42007,1.0844,-0.48308,1.0611,-0.53065,1.07061,-0.5929,1.07255,-0.64476,1.07882,-0.72467,1.07542,-0.7822,1.09118,-0.82897,1.09628,-0.86147,1.04335,-0.88592,0.98168,-0.90603,0.95958,-0.94121,0.88071,-0.94908,0.83158,-1.01332,0.8417,-1.05441,0.83554,-1.11889,0.82406,-1.17705,0.81722,-1.18956,0.78712,-1.23835,0.78072,-1.28799,0.76257,-1.31037,0.74889,4,9,7,13,14,8,2,3,10,1,12,5,15,11,6
-0.2331,0.67781,-0.23263,0.68102,-0.23919,0.6869,-0.23755,0.69707,-0.2324,0.73588,-0.2194,0.75999,-0.20417,0.81697,-0.1539,0.89584,-0.10573,0.96036,-0.0646,1.01633,-0.0098,1.03735,0.02362,1.05355,0.05199,1.0639,0.06354,1.07813,0.06301,1.10909,0.03947,1.16546,-0.01077,1.19937,-0.09441,1.25103,-0.16107,1.26945,-0.23661,1.27378,-0.29897,1.23484,-0.3937,1.20345,-0.48668,1.1618,-0.57475,1.12435,-0.63719,1.0844,-0.66555,1.07725,-0.70225,1.10305,-0.79889,1.12125,-0.88628,1.11109,-0.99206,1.10728,-1.0723,1.10696,-1.12414,1.06509,-1.168,1.07405,-1.18173,1.02638,-1.17241,0.95958,-1.19045,0.92206,-1.20261,0.88541,-1.2452,0.90844,-1.28583,0.91565,-1.35083,0.93171,-1.39066,0.95147,-1.44797,0.95963,-1.48338,0.96235,-1.50049,0.92599,-1.5165,0.89467,4,9,7,13,14,8,2,3,10,1,12,5,15,11,6
-0.34995,1.01164,-0.35963,1.01514,-0.34688,1.02147,-0.3562,1.03216,-0.35309,1.07255,-0.37332,1.12457,-0.37157,1.17645,-0.37645,1.25124,-0.39184,1.3256,-0.39963,1.40343,-0.40162,1.41211,-0.43418,1.4123,-0.45451,1.40276,-0.49623,1.34968,-0.56856,1.35716,-0.64191,1.30844,-0.76611,1.37818,-0.90585,1.39057,-1.06975,1.42891,-1.1673,1.38674,-1.26912,1.36411,-1.3307,1.33337,-1.38356,1.30988,-1.40419,1.28905,-1.46241,1.26398,-1.52398,1.25522,-1.63559,1.26518,-1.73133,1.29962,-1.87444,1.3531,-1.9391,1.37806,-1.97605,1.40608,-1.92226,1.45495,-1.84452,1.41164,-1.73258,1.38361,-1.69533,1.34659,-1.64099,1.30767,-1.55944,1.27562,-1.56981,1.29565,-1.5543,1.31624,-1.53643,1.34904,-1.54853,1.381,-1.54946,1.39756,-1.52875,1.3906,-1.48282,1.34086,-1.43062,1.29553,1,10,7,12,14,3,6,4,11,2,13,8,15,9,5
-0.81733,0.90038,-0.81865,0.92854,-0.82657,0.90997,-0.82069,0.90804,-0.84566,0.97279,-0.8452,0.99885,-0.83183,1.04806,-0.80034,1.09327,-0.77327,1.1497,-0.73471,1.19605,-0.69025,1.25945,-0.65798,1.26049,-0.6368,1.22651,-0.62857,1.24103,-0.64104,1.23309,-0.68451,1.26558,-0.74388,1.28877,-0.8247,1.32854,-0.92628,1.33319,-0.98602,1.32217,-1.0296,1.26716,-1.07305,1.21973,-1.0884,1.17822,-1.10556,1.0914,-1.12578,1.03538,-1.14844,0.98015,-1.1743,0.95704,-1.22176,0.95906,-1.23763,0.96583,-1.28174,0.96394,-1.30662,0.9495,-1.30999,0.95596,-1.29485,0.93588,-1.26331,0.93705,-1.25132,0.88794,-1.22881,0.85317,-1.24955,0.81815,-1.27301,0.8417,-1.33212,0.86224,-1.39722,0.90479,-1.44636,0.92462,-1.48486,0.94638,-1.51064,0.9364,-1.5182,0.90084,-1.52507,0.87037,2,8,7,13,15,6,5,3,10,1,12,11,14,9,4
0.17588,0.85092,0.18736,0.89138,0.19151,0.87276,0.20723,0.85839,0.20991,0.94785,0.22172,0.9737,0.24565,0.99671,0.28057,1.08008,0.26508,1.16326,0.28093,1.19605,0.26855,1.19001,0.25763,1.24672,0.24444,1.21298,0.25691,1.21387,0.20797,1.23309,0.17785,1.27984,0.14474,1.27384,0.06789,1.28205,-0.00567,1.31728,-0.06739,1.33828,-0.15524,1.28328,-0.22972,1.23593,-0.2937,1.17822,-0.37566,1.12435,-0.4309,1.05174,-0.48308,1.01251,-0.54135,0.98948,-0.63629,0.9915,-0.71066,0.96583,-0.78037,0.96394,-0.80453,0.99671,-0.818,1.00271,-0.81917,0.95126,-0.82469,0.8775,-0.80732,0.8306,-0.81657,0.75678,-0.80819,0.73741,-0.82786,0.72155,-0.85071,0.7421,-0.93329,0.72979,-1.01919,0.72328,-1.00496,0.76058,-1.00238,0.75476,-0.99579,0.73742,-0.97537,0.71247,5,9,7,14,15,8,3,1,10,2,12,4,13,11,6
0.88672,0.70254,0.89064,0.70577,0.89636,0.56298,0.90898,0.7591,0.93377,0.5613,0.97062,0.79768,1.01982,0.63723,1.06474,0.71155,1.12337,0.75741,1.16048,0.78123,1.18614,0.87078,1.21395,0.86038,1.23706,1.0639,1.28489,1.10523,1.31579,1.10909,1.3703,1.15119,1.41101,1.21424,1.45901,1.28205,1.4889,1.30129,1.49174,1.28988,1.44975,1.23484,1.39831,1.15477,1.32966,1.06305,1.28316,0.95959,1.24113,0.83943,1.22312,0.75359,1.21807,0.66516,1.23941,0.60225,1.25458,0.51409,1.28082,0.43828,1.282,0.33548,1.25927,0.23862,1.23152,0.13785,1.1951,0.02896,1.16603,-0.08676,1.13895,-0.19353,1.12623,-0.28525,1.11049,-0.37334,1.11196,-0.45954,1.10803,-0.54913,1.09823,-0.63251,1.09916,-0.71243,1.07598,-0.78952,1.04071,-0.85919,1.00013,-0.92738,7,9,4,15,14,12,3,1,5,8,6,13,10,11,2
0.88672,0.08435,0.89064,0.08704,0.88654,0.09211,0.89906,0.10136,0.92368,0.12487,0.96033,0.15656,1.00933,0.20077,1.06474,0.26397,1.11274,0.2975,1.14997,0.33882,1.1758,0.37113,1.20374,0.3913,1.22695,0.39971,1.26453,0.38555,1.30545,0.37868,1.33832,0.36491,1.38879,0.35016,1.42425,0.3206,1.46498,0.28042,1.46756,0.20846,1.43774,0.13615,1.38657,0.0343,1.32966,-0.07248,1.28316,-0.17716,1.25197,-0.28715,1.23383,-0.36293,1.23948,-0.42151,1.27192,-0.48431,1.29852,-0.51855,1.32541,-0.56522,1.33778,-0.60917,1.3249,-0.6503,1.29497,-0.69088,1.27669,-0.7302,1.25484,-0.7318,1.23479,-0.75823,1.22954,-0.78306,1.22177,-0.80058,1.23229,-0.82004,1.23794,-0.84526,1.24683,-0.87415,1.24683,-0.88499,1.23937,-0.89328,1.20894,-0.90948,1.17194,-0.92738,4,5,6,15,13,12,3,8,1,10,7,14,9,11,2
0.43877,0.73961,0.45111,0.73052,0.45585,0.73647,0.48393,0.74671,0.48137,0.77327,0.51921,0.81028,0.5595,0.86832,0.60907,0.93531,0.64657,1.00092,0.6893,1.07158,0.7222,1.10673,0.75614,1.10874,0.79141,1.09095,0.82689,1.09168,0.88092,1.06777,0.8486,1.10833,0.85563,1.13977,0.89096,1.15798,0.87916,1.15774,0.86324,1.12846,0.85089,1.05714,0.8127,0.91115,0.77344,0.76682,0.73022,0.61363,0.69827,0.43125,0.67582,0.28432,0.67092,0.14614,0.67563,0.01844,0.68368,-0.13135,0.69034,-0.24669,0.67948,-0.37302,0.67984,-0.50991,0.6713,-0.62949,0.67483,-0.71534,0.67269,-0.80344,0.66922,-0.88216,0.65672,-0.97146,0.65603,-1.06764,0.64903,-1.18054,0.65336,-1.28952,0.66175,-1.37078,0.6562,-1.42905,0.64941,-1.46431,0.63342,-1.50038,0.60505,-1.5469,6,11,5,15,14,10,7,1,8,9,2,13,3,12,4
-0.68105,0.76434,-0.67215,0.75528,-0.66993,0.76126,-0.67245,0.78392,-0.68485,0.81065,-0.6811,0.84797,-0.654,0.894,-0.6414,0.94844,-0.59316,0.98736,-0.53578,1.03013,-0.48408,1.05126,-0.43418,1.02595,-0.36334,0.98257,-0.27234,0.95587,-0.26833,0.87482,-0.26932,0.80805,-0.31065,0.75243,-0.32623,0.70827,-0.37631,0.64731,-0.43001,0.56352,-0.46666,0.50775,-0.49913,0.34288,-0.52078,0.17441,-0.54158,-0.01247,-0.55036,-0.20547,-0.56896,-0.3953,-0.58428,-0.56745,-0.5929,-0.72755,-0.61184,-0.87354,-0.62438,-0.97941,-0.62599,-1.08145,-0.61027,-1.19612,-0.58663,-1.30474,-0.57987,-1.3554,-0.55078,-1.40544,-0.53859,-1.41931,-0.5171,-1.42899,-0.51255,-1.45485,-0.5082,-1.48763,-0.51575,-1.49144,-0.51769,-1.47817,-0.51586,-1.44235,-0.52134,-1.38644,-0.52653,-1.32436,-0.52016,-1.27965,5,10,6,14,15,11,9,3,8,7,2,12,1,13,4
0.91592,0.91272,0.91993,0.91613,0.92571,0.90997,0.93862,0.92048,0.96391,0.94785,1.00138,0.9863,1.05119,1.06087,1.09657,1.13274,1.16571,1.19032,1.19187,1.25136,1.21706,1.28721,1.24445,1.30191,1.27759,1.30784,1.31541,1.32252,1.35722,1.34335,1.40222,1.39423,1.45546,1.45265,1.5054,1.51464,1.53675,1.54062,1.5401,1.54816,1.50963,1.52569,1.45687,1.49576,1.3978,1.47446,1.34955,1.45381,1.31714,1.42727,1.29824,1.4009,1.30387,1.39493,1.3153,1.41311,1.35341,1.43374,1.38111,1.45775,1.39356,1.50055,1.36865,1.50177,1.34782,1.47303,1.30733,1.44316,1.27458,1.40392,1.26359,1.34902,1.23891,1.34294,1.23103,1.34906,1.23229,1.34294,1.22868,1.34904,1.21894,1.3273,1.2099,1.29139,1.19399,1.26082,1.12924,1.18999,1.06887,1.10116,5,10,4,15,13,7,3,1,9,6,12,11,14,8,2
0.66274,0.91272,0.66598,0.91613,0.67119,0.92233,0.68164,0.93286,0.70253,0.96029,0.73465,0.99885,0.77919,1.06087,0.83162,1.13274,0.87965,1.19032,0.91964,1.26516,0.949,1.30106,0.97994,1.31568,1.01424,1.29431,1.05079,1.2818,1.08802,1.27447,1.11473,1.27984,1.15552,1.27384,1.1808,1.25103,1.20195,1.17373,1.20167,1.08007,1.1862,0.94399,1.15235,0.81371,1.10264,0.66807,1.07305,0.51477,1.04568,0.3823,1.02994,0.25195,1.03565,0.16239,1.04423,0.0995,1.06795,0.01391,1.09142,-0.10335,1.10347,-0.23128,1.1062,-0.36958,1.08353,-0.49133,1.07269,-0.59624,1.06737,-0.67446,1.05266,-0.75823,1.05113,-0.83689,1.04556,-0.9074,1.04716,-0.98028,1.05238,-1.06068,1.0518,-1.11574,1.03456,-1.16367,1.01245,-1.20475,0.96989,-1.26152,0.93144,-1.29182,6,11,5,15,14,10,7,1,8,9,2,13,3,12,4
0.08823,1.20948,0.0897,1.21315,0.09363,1.21975,0.09849,1.23074,0.11942,1.25958,0.13962,1.28799,0.19335,1.30478,0.28057,1.33017,0.34988,1.3391,0.39612,1.32047,0.34072,1.30106,0.36955,1.21912,0.40651,1.11806,0.48081,1.0238,0.53925,0.91614,0.58241,0.82238,0.61128,0.72263,0.63594,0.64624,0.63999,0.55159,0.60941,0.45056,0.57539,0.33005,0.53155,0.19669,0.47827,0.05918,0.42056,-0.09482,0.40509,-0.25449,0.39682,-0.41144,0.41346,-0.53501,0.44794,-0.69511,0.47508,-0.809,0.48977,-0.91569,0.48981,-1.01847,0.49399,-1.11811,0.49161,-1.24335,0.49125,-1.32562,0.48522,-1.39113,0.47752,-1.46067,0.4783,-1.52316,0.49838,-1.58838,0.51942,-1.67457,0.52345,-1.77414,0.53173,-1.84061,0.51774,-1.84044,0.48608,-1.77572,0.46519,-1.68894,0.44186,-1.64409,6,11,5,15,14,9,8,3,10,7,2,13,1,12,4
0.45825,1.18475,0.4706,1.20075,0.4852,1.19497,0.49384,1.20592,0.50144,1.23464,0.48845,1.27545,0.54906,1.31764,0.61965,1.36969,0.66771,1.42027,0.6893,1.45874,0.71186,1.45372,0.75614,1.4123,0.79141,1.37565,0.82689,1.33613,0.88092,1.31579,0.92313,1.32277,0.95561,1.33344,0.9953,1.32854,1.01064,1.31728,1.03245,1.27378,1.01858,1.1864,0.97668,1.08981,0.9437,1.01364,0.89615,0.91013,0.872,0.80677,0.84753,0.70507,0.85328,0.66516,0.87075,0.63468,0.89228,0.57863,0.91314,0.53386,0.9138,0.47715,0.90944,0.4257,0.90384,0.33741,0.89929,0.2523,0.8898,0.18557,0.89928,0.09569,0.89145,0.02423,0.89717,-0.03954,0.90826,-0.11243,0.92248,-0.18565,0.93105,-0.24323,0.93307,-0.30104,0.91265,-0.36128,0.88135,-0.43177,0.85413,-0.4901,7,11,5,15,14,10,4,1,8,6,3,13,9,12,2
0.5167,1.19708,0.51948,1.20075,0.52437,1.20734,0.54326,1.2183,0.55175,1.24708,0.58079,1.28799,0.62229,1.35613,0.68326,1.43548,0.73131,1.50144,0.77305,1.56936,0.81495,1.57868,0.86801,1.55022,0.92307,1.48403,0.91845,1.45832,0.92235,1.41229,0.92313,1.42282,0.94447,1.40798,0.97211,1.39057,0.98671,1.33319,0.98409,1.27378,0.95863,1.1864,0.90638,1.04106,0.85291,0.94781,0.81873,0.74536,0.80683,0.57824,0.81535,0.43,0.84258,0.27589,0.89244,0.11575,0.94717,0.01391,0.98002,-0.08739,0.9919,-0.18408,0.99689,-0.3072,0.97784,-0.43,0.9707,-0.50692,0.94897,-0.58845,0.92807,-0.68939,0.91966,-0.76963,0.90642,-0.86737,0.90826,-0.95357,0.90391,-1.02026,0.89389,-1.08889,0.86847,-1.17691,0.84001,-1.24366,0.81049,-1.29921,0.76824,-1.35253,6,11,5,15,14,10,7,1,9,8,2,13,3,12,4
0.35112,1.18475,0.3534,1.176,0.35791,1.19497,0.36533,1.19348,0.3808,1.22214,0.40635,1.26285,0.4549,1.33045,0.50311,1.40915,0.55119,1.46083,0.62646,1.48639,0.67061,1.49539,0.72558,1.45366,0.70024,1.41628,0.6844,1.36329,0.71531,1.30203,0.75277,1.29417,0.78902,1.24404,0.84463,1.22001,0.85523,1.15774,0.86324,1.06389,0.85089,0.94399,0.8127,0.79751,0.78477,0.65165,0.75235,0.48182,0.74166,0.33328,0.74023,0.18729,0.75672,0.08126,0.78404,-0.014,0.81542,-0.09908,0.84633,-0.19886,0.85802,-0.24706,0.85478,-0.29164,0.80869,-0.35323,0.77683,-0.43251,0.7615,-0.51674,0.7555,-0.56539,0.73182,-0.62164,0.72096,-0.70714,0.72312,-0.78001,0.71831,-0.87219,0.72676,-0.95464,0.73001,-1.03095,0.71295,-1.10093,0.69541,-1.17348,0.68232,-1.25535,6,11,5,15,14,10,7,1,9,8,2,13,3,12,4
0.29273,1.19708,0.29482,1.20075,0.31879,1.19497,0.30605,1.2183,0.31043,1.25958,0.35506,1.27545,0.31888,1.34332,0.37595,1.38283,0.41342,1.43377,0.44847,1.43109,0.51598,1.41211,0.54249,1.3571,0.5888,1.28073,0.6233,1.21387,0.64283,1.1504,0.65694,1.07974,0.6779,1.0355,0.6939,0.98742,0.69977,0.9344,0.69402,0.8218,0.69515,0.68553,0.67216,0.53768,0.65987,0.35541,0.64177,0.2182,0.6331,0.07209,0.64364,-0.08786,0.64946,-0.22688,0.66476,-0.35456,0.67272,-0.47017,0.67916,-0.54933,0.67948,-0.65637,0.66888,-0.77507,0.65015,-0.90569,0.65442,-1.0428,0.65295,-1.13311,0.65004,-1.15764,0.6473,-1.21368,0.65603,-1.29461,0.65832,-1.3808,0.66267,-1.47801,0.64317,-1.55872,0.62852,-1.61485,0.60404,-1.65895,0.57144,-1.70154,0.53631,-1.74127,6,11,5,15,14,10,7,3,9,8,1,13,2,12,4
0.53613,1.16002,0.53897,1.16365,0.55373,1.17018,0.56303,1.1811,0.57181,1.2097,0.60126,1.2503,0.65366,1.31764,0.71503,1.36969,0.77371,1.42027,0.82539,1.43109,0.87683,1.38434,0.83751,1.3571,0.83189,1.28073,0.85741,1.20032,0.89131,1.13665,0.94443,1.10833,0.97784,1.08017,1.00693,1.03391,1.03456,0.96631,1.03245,0.85408,1.01858,0.73397,0.97668,0.61891,0.92099,0.45416,0.87402,0.31705,0.82855,0.17006,0.81535,0.04161,0.82112,-0.06468,0.83824,-0.14375,0.85936,-0.24427,0.89085,-0.34227,0.93612,-0.4832,0.95314,-0.58792,0.95669,-0.73689,0.96047,-0.81952,0.95887,-0.90375,0.94725,-0.97861,0.93845,-0.99837,0.92498,-1.08096,0.90826,-1.16722,0.90391,-1.23567,0.88462,-1.30368,0.86847,-1.34942,0.84001,-1.38644,0.81049,-1.42494,0.75963,-1.46184,6,11,5,15,14,10,7,1,9,8,2,13,3,12,4
0.07852,1.02403,0.0897,1.02754,0.03487,1.07104,0.03916,1.06936,0.02898,1.08499,0.03704,1.11203,0.06782,1.1379,0.111,1.15907,0.16976,1.1362,0.20763,1.09923,0.217,1.06511,0.24742,0.98459,0.2647,0.87412,0.29764,0.76574,0.28044,0.65431,0.26305,0.52216,0.21136,0.37996,0.16067,0.22755,0.10196,0.05708,0.05346,-0.13049,0.00049,-0.31621,-0.03062,-0.55024,-0.0553,-0.76363,-0.07709,-0.96802,-0.0835,-1.16883,-0.08607,-1.33384,-0.08006,-1.49193,-0.07251,-1.61955,-0.0629,-1.72865,-0.05619,-1.80772,-0.04579,-1.88442,-0.05272,-1.96021,-0.04751,-2.04138,-0.02902,-2.08484,-0.01796,-2.10781,-0.01138,-2.0942,-0.01942,-2.08828,-0.02099,-2.09574,-0.01751,-2.12851,-0.01469,-2.15111,-0.00693,-2.13595,0.01017,-2.09257,0.00503,-2.03528,-0.02183,-2.00325,-0.03915,-1.9356,5,12,6,15,14,8,9,2,11,7,3,10,1,13,4
0.23428,1.03637,0.24599,1.02754,0.26003,1.00911,0.25664,0.98251,0.26017,0.97279,0.29353,0.9863,0.20384,1.04806,0.23816,1.1196,0.25451,1.1362,0.27048,1.15454,0.28917,1.00959,0.29834,0.88797,0.30518,0.73857,0.32816,0.61639,0.33221,0.51649,0.33758,0.40777,0.31134,0.29056,0.27658,0.16552,0.2335,0.02517,0.19849,-0.14667,0.16812,-0.30009,0.15679,-0.48528,0.14901,-0.66489,0.14412,-0.83621,0.17707,-1.00554,0.18222,-1.13964,0.22033,-1.26486,0.25277,-1.36005,0.28845,-1.43827,0.33378,-1.52097,0.37819,-1.60101,0.39558,-1.67956,0.42816,-1.7498,0.45043,-1.77224,0.46548,-1.79244,0.4967,-1.80498,0.49709,-1.83263,0.49838,-1.88209,0.51018,-1.94162,0.50494,-2.01648,0.50388,-2.02855,0.49006,-2.02624,0.47698,-1.98337,0.45631,-1.9278,0.41606,-1.8627,5,11,6,15,14,8,10,3,9,7,2,12,1,13,4
0.28296,1.11056,0.29482,1.11415,0.28939,1.12061,0.30605,1.13145,0.32051,1.15982,0.34482,1.17486,0.37118,1.21493,0.40773,1.22491,0.43462,1.23087,0.37517,1.22371,0.36135,1.23168,0.36955,1.23289,0.34571,1.15876,0.31795,1.03735,0.28044,0.84726,0.27368,0.6794,0.25581,0.5289,0.24182,0.35162,0.25742,0.16872,0.25892,-0.01753,0.26398,-0.18695,0.2739,-0.40412,0.27391,-0.61548,0.27682,-0.8197,0.2748,-1.00554,0.27881,-1.18816,0.30619,-1.36217,0.35036,-1.52224,0.38727,-1.6641,0.42295,-1.75996,0.43403,-1.83715,0.42836,-1.92902,0.41762,-2.02607,0.39943,-2.05507,0.39641,-2.09344,0.39124,-2.0942,0.38441,-2.12868,0.35924,-2.17586,0.34352,-2.2487,0.32864,-2.29919,0.30885,-2.31044,0.30551,-2.26511,0.28638,-2.17802,0.27036,-2.05354,0.23568,-1.98419,5,12,6,15,14,7,9,2,10,8,3,11,1,13,4
-0.2331,1.03637,-0.20334,1.05224,-0.16089,1.04626,-0.18813,1.0818,-0.16208,1.06005,-0.1784,1.12457,-0.15187,1.15077,-0.11155,1.19859,-0.08458,1.25793,-0.04365,1.27902,0.00049,1.2733,0.03382,1.24672,0.07225,1.1994,0.11442,1.18671,0.14582,1.19178,0.16722,1.16546,0.17805,1.16957,0.18386,1.15798,0.16173,1.14183,0.16225,1.06389,0.13221,0.97631,0.10992,0.86246,0.09226,0.7339,0.07774,0.61363,0.0794,0.49656,0.08563,0.38141,0.11307,0.29208,0.13349,0.22925,0.15671,0.1591,0.17779,0.08781,0.18852,0.03635,0.20973,-0.0421,0.21678,-0.10766,0.22603,-0.19432,0.23858,-0.27308,0.23785,-0.33127,0.24352,-0.39284,0.24795,-0.45346,0.25096,-0.51296,0.25438,-0.58949,0.24384,-0.61906,0.24091,-0.68589,0.22285,-0.7246,0.20838,-0.78381,0.18417,-0.84237,7,10,6,15,14,11,8,1,9,5,2,13,3,12,4
-0.00913,1.0611,-0.00796,1.05224,0.00551,1.05863,0.00952,1.05698,0.00887,1.09744,0.04733,1.11203,0.06782,1.17645,0.10042,1.25124,0.15913,1.29855,0.20763,1.33432,0.23763,1.34273,0.26778,1.31568,0.27481,1.30784,0.29764,1.34968,0.33221,1.34335,0.33758,1.33703,0.32248,1.33344,0.29977,1.34408,0.26935,1.30129,0.22268,1.28988,0.18013,1.20253,0.13335,1.07354,0.10364,0.93139,0.07774,0.76188,0.04679,0.6109,0.02128,0.47851,0.0058,0.37321,0.00339,0.29412,0.003,0.20754,-0.01161,0.11967,-0.02347,0.06784,-0.01988,-0.01091,-0.02636,-0.10766,-0.00861,-0.20917,-0.00811,-0.27308,-0.00177,-0.33127,-0.01,-0.37942,-0.01174,-0.42675,-0.00827,-0.47293,-0.01469,-0.5222,-0.02551,-0.56542,-0.02676,-0.59302,-0.04034,-0.64673,-0.04838,-0.68322,-0.05633,-0.72089,8,10,7,15,14,11,6,1,9,5,2,12,3,13,4
-0.19414,1.24654,-0.19354,1.2379,-0.19025,1.21975,-0.18813,1.23074,-0.19222,1.22214,-0.1784,1.22515,-0.16231,1.25342,-0.11155,1.27751,-0.06338,1.36616,-0.01226,1.38963,0.03141,1.38434,0.07448,1.34328,0.12289,1.28073,0.15515,1.21387,0.18725,1.16421,0.22045,1.15119,0.2225,1.10997,0.23019,1.08047,0.2335,0.99821,0.22268,0.90247,0.21605,0.76629,0.19191,0.63512,0.17173,0.48707,0.15515,0.35001,0.13368,0.21901,0.12858,0.09019,0.12377,-0.01606,0.12267,-0.09513,0.12373,-0.17973,0.11097,-0.23072,0.09928,-0.29426,0.10035,-0.36958,0.08993,-0.44531,0.09339,-0.492,0.10044,-0.53111,0.10365,-0.5792,0.09326,-0.62164,0.0903,-0.65372,0.08434,-0.6999,0.06883,-0.75105,0.05808,-0.78015,0.0471,-0.81861,0.02319,-0.84143,0.00476,-0.87179,-0.01339,-0.91526,5,10,7,15,14,11,8,2,9,6,1,12,3,13,4
0.2148,1.09817,0.21665,1.10174,0.22086,1.1082,0.22695,1.11901,0.24005,1.14732,0.26272,1.18741,0.29795,1.25342,0.35475,1.33017,0.39222,1.40672,0.43796,1.47254,0.47472,1.50924,0.51193,1.53645,0.53816,1.52473,0.57242,1.53981,0.6014,1.56386,0.63564,1.62299,0.64459,1.67612,0.65914,1.73175,0.66392,1.7639,0.64572,1.75797,0.61131,1.7034,0.56673,1.64188,0.53503,1.58962,0.49798,1.50327,0.47026,1.4109,0.43976,1.33617,0.43492,1.29762,0.41538,1.25093,0.42019,1.20784,0.41177,1.13914,0.41171,1.09118,0.39558,1.0339,0.38587,0.95126,0.36884,0.84773,0.37672,0.75889,0.3625,0.66039,0.31867,0.61633,0.28506,0.57464,0.25096,0.54183,0.21725,0.54131,0.19741,0.53534,0.18551,0.54823,0.16842,0.52116,0.12873,0.48597,0.10686,0.44522,6,9,5,15,14,7,3,1,8,2,12,11,13,10,4
-0.53496,1.5433,-0.5452,1.54727,-0.53288,1.54191,-0.52421,1.55339,-0.52398,1.58375,-0.51695,1.62743,-0.4971,1.70274,-0.47183,1.79088,-0.41304,1.88018,-0.35779,1.94266,-0.30882,1.98119,-0.26124,1.99175,-0.23164,1.97203,-0.19093,1.98793,-0.17513,2.01863,-0.18412,2.09478,-0.19959,2.18272,-0.22189,2.27451,-0.23284,2.33821,-0.24873,2.3552,-0.26305,2.33354,-0.28828,2.30765,-0.2937,2.28077,-0.30934,2.22815,-0.33318,2.14566,-0.34361,2.0643,-0.33752,2.02746,-0.3544,1.96455,-0.37032,1.90165,-0.40157,1.82411,-0.414,1.72091,-0.40255,1.61091,-0.39634,1.50373,-0.37583,1.35383,-0.35346,1.2176,-0.3469,1.07355,-0.40441,1.00655,-0.47544,0.96185,-0.51744,0.94236,-0.525,0.90479,-0.53627,0.85753,-0.562,0.84021,-0.57581,0.79367,-0.58851,0.73742,-0.59747,0.65171,3,10,6,15,14,5,7,1,11,4,12,9,13,8,2
-0.77841,1.32073,-0.78936,1.32451,-0.79722,1.34368,-0.79106,1.34242,-0.7954,1.37178,-0.8042,1.41372,-0.79002,1.47171,-0.76856,1.51447,-0.75207,1.48789,-0.77661,1.44488,-0.78305,1.28721,-0.82077,1.13634,-0.85963,0.96898,-0.90335,0.86084,-0.94128,0.77832,-0.99325,0.6794,-1.05491,0.54383,-1.1493,0.42913,-1.21322,0.29634,-1.27609,0.17618,-1.3051,0.00688,-1.31896,-0.19298,-1.31542,-0.35223,-1.30465,-0.53964,-1.29951,-0.66267,-1.29868,-0.75125,-1.31374,-0.84315,-1.34098,-0.93843,-1.35842,-1.03483,-1.3932,-1.10685,-1.40699,-1.17592,-1.37561,-1.21168,-1.32654,-1.27404,-1.28372,-1.28099,-1.25132,-1.27645,-1.19045,-1.28158,-1.16503,-1.24059,-1.14317,-1.2412,-1.1377,-1.23395,-1.15597,-1.20874,-1.15847,-1.16944,-1.15263,-1.09728,-1.1385,-1.03607,-1.11092,-1.01006,-1.08705,-0.97597,4,9,7,14,15,8,10,5,11,6,2,12,1,13,3
-0.81733,1.48145,-0.81865,1.48536,-0.81675,1.49234,-0.82069,1.50375,-0.81551,1.52142,-0.81444,1.56459,-0.80046,1.63858,-0.76856,1.72509,-0.73087,1.81257,-0.67187,1.88735,-0.61808,1.92567,-0.56641,1.93656,-0.52537,1.91781,-0.49623,1.92,-0.4857,1.93594,-0.49285,1.99467,-0.5217,2.04859,-0.54649,2.11943,-0.59149,2.13085,-0.63547,2.09693,-0.6463,2.01037,-0.65136,1.91791,-0.66834,1.83645,-0.6632,1.70092,-0.66981,1.57419,-0.67626,1.44942,-0.68079,1.36249,-0.69049,1.28336,-0.74358,1.24011,-0.78037,1.13914,-0.82679,1.09118,-0.82897,1.01834,-0.82972,0.93588,-0.81451,0.84773,-0.79747,0.78756,-0.79744,0.72923,-0.78004,0.7105,-0.77219,0.66814,-0.77666,0.63527,-0.76625,0.59516,-0.75915,0.56219,-0.75581,0.50845,-0.7392,0.4433,-0.73019,0.36024,-0.71772,0.27515,4,8,7,15,14,5,6,1,10,3,12,11,13,9,2
-0.84658,1.32073,-0.85773,1.32451,-0.85592,1.33126,-0.87016,1.34242,-0.86577,1.37178,-0.86573,1.41372,-0.85276,1.48452,-0.82154,1.56712,-0.77327,1.63673,-0.71376,1.70763,-0.65934,1.74525,-0.60712,1.75722,-0.5659,1.74161,-0.53696,1.74348,-0.52713,1.77056,-0.54614,1.80883,-0.59946,1.85492,-0.67403,1.90231,-0.74695,1.90751,-0.80468,1.87093,-0.84996,1.78416,-0.83877,1.70683,-0.79323,1.62254,-0.80699,1.50327,-0.81093,1.37824,-0.88014,1.31995,-0.90608,1.26518,-0.95068,1.2023,-0.9851,1.14336,-1.01435,1.05952,-1.03879,0.99671,-1.02573,0.90913,-1.02001,0.84379,-0.98791,0.74355,-0.97504,0.67295,-0.96039,0.57775,-0.96782,0.5221,-0.98551,0.49452,-1.01737,0.51513,-1.04463,0.48745,-1.06561,0.44139,-1.08803,0.41557,-1.09313,0.37843,-1.0932,0.2974,-1.08705,0.20226,4,8,7,14,15,5,6,1,10,2,12,11,13,9,3
-0.46679,1.48145,-0.46703,1.49777,-0.47417,1.49234,-0.4748,1.50375,-0.46364,1.53387,-0.44513,1.57714,-0.42387,1.65139,-0.38708,1.73823,-0.33887,1.82607,-0.29494,1.8735,-0.24694,1.87014,-0.20018,1.81241,-0.181,1.70092,-0.2113,1.59413,-0.26833,1.46742,-0.31187,1.35136,-0.41063,1.27384,-0.5233,1.189,-0.6274,1.07801,-0.70802,0.93476,-0.77807,0.84704,-0.83877,0.66759,-0.86132,0.5035,-0.87332,0.25115,-0.88693,-0.00959,-0.91232,-0.26583,-0.9383,-0.48639,-0.9832,-0.69511,-1.02903,-0.87354,-1.07005,-1.02717,-1.08343,-1.12872,-1.08039,-1.2897,-1.05171,-1.39683,-1.02868,-1.44472,-1.00468,-1.4341,-0.9987,-1.40557,-0.99603,-1.33476,-0.99481,-1.25458,-0.99885,-1.22063,-0.99824,-1.16838,-1.0006,-1.14259,-0.98655,-1.08404,-0.96606,-1.04902,-0.94269,-1.02266,-0.94961,-0.92738,5,11,7,14,15,9,8,3,10,6,2,12,1,13,4
0.64326,-0.86766,0.63669,-0.86581,0.64184,-0.86203,0.652,-0.8667,0.67238,-0.83526,0.70389,-0.82406,0.73733,-0.82626,0.79984,-0.80223,0.87965,-0.79823,0.88824,-0.7811,0.87683,-0.78089,0.91888,-0.74008,0.9636,-0.73889,0.95918,-0.728,1.00522,-0.72376,1.06151,-0.76458,1.04445,-0.79713,1.04169,-0.85789,1.09433,-0.86814,1.105,-0.88914,1.04248,-0.93016,0.98837,-0.97239,0.98913,-1.01046,0.94034,-1.05037,0.86111,-1.10351,0.869,-1.09106,0.90692,-1.08641,0.89244,-1.06811,0.87031,-1.051,0.92432,-1.01127,0.92493,-1.00276,0.8766,-0.97778,0.85099,-0.93639,0.88906,-0.86415,0.87006,-0.83211,0.81304,-0.81332,0.8445,-0.74272,0.86936,-0.72046,0.83421,-0.68651,0.8204,-0.67027,0.86604,-0.61906,0.85001,-0.56647,0.78558,-0.55592,0.78394,-0.50721,0.75963,-0.5144,3,5,11,9,4,7,6,14,1,8,15,12,13,10,2
0.9062,-0.89239,0.8711,-0.91531,0.84742,-0.93639,0.87929,-0.92873,0.93377,-0.8602,0.95009,-0.83661,0.94659,-0.83907,0.99056,-0.78904,1.0704,-0.75767,1.07668,-0.7673,1.083,-0.73927,1.16308,-0.68489,1.20669,-0.65756,1.18307,-0.67368,1.25369,-0.65488,1.30639,-0.67879,1.28886,-0.76733,1.3199,-0.79593,1.4052,-0.7565,1.40713,-0.77618,1.32999,-0.8494,1.2812,-0.89123,1.30701,-0.89529,1.22788,-0.95151,1.14341,-1.0219,1.15871,-0.97781,1.18585,-0.95672,1.15264,-0.97087,1.15576,-0.93809,1.24741,-0.85197,1.24849,-0.81382,1.18274,-0.83745,1.17868,-0.78297,1.20528,-0.71534,1.17592,-0.68876,1.12938,-0.68939,1.15439,-0.60815,1.15685,-0.57361,1.11196,-0.57975,1.10803,-0.54913,1.15393,-0.47142,1.11762,-0.4603,1.03967,-0.47805,1.02299,-0.44437,1.02589,-0.39292,3,4,11,10,6,7,5,14,1,8,15,12,13,9,2
0.46797,-0.45965,0.45111,-0.45744,0.4852,-0.44074,0.50371,-0.4447,0.50144,-0.43626,0.53974,-0.39659,0.6118,-0.36407,0.64085,-0.32833,0.67834,-0.2977,0.7521,-0.26952,0.80466,-0.23956,0.807,-0.22958,0.86232,-0.21026,0.91845,-0.21194,0.91202,-0.21386,0.93375,-0.22127,0.98892,-0.21605,1.0185,-0.20661,1.03456,-0.21409,1.0687,-0.22734,1.04248,-0.25158,0.96493,-0.29041,0.95503,-0.31931,0.94034,-0.35844,0.88284,-0.40141,0.87971,-0.3953,0.90692,-0.37282,0.90326,-0.38699,0.88132,-0.37336,0.93544,-0.31041,0.94725,-0.29426,0.90944,-0.29164,0.90384,-0.26114,0.89929,-0.23895,0.86016,-0.24441,0.84179,-0.20733,0.87271,-0.16411,0.86936,-0.14637,0.84345,-0.11243,0.85753,-0.05102,0.87536,-0.02844,0.83154,-0.00912,0.80369,0.0021,0.79278,0.0208,0.77682,0.02006,6,2,10,11,9,8,3,13,1,5,15,12,14,7,4
-0.07729,-0.34839,-0.07634,-0.34608,-0.07278,-0.32918,-0.06953,-0.32058,-0.07159,-0.28662,-0.0553,-0.25832,-0.01585,-0.22288,0.01561,-0.18355,0.07439,-0.14892,0.13433,-0.10359,0.18609,-0.0869,0.22712,-0.07777,0.24444,-0.06112,0.27728,-0.06258,0.30116,-0.00716,0.33758,0.00744,0.37801,0.03722,0.39249,-0.03606,0.34112,-0.05456,0.2831,-0.03364,0.26398,-0.05768,0.26221,-0.07934,0.26258,-0.20407,0.21044,-0.29253,0.15541,-0.3198,0.12858,-0.28198,0.12377,-0.24306,0.13349,-0.20862,0.1457,-0.2281,0.12209,-0.37413,0.05464,-0.24706,0.04569,-0.22925,0.04764,-0.15373,0.08321,-0.11985,0.11028,-0.23011,0.05572,-0.09714,0.04631,-0.06994,0.0903,-0.07957,0.10282,-0.01893,0.12448,0.01633,0.14167,-0.08213,0.12091,-0.06221,0.05041,0.11888,0.06675,0.04594,0.07249,0.10513,5,2,9,12,10,8,4,14,1,3,15,11,13,7,6
0.76987,-0.85532,0.77343,-0.85346,0.77889,-0.86203,0.79038,-0.84187,0.81313,-0.83526,0.84752,-0.81146,0.89429,-0.77491,0.95878,-0.74957,0.99622,-0.73061,1.03483,-0.72579,1.06243,-0.68375,1.09187,-0.65729,1.12568,-0.64397,1.16276,-0.61935,1.20193,-0.62732,1.23186,-0.66446,1.28886,-0.69279,1.35467,-0.71835,1.28565,-0.88406,1.23791,-0.87303,1.28206,-0.8656,1.30458,-0.9075,1.29562,-0.99404,1.19471,-1.11627,1.09996,-1.15246,1.1373,-1.09106,1.20731,-1.08641,1.26104,-1.05193,1.21065,-1.09938,1.15824,-1.10685,1.21503,-0.97127,1.31393,-0.93096,1.31612,-0.90569,1.22569,-0.95347,1.14634,-0.91812,1.15812,-0.79952,1.19197,-0.74272,1.20322,-0.69376,1.15825,-0.68651,1.09877,-0.72412,1.1075,-0.64591,1.18223,-0.55317,1.20305,-0.52996,1.16467,-0.53235,1.06026,-0.59941,3,4,11,10,5,7,6,14,1,8,15,13,12,9,2
0.84775,-0.42258,0.85155,-0.43269,0.82783,-0.41595,0.70141,-0.43232,0.62212,-0.42377,0.75518,-0.38404,0.86286,-0.35126,0.78921,-0.36785,0.66771,-0.33832,0.7626,-0.33868,1.00055,-0.309,1.08166,-0.27094,0.94333,-0.29159,0.87777,-0.29342,1.06731,-0.2828,1.27447,-0.27846,1.24442,-0.33525,1.07645,-0.34622,1.07041,-0.3258,1.27422,-0.3242,1.32999,-0.33241,1.11723,-0.40412,0.88695,-0.45097,0.97356,-0.49025,1.15429,-0.51575,1.09435,-0.54091,0.88545,-0.55127,0.87075,-0.533,1.12284,-0.47017,1.24741,-0.42189,1.07001,-0.42022,0.86569,-0.38521,0.91444,-0.35323,1.08287,-0.32827,1.07727,-0.30175,0.91846,-0.30372,0.8445,-0.27176,0.98064,-0.23981,1.10268,-0.17916,1.05238,-0.15872,0.89389,-0.14929,0.89614,-0.10199,1.03061,-0.07576,1.06726,-0.05464,0.92282,-0.07712,5,2,9,11,10,8,3,14,1,6,15,12,13,7,4
0.44854,0.33165,0.45111,0.33455,0.45585,0.33997,0.46421,0.34959,0.48137,0.37427,0.50897,0.40801,0.54906,0.44467,0.5985,0.50092,0.64657,0.56807,0.6788,0.61537,0.70157,0.59323,0.74594,0.57065,0.80152,0.53526,0.82689,0.54851,0.83955,0.57162,0.8486,0.59361,0.88894,0.6779,0.90259,0.72382,0.93893,0.72704,0.95997,0.74112,0.95863,0.68553,0.9415,0.55395,0.93238,0.47058,0.89615,0.44886,0.85028,0.44761,0.83682,0.49473,0.83182,0.5354,0.85993,0.55362,0.89228,0.56246,0.92432,0.502,0.96958,0.46144,0.93132,0.4257,0.92499,0.42943,0.95029,0.47558,0.8898,0.51523,0.88971,0.6053,0.89145,0.62976,0.89717,0.64143,0.89902,0.62195,0.93174,0.59516,0.96821,0.60243,0.96075,0.61462,0.93076,0.65094,0.88135,0.68713,0.8627,0.7246,8,4,6,15,13,10,2,5,1,3,11,12,14,9,7
0.71142,-0.11348,0.71481,-0.11097,0.72013,-0.11853,0.73105,-0.09723,0.75279,-0.07465,0.78594,-0.03201,0.81056,-0.09449,0.84219,-0.14409,0.81605,-0.12186,0.78349,0.04848,0.82529,-0.03138,0.93923,-0.1192,0.95344,-0.02048,1.03042,0.18187,1.05698,0.04797,1.17864,-0.06402,1.16666,-0.08192,1.13441,0.11903,1.11826,0.1528,1.04458,-0.04981,1.12632,-0.13851,0.98837,-0.17677,0.96642,0.04275,0.90718,-0.06186,0.89367,-0.27078,0.92265,-0.31435,0.90692,-0.11338,0.90326,-0.07887,0.90329,-0.19583,0.94655,-0.23072,0.92493,-0.08961,0.93132,0.00465,0.90384,-0.16905,0.9707,-0.19432,0.91938,-0.10107,0.93763,0.09569,0.91966,0.03772,0.89717,-0.02616,0.90826,0.04781,0.93174,0.21825,0.91247,0.1863,0.92382,0.09705,0.89449,0.14483,0.89902,0.2974,0.85413,0.26302,6,2,7,14,10,9,3,11,1,4,13,12,15,8,5
0.53613,-0.13821,0.53897,-0.13572,0.55373,-0.13095,0.55312,-0.13444,0.57181,-0.11204,0.61155,-0.0823,0.65366,-0.04314,0.68326,-0.0651,0.71011,-0.06775,0.74165,0.00697,0.77375,0.10743,0.81715,0.08774,0.83189,-0.02048,0.87777,0.00529,0.93274,0.14441,0.95505,0.03603,0.97784,-0.00745,1.0185,0.04145,1.04655,0.1847,1.03245,0.07932,0.99461,-0.02543,0.97668,-0.07934,0.95503,0.02626,0.91822,0.02048,0.86111,-0.14022,0.869,-0.13637,0.90692,0.03263,0.91413,0.01844,0.89228,-0.09908,0.91314,-0.08739,0.93612,0.06784,0.93132,0.11385,0.89329,-0.03095,0.89929,-0.03059,0.8898,-0.00076,0.90889,0.15079,0.89145,0.17228,0.86936,0.0539,0.87126,0.08784,0.90391,0.25861,0.9032,0.30715,0.88689,0.20323,0.89449,0.18379,0.85476,0.19682,0.83694,0.31162,6,2,8,14,10,9,3,11,1,4,13,12,15,7,5
0.56538,-0.29893,0.54877,-0.29658,0.54391,-0.29203,0.5334,-0.27099,0.55175,-0.23674,0.56026,-0.20803,0.6118,-0.18439,0.64085,-0.26253,0.68891,-0.21653,0.7626,-0.076,0.80466,-0.04529,0.82736,-0.16056,0.86232,-0.14245,0.91845,0.0189,0.94307,-0.06229,0.95505,-0.19267,0.97784,-0.15645,1.05326,0.01044,1.07041,-0.13436,1.11706,-0.22734,1.06644,-0.20314,1.04692,-0.06313,0.97774,-0.20407,0.89615,-0.35844,0.85028,-0.3361,0.83682,-0.2011,0.83182,-0.24306,0.81655,-0.35456,0.83739,-0.32492,0.91314,-0.11925,0.92493,-0.0739,0.90944,-0.21362,0.94614,-0.23044,0.91965,-0.1794,0.91938,-0.02942,0.88971,-0.15224,0.88208,-0.15068,0.89717,-0.06625,0.91754,0.08784,0.90391,0.01633,0.89389,-0.01504,0.87768,0.03072,0.88539,0.17079,0.84592,0.14653,0.78543,0.04436,6,2,8,11,10,9,3,12,1,5,15,13,14,7,4
0.44854,-0.23713,0.45111,-0.22233,0.45585,-0.23009,0.46421,-0.20891,0.48137,-0.19936,0.50897,-0.15774,0.54906,-0.13303,0.5985,-0.07824,0.64657,-0.04069,0.6893,-0.02069,0.7222,0.02414,0.75614,0.04638,0.79141,0.04727,0.82689,0.03245,0.86026,0.03416,0.8912,0.00744,0.91117,-0.11172,0.91415,-0.14458,0.95086,-0.07055,0.95997,-0.00142,0.94668,-0.00924,0.89469,-0.17677,0.84152,-0.22057,0.81873,-0.14428,0.77427,-0.18917,0.72947,-0.36293,0.71385,-0.42151,0.75147,-0.2735,0.79346,-0.17973,0.81286,-0.24669,0.80218,-0.32575,0.80007,-0.3072,0.82984,-0.12304,0.82788,-0.09007,0.79109,-0.21575,0.76507,-0.23488,0.77877,-0.13719,0.79513,-0.01284,0.76941,-0.03231,0.75544,-0.11831,0.76387,-0.06874,0.79461,0.11035,0.78558,0.14483,0.73079,-0.00435,0.71669,-0.02853,6,2,8,13,10,9,3,11,1,4,15,12,14,7,5
0.49722,-0.08875,0.49014,-0.09857,0.50479,-0.09375,0.51362,-0.08479,0.53163,-0.06216,0.56026,-0.03201,0.60136,0.00822,0.65148,0.0534,0.68891,0.08104,0.65785,-0.04834,0.66032,-0.00362,0.66457,0.10157,0.66987,0.1286,0.65382,-0.03542,0.70492,-0.07604,0.73147,-0.04969,0.8001,0.14155,0.82144,0.11903,0.83131,-0.10245,0.87536,-0.13049,0.85089,-0.00924,0.84782,0.00182,0.76205,-0.23699,0.78551,-0.32548,0.74166,-0.3198,0.78317,-0.13637,0.76748,-0.22688,0.79485,-0.35456,0.81542,-0.30881,0.86856,-0.07149,0.88028,-0.01092,0.81103,-0.19806,0.82984,-0.23044,0.79724,-0.20917,0.83057,-0.00076,0.82261,-0.0145,0.77877,-0.16411,0.81369,-0.13298,0.81569,-0.05902,0.87609,0.12397,0.89389,0.15945,0.86847,0.03072,0.84911,0.02806,0.78394,0.0334,0.74244,0.00794,6,2,7,15,10,9,3,11,1,4,12,14,13,8,5
-0.91474,-0.2124,-0.91636,-0.19757,-0.91468,-0.19289,-0.91957,-0.18408,-0.92611,-0.14948,-0.9273,-0.13259,-0.91555,-0.09449,-0.89573,-0.05191,-0.84744,-0.01363,-0.78706,0.02083,-0.72122,0.0519,-0.67834,0.06015,-0.6267,0.08796,-0.60821,0.10039,-0.58928,0.08928,-0.57806,0.06463,-0.62168,0.02235,-0.6856,0.04145,-0.77087,0.05708,-0.82887,-0.16278,-0.826,-0.26777,-0.80365,0.13174,-0.80456,-0.00665,-0.78486,-0.07838,-0.81093,-0.0912,-0.8265,-0.05549,-0.78811,-0.01606,-0.82059,0.06706,-0.86437,-0.05064,-0.90295,-0.07149,-0.96068,-0.0739,-1.00385,-0.0421,-0.99886,0.04576,-0.86551,-0.34319,-0.85665,-0.02942,-0.85493,0.09569,-0.78941,0.06463,-0.79075,0.12069,-0.83219,0.19466,-0.84051,0.32595,-0.76841,0.03866,-0.87576,0.32264,-0.82994,0.15784,-0.81872,0.18427,-0.82079,0.20226,4,1,10,9,12,8,5,13,2,3,15,11,14,7,6
-0.35971,-0.26186,-0.34983,-0.27183,-0.34688,-0.27966,-0.3562,-0.25855,-0.31286,-0.324,-0.29121,-0.32115,-0.37157,-0.21001,-0.38708,-0.40731,-0.25407,-0.23009,-0.30544,-0.1451,-0.35002,-0.40613,-0.23069,-0.22958,-0.28228,-0.23737,-0.35379,-0.36135,-0.3097,-0.35168,-0.39708,-0.33565,-0.49953,-0.63319,-0.46534,-0.37724,-0.56763,-0.38961,-0.62341,-0.5663,-0.63434,-0.54243,-0.65136,-0.6152,-0.77052,-0.58256,-0.77377,-0.6385,-0.68064,-0.77694,-0.79432,-0.68652,-0.78811,-0.94047,-0.75551,-0.75999,-0.79847,-0.67991,-0.82495,-0.82011,-0.84912,-0.54618,-0.71959,-0.61911,-0.73463,-0.5374,-0.68187,-0.81952,-0.60011,-0.51674,-0.6057,-0.46901,-0.62041,-0.32559,-0.60528,-0.35996,-0.58225,-0.32602,-0.62709,-0.32023,-0.64771,-0.20298,-0.64507,-0.16838,-0.65751,-0.42614,-0.65049,-0.14262,-0.62322,-0.14996,3,2,10,7,12,8,6,15,1,4,14,11,13,9,5
-0.44731,-0.54623,-0.45729,-0.53169,-0.44477,-0.53988,-0.44511,-0.54399,-0.45361,-0.51108,-0.43484,-0.49717,-0.41337,-0.45397,-0.37645,-0.43364,-0.31767,-0.44654,-0.26354,-0.4493,-0.20574,-0.43389,-0.15952,-0.40892,-0.15062,-0.37292,-0.15021,-0.26626,-0.12337,-0.50325,-0.09897,-0.34998,-0.13297,-0.26072,-0.11755,-0.3617,-0.13715,-0.38961,-0.16412,-0.38877,-0.20317,-0.34853,-0.30003,-0.77759,-0.25966,-0.38514,-0.18767,-0.55615,-0.17033,-0.58106,-0.19337,-0.60564,-0.23025,-0.63233,-0.2785,-0.51674,-0.30442,-0.76055,-0.32358,-0.53343,-0.26892,-0.54618,-0.2276,-0.52554,-0.2378,-0.49133,-0.24324,-0.44737,-0.23507,-0.41643,-0.21269,-0.31752,-0.15089,-0.3525,-0.12302,-0.31993,-0.13788,-0.28599,-0.16316,-0.25294,-0.19264,-0.16268,-0.22978,-0.39397,-0.22183,-0.32231,-0.1989,-0.00435,-0.1594,-0.08924,4,2,11,9,7,8,6,14,1,3,15,12,13,10,5
-0.2623,-0.16294,-0.26191,-0.16047,-0.26859,-0.14332,-0.22768,-0.22134,-0.20226,-0.2243,-0.18864,-0.18288,-0.1728,-0.15871,-0.16453,-0.15722,-0.1799,-0.0813,-0.19025,-0.31103,-0.14385,-0.0869,-0.0781,-0.064,-0.01892,-0.06112,0.01265,-0.04897,0.00087,-0.00716,-0.04574,-0.27846,-0.02185,0.02235,0.04476,-0.03606,0.0661,-0.02265,0.05346,-0.04981,0.00049,-0.10619,-0.08918,-0.11182,-0.16887,-0.50031,-0.16554,-0.40783,-0.14861,-0.22183,-0.12896,-0.28198,-0.12293,-0.2755,-0.15922,-0.2735,-0.2056,-0.27654,-0.22329,-0.18297,-0.25779,-0.31004,-0.23857,-0.08886,-0.1955,-0.15373,-0.15142,-0.13477,-0.1561,-0.12974,-0.15515,-0.13843,-0.14147,-0.08337,-0.15083,-0.17307,-0.14712,-0.04564,-0.10746,0.01633,-0.09047,0.06551,-0.09132,0.08381,-0.12203,0.07997,-0.1458,0.10884,-0.20234,-0.08924,5,2,9,12,11,7,4,14,1,3,15,10,13,8,6
-0.19414,-0.41019,-0.20334,-0.40794,-0.19025,-0.41595,-0.19805,-0.39505,-0.19222,-0.37389,-0.18864,-0.3463,-0.16231,-0.31272,-0.12212,-0.28886,-0.08458,-0.24359,-0.03321,-0.22806,0.01078,-0.2118,0.07448,-0.21575,0.11273,-0.22378,0.17546,-0.21194,0.19758,-0.20011,0.18852,-0.207,0.12252,-0.14152,0.05632,-0.48576,0.04218,-0.48526,0.02928,-0.16278,0.07233,-0.26777,0.02793,-0.32289,-0.06668,-0.2699,-0.13238,-0.72084,-0.14861,-0.71162,-0.09678,-0.2982,-0.01566,-0.37282,-0.00743,-0.35456,-0.05189,-0.35719,-0.18988,-0.46971,-0.19081,-0.64066,-0.2276,-0.60348,-0.1532,-0.21513,-0.1106,-0.23895,-0.10677,-0.23011,-0.13597,-0.20733,-0.17905,-0.17759,-0.22501,-0.2799,-0.22117,-0.03231,-0.18172,-0.07794,-0.18338,-0.02844,-0.22052,-0.00912,-0.2491,0.01505,-0.26976,0.07109,-0.30541,-0.24714,5,2,11,10,8,7,4,14,1,3,15,12,13,9,6
0.02007,-0.20001,0.01158,-0.19757,0.01533,-0.18052,-0.02012,-0.14687,-0.06151,-0.38638,-0.04501,-0.3589,0.02596,-0.06881,0.1322,-0.05191,0.19091,-0.04069,0.20763,-0.02069,0.20666,-0.00362,0.16605,0.03255,0.15326,-0.21026,0.23655,0.10039,0.30116,0.00659,0.3056,-0.0211,0.27803,-0.05212,0.21862,-0.02051,0.11395,-0.27791,0.12594,-0.34037,0.12025,-0.25158,0.16848,0.0181,0.21715,-0.12182,0.21044,-0.16072,0.18796,-0.20547,0.16075,-0.2011,0.10231,-0.09712,0.12267,-0.06269,0.16766,-0.09908,0.2112,-0.10335,0.21085,-0.0739,0.18785,-0.0733,0.11103,-0.00025,0.09339,-0.32827,0.10044,-0.27308,0.15157,0.06814,0.17778,0.0108,0.16447,0.02725,0.12134,0.04781,0.0874,0.05669,0.05808,0.11921,0.02863,0.16344,-0.01312,-0.02385,0.00476,0.27226,0.03816,0.16584,5,2,9,12,10,7,3,13,1,4,15,11,14,8,6
-0.84658,0.41818,-0.84799,0.42116,-0.83634,0.42669,-0.84047,0.43645,-0.84566,0.46154,-0.8452,0.48339,-0.82139,0.53452,-0.80034,0.59304,-0.75207,0.64918,-0.68237,0.69827,-0.62842,0.73198,-0.57662,0.74999,-0.52537,0.75209,-0.50644,0.75219,-0.49609,0.76457,-0.50353,0.80805,-0.53284,0.8269,-0.56968,0.86336,-0.67518,1.0142,-0.70802,1.09618,-0.71819,1.07326,-0.70991,0.94363,-0.64562,0.78324,-0.6632,0.76188,-0.72409,0.74146,-0.75138,0.70507,-0.74518,0.66516,-0.723,0.63468,-0.75454,0.64318,-0.74696,0.6772,-0.71523,0.72907,-0.75243,0.8,-0.75572,0.82848,-0.75328,0.78818,-0.67907,0.68725,-0.72072,0.63284,-0.70493,0.65667,-0.63309,0.70817,-0.67481,0.82221,-0.68278,0.90479,-0.68487,0.91117,-0.66353,0.85351,-0.71193,0.81963,-0.65933,0.81286,-0.66616,0.8582,3,2,9,13,14,7,4,10,6,1,12,11,15,8,5
-0.76865,0.36872,-0.76007,0.37166,-0.75804,0.36475,-0.75156,0.37442,-0.76525,0.39921,-0.75291,0.43316,-0.73772,0.48322,-0.70501,0.54044,-0.65675,0.59512,-0.59862,0.64302,-0.53562,0.6626,-0.49525,0.68103,-0.45451,0.68435,-0.42504,0.69787,-0.42361,0.70944,-0.46093,0.73659,-0.56615,0.75243,-0.62764,0.73929,-0.68718,0.69514,-0.74426,0.66037,-0.80203,0.8148,-0.80365,0.76503,-0.79323,0.58582,-0.81803,0.56416,-0.8761,0.57824,-0.92308,0.51088,-0.9383,0.40565,-0.9615,0.37518,-0.96313,0.41727,-0.93636,0.47014,-0.96068,0.60311,-0.91641,0.67523,-0.88256,0.6443,-0.76346,0.50535,-0.7284,0.48656,-0.68237,0.4951,-0.6392,0.54902,-0.67021,0.66814,-0.66557,0.71539,-0.68278,0.68943,-0.68487,0.62928,-0.66353,0.64116,-0.65751,0.70285,-0.69476,0.78771,-0.65759,0.79748,4,2,9,13,15,7,5,10,3,1,12,11,14,8,6
-0.96342,0.45525,-0.96519,0.47066,-0.96362,0.46384,-0.96899,0.47366,-0.97637,0.51142,-0.97859,0.53368,-0.96785,0.58587,-0.93813,0.6457,-0.88984,0.70329,-0.82896,0.75358,-0.77276,0.7875,-0.71905,0.79141,-0.61654,0.69793,-0.58784,0.60284,-0.62033,0.613,-0.68451,0.66513,-0.74388,0.66303,-0.78994,0.58421,-0.83065,0.6154,-0.98602,0.75723,-0.93374,0.65321,-0.92076,0.47272,-0.91807,0.5035,-0.88441,0.4653,-0.91949,0.36593,-0.93379,0.36527,-0.97047,0.35695,-0.9615,0.359,-1.00707,0.49792,-0.95865,0.47014,-0.983,0.41417,-0.97107,0.44133,-0.91432,0.44481,-0.85527,0.43088,-0.78758,0.51523,-0.7399,0.4813,-0.75188,0.45485,-0.74438,0.5079,-0.73962,0.54183,-0.72917,0.58173,-0.74057,0.70983,-0.70041,0.72079,-0.71193,0.65094,-0.73903,0.64939,-0.71772,0.62741,3,2,9,13,15,7,6,10,4,1,12,11,14,8,5
-0.84658,0.41818,-0.84799,0.42116,-0.83634,0.42669,-0.84047,0.43645,-0.84566,0.46154,-0.8452,0.48339,-0.82139,0.53452,-0.80034,0.59304,-0.75207,0.64918,-0.68237,0.69827,-0.62842,0.73198,-0.57662,0.74999,-0.52537,0.75209,-0.50644,0.75219,-0.49609,0.76457,-0.50353,0.80805,-0.53284,0.8269,-0.56968,0.86336,-0.67518,1.0142,-0.70802,1.09618,-0.71819,1.07326,-0.70991,0.94363,-0.64562,0.78324,-0.6632,0.76188,-0.72409,0.74146,-0.75138,0.70507,-0.74518,0.66516,-0.723,0.63468,-0.75454,0.64318,-0.74696,0.6772,-0.71523,0.72907,-0.75243,0.8,-0.75572,0.82848,-0.75328,0.78818,-0.67907,0.68725,-0.72072,0.63284,-0.70493,0.65667,-0.63309,0.70817,-0.67481,0.82221,-0.68278,0.90479,-0.68487,0.91117,-0.66353,0.85351,-0.71193,0.81963,-0.65933,0.81286,-0.66616,0.8582,3,2,9,13,14,7,4,10,6,1,12,11,15,8,5
-0.76865,0.36872,-0.76007,0.37166,-0.75804,0.36475,-0.75156,0.37442,-0.76525,0.39921,-0.75291,0.43316,-0.73772,0.48322,-0.70501,0.54044,-0.65675,0.59512,-0.59862,0.64302,-0.53562,0.6626,-0.49525,0.68103,-0.45451,0.68435,-0.42504,0.69787,-0.42361,0.70944,-0.46093,0.73659,-0.56615,0.75243,-0.62764,0.73929,-0.68718,0.69514,-0.74426,0.66037,-0.80203,0.8148,-0.80365,0.76503,-0.79323,0.58582,-0.81803,0.56416,-0.8761,0.57824,-0.92308,0.51088,-0.9383,0.40565,-0.9615,0.37518,-0.96313,0.41727,-0.93636,0.47014,-0.96068,0.60311,-0.91641,0.67523,-0.88256,0.6443,-0.76346,0.50535,-0.7284,0.48656,-0.68237,0.4951,-0.6392,0.54902,-0.67021,0.66814,-0.66557,0.71539,-0.68278,0.68943,-0.68487,0.62928,-0.66353,0.64116,-0.65751,0.70285,-0.69476,0.78771,-0.65759,0.79748,4,2,9,13,15,7,5,10,3,1,12,11,14,8,6
-0.96342,0.45525,-0.96519,0.47066,-0.96362,0.46384,-0.96899,0.47366,-0.97637,0.51142,-0.97859,0.53368,-0.96785,0.58587,-0.93813,0.6457,-0.88984,0.70329,-0.82896,0.75358,-0.77276,0.7875,-0.71905,0.79141,-0.61654,0.69793,-0.58784,0.60284,-0.62033,0.613,-0.68451,0.66513,-0.74388,0.66303,-0.78994,0.58421,-0.83065,0.6154,-0.98602,0.75723,-0.93374,0.65321,-0.92076,0.47272,-0.91807,0.5035,-0.88441,0.4653,-0.91949,0.36593,-0.93379,0.36527,-0.97047,0.35695,-0.9615,0.359,-1.00707,0.49792,-0.95865,0.47014,-0.983,0.41417,-0.97107,0.44133,-0.91432,0.44481,-0.85527,0.43088,-0.78758,0.51523,-0.7399,0.4813,-0.75188,0.45485,-0.74438,0.5079,-0.73962,0.54183,-0.72917,0.58173,-0.74057,0.70983,-0.70041,0.72079,-0.71193,0.65094,-0.73903,0.64939,-0.71772,0.62741,3,2,9,13,15,7,6,10,4,1,12,11,14,8,5
1.03276,0.17088,1.02739,0.18605,1.05295,0.16647,1.06708,0.18821,1.09458,0.21213,1.12448,0.24454,1.17672,0.2778,1.21311,0.31663,1.17634,0.33805,1.11858,0.32497,1.02117,0.26009,0.94943,0.11534,0.89269,-0.04759,0.85741,-0.18478,0.83955,-0.31036,0.8486,-0.4071,0.84455,-0.45439,0.8562,-0.4392,0.83131,-0.38961,0.75445,-0.29191,0.62332,-0.15463,0.473,0.00182,0.34205,0.17441,0.24366,0.30054,0.17707,0.39859,0.12858,0.51088,0.10231,0.61647,0.09016,0.68337,0.07985,0.7561,0.07751,0.77278,0.0435,0.76056,-0.00897,0.67523,-0.13205,0.52152,-0.25342,0.31185,-0.36331,0.11392,-0.45231,-0.05579,-0.5171,-0.19102,-0.56817,-0.2799,-0.61001,-0.3394,-0.62709,-0.32023,-0.6384,-0.28347,-0.65428,-0.20817,-0.69378,-0.11472,-0.76558,0.00825,-0.84654,0.10513,8,5,6,13,15,9,2,11,3,4,12,1,14,10,7
1.36381,0.13381,1.3692,0.13654,1.36622,0.14168,1.39325,0.16339,1.42634,0.18719,1.46303,0.20685,1.38592,0.17509,1.30849,0.13239,1.23988,0.0946,1.14997,0.03462,1.07272,-0.04529,1.01045,-0.13296,1.01424,-0.12892,1.02027,-0.04897,0.96378,0.06172,0.85922,0.25053,0.71126,0.42463,0.54322,0.58421,0.37697,0.74303,0.2831,0.88636,0.16812,0.91168,0.09823,0.84619,0.02417,0.68456,-0.08813,0.43235,-0.20289,0.17006,-0.32214,-0.07164,-0.44479,-0.24306,-0.54952,-0.45187,-0.63381,-0.58309,-0.70237,-0.59709,-0.72642,-0.53041,-0.76334,-0.40077,-0.80857,-0.19974,-0.86551,0.04388,-0.94546,0.38625,-1.05624,0.71549,-1.13687,1.12763,-1.18953,1.38915,-1.2025,1.5165,-1.23023,1.52409,-1.31634,1.4213,-1.43872,1.23836,-1.54691,1.05323,-1.61562,0.90084,-1.66251,0.74889,6,4,8,12,14,9,2,11,5,3,13,1,15,10,7
0.9646,0.38106,0.96876,0.40876,0.97465,0.41427,0.98803,0.33716,1.01417,0.4366,1.05267,0.4457,1.11393,0.54738,1.14955,0.55358,1.15514,0.59512,1.12902,0.57386,1.10363,0.45442,1.07151,0.29475,1.02434,0.11507,0.9999,-0.03542,0.9845,-0.17254,0.95505,-0.29278,0.93339,-0.36505,0.90259,-0.34622,0.84324,-0.29389,0.75445,-0.16278,0.62332,0.02307,0.44962,0.22917,0.26258,0.42124,0.14412,0.56416,0.05768,0.65985,-0.01095,0.7698,-0.01566,0.84354,-0.03994,0.92662,-0.05189,0.9981,-0.06731,0.97984,-0.1239,0.90223,-0.19482,0.75324,-0.2378,0.5369,-0.28406,0.35648,-0.34357,0.18557,-0.39482,0.0406,-0.45136,-0.06994,-0.494,-0.15969,-0.53596,-0.19255,-0.57144,-0.19909,-0.59197,-0.17614,-0.60814,-0.11529,-0.63024,-0.03686,-0.68588,0.05854,-0.75205,0.17801,8,6,5,14,15,9,2,10,4,3,12,1,13,11,7
-1.87875,-0.03929,-1.84425,-0.09857,-1.77612,-0.18052,-1.74979,-0.34541,-1.71026,-0.41132,-1.66591,-0.58515,-1.58507,-0.71069,-1.47856,-0.88116,-1.34545,-1.02818,-1.21633,-1.09909,-1.11299,-1.15564,-1.02427,-1.14019,-0.9508,-1.03705,-0.86268,-0.90452,-0.76528,-0.73757,-0.63129,-0.50722,-0.47731,-0.33525,-0.31467,-0.25317,-0.13715,-0.08647,-0.00697,0.03086,0.06037,0.0392,0.10992,-0.01438,0.13768,-0.15474,0.14412,-0.24307,0.12279,-0.25449,0.23587,-0.52476,0.34906,-0.82696,0.45876,-1.10055,0.55194,-1.29301,0.61234,-1.37763,0.67948,-1.33337,0.74541,-1.19612,0.85099,-1.02848,1.0217,-0.80466,1.19566,-0.51674,1.33064,-0.67559,1.49249,-0.5005,1.83388,-0.31993,1.99145,-0.15246,2.09158,-0.05102,2.14765,-0.00159,2.17894,-0.00912,2.18325,-0.10172,2.20949,-0.28089,2.17685,-0.5144,7,5,9,10,6,8,11,14,2,4,13,15,12,3,1
1.3541,0.33165,1.35946,0.33455,1.36622,0.35233,1.38339,0.34959,1.4163,0.38672,1.46303,0.42056,1.52194,0.47035,1.58402,0.52725,1.63194,0.59512,1.66304,0.68447,1.66037,0.64875,1.52932,0.48786,1.35861,-0.18315,1.26453,-0.42923,1.18122,-0.13117,1.11473,0.708,1.05559,1.27384,0.98374,1.3751,0.80739,0.98229,0.50068,0.24075,0.28794,-0.44548,0.13335,-0.72884,0.06954,-0.40156,-0.03284,0.31705,-0.18122,0.87209,-0.32214,1.07725,-0.40186,0.8111,-0.49531,0.22925,-0.61184,-0.51855,-0.73584,-1.01127,-0.86031,-1.12872,-0.97107,-0.88421,-1.06231,-0.26114,-1.20214,0.54998,-1.26122,1.2176,-1.24794,1.37657,-1.24955,0.99306,-1.25445,0.29425,-1.30436,-0.39281,-1.42504,-0.91261,-1.53926,-1.04864,-1.62332,-0.83191,-1.75567,-0.32231,-1.84582,0.36024,-1.9116,1.21047,5,6,8,14,15,10,2,9,7,3,12,1,13,11,4
1.48071,0.18327,1.48646,0.18605,1.49351,0.17884,1.50199,0.17583,1.53694,0.21213,1.59642,0.24454,1.6684,0.30348,1.73238,0.35615,1.76971,0.41922,1.79919,0.44944,1.80472,0.49603,1.83454,0.51545,1.8651,0.53526,1.89555,0.5349,1.94736,0.53031,1.99845,0.49356,2.02198,0.54383,1.89952,0.27411,1.71607,-0.40553,1.56429,-0.88914,1.41383,-1.17257,1.29289,-1.31345,1.14807,-1.17504,0.95143,-0.8197,0.7091,-0.22183,0.4827,0.25195,0.3276,0.68134,0.18769,1.00768,0.13474,1.14336,0.11097,1.05952,0.08809,0.77627,0.03478,0.41014,-0.02636,-0.01563,-0.1106,-0.40274,-0.21532,-0.70313,-0.30854,-0.88216,-0.36684,-0.97146,-0.41977,-0.94749,-0.47115,-0.80672,-0.60852,-0.48178,-0.86132,-0.06874,-1.13417,0.42882,-1.35632,1.13109,-1.50937,1.47914,-1.52507,1.5992,6,8,7,14,15,9,1,10,5,3,12,2,13,11,4
1.36381,0.72727,1.379,0.68102,1.38581,0.66212,1.39325,0.72189,1.4163,0.78571,1.4425,0.68456,1.42778,0.61155,1.40388,0.50092,1.33526,0.31099,1.24422,0.11759,1.16552,-0.15628,1.10202,-0.31237,1.06488,-0.33223,1.02027,-0.27987,0.9534,-0.21386,0.88052,-0.04969,0.70012,0.23095,0.48527,0.58421,0.28128,0.9344,0.12594,1.17692,0.01245,1.34792,-0.04231,1.38205,-0.06668,1.39213,-0.066,1.33851,-0.07261,1.28027,-0.10754,1.15813,-0.18732,0.95704,-0.30019,0.66712,-0.43616,0.385,-0.59097,0.10378,-0.72642,-0.1211,-0.82897,-0.32283,-0.88256,-0.43,-0.89609,-0.47714,-0.89613,-0.48807,-0.88368,-0.42766,-0.86456,-0.31216,-0.86497,-0.23981,-0.93404,-0.11243,-1.06319,0.08361,-1.22348,0.2937,-1.34644,0.54823,-1.41985,0.85859,-1.4385,1.1397,-1.43062,1.29553,8,5,4,13,15,9,2,11,7,3,12,1,14,10,6
1.69492,0.66548,1.69153,0.66867,1.69904,0.6869,1.69969,0.67224,1.51682,0.53636,1.4425,0.34512,1.41734,0.11093,1.43565,-0.17036,1.4624,-0.2977,1.47455,-0.28337,1.43357,-0.18404,1.29531,0.11534,1.10541,0.50815,0.93881,0.90155,0.79812,1.20553,0.75277,1.35136,0.76679,1.42284,0.74029,1.49916,0.61607,1.30129,0.37977,0.95093,0.15617,0.36236,-0.06575,-0.14429,-0.20291,-0.53323,-0.27612,-0.62198,-0.30062,-0.63001,-0.34361,-0.58949,-0.48772,-0.21062,-0.67961,0.39144,-0.83139,0.94973,-0.89177,1.3303,-0.92722,1.54775,-0.93828,1.68885,-0.92486,1.6879,-0.9165,1.60688,-1.00468,1.2176,-1.11378,0.63284,-1.15566,0.22611,-1.2452,-0.02616,-1.35992,-0.09905,-1.36939,-0.03753,-1.39066,0.03866,-1.46644,0.18993,-1.54691,0.53417,-1.63333,1.02657,-1.65394,1.38054,4,6,9,12,15,8,1,11,7,2,13,3,14,10,5
1.65595,0.78907,1.67204,0.75528,1.65991,0.78604,1.68978,0.82118,1.72795,0.82315,1.72976,0.7223,1.68933,0.52171,1.6158,0.26397,1.56834,-0.00013,1.5269,-0.28337,1.4954,-0.44775,1.49881,-0.42269,1.53084,-0.34581,1.47827,-0.15762,1.31579,0.2271,1.08281,0.63654,0.92231,1.0057,0.82144,1.35955,0.77154,1.57253,0.73033,1.64501,0.71912,1.65496,0.66041,1.52824,0.55774,1.14531,0.44269,0.59711,0.32908,0.08838,0.23587,-0.28198,0.1774,-0.48639,0.16605,-0.54918,0.17867,-0.50245,0.17779,-0.46971,0.12161,-0.27855,-0.05272,0.09822,-0.28005,0.46012,-0.43706,0.77326,-0.53104,1.07426,-0.56734,1.28013,-0.56404,1.34294,-0.54036,1.36244,-0.53596,1.34294,-0.63635,1.17405,-0.74988,0.79038,-0.80195,0.40227,-0.82994,0.07997,-0.85411,-0.13007,-0.85511,-0.16213,5,6,8,14,15,9,1,10,7,3,12,2,13,11,4
1.7728,0.5171,1.78924,0.52016,1.8165,0.50104,1.73919,0.49848,1.5872,0.27451,1.50408,0.03083,1.43827,-0.28704,1.39325,-0.59161,1.37766,-0.74411,1.38036,-0.71199,1.37169,-0.6976,1.29531,-0.49171,1.07498,0.06085,0.89814,0.57567,0.80845,0.92995,0.79537,1.16546,0.82233,1.27384,0.79824,1.31306,0.63999,1.14183,0.39189,0.72494,0.14422,0.16846,-0.05406,-0.35537,-0.12344,-0.81297,-0.09922,-0.95151,-0.11605,-0.95659,-0.16119,-0.78362,-0.35899,-0.29176,-0.6688,0.39144,-0.97415,0.94973,-1.24833,1.39403,-1.29543,1.59502,-1.25533,1.56416,-1.26315,1.24284,-1.37554,0.66908,-1.39936,0.14259,-1.3534,-0.19353,-1.33408,-0.44667,-1.28231,-0.42675,-1.25807,-0.3661,-1.32301,-0.26637,-1.43709,-0.09559,-1.62332,0.25631,-1.76472,0.66389,-1.83697,1.00142,-1.84289,1.16193,5,4,9,11,15,8,1,12,7,2,13,3,14,10,6
1.70463,0.85092,1.69153,0.87903,1.69904,0.89755,1.73919,0.88322,1.78829,0.93535,1.80157,0.9737,1.68933,0.94535,1.67941,0.7642,1.60017,0.37867,1.51645,-0.00683,1.4954,-0.12852,1.49881,-0.10537,1.51058,-0.0747,1.46806,0.10039,1.35722,0.58543,1.23186,1.00822,1.11113,1.37818,1.04169,1.51464,1.04655,1.58845,1.04458,1.59655,0.97065,1.59033,0.77752,1.4308,0.47827,0.84907,0.22153,0.15229,0.05768,-0.23812,-0.00019,-0.28198,0.0058,-0.25932,0.00339,-0.20862,-0.0629,0.12682,-0.201,0.61348,-0.33589,1.10696,-0.41351,1.47058,-0.44919,1.62651,-0.42688,1.6218,-0.40279,1.57594,-0.46192,1.41786,-0.64857,1.00655,-0.85567,0.56132,-1.01737,0.24807,-1.10032,0.08361,-1.10278,0.11921,-1.07882,0.16344,-1.04776,0.2227,-1.0932,0.43567,-1.25881,0.76107,5,6,7,14,15,10,2,8,9,3,12,1,13,11,4
1.7728,0.90038,1.79899,0.87903,1.78715,0.89755,1.8183,0.90804,1.87873,0.89797,1.88362,0.9737,1.76256,0.84264,1.67941,0.60623,1.61074,0.47334,1.5374,0.25586,1.48512,-0.10075,1.4479,-0.33996,1.43967,-0.35934,1.43754,-0.30703,1.36755,-0.06229,1.18926,0.43637,1.05559,0.9461,0.92578,1.31306,0.83131,1.55654,0.75445,1.70958,0.69515,1.73572,0.63698,1.73931,0.51232,1.68837,0.26573,1.37146,0.06851,0.64356,-0.05384,0.00924,-0.12293,-0.47014,-0.15922,-0.74381,-0.16172,-0.72828,-0.15648,-0.66081,-0.25779,-0.4832,-0.53374,-0.01091,-0.79802,0.56759,-0.93691,0.95191,-0.9652,1.26058,-0.94121,1.33522,-0.91151,1.34294,-0.92989,1.30903,-1.06365,1.04918,-1.23023,0.6625,-1.34423,0.2803,-1.43872,-0.02236,-1.41079,-0.20554,-1.34997,-0.21806,-1.30175,-0.19855,5,6,7,14,15,10,2,9,8,3,12,1,13,11,4
-2.28768,-0.2124,-2.29353,-0.51934,-2.29493,-0.63896,-2.31316,-0.64329,-2.27321,-0.59835,-2.2199,-0.45948,-2.10812,-0.26136,-1.92365,0.00075,-1.70568,0.28394,-1.52002,0.51855,-1.33979,0.75974,-1.18701,0.86038,-1.11288,0.87412,-1.10694,0.86084,-1.09657,0.79213,-1.04648,0.708,-0.97715,0.57363,-0.87109,0.42913,-0.74695,0.16872,-0.62341,-0.11438,-0.52654,-0.34853,-0.44057,-0.56644,-0.37317,-0.6978,-0.33141,-0.77031,-0.31151,-0.72799,-0.24702,-0.60564,-0.11223,-0.38907,0.06847,-0.11131,0.24452,0.20754,0.41177,0.54976,0.55673,0.83925,0.66888,1.04953,0.7136,1.18145,0.70547,1.17518,0.71217,1.11729,0.74594,1.03226,0.82572,0.91232,0.90642,0.74826,1.02863,0.59524,1.15442,0.44709,1.27468,0.2937,1.36678,0.1369,1.42086,0.0021,1.42144,-0.09233,1.40383,-0.16213,5,4,10,11,9,6,8,12,7,1,14,15,13,2,3
-2.09296,-0.76874,-2.05912,-0.65545,-2.00128,-0.53988,-1.9178,-0.35785,-1.82082,-0.16192,-1.76849,-0.00686,-1.67923,0.17509,-1.55274,0.35615,-1.43019,0.47334,-1.30013,0.61537,-1.20579,0.67651,-1.1565,0.69486,-1.09261,0.64371,-1.00517,0.60284,-0.8688,0.48893,-0.79097,0.29339,-0.7328,0.00742,-0.67403,-0.25317,-0.60348,-0.50125,-0.5388,-0.7439,-0.50257,-0.89791,-0.45226,-1.02114,-0.4186,-1.09271,-0.35353,-1.08332,-0.24634,-0.95659,-0.11825,-0.76747,0.02726,-0.53501,0.16605,-0.2735,0.29941,0.04618,0.43406,0.37456,0.54559,0.74485,0.65797,1.0339,0.7347,1.18145,0.80747,1.23473,0.8799,1.2176,0.97599,1.19748,1.07929,1.12763,1.17541,0.97523,1.26005,0.7688,1.34002,0.5548,1.36754,0.334,1.35757,0.11035,1.32106,-0.08877,1.27092,-0.25575,1.20627,-0.3565,3,5,11,10,8,6,9,12,7,1,14,15,13,4,2
-1.98583,-0.92951,-1.99074,-0.92772,-1.9817,-0.92402,-1.99691,-0.90391,-1.99176,-0.8602,-2.01475,-0.67319,-2.03489,-0.47965,-1.94486,-0.32833,-1.68453,-0.05425,-1.37343,0.26972,-1.10265,0.52379,-0.91234,0.77759,-0.79888,0.94187,-0.74055,1.01019,-0.71352,1.01264,-0.67389,1.00822,-0.6439,0.9461,-0.55806,0.73929,-0.41216,0.47179,-0.27291,0.12771,-0.15524,-0.26777,-0.04231,-0.6314,0.05821,-0.92821,0.14412,-1.11627,0.18796,-1.18512,0.2144,-1.20437,0.2418,-1.16754,0.31784,-1.00331,0.46413,-0.72828,0.63464,-0.42189,0.80218,-0.10532,0.94223,0.17624,1.04129,0.5062,1.13387,0.74355,1.19566,0.87357,1.24441,0.90826,1.23891,0.92581,1.24033,0.89511,1.26934,0.84892,1.33071,0.75672,1.41397,0.64273,1.49599,0.50845,1.56608,0.33947,1.60738,0.18427,1.62715,0.02006,3,5,11,10,8,7,9,12,6,1,14,15,13,4,2
-2.07348,-0.65748,-2.05912,-0.64305,-2.02087,-0.61423,-1.97713,-0.56882,-1.93142,-0.52353,-1.8403,-0.37144,-1.78383,-0.06881,-1.59515,0.25083,-1.32425,0.59512,-1.04885,0.93336,-0.85522,1.12064,-0.74956,1.16393,-0.68744,1.17228,-0.61842,1.21387,-0.4857,1.19178,-0.35448,1.05114,-0.26626,0.81197,-0.1987,0.58421,-0.11329,0.32825,-0.01909,0.06315,0.07233,-0.17082,0.15679,-0.38785,0.19444,-0.54972,0.19941,-0.67145,0.17707,-0.72799,0.18222,-0.71889,0.2525,-0.59989,0.36117,-0.35456,0.47508,-0.00226,0.60117,0.35859,0.77991,0.68187,0.97501,0.92476,1.15753,1.07405,1.26651,1.16033,1.31406,1.16027,1.31151,1.11484,1.30465,1.08729,1.3145,1.06867,1.35267,1.03586,1.42354,0.98556,1.50682,0.89777,1.56984,0.76058,1.64778,0.53417,1.7048,0.52371,1.73883,0.33591,4,5,11,12,8,6,9,10,7,1,14,15,13,3,2
-2.39482,-0.80586,-2.43029,-0.79156,-2.432,-0.78767,-2.43179,-0.79223,-2.44414,-0.74799,-2.43534,-0.6103,-2.33825,-0.37694,-2.125,-0.11776,-1.87522,0.22988,-1.57236,0.62916,-1.29854,0.96798,-1.1565,1.1501,-1.04197,1.18587,-1.02548,1.13239,-1.05519,1.01264,-1.03585,0.90816,-0.96601,0.7077,-0.85946,0.47568,-0.7111,0.20062,-0.47837,-0.09821,-0.275,-0.38085,-0.1243,-0.59892,-0.03258,-0.78005,0.00032,-0.85265,-0.00749,-0.7933,-0.00019,-0.63801,0.04867,-0.38907,0.14436,-0.09513,0.27744,0.22364,0.43406,0.5179,0.57905,0.87074,0.69075,1.18986,0.777,1.36563,0.81765,1.33898,0.85031,1.24627,0.90889,1.19748,0.9666,1.0738,1.02701,0.89511,1.1212,0.79551,1.20081,0.6625,1.26537,0.49509,1.33911,0.33594,1.4027,0.14483,1.39488,-0.06718,1.39526,-0.21072,4,5,11,10,9,6,8,12,7,1,14,15,13,2,3
-2.27797,-1.09023,-2.27403,-1.07617,-2.27539,-1.06031,-2.24397,-1.01558,-2.15257,-0.91008,-2.2199,-0.71088,-2.11856,-0.35126,-1.8813,-0.03877,-1.66333,0.28394,-1.44672,0.56006,-1.28825,0.71812,-1.19721,0.76382,-1.14325,0.72498,-1.09673,0.68432,-1.01376,0.57162,-0.9081,0.42204,-0.79942,0.17135,-0.67403,-0.11356,-0.51978,-0.45336,-0.36958,-0.7439,-0.26305,-0.97867,-0.20629,-1.1023,-0.18019,-1.17504,-0.15451,-1.19862,-0.09433,-1.18512,-0.01095,-1.07491,0.10231,-0.84315,0.22026,-0.56544,0.37626,-0.24427,0.55664,0.08781,0.79104,0.41417,1.00785,0.65967,1.09413,0.7824,1.13387,0.83281,1.12659,0.71592,1.1102,0.68794,1.14502,0.65667,1.21247,0.54793,1.30634,0.43501,1.40497,0.24517,1.49756,0.10581,1.59752,-0.07545,1.66593,-0.2704,1.7048,-0.44437,1.68728,-0.5144,4,5,11,9,8,6,10,12,7,1,14,15,13,3,2
-0.24282,0.46764,-0.23263,0.45826,-0.249,0.47626,-0.2771,0.51092,-0.24248,0.51142,-0.25022,0.57143,-0.21461,0.62441,-0.19631,0.68522,-0.15875,0.73035,-0.11695,0.76744,-0.15414,0.77365,-0.16967,0.72239,-0.181,0.67082,-0.18073,0.58923,-0.20618,0.54406,-0.27995,0.42204,-0.41063,0.24582,-0.55806,0.1345,-0.68718,-0.02265,-0.80468,-0.16278,-0.89783,-0.26777,-0.96763,-0.32289,-0.99754,-0.31931,-1.01711,-0.25958,-1.03894,-0.14022,-1.05185,-0.08786,-1.00264,-0.0485,-0.95068,0.16437,-0.99611,0.46565,-1.02552,0.77278,-1.04998,1.10696,-1.03669,1.37701,-0.97771,1.51911,-0.90627,1.56225,-0.82706,1.46126,-0.76865,1.30767,-0.7143,1.14106,-0.67021,0.96185,-0.63777,0.79551,-0.7013,0.68943,-0.74988,0.61589,-0.75581,0.52175,-0.75731,0.37843,-0.77446,0.25966,-0.79499,0.16584,3,4,9,12,14,5,2,10,6,1,13,8,15,11,7
0.41929,0.55416,0.32411,0.35931,0.23068,0.15405,0.1479,-0.05997,0.05913,-0.24924,-0.02448,-0.39659,-0.11001,-0.42829,-0.1751,-0.31519,-0.2011,-0.05425,-0.25309,0.2282,-0.33974,0.5377,-0.42403,0.81901,-0.47473,0.94187,-0.46571,1.03735,-0.45466,1.1504,-0.49285,1.25125,-0.53284,1.27384,-0.55806,1.25103,-0.65132,1.10992,-0.79262,0.95093,-0.86191,0.76629,-0.85052,0.44025,-0.80456,0.09209,-0.80699,-0.21011,-0.83265,-0.41778,-0.89085,-0.46003,-0.94901,-0.37282,-1.04827,-0.14375,-1.18274,0.07845,-1.28174,0.19936,-1.31775,0.2725,-1.38652,0.55047,-1.47454,0.82848,-1.50813,1.10078,-1.52761,1.2176,-1.53553,1.16993,-1.47492,1.04689,-1.36579,0.93514,-1.27659,0.68868,-1.21166,0.54131,-1.19563,0.46824,-1.18956,0.3094,-1.18388,0.20969,-1.19945,0.14653,-1.21587,0.15372,2,4,10,12,14,6,3,11,5,1,13,8,15,9,7
0.09795,0.92511,0.09945,0.89138,0.10339,0.90997,0.12812,0.92048,0.13953,0.94785,0.13962,0.93601,0.10968,0.93249,0.07922,0.85632,0.04256,0.71685,0.01914,0.49089,0.01078,0.28785,-0.03739,0.08774,-0.13036,-0.02048,-0.25197,0.03245,-0.37185,0.2271,-0.49285,0.47923,-0.59946,0.66303,-0.70879,0.86336,-0.9502,1.17373,-1.14312,1.38674,-1.22125,1.5095,-1.27215,1.56071,-1.21323,1.47446,-1.13872,1.28905,-1.01721,1.03538,-0.98744,0.73744,-1.02411,0.45427,-1.14586,0.2455,-1.20471,0.1591,-1.22604,0.07192,-1.21732,0.00486,-1.20067,-0.02654,-1.2103,0.03044,-1.26331,0.08851,-1.29081,0.28594,-1.32466,0.61904,-1.46555,0.85849,-1.47708,1.08206,-1.52654,0.99577,-1.43435,0.75672,-1.40924,0.53534,-1.38337,0.2961,-1.38358,0.10593,-1.37652,-0.01689,-1.37906,-0.10142,4,5,6,13,15,8,3,10,9,1,12,2,14,11,7
-0.24282,0.46764,-0.23263,0.45826,-0.249,0.47626,-0.2771,0.51092,-0.24248,0.51142,-0.25022,0.57143,-0.21461,0.62441,-0.19631,0.68522,-0.15875,0.73035,-0.11695,0.76744,-0.15414,0.77365,-0.16967,0.72239,-0.181,0.67082,-0.18073,0.58923,-0.20618,0.54406,-0.27995,0.42204,-0.41063,0.24582,-0.55806,0.1345,-0.68718,-0.02265,-0.80468,-0.16278,-0.89783,-0.26777,-0.96763,-0.32289,-0.99754,-0.31931,-1.01711,-0.25958,-1.03894,-0.14022,-1.05185,-0.08786,-1.00264,-0.0485,-0.95068,0.16437,-0.99611,0.46565,-1.02552,0.77278,-1.04998,1.10696,-1.03669,1.37701,-0.97771,1.51911,-0.90627,1.56225,-0.82706,1.46126,-0.76865,1.30767,-0.7143,1.14106,-0.67021,0.96185,-0.63777,0.79551,-0.7013,0.68943,-0.74988,0.61589,-0.75581,0.52175,-0.75731,0.37843,-0.77446,0.25966,-0.79499,0.16584,3,4,9,12,14,5,2,10,6,1,13,8,15,11,7
0.41929,0.55416,0.32411,0.35931,0.23068,0.15405,0.1479,-0.05997,0.05913,-0.24924,-0.02448,-0.39659,-0.11001,-0.42829,-0.1751,-0.31519,-0.2011,-0.05425,-0.25309,0.2282,-0.33974,0.5377,-0.42403,0.81901,-0.47473,0.94187,-0.46571,1.03735,-0.45466,1.1504,-0.49285,1.25125,-0.53284,1.27384,-0.55806,1.25103,-0.65132,1.10992,-0.79262,0.95093,-0.86191,0.76629,-0.85052,0.44025,-0.80456,0.09209,-0.80699,-0.21011,-0.83265,-0.41778,-0.89085,-0.46003,-0.94901,-0.37282,-1.04827,-0.14375,-1.18274,0.07845,-1.28174,0.19936,-1.31775,0.2725,-1.38652,0.55047,-1.47454,0.82848,-1.50813,1.10078,-1.52761,1.2176,-1.53553,1.16993,-1.47492,1.04689,-1.36579,0.93514,-1.27659,0.68868,-1.21166,0.54131,-1.19563,0.46824,-1.18956,0.3094,-1.18388,0.20969,-1.19945,0.14653,-1.21587,0.15372,2,4,10,12,14,6,3,11,5,1,13,8,15,9,7
0.09795,0.92511,0.09945,0.89138,0.10339,0.90997,0.12812,0.92048,0.13953,0.94785,0.13962,0.93601,0.10968,0.93249,0.07922,0.85632,0.04256,0.71685,0.01914,0.49089,0.01078,0.28785,-0.03739,0.08774,-0.13036,-0.02048,-0.25197,0.03245,-0.37185,0.2271,-0.49285,0.47923,-0.59946,0.66303,-0.70879,0.86336,-0.9502,1.17373,-1.14312,1.38674,-1.22125,1.5095,-1.27215,1.56071,-1.21323,1.47446,-1.13872,1.28905,-1.01721,1.03538,-0.98744,0.73744,-1.02411,0.45427,-1.14586,0.2455,-1.20471,0.1591,-1.22604,0.07192,-1.21732,0.00486,-1.20067,-0.02654,-1.2103,0.03044,-1.26331,0.08851,-1.29081,0.28594,-1.32466,0.61904,-1.46555,0.85849,-1.47708,1.08206,-1.52654,0.99577,-1.43435,0.75672,-1.40924,0.53534,-1.38337,0.2961,-1.38358,0.10593,-1.37652,-0.01689,-1.37906,-0.10142,4,5,6,13,15,8,3,10,9,1,12,2,14,11,7
0.24404,0.80146,0.25573,0.80478,0.26003,0.81083,0.2665,0.82118,0.28028,0.84809,0.30377,0.88572,0.33981,0.94535,0.37595,1.0011,0.39222,1.06853,0.34377,1.05778,0.18609,0.96798,0.02362,0.9018,-0.21137,0.80632,-0.42504,0.79291,-0.49609,0.77832,-0.47161,0.80805,-0.47731,0.81197,-0.46534,0.78585,-0.35239,0.66323,-0.11576,0.48284,0.18013,0.29773,0.49643,0.14801,0.71668,0.04275,0.78551,-0.02891,0.77427,-0.07491,0.75094,-0.07164,0.72455,-0.08094,0.67563,-0.11131,0.54098,-0.19583,0.34495,-0.31041,0.09928,-0.436,-0.14016,-0.55673,-0.36465,-0.66019,-0.53905,-0.71534,-0.61985,-0.7318,-0.62488,-0.73068,-0.57346,-0.68889,-0.46614,-0.65372,-0.29526,-0.71322,-0.07964,-0.77798,0.16952,-0.87415,0.39779,-0.99111,0.60404,-1.04902,0.74851,-1.0981,0.82837,-1.10963,5,9,6,15,14,11,10,3,7,8,1,12,2,13,4
0.25376,1.03637,0.25573,1.03989,0.26003,1.04626,0.2665,1.05698,0.29037,1.08499,0.30377,1.12457,0.3503,1.18926,0.38653,1.25124,0.40285,1.27149,0.37517,1.26516,0.25826,1.19001,0.1559,1.12251,0.03172,1.05031,-0.07896,1.03735,-0.15442,1.0264,-0.18412,1.06541,-0.16628,1.0951,-0.10598,1.08047,0.03025,1.0142,0.27098,0.80569,0.41965,0.68553,0.57842,0.52148,0.73934,0.38833,0.85189,0.30054,0.94801,0.18635,0.9763,0.18729,0.98202,0.17857,0.94664,0.16437,0.83739,0.12682,0.65687,0.04006,0.43403,-0.10532,0.19876,-0.22925,-0.01581,-0.32253,-0.1616,-0.38782,-0.2745,-0.38776,-0.32772,-0.40011,-0.32931,-0.39284,-0.28068,-0.34663,-0.20269,-0.37943,-0.07038,-0.48178,0.11382,-0.61906,0.32397,-0.73898,0.51329,-0.82842,0.65114,-0.89694,0.75106,-0.93955,5,10,6,15,14,11,7,1,8,9,2,13,3,12,4
0.56538,0.93745,0.56831,0.92854,0.57331,0.94712,0.5729,0.9453,0.59193,0.97279,0.53974,0.9737,0.4026,0.93249,0.23816,0.89584,0.04256,0.90625,-0.14835,0.93336,-0.31911,1.00959,-0.42403,1.05355,-0.39371,1.05031,-0.28254,1.01019,-0.09227,0.87482,0.20977,0.62221,0.43354,0.46929,0.71709,0.30513,0.92694,0.20062,1.05664,0.16,1.09041,0.08771,1.03524,0.06678,0.88695,0.02626,0.63068,-0.06186,0.29652,-0.18917,-0.02166,-0.34671,-0.29459,-0.50257,-0.517,-0.64649,-0.68869,-0.74445,-0.76925,-0.75639,-0.74869,-0.70364,-0.5884,-0.66587,-0.3118,-0.76759,0.02198,-1.05772,0.31749,-1.21911,0.54463,-1.25403,0.71303,-1.24059,0.8415,-1.20117,0.89902,-1.18054,0.87609,-1.16838,0.73602,-1.23659,0.49932,-1.32287,0.24101,-1.4124,0.0136,-1.45008,-0.16797,-1.44972,5,10,6,15,14,11,9,3,7,8,1,12,2,13,4
-0.57392,1.07344,-0.58424,1.08939,-0.56223,1.09583,-0.56371,1.09419,-0.49378,1.07255,-0.33227,0.9863,-0.08908,0.85545,0.18518,0.69835,0.46639,0.56807,0.62646,0.51855,0.66032,0.5377,0.573,0.57065,0.40651,0.56238,0.19582,0.57567,-0.06122,0.44761,-0.33317,0.27912,-0.65504,0.02235,-0.83633,-0.1756,-0.92628,-0.11837,-0.9739,-0.0821,-0.88588,-0.17082,-0.6631,-0.22546,-0.46403,-0.33573,-0.22083,-0.57259,0.0034,-0.85862,0.18222,-1.12342,0.3169,-1.28104,0.40456,-1.31143,0.42019,-1.27691,0.36719,-1.25019,0.25549,-1.20741,0.06757,-1.21168,-0.17435,-1.24335,-0.37583,-1.29585,-0.50145,-1.49144,-0.61531,-1.52951,-0.74246,-1.61732,-0.80005,-1.61509,-0.81371,-1.52771,-0.8312,-1.45108,-0.83342,-1.38423,-0.7466,-1.34942,-0.5486,-1.29557,-0.32286,-1.41239,-0.12503,-1.42542,5,10,6,14,15,11,9,3,8,7,2,12,1,13,4
0.79907,0.98691,0.80272,0.99039,0.80824,0.99669,0.82001,1.00733,0.84328,1.03511,0.87828,1.07428,0.92566,1.1379,0.97999,1.21172,1.0068,1.29855,1.04528,1.34812,1.06243,1.34273,0.99009,1.30191,0.76099,1.25362,0.47065,1.22748,0.20797,1.24691,0.23107,1.20839,0.36687,1.1249,0.52003,0.98742,0.68784,0.80684,0.89948,0.69266,1.19822,0.55626,1.51542,0.40777,1.71568,0.3225,1.67024,0.25115,1.5017,0.20272,1.20165,0.20344,0.83182,0.08126,0.45876,-0.014,0.15671,-0.212,-0.02272,-0.39003,-0.14622,-0.53041,-0.15107,-0.5411,-0.03696,-0.58341,0.14439,-0.59624,0.43589,-0.7461,0.77468,-0.92351,1.09807,-1.10602,1.34231,-1.22788,1.46376,-1.34077,1.45136,-1.38373,1.30253,-1.41108,1.05302,-1.44235,0.73111,-1.52917,0.40321,-1.6135,0.11547,-1.68051,6,11,5,15,14,10,7,1,8,9,2,13,3,12,4
0.61406,0.83853,0.63669,0.82953,0.63202,0.8604,0.63222,0.87083,0.6623,0.88547,0.67307,0.93601,0.73733,0.97103,0.84219,1.01429,1.01737,1.02798,1.23377,0.97482,1.48512,0.91246,1.74297,0.97076,1.97649,0.95546,2.13981,0.90155,2.2476,0.92995,2.29656,0.99395,2.25519,0.9759,2.08502,0.84781,1.76392,0.71112,1.35883,0.49895,0.94668,0.29773,0.60186,0.09926,0.34205,-0.05599,0.15515,-0.16072,0.0794,-0.20547,0.07493,-0.23347,0.156,-0.2755,0.30697,-0.37081,0.55194,-0.56699,0.86856,-0.82011,1.17038,-1.03425,1.41234,-1.19612,1.56981,-1.25873,1.65414,-1.29585,1.6791,-1.27645,1.65659,-1.22648,1.59575,-1.18676,1.48146,-1.16108,1.27858,-1.20725,1.01525,-1.30301,0.72676,-1.37078,0.45318,-1.4025,0.20469,-1.4124,0.04015,-1.37465,-0.05633,-1.29182,6,11,5,15,14,10,7,2,9,8,1,13,3,12,4
-0.08706,1.70402,-0.07634,1.70813,-0.06301,1.7154,-0.04975,1.72716,-0.05148,1.75833,-0.04501,1.80345,-0.03678,1.85681,-0.00559,1.90939,0.05319,2.00197,0.05059,2.06708,-0.08197,2.0228,-0.36297,1.82618,-0.6267,1.68739,-0.93392,1.60768,-0.97233,1.68787,-0.98263,1.73737,-0.78833,1.78045,-0.31467,1.70074,0.29327,1.49273,0.76657,1.20921,0.87479,1.15409,0.82439,1.10602,0.65987,1.06305,0.23257,0.91013,-0.25717,0.72516,-0.61185,0.54324,-0.89537,0.47053,-1.02658,0.50493,-0.9851,0.54636,-0.75808,0.47014,-0.2466,0.20951,0.26439,-0.13568,0.6713,-0.44531,0.92988,-0.59624,0.96871,-0.55978,0.87053,-0.55165,0.62856,-0.68889,0.27576,-0.94749,-0.07308,-1.20725,-0.36728,-1.35681,-0.61986,-1.38423,-0.78348,-1.33617,-0.80273,-1.25667,-0.69476,-1.29921,-0.37415,-1.5712,5,11,6,15,14,7,9,1,10,8,3,13,2,12,4
0.1856,1.62983,0.18736,1.63387,0.17192,1.64105,0.18745,1.65269,0.19988,1.68351,0.25248,1.66517,0.38167,1.53587,0.54546,1.42235,0.85845,1.24443,1.11858,1.11309,1.21706,1.13449,1.24445,1.1501,1.23706,1.14517,1.15255,1.15955,0.94307,1.05396,0.75277,0.95103,0.55575,0.84177,0.35773,0.80132,0.28128,0.82276,0.30728,0.8218,0.33581,0.76629,0.42619,0.61891,0.69397,0.25667,0.89615,-0.06186,1.03484,-0.27078,1.12653,-0.3953,1.18585,-0.40526,1.18515,-0.35456,1.15576,-0.34109,1.02455,-0.43785,0.80218,-0.5619,0.57052,-0.6815,0.35417,-0.82898,0.17498,-0.90884,0.0708,-0.93242,0.05572,-0.88216,0.10268,-0.85037,0.2387,-0.9074,0.45466,-1.10042,0.67192,-1.27609,0.85678,-1.34393,0.98842,-1.34942,1.03967,-1.29557,1.01415,-1.23637,0.90564,-1.23105,5,11,6,15,14,10,7,3,9,8,1,13,2,12,4
0.41929,1.28366,0.43157,1.28741,0.42644,1.28169,0.43452,1.29277,0.44115,1.3219,0.34482,1.28799,0.16198,1.25342,-0.03737,1.22491,-0.19052,1.25793,-0.31589,1.29281,-0.33974,1.32882,-0.2816,1.32951,-0.12025,1.25362,0.22639,1.10523,0.57035,0.98508,0.88052,0.87957,1.13335,0.75243,1.26195,0.73929,1.26173,0.75895,1.09288,0.74112,0.73107,0.66934,0.37932,0.57016,0.10364,0.37183,-0.07709,0.2182,-0.2355,0.10474,-0.28996,0.09019,-0.18732,0.04882,0.15518,-0.06269,0.5739,-0.2281,0.91314,-0.39003,1.12579,-0.53041,1.20461,-0.60348,1.19983,-0.5681,1.06246,-0.59624,0.79109,-0.7318,0.51583,-0.86842,0.27168,-0.99837,0.07174,-1.12105,-0.09155,-1.16722,-0.20029,-1.18182,-0.19264,-1.15604,-0.02676,-1.15037,0.25916,-1.25667,0.49174,-1.42494,0.65656,-1.55902,6,11,5,15,14,10,8,3,9,7,1,13,2,12,4
0.81855,1.22181,0.83201,1.21315,0.81801,1.23212,0.82988,1.23074,0.79302,1.23464,0.53974,1.2503,0.33981,1.29197,0.07922,1.33017,-0.12693,1.3526,-0.1798,1.40343,-0.13356,1.42602,-0.01709,1.39847,0.2647,1.21298,0.61315,0.92871,0.94307,0.73701,1.18926,0.60794,1.32217,0.5885,1.35467,0.61522,1.2498,0.59942,0.99621,0.43438,0.70716,0.08771,0.42619,-0.19298,0.1604,-0.38514,-0.08813,-0.55615,-0.17033,-0.58106,-0.13972,-0.60564,0.04867,-0.71339,0.38287,-0.90599,0.70565,-1.14782,1.01343,-1.37763,1.282,-1.53803,1.37956,-1.57035,1.33727,-1.53493,1.22569,-1.51919,1.02789,-1.62043,0.78425,-1.74989,0.54404,-1.85955,0.33143,-1.92218,0.10282,-1.90154,-0.06107,-1.89534,-0.05336,-1.85406,0.01943,-1.86698,0.21379,-2.02228,0.49174,-2.19183,0.70812,-2.25143,5,12,6,15,14,8,9,3,10,7,2,11,1,13,4
0.70171,1.39492,0.70506,1.38636,0.70055,1.3932,0.72119,1.41689,0.68241,1.43411,0.56026,1.40117,0.27707,1.42035,0.01561,1.42235,-0.19052,1.43377,-0.29494,1.45874,-0.26757,1.49539,-0.22053,1.50885,-0.04935,1.38917,0.29764,1.18671,0.66355,0.95752,0.99766,0.77945,1.23327,0.7077,1.29671,0.70827,1.26173,0.69514,1.03245,0.61198,0.69515,0.36236,0.39101,0.08305,0.10364,-0.17116,-0.16554,-0.37488,-0.28979,-0.43407,-0.26849,-0.46003,-0.11223,-0.50257,0.24195,-0.64649,0.61784,-0.8251,0.93544,-0.97941,1.1927,-1.08145,1.30302,-1.11811,1.27382,-1.08987,1.16451,-1.08749,0.87006,-1.26209,0.55419,-1.37802,0.34683,-1.44241,0.20158,-1.575,0.05654,-1.68795,-0.00543,-1.72029,-0.00693,-1.67951,0.07477,-1.66794,0.31364,-1.76277,0.53601,-1.89011,0.73387,-1.97204,5,11,6,15,14,9,8,3,10,7,2,12,1,13,4
0.42905,1.43199,0.43157,1.44826,0.43626,1.45519,0.44443,1.46654,0.46126,1.49648,0.47816,1.52685,0.4026,1.52306,0.12163,1.50133,-0.1799,1.43377,-0.39963,1.38963,-0.41191,1.42602,-0.33246,1.4123,-0.15062,1.36206,0.2467,1.06452,0.69459,0.72325,1.05088,0.49356,1.16666,0.48423,1.13441,0.5067,0.99871,0.43988,0.68196,0.09543,0.27593,-0.21926,-0.08918,-0.40412,-0.39589,-0.58256,-0.43095,-0.6385,-0.42007,-0.66267,-0.23631,-0.7351,0.2525,-1.00534,0.66476,-1.29517,0.94717,-1.58346,1.19171,-1.75996,1.25968,-1.75846,1.18274,-1.74194,0.96729,-1.9186,0.65442,-2.11462,0.35698,-2.20812,0.11326,-2.21814,-0.08516,-2.20936,-0.18795,-2.14915,-0.17488,-2.14189,-0.0889,-2.19147,0.21595,-2.28359,0.6008,-2.39781,0.91265,-2.43755,1.11157,-2.4684,1.11182,-2.39719,5,13,6,15,14,7,9,2,10,8,3,11,1,12,4
-0.56416,1.56803,-0.57449,1.58437,-0.58182,1.6039,-0.56371,1.61548,-0.63453,1.59625,-0.81444,1.48915,-1.10382,1.369,-1.36202,1.21172,-1.67391,1.02798,-1.90739,0.89185,-2.05116,0.82917,-1.86866,0.73622,-1.79151,0.68435,-1.8092,0.67071,-1.63495,0.66813,-1.51495,0.80805,-1.32149,0.84177,-1.06815,0.80132,-0.80673,0.66323,-0.57504,0.45056,-0.39476,0.26541,-0.25316,0.09926,-0.15748,-0.05599,-0.12129,-0.19367,-0.20289,-0.3361,-0.36508,-0.44381,-0.55205,-0.58371,-0.76638,-0.74381,-0.97415,-0.92191,-1.19263,-1.12275,-1.38472,-1.28617,-1.53959,-1.43002,-1.74937,-1.56563,-1.84476,-1.65314,-1.86311,-1.54878,-1.81351,-1.50196,-1.70033,-1.4155,-1.5605,-1.44147,-1.41545,-1.48763,-1.21166,-1.54529,-0.97276,-1.59902,-0.78348,-1.69448,-0.60303,-1.81469,-0.46454,-1.90265,-0.33978,-1.9356,4,9,6,14,15,8,10,5,12,7,1,11,2,13,3
-0.14546,1.12289,-0.14471,1.12649,-0.14131,1.13298,-0.15849,1.15627,-0.13188,1.18476,-0.13735,1.21256,-0.15187,1.2791,-0.1751,1.33017,-0.32824,1.3256,-0.56717,1.26516,-0.85522,1.06511,-1.10564,0.84661,-1.29522,0.68435,-1.41229,0.61639,-1.44862,0.59919,-1.47235,0.60794,-1.51031,0.6183,-1.43914,0.66178,-1.27306,0.71112,-1.03433,0.61198,-0.81398,0.47544,-0.55768,0.27792,-0.28238,0.09209,-0.08813,-0.04542,0.01423,-0.15652,0.04269,-0.2011,0.0058,-0.22688,-0.07251,-0.24106,-0.17268,-0.29264,-0.31241,-0.35817,-0.48091,-0.40451,-0.6759,-0.49435,-0.90371,-0.59879,-1.0695,-0.7302,-1.26122,-0.7461,-1.48761,-0.64804,-1.6158,-0.5005,-1.59762,-0.72046,-1.54506,-0.55304,-1.29518,-0.72412,-1.04703,-0.807,-0.80195,-0.93802,-0.59397,-1.10093,-0.32286,-1.31181,-0.14222,-1.47401,4,8,7,14,15,11,9,3,10,6,1,12,2,13,5
-0.6518,1.07344,-0.66241,1.07699,-0.67975,1.07104,-0.69223,1.05698,-0.80548,1.03511,-0.99912,0.93601,-1.23984,0.77848,-1.47856,0.63256,-1.69511,0.45984,-1.79225,0.33882,-1.81408,0.28785,-1.73638,0.29475,-1.65986,0.31838,-1.51406,0.37194,-1.38647,0.4338,-1.18491,0.37918,-1.01046,0.27562,-0.8247,0.10349,-0.59149,-0.03864,-0.29703,-0.17895,-0.05945,-0.2839,0.08649,-0.38785,0.10364,-0.50031,0.04458,-0.60554,-0.09433,-0.74428,-0.26849,-0.88071,-0.48772,-1.00534,-0.74469,-1.14924,-1.051,-1.26074,-1.34862,-1.37763,-1.60785,-1.50654,-1.84573,-1.61717,-1.99251,-1.6424,-2.08962,-1.54896,-2.1591,-1.44847,-2.1107,-1.33667,-1.91628,-1.36167,-1.69965,-1.37473,-1.5173,-1.43422,-1.24875,-1.50493,-0.95418,-1.55872,-0.67274,-1.65464,-0.42153,-1.76277,-0.25205,-1.89011,-0.09928,-1.98419,4,9,6,14,15,8,11,5,10,7,1,13,2,12,3
-0.34023,1.17235,-0.34983,1.176,-0.38606,1.1454,-0.5143,1.13145,-0.78537,1.08499,-1.12222,0.9863,-1.41767,0.84264,-1.64813,0.68522,-1.79048,0.47334,-1.93884,0.33882,-1.91716,0.35722,-1.82795,0.40507,-1.71049,0.41324,-1.5751,0.50774,-1.38647,0.54406,-1.11038,0.49356,-0.82164,0.46929,-0.51173,0.38263,-0.20891,0.28042,0.0897,0.11161,0.34782,-0.02543,0.46131,-0.09554,0.46689,-0.13824,0.44269,-0.22663,0.37253,-0.30344,0.24658,-0.42766,0.0809,-0.50257,-0.15922,-0.63024,-0.43616,-0.76055,-0.75808,-0.93166,-1.08343,-1.04996,-1.34283,-1.11811,-1.53798,-1.24335,-1.68158,-1.32562,-1.74471,-1.37677,-1.72728,-1.36422,-1.70033,-1.36167,-1.63473,-1.308,-1.5543,-1.26066,-1.38796,-1.22223,-1.15847,-1.23659,-0.84808,-1.28309,-0.52134,-1.33453,-0.23433,-1.43754,0.00379,-1.52261,4,8,6,14,15,9,11,7,10,5,1,13,2,12,3
-0.5934,1.09817,-0.60378,1.10174,-0.64058,1.09583,-0.70209,1.05698,-0.84566,0.97279,-1.04012,0.81028,-1.36537,0.61155,-1.61635,0.44827,-1.71631,0.28394,-1.8027,0.21441,-1.79345,0.19071,-1.68552,0.18436,-1.51804,0.18282,-1.32068,0.23619,-1.12767,0.3098,-0.8868,0.36491,-0.6439,0.30542,-0.38419,0.21208,-0.14914,0.12089,0.05346,0.11161,0.12025,0.07152,0.06311,-0.03066,-0.0553,-0.13824,-0.22083,-0.29253,-0.44179,-0.41778,-0.70844,-0.54091,-0.99194,-0.63233,-1.25427,-0.77624,-1.52308,-0.88964,-1.77199,-0.96352,-2.03184,-0.90829,-2.20652,-0.83745,-2.0982,-1.07455,-2.08962,-0.96839,-1.70523,-1.0471,-1.30548,-1.0888,-0.95845,-1.17328,-0.67946,-1.3347,-0.40635,-1.51433,-0.20955,-1.66649,-0.09047,-1.70636,-0.02676,-1.68118,-0.0494,-1.633,-0.11037,-1.6261,-0.23671,-1.60762,4,9,5,14,15,7,12,8,10,6,1,13,2,11,3
-0.14546,1.53091,-0.14471,1.53487,-0.14131,1.54191,-0.14863,1.55339,-0.13188,1.58375,-0.07583,1.62743,0.07831,1.66426,0.26994,1.64611,0.50879,1.55556,0.73115,1.40343,1.01083,1.2733,1.04095,1.1777,1.14589,1.09095,1.16276,1.03735,1.05698,0.97127,0.8273,0.93676,0.62236,1.0355,0.3693,1.06493,0.0661,0.98229,-0.23661,0.75723,-0.61038,0.57239,-0.96763,0.32661,-1.24733,0.19084,-1.37097,0.08639,-1.36468,-0.00959,-1.24497,-0.16874,-1.0992,-0.30794,-0.89648,-0.41943,-0.65577,-0.51855,-0.40157,-0.62895,-0.10158,-0.70364,0.20973,-0.75944,0.52331,-0.84436,0.73606,-0.9237,0.83057,-1.01843,0.85135,-1.06125,0.80698,-1.09254,0.66529,-1.13438,0.45466,-1.19392,0.208,-1.27609,-0.04404,-1.37078,-0.29438,-1.44235,-0.55766,-1.43836,-0.82756,-1.39979,-1.03549,-1.37683,5,11,6,14,15,9,8,3,10,7,2,12,1,13,4
0.07852,0.92511,0.07016,0.92854,0.06427,0.90997,0.13804,0.95769,0.27025,0.96029,0.46792,0.96116,0.68503,1.00952,0.75744,1.06695,0.67834,1.05503,0.51126,0.96102,0.26855,0.80141,0.00327,0.61207,-0.2519,0.46746,-0.49623,0.35839,-0.52713,0.33736,-0.39708,0.36491,-0.14406,0.45443,0.10271,0.5067,0.40089,0.5037,0.64572,0.48284,0.83888,0.54007,0.82439,0.5052,0.72801,0.42124,0.56436,0.30054,0.32908,0.07209,0.04269,-0.15259,-0.21949,-0.3242,-0.47362,-0.41943,-0.65577,-0.38946,-0.65785,-0.32631,-0.50324,-0.31004,-0.24948,-0.32283,-0.04751,-0.41462,0.13421,-0.44737,0.36682,-0.38776,0.59255,-0.24863,0.73182,-0.12377,0.73021,-0.11966,0.67684,-0.15246,0.55133,-0.2933,0.3367,-0.47142,0.10245,-0.60626,-0.13109,-0.63378,-0.2786,-0.58264,-0.2539,-0.56299,10,8,9,14,15,11,6,2,4,5,1,12,3,13,7
-0.08706,0.85092,-0.09588,0.87903,-0.07278,0.88518,-0.07944,0.88322,-0.06151,0.92291,-0.0553,0.94856,0.01552,1.02238,0.18518,1.10641,0.44525,1.24443,0.74165,1.19605,1.00055,1.13449,1.15288,1.1777,1.18642,1.14517,1.1424,1.10523,1.04659,0.98508,0.8912,0.82238,0.66681,0.6183,0.38092,0.42913,0.0661,0.26443,-0.21243,0.16,-0.275,0.15234,-0.24141,0.14801,-0.20291,0.12501,-0.01071,0.08639,0.22052,-0.02589,0.45046,-0.15259,0.69238,-0.17825,0.90326,-0.17618,1.03503,-0.09908,1.03572,-0.08739,1.01423,-0.1211,0.8766,-0.26044,0.703,-0.49133,0.50143,-0.68557,0.29775,-0.78913,0.0749,-0.81332,-0.15089,-0.75615,-0.26212,-0.66711,-0.2675,-0.63316,-0.20029,-0.62985,-0.06262,-0.65936,0.10245,-0.69919,0.28638,-0.75056,0.42093,-0.77121,0.54493,-0.74518,8,10,7,15,14,11,6,2,5,9,1,13,3,12,4
0.36089,1.18475,0.36319,1.176,0.35791,1.20734,0.36533,1.20592,0.3808,1.23464,0.38587,1.27545,0.30844,1.2791,0.03682,1.13274,-0.2647,0.96036,-0.58812,0.73978,-0.78305,0.55155,-0.89199,0.51545,-0.80899,0.54879,-0.72018,0.54851,-0.54785,0.59919,-0.32255,0.72232,-0.01077,0.66303,0.27658,0.56873,0.52044,0.5037,0.75445,0.49895,0.87479,0.55626,0.8127,0.5052,0.73934,0.45416,0.59752,0.30054,0.45937,0.10474,0.28952,-0.12022,0.05943,-0.29176,-0.17009,-0.37081,-0.35931,-0.4379,-0.54639,-0.45375,-0.59248,-0.38873,-0.55561,-0.40077,-0.40689,-0.44531,-0.19224,-0.46222,0.02147,-0.51674,0.20911,-0.56539,0.42194,-0.56781,0.5633,-0.60031,0.75089,-0.57975,0.80183,-0.56256,0.77319,-0.53857,0.7208,-0.51339,0.57683,-0.54291,0.35006,-0.57004,0.16698,-0.58729,7,9,8,15,14,11,10,3,6,5,1,13,2,12,4
0.07852,0.92511,0.07016,0.92854,0.06427,0.90997,0.13804,0.95769,0.27025,0.96029,0.46792,0.96116,0.68503,1.00952,0.75744,1.06695,0.67834,1.05503,0.51126,0.96102,0.26855,0.80141,0.00327,0.61207,-0.2519,0.46746,-0.49623,0.35839,-0.52713,0.33736,-0.39708,0.36491,-0.14406,0.45443,0.10271,0.5067,0.40089,0.5037,0.64572,0.48284,0.83888,0.54007,0.82439,0.5052,0.72801,0.42124,0.56436,0.30054,0.32908,0.07209,0.04269,-0.15259,-0.21949,-0.3242,-0.47362,-0.41943,-0.65577,-0.38946,-0.65785,-0.32631,-0.50324,-0.31004,-0.24948,-0.32283,-0.04751,-0.41462,0.13421,-0.44737,0.36682,-0.38776,0.59255,-0.24863,0.73182,-0.12377,0.73021,-0.11966,0.67684,-0.15246,0.55133,-0.2933,0.3367,-0.47142,0.10245,-0.60626,-0.13109,-0.63378,-0.2786,-0.58264,-0.2539,-0.56299,10,8,9,14,15,11,6,2,4,5,1,12,3,13,7
-0.08706,0.85092,-0.09588,0.87903,-0.07278,0.88518,-0.07944,0.88322,-0.06151,0.92291,-0.0553,0.94856,0.01552,1.02238,0.18518,1.10641,0.44525,1.24443,0.74165,1.19605,1.00055,1.13449,1.15288,1.1777,1.18642,1.14517,1.1424,1.10523,1.04659,0.98508,0.8912,0.82238,0.66681,0.6183,0.38092,0.42913,0.0661,0.26443,-0.21243,0.16,-0.275,0.15234,-0.24141,0.14801,-0.20291,0.12501,-0.01071,0.08639,0.22052,-0.02589,0.45046,-0.15259,0.69238,-0.17825,0.90326,-0.17618,1.03503,-0.09908,1.03572,-0.08739,1.01423,-0.1211,0.8766,-0.26044,0.703,-0.49133,0.50143,-0.68557,0.29775,-0.78913,0.0749,-0.81332,-0.15089,-0.75615,-0.26212,-0.66711,-0.2675,-0.63316,-0.20029,-0.62985,-0.06262,-0.65936,0.10245,-0.69919,0.28638,-0.75056,0.42093,-0.77121,0.54493,-0.74518,8,10,7,15,14,11,6,2,5,9,1,13,3,12,4
0.36089,1.18475,0.36319,1.176,0.35791,1.20734,0.36533,1.20592,0.3808,1.23464,0.38587,1.27545,0.30844,1.2791,0.03682,1.13274,-0.2647,0.96036,-0.58812,0.73978,-0.78305,0.55155,-0.89199,0.51545,-0.80899,0.54879,-0.72018,0.54851,-0.54785,0.59919,-0.32255,0.72232,-0.01077,0.66303,0.27658,0.56873,0.52044,0.5037,0.75445,0.49895,0.87479,0.55626,0.8127,0.5052,0.73934,0.45416,0.59752,0.30054,0.45937,0.10474,0.28952,-0.12022,0.05943,-0.29176,-0.17009,-0.37081,-0.35931,-0.4379,-0.54639,-0.45375,-0.59248,-0.38873,-0.55561,-0.40077,-0.40689,-0.44531,-0.19224,-0.46222,0.02147,-0.51674,0.20911,-0.56539,0.42194,-0.56781,0.5633,-0.60031,0.75089,-0.57975,0.80183,-0.56256,0.77319,-0.53857,0.7208,-0.51339,0.57683,-0.54291,0.35006,-0.57004,0.16698,-0.58729,7,9,8,15,14,11,10,3,6,5,1,13,2,12,4
1.84096,-0.00217,1.83807,0.00044,1.85567,0.01776,1.87757,0.0145,1.91896,0.05005,1.97596,0.06857,2.05549,0.09806,2.16685,0.13239,2.22532,0.16221,2.24941,0.14524,2.24803,0.10743,2.26178,0.00496,2.27022,-0.12892,2.25178,-0.00826,2.19584,-0.14498,2.14751,-0.30705,2.05529,-0.54379,1.88796,-0.64084,1.73999,-0.53316,1.58847,-0.30809,1.42578,-0.13851,1.26946,-0.01438,1.14807,0.10858,1.01776,0.2182,0.93712,0.33328,0.93341,0.47851,0.84258,0.58403,0.66476,0.65094,0.56289,0.70772,0.46747,0.69316,0.2443,0.69758,0.16598,0.5661,0.11103,0.41411,0.05257,0.2523,0.02147,0.01355,0.01736,-0.23488,-0.00063,-0.44667,-0.03029,-0.65372,-0.10084,-0.83342,-0.23737,-0.92604,-0.40625,-0.92785,-0.57126,-0.87169,-0.72104,-0.78952,-0.83644,-0.68322,-0.90667,-0.4901,8,6,7,14,15,10,1,11,5,4,13,2,12,9,3
1.50014,-0.24947,1.48646,-0.24708,1.50328,-0.24246,1.53163,-0.24617,1.54702,-0.2118,1.61689,-0.19548,1.6684,-0.17152,1.73238,-0.20988,1.75909,-0.27064,1.76774,-0.25572,1.76346,-0.28124,1.75312,-0.40892,1.75367,-0.60334,1.7429,-0.78226,1.6885,-0.95802,1.62581,-1.0934,1.53322,-1.1994,1.38949,-1.27658,1.22588,-1.28292,1.05664,-1.26038,0.87479,-1.15638,0.71897,-0.98866,0.60311,-0.78005,0.56436,-0.5232,0.53537,-0.25449,0.53635,-0.07164,0.52072,0.1137,0.52384,0.2455,0.49705,0.36883,0.36719,0.5179,0.21085,0.65038,0.06757,0.70642,-0.08981,0.70569,-0.21265,0.60953,-0.28439,0.50093,-0.37564,0.39866,-0.4232,0.32028,-0.42908,0.21414,-0.45263,0.10122,-0.48792,-0.02409,-0.52696,-0.18953,-0.55279,-0.36743,-0.61213,-0.54291,-0.69476,-0.70837,-0.81217,-0.85449,8,5,9,11,12,7,1,13,3,4,15,2,14,10,6
1.43198,0.25746,1.43758,0.2603,1.44452,0.26561,1.46244,0.27512,1.51682,0.17475,1.57589,0.08112,1.64747,-0.00465,1.66878,-0.10457,1.64252,-0.2842,1.5793,-0.4769,1.4954,-0.62823,1.35638,-0.72625,1.18642,-0.80664,0.9999,-0.85019,0.80845,-0.77889,0.63564,-0.57868,0.5113,-0.32032,0.45045,-0.02051,0.50851,0.31233,0.65778,0.53124,0.779,0.70165,0.76583,0.76503,0.6145,0.83265,0.33211,0.92664,0.0794,0.9374,-0.13972,0.964,-0.29459,0.90842,-0.39772,0.74818,-0.52403,0.51409,-0.72467,0.29494,-0.9049,0.05206,-0.97107,-0.21362,-0.94601,-0.5374,-0.99809,-0.81952,-1.14282,-0.98976,-1.32466,-1.03371,-1.47492,-0.87729,-1.57906,-0.53358,-1.57282,-0.11243,-1.50856,0.29903,-1.41851,0.69643,-1.3557,1.0791,-1.42895,1.45551,-1.5182,1.89401,-1.67112,2.09725,8,5,4,11,14,9,2,12,7,3,13,1,15,10,6
1.25674,-0.20001,1.26179,-0.19757,1.26834,-0.20531,1.27465,-0.19652,1.29567,-0.17442,1.33993,-0.13259,1.37548,-0.13303,1.40388,-0.14409,1.40943,-0.13536,1.42221,0.00697,1.37169,-0.14243,1.29531,-0.28477,1.19658,-0.39998,1.08131,-0.42923,0.9534,-0.4068,0.8699,-0.34998,0.82233,-0.24585,0.82144,-0.09809,0.83131,0.00918,0.82699,0.22457,0.81491,0.28161,0.69553,0.39156,0.55774,0.51999,0.44269,0.59711,0.32908,0.64356,0.20369,0.62419,0.10231,0.63272,-0.02912,0.55362,-0.15071,0.43338,-0.24559,0.24712,-0.3247,0.03635,-0.40255,-0.15124,-0.50204,-0.30721,-0.63087,-0.34319,-0.74814,-0.21575,-0.84537,-0.00075,-0.91151,0.22611,-0.97626,0.4812,-1.03589,0.7688,-1.10958,0.97213,-1.2049,1.20651,-1.3003,1.35778,-1.38358,1.45551,-1.4385,1.46659,-1.48213,1.39271,6,4,8,11,13,10,2,12,5,3,14,1,15,9,7
1.55859,-0.01456,1.55478,-0.04907,1.5718,-0.01939,1.59095,-0.02276,1.62743,0.01266,1.67847,0.04343,1.74163,0.07238,1.80657,0.13239,1.85446,0.17577,1.87243,0.20055,1.89752,0.274,1.91591,0.32234,1.94612,0.35901,1.98716,0.29051,2.00951,0.00659,2.01975,-0.4357,1.96639,-0.91627,1.87633,-1.38517,1.71607,-1.71362,1.46756,-1.906,1.13834,-1.86727,0.78927,-1.557,0.56907,-1.04337,0.50907,-0.34192,0.50281,0.20272,0.43976,0.55946,0.30619,0.84354,0.16605,0.91037,0.06884,0.72382,-0.02272,0.39045,-0.10158,-0.04241,-0.17294,-0.52554,-0.2272,-0.98246,-0.28406,-1.32562,-0.35346,-1.62043,-0.45231,-1.74989,-0.59225,-1.76538,-0.76294,-1.53497,-0.95256,-1.19392,-1.08176,-0.71063,-1.15847,-0.22978,-1.2357,0.2961,-1.26557,0.6769,-1.3057,1.10201,-1.36188,1.19834,6,8,5,12,15,9,2,11,7,4,14,1,13,10,3
1.44174,0.10908,1.45712,0.09939,1.45434,0.1169,1.47235,0.11374,1.51682,0.11237,1.58613,0.08112,1.62654,0.05957,1.67941,0.09287,1.66372,-0.13536,1.5793,-0.4631,1.44386,-0.68375,1.27496,-0.78144,1.08514,-0.73889,0.88793,-0.57858,0.71531,-0.31036,0.64632,0.03603,0.70012,0.35016,0.72872,0.67726,0.61607,0.98229,0.36771,1.16075,0.09629,1.21872,-0.17117,1.20345,-0.32775,1.01364,-0.40882,0.71248,-0.39835,0.26796,-0.37578,-0.15259,-0.35899,-0.48639,-0.38691,-0.80868,-0.4801,-1.08327,-0.65785,-1.25019,-0.86031,-1.31766,-1.05857,-1.25851,-1.1997,-1.02848,-1.28372,-0.70042,-1.31055,-0.34479,-1.29591,0.06814,-1.24955,0.49519,-1.20809,0.90844,-1.19327,1.30286,-1.24875,1.72601,-1.38135,1.93138,-1.51258,1.87534,-1.61955,1.61119,-1.65105,1.24028,-1.611,0.82178,5,6,8,11,13,9,2,12,7,3,14,1,15,10,4
1.44174,1.01164,1.47666,0.99039,1.48369,0.99669,1.49213,1.00733,1.50679,1.06005,1.48355,1.2503,1.55331,1.16358,1.64763,0.90898,1.69554,0.66274,1.72589,0.49089,1.71192,0.274,1.66155,0.08774,1.61186,-0.08823,1.51895,-0.21194,1.38826,-0.31036,1.21056,-0.34998,1.05559,-0.35012,0.93735,-0.26865,0.84324,-0.16627,0.73033,0.01475,0.65924,0.2331,0.60186,0.5052,0.56907,0.75039,0.50907,0.95959,0.44853,1.0844,0.36464,1.25522,0.2525,1.37875,0.12267,1.51043,0.04693,1.56283,-0.05619,1.58519,-0.16849,1.56353,-0.30414,1.51734,-0.44919,1.42702,-0.53905,1.27943,-0.56067,1.05995,-0.55777,0.82562,-0.55467,0.58942,-0.61454,0.40108,-0.67481,0.20804,-0.72917,0.05669,-0.787,-0.06874,-0.89422,-0.12854,-1.00238,-0.11472,-1.11976,-0.10493,-1.23305,0.00794,6,7,4,14,15,8,2,10,9,3,12,1,13,11,5
1.3249,1.12289,1.33017,1.12649,1.33687,1.15777,1.34384,1.16866,1.38616,1.17226,1.45279,1.12457,1.5115,1.06087,1.57345,1.02743,1.61074,1.01442,1.63165,0.87806,1.62946,0.71812,1.63104,0.54305,1.64223,0.35901,1.63092,0.22258,1.61608,0.06172,1.5619,-0.06402,1.48877,-0.11172,1.40105,-0.06707,1.29758,0.02517,1.17749,0.14389,1.06644,0.29773,0.98837,0.44025,0.93238,0.60224,0.89615,0.77832,0.86111,0.92111,0.81535,1.04488,0.73526,1.21655,0.62137,1.39693,0.48604,1.49829,0.33378,1.66481,0.13274,1.64222,-0.01988,1.56416,-0.12151,1.36563,-0.15142,1.1157,-0.13636,0.90224,-0.11679,0.70168,-0.12269,0.50867,-0.12302,0.30764,-0.15636,0.14125,-0.2188,-0.02409,-0.35982,-0.12244,-0.53433,-0.18162,-0.73009,-0.19254,-0.88071,-0.11747,-0.99255,0.04436,7,9,4,14,15,10,1,5,8,3,12,2,13,11,6
1.13989,1.02403,1.14459,1.00279,1.14106,1.00911,1.14618,0.99495,1.16495,0.93535,1.1963,0.88572,1.24995,0.81697,1.3297,0.73787,1.39886,0.62212,1.43271,0.49089,1.44386,0.34337,1.4581,0.18436,1.45994,0.06085,1.43754,0.00529,1.36755,-0.08985,1.27447,-0.16407,1.14443,-0.18625,1.03012,-0.14458,0.96285,-0.00674,0.88742,0.17618,0.82692,0.34624,0.77752,0.52148,0.7053,0.68456,0.61965,0.84422,0.55709,0.98642,0.51488,1.14198,0.45633,1.34631,0.33948,1.51043,0.20058,1.6112,0.06639,1.63294,-0.15736,1.67371,-0.32601,1.62647,-0.37519,1.50373,-0.41665,1.3092,-0.40279,1.07426,-0.39482,0.81187,-0.38563,0.60284,-0.37341,0.42779,-0.40635,0.26145,-0.48792,0.12397,-0.59197,-0.01504,-0.71888,-0.08875,-0.85716,-0.10172,-0.97807,-0.01689,-1.10423,0.16584,7,8,4,14,15,10,2,6,9,3,12,1,13,11,5
0.95488,1.03637,0.93947,1.11415,0.95506,1.09583,0.96825,1.06936,0.96391,1.06005,0.99115,0.93601,1.06163,0.80415,1.11772,0.65889,1.14457,0.48689,1.14997,0.28351,1.1346,0.12128,1.08166,0.01878,0.99397,-0.0747,0.87777,-0.08974,0.76707,-0.04847,0.68892,0.13615,0.63351,0.33522,0.60118,0.59975,0.53237,0.87059,0.4765,1.14464,0.4077,1.33179,0.29733,1.447,0.11497,1.58962,-0.05497,1.61857,-0.19206,1.62314,-0.33284,1.59503,-0.48772,1.5085,-0.60372,1.34824,-0.62279,1.09492,-0.62438,0.77278,-0.60367,0.50864,-0.55561,0.23862,-0.58663,-0.01563,-0.68187,-0.20917,-0.83696,-0.25878,-1.0275,-0.23488,-1.19324,-0.08337,-1.21739,0.1474,-1.24879,0.43501,-1.27662,0.72979,-1.30707,1.03202,-1.30951,1.29139,-1.3291,1.31273,-1.5448,1.44145,-1.74841,2.18226,6,8,4,13,15,9,2,7,10,3,12,1,14,11,5
1.33462,0.94984,1.34971,0.94089,1.33687,0.9719,1.35375,0.92048,1.38616,0.93535,1.4425,0.9737,1.50101,1.02238,1.54161,0.96163,1.55777,0.79802,1.55835,0.60151,1.54695,0.38498,1.51911,0.11534,1.43967,-0.15604,1.31541,-0.36135,1.1605,-0.36549,1.00828,-0.16407,0.93339,0.09682,0.90259,0.38263,0.90302,0.71112,0.85118,1.03161,0.71912,1.26716,0.53155,1.447,0.31934,1.58962,0.1109,1.58562,-0.06177,1.37824,-0.1719,1.04488,-0.31606,0.64891,-0.30019,0.34274,-0.21661,-0.00226,-0.22329,-0.37413,-0.35822,-0.64066,-0.61027,-0.75944,-0.91432,-0.73689,-1.10009,-0.59624,-1.19215,-0.17277,-1.15209,0.20588,-1.08992,0.5625,-1.07824,0.89511,-1.14698,1.18271,-1.40652,1.45675,-1.53926,1.63604,-1.71559,1.58337,-1.83735,1.41655,-1.8901,1.1397,-1.93737,0.95538,6,7,5,13,15,10,2,8,9,3,12,1,14,11,4
1.09121,0.87565,1.09576,0.86663,1.09212,0.89755,1.10663,0.89565,1.13481,0.83559,1.15525,0.73485,1.18716,0.58587,1.23431,0.46146,1.31406,0.21632,1.33846,-0.00683,1.29952,-0.18404,1.16308,-0.29854,0.98386,-0.30512,0.79632,-0.25271,0.66355,-0.07604,0.56111,0.13615,0.48908,0.39483,0.47364,0.61522,0.46067,0.88657,0.36771,1.12846,0.21605,1.29948,0.06311,1.31709,-0.15748,1.26047,-0.32037,1.15731,-0.40918,0.98642,-0.47237,0.7698,-0.49842,0.51915,-0.44111,0.26169,-0.42521,-0.01836,-0.47957,-0.29444,-0.63712,-0.49898,-0.818,-0.58792,-0.95656,-0.52202,-0.99809,-0.28364,-1.02442,0.04222,-1.0275,0.28853,-1.02419,0.61633,-0.99481,0.89511,-1.10994,1.07589,-1.29518,1.20098,-1.34423,1.34075,-1.70638,1.41086,-1.77383,1.15705,-1.7927,0.88824,-1.78276,0.77319,7,5,4,13,15,9,2,10,8,3,12,1,14,11,6
1.36381,0.22034,1.35946,0.23555,1.38581,0.24083,1.37352,0.26269,1.4163,0.3119,1.46303,0.34512,1.55331,0.35483,1.55224,0.42194,1.60017,0.43278,1.40126,0.39413,1.38203,0.32946,1.34617,0.21196,1.32823,0.08796,1.34593,0.05961,1.3365,-0.06229,1.29577,-0.16407,1.23327,-0.23092,1.1576,-0.23763,1.05848,-0.19817,0.94785,-0.13049,0.83888,-0.04156,0.73071,0.05058,0.62583,0.17441,0.54223,0.26766,0.45937,0.43125,0.42905,0.54324,0.4027,0.74622,0.37205,0.87793,0.34334,1.01427,0.30037,1.12325,0.25549,1.18565,0.10035,1.25224,-0.02636,1.35025,-0.15142,1.35383,-0.30414,1.34659,-0.43313,1.28013,-0.52651,1.24871,-0.59598,1.2022,-0.64705,1.18271,-0.59926,1.20098,-0.60128,1.11257,-0.6266,1.02601,-0.6484,0.89749,-0.73019,0.77511,-0.76923,0.61529,8,4,5,12,13,9,2,11,6,3,14,1,15,10,7
1.29565,0.49237,1.12505,0.48301,1.06276,0.41427,1.01767,0.4861,1.01417,0.46154,1.01162,0.35772,0.99889,0.25212,0.99056,0.15871,0.95382,0.01343,0.86729,-0.10359,0.7634,-0.17019,0.65437,-0.16056,0.54827,-0.0747,0.46045,0.03245,0.37364,0.17198,0.3056,0.32199,0.25581,0.49909,0.21862,0.66178,0.18565,0.90249,0.11388,1.17692,0.04836,1.34792,-0.03062,1.4308,-0.15748,1.44154,-0.28721,1.58562,-0.44179,1.68845,-0.53678,1.75686,-0.61645,1.81664,-0.723,1.78611,-0.83139,1.74029,-0.93636,1.66481,-1.01652,1.56353,-1.06948,1.45495,-1.07286,1.31955,-1.10009,1.16033,-1.10334,1.00261,-1.05624,0.88071,-1.03356,0.73741,-1.05974,0.64143,-1.09141,0.51513,-1.14671,0.37981,-1.19563,0.25345,-1.25416,0.20323,-1.22925,0.07997,-1.26144,0.0208,-1.26742,-0.11354,6,7,4,12,13,5,2,11,10,3,14,1,15,9,8
1.50014,0.64075,1.54503,0.59442,1.51304,0.55061,1.47235,0.4861,1.3359,0.48648,1.3194,0.54628,1.30225,0.35483,1.22374,0.14552,1.14457,-0.04069,1.02433,-0.13124,0.86654,-0.12852,0.69508,-0.07777,0.56854,0.03374,0.50117,0.19542,0.43573,0.37868,0.35883,0.57935,0.30026,0.7971,0.23019,1.12696,0.17372,1.38109,-0.06739,1.45131,-0.14329,1.63877,-0.26484,1.73931,-0.4186,1.80354,-0.64107,1.79977,-0.82182,1.68845,-0.94456,1.56266,-1.05627,1.42737,-1.11329,1.23474,-1.12786,1.03037,-1.14804,0.78868,-1.17267,0.57162,-1.1788,0.41014,-1.18915,0.21462,-1.15114,0.16298,-1.13293,0.07089,-1.19045,0.05434,-1.26834,0.13188,-1.3843,0.33434,-1.52654,0.58186,-1.69416,0.91828,-1.88285,1.23336,-2.0386,1.63645,-2.155,2.01348,-2.19115,2.22091,-2.16069,2.20655,4,9,6,12,14,7,2,11,10,3,13,1,15,8,5
1.30542,0.72727,1.34971,0.73052,1.36622,0.72405,1.32406,0.7591,1.43642,0.77327,1.43226,0.82283,1.55331,0.80415,1.6582,0.72468,1.55777,0.70329,1.506,0.73978,1.50574,0.74589,1.48861,0.55688,1.43967,0.35901,1.38666,0.19542,1.32617,0.04797,1.24254,-0.03543,1.14443,-0.06705,1.00693,-0.03606,0.84324,0.05708,0.69402,0.19228,0.56338,0.37856,0.43788,0.55395,0.37609,0.66807,0.30998,0.84422,0.23141,0.92111,0.12858,1.04488,0.13453,1.31387,0.09016,1.52668,-0.01897,1.77256,-0.1453,1.93559,-0.25779,2.02011,-0.3588,2.07871,-0.45979,2.08689,-0.51864,2.0535,-0.56067,1.99162,-0.6057,1.89992,-0.67672,1.8139,-0.73513,1.73627,-0.79519,1.60994,-0.8312,1.47024,-0.87059,1.30045,-0.92194,1.14543,-0.91164,1.06618,-0.89842,0.95113,-0.88948,0.80966,6,10,4,12,13,7,2,8,11,3,14,1,15,9,5
1.59755,0.31926,1.59387,0.33455,1.55222,0.35233,1.56132,0.33716,1.46656,0.36178,1.46303,0.35772,1.44871,0.38051,1.43565,0.44827,1.47303,0.39217,1.46411,0.50475,1.41294,0.37113,1.37668,0.23955,1.33834,0.07438,1.27468,-0.03542,1.19155,-0.14498,1.08281,-0.207,0.95561,-0.23092,0.77505,-0.1756,0.58022,-0.05456,0.40395,0.12771,0.25197,0.29773,0.14504,0.45652,0.06954,0.65165,0.05561,0.74536,0.04679,0.92111,0.02128,1.12576,0.04867,1.24899,-0.0183,1.36449,-0.15071,1.54673,-0.26788,1.6807,-0.36935,1.81539,-0.52283,1.92282,-0.62888,1.94879,-0.68187,1.90463,-0.7284,1.77663,-0.75908,1.6107,-0.81761,1.47745,-0.87423,1.38915,-0.93404,1.28953,-0.98898,1.18754,-1.03777,1.07226,-1.04189,0.90654,-0.99328,0.7158,-0.97807,0.53626,-0.94961,0.34803,5,8,4,12,13,7,2,11,10,3,14,1,15,9,6
1.19829,0.36872,1.18362,0.35931,1.12147,0.35233,1.04736,0.34959,1.04432,0.4366,1.00138,0.43316,0.96752,0.36764,0.92701,0.32982,0.91143,0.25688,0.85679,0.14524,0.79437,0.0519,0.67472,-0.00881,0.55843,0.02016,0.40956,0.10039,0.28044,0.21335,0.16722,0.36491,0.10029,0.49909,0.06789,0.63077,0.05411,0.80684,0.02928,1.0155,0.00049,1.20253,-0.08918,1.33337,-0.18019,1.40863,-0.41992,1.40441,-0.48519,1.42727,-0.60114,1.43327,-0.68079,1.41119,-0.71218,1.36449,-0.76555,1.32082,-0.88065,1.13914,-0.94955,0.9495,-0.98203,0.75324,-0.97771,0.59829,-0.97768,0.46066,-0.97504,0.32891,-0.98914,0.26098,-1.02419,0.14537,-1.08755,0.0539,-1.1377,-0.01893,-1.18379,-0.02409,-1.24206,0.02526,-1.3003,0.15014,-1.35632,0.31352,-1.39424,0.48597,-1.43062,0.62741,7,4,5,12,15,9,2,11,6,3,13,1,14,10,8
0.5167,0.35638,0.50969,0.32215,0.47538,0.22841,0.41474,0.03933,0.29037,-0.19936,0.1499,-0.40919,0.01552,-0.54381,-0.12212,-0.60474,-0.23292,-0.62238,-0.31589,-0.58751,-0.40162,-0.48942,-0.45454,-0.36756,-0.51526,-0.21026,-0.56748,-0.03542,-0.59961,0.13066,-0.59936,0.32199,-0.58837,0.54383,-0.59288,0.70827,-0.6274,0.85467,-0.67177,1.03161,-0.70618,1.17021,-0.74509,1.23593,-0.81595,1.30988,-0.85119,1.28905,-0.98466,1.29664,-1.11621,1.20671,-1.2494,1.02192,-1.40606,0.78062,-1.52308,0.53019,-1.62712,0.29494,-1.64131,0.03635,-1.61613,-0.24482,-1.56968,-0.47601,-1.55918,-0.65579,-1.56709,-0.76047,-1.62181,-0.82707,-1.72849,-0.8638,-1.82949,-0.92079,-1.89686,-0.82004,-1.9354,-0.64334,-1.95715,-0.40432,-2.00169,-0.11529,-2.07332,0.19674,-2.1026,0.42313,-2.09197,0.63959,5,4,8,11,13,7,3,12,9,2,14,1,15,6,10
0.19536,0.43052,0.19716,0.42116,0.20133,0.42669,0.20723,0.42401,0.23002,0.39921,0.20119,0.30743,0.14105,0.14941,0.06859,-0.01245,-0.01041,-0.14892,-0.096,-0.26952,-0.18511,-0.309,-0.2714,-0.28477,-0.36334,-0.18315,-0.42504,-0.06258,-0.49609,0.03416,-0.55676,0.19334,-0.6106,0.43949,-0.61607,0.77031,-0.65132,0.99821,-0.70802,1.19303,-0.76612,1.25104,-0.80365,1.28461,-0.8727,1.26047,-0.9397,1.2067,-1.01721,1.11705,-1.1055,0.98015,-1.1743,0.79485,-1.23257,0.6185,-1.22668,0.36883,-1.21492,0.10378,-1.21732,-0.18408,-1.23345,-0.43196,-1.25255,-0.62949,-1.31431,-0.7302,-1.43879,-0.7318,-1.53553,-0.62049,-1.57823,-0.51398,-1.57906,-0.41337,-1.54506,-0.16584,-1.45291,0.11054,-1.39066,0.34739,-1.36491,0.54823,-1.38358,0.7158,-1.42967,0.8254,-1.47356,0.90679,7,4,5,11,15,9,3,12,6,2,13,1,14,10,8
0.59458,0.13381,0.5976,0.13654,0.60267,0.12927,0.61245,0.15101,0.63215,0.16225,0.66284,0.1817,0.69553,0.12374,0.69383,-0.01245,0.64657,-0.21653,0.56366,-0.42165,0.4438,-0.58655,0.31864,-0.68489,0.17353,-0.72531,0.04317,-0.71439,-0.07161,-0.65488,-0.14151,-0.53582,-0.22181,-0.37992,-0.27985,-0.16012,-0.31653,0.05708,-0.3454,0.27303,-0.44269,0.44312,-0.53425,0.57016,-0.58887,0.66807,-0.64107,0.81127,-0.70236,0.88845,-0.79432,0.89927,-0.89537,0.89216,-0.99407,0.84549,-1.07297,0.78837,-1.14804,0.64534,-1.17267,0.41417,-1.13505,0.12941,-1.0834,-0.19974,-1.03891,-0.46222,-1.01453,-0.66009,-0.9987,-0.79952,-0.99603,-0.85037,-1.04118,-0.89408,-1.18398,-0.92687,-1.36939,-0.88568,-1.51137,-0.79361,-1.60485,-0.68589,-1.63771,-0.67269,-1.64217,-0.60779,-1.61957,-0.42939,9,5,3,11,15,7,2,14,6,4,13,1,12,10,8
0.5167,0.35638,0.50969,0.32215,0.47538,0.22841,0.41474,0.03933,0.29037,-0.19936,0.1499,-0.40919,0.01552,-0.54381,-0.12212,-0.60474,-0.23292,-0.62238,-0.31589,-0.58751,-0.40162,-0.48942,-0.45454,-0.36756,-0.51526,-0.21026,-0.56748,-0.03542,-0.59961,0.13066,-0.59936,0.32199,-0.58837,0.54383,-0.59288,0.70827,-0.6274,0.85467,-0.67177,1.03161,-0.70618,1.17021,-0.74509,1.23593,-0.81595,1.30988,-0.85119,1.28905,-0.98466,1.29664,-1.11621,1.20671,-1.2494,1.02192,-1.40606,0.78062,-1.52308,0.53019,-1.62712,0.29494,-1.64131,0.03635,-1.61613,-0.24482,-1.56968,-0.47601,-1.55918,-0.65579,-1.56709,-0.76047,-1.62181,-0.82707,-1.72849,-0.8638,-1.82949,-0.92079,-1.89686,-0.82004,-1.9354,-0.64334,-1.95715,-0.40432,-2.00169,-0.11529,-2.07332,0.19674,-2.1026,0.42313,-2.09197,0.63959,5,4,8,11,13,7,3,12,9,2,14,1,15,6,10
0.19536,0.43052,0.19716,0.42116,0.20133,0.42669,0.20723,0.42401,0.23002,0.39921,0.20119,0.30743,0.14105,0.14941,0.06859,-0.01245,-0.01041,-0.14892,-0.096,-0.26952,-0.18511,-0.309,-0.2714,-0.28477,-0.36334,-0.18315,-0.42504,-0.06258,-0.49609,0.03416,-0.55676,0.19334,-0.6106,0.43949,-0.61607,0.77031,-0.65132,0.99821,-0.70802,1.19303,-0.76612,1.25104,-0.80365,1.28461,-0.8727,1.26047,-0.9397,1.2067,-1.01721,1.11705,-1.1055,0.98015,-1.1743,0.79485,-1.23257,0.6185,-1.22668,0.36883,-1.21492,0.10378,-1.21732,-0.18408,-1.23345,-0.43196,-1.25255,-0.62949,-1.31431,-0.7302,-1.43879,-0.7318,-1.53553,-0.62049,-1.57823,-0.51398,-1.57906,-0.41337,-1.54506,-0.16584,-1.45291,0.11054,-1.39066,0.34739,-1.36491,0.54823,-1.38358,0.7158,-1.42967,0.8254,-1.47356,0.90679,7,4,5,11,15,9,3,12,6,2,13,1,14,10,8
0.59458,0.13381,0.5976,0.13654,0.60267,0.12927,0.61245,0.15101,0.63215,0.16225,0.66284,0.1817,0.69553,0.12374,0.69383,-0.01245,0.64657,-0.21653,0.56366,-0.42165,0.4438,-0.58655,0.31864,-0.68489,0.17353,-0.72531,0.04317,-0.71439,-0.07161,-0.65488,-0.14151,-0.53582,-0.22181,-0.37992,-0.27985,-0.16012,-0.31653,0.05708,-0.3454,0.27303,-0.44269,0.44312,-0.53425,0.57016,-0.58887,0.66807,-0.64107,0.81127,-0.70236,0.88845,-0.79432,0.89927,-0.89537,0.89216,-0.99407,0.84549,-1.07297,0.78837,-1.14804,0.64534,-1.17267,0.41417,-1.13505,0.12941,-1.0834,-0.19974,-1.03891,-0.46222,-1.01453,-0.66009,-0.9987,-0.79952,-0.99603,-0.85037,-1.04118,-0.89408,-1.18398,-0.92687,-1.36939,-0.88568,-1.51137,-0.79361,-1.60485,-0.68589,-1.63771,-0.67269,-1.64217,-0.60779,-1.61957,-0.42939,9,5,3,11,15,7,2,14,6,4,13,1,12,10,8
0.76011,0.92511,0.75389,0.92854,0.76907,0.93475,0.7706,0.95769,0.76282,0.99773,0.72436,1.03659,0.63273,1.11223,0.52432,1.17226,0.38165,1.20382,0.28093,1.19605,0.20666,1.16225,0.16605,1.05355,0.18364,0.94187,0.21619,0.86084,0.28044,0.75076,0.36951,0.72232,0.5113,0.7375,0.6707,0.73929,0.84324,0.72704,1.03245,0.72494,1.17425,0.65321,1.26946,0.53768,1.31834,0.37183,1.32742,0.1688,1.28458,-0.0912,1.16947,-0.3953,1.01418,-0.66477,0.85993,-0.75999,0.7166,-0.69601,0.55664,-0.54933,0.36706,-0.38873,0.13319,-0.29164,-0.07921,-0.32253,-0.25342,-0.4176,-0.35346,-0.55978,-0.40439,-0.74448,-0.39504,-0.93111,-0.33634,-1.09435,-0.22117,-1.20725,-0.0889,-1.28952,0.08598,-1.29029,0.25012,-1.25654,0.40439,-1.24366,0.54485,-1.27407,0.64799,-1.32824,5,10,6,15,14,11,7,3,8,9,1,12,2,13,4
0.49722,0.82619,0.4804,0.81713,0.50479,0.83561,0.48393,0.85839,0.43106,0.91041,0.34482,0.9737,0.25614,1.02238,0.17461,1.04062,0.13794,1.01442,0.13433,0.96102,0.13449,0.84302,0.06433,0.76382,0.06209,0.58949,0.10426,0.48058,0.19758,0.39249,0.33758,0.36491,0.5113,0.35016,0.74029,0.38263,0.97478,0.36015,1.17749,0.3376,1.30603,0.21697,1.39831,0.11553,1.37509,-0.00665,1.33851,-0.22663,1.27369,-0.45043,1.19094,-0.67037,1.08928,-0.76209,0.93583,-0.79243,0.77149,-0.77672,0.57888,-0.70863,0.36706,-0.62488,0.15501,-0.60348,-0.05806,-0.62949,-0.21265,-0.71534,-0.31398,-0.81774,-0.35646,-0.93726,-0.36684,-1.06568,-0.3456,-1.16108,-0.27674,-1.24733,-0.17242,-1.30301,-0.0162,-1.31708,0.14863,-1.25654,0.31364,-1.1788,0.45631,-1.14839,0.60505,-1.13387,5,9,6,15,14,11,8,3,7,10,2,12,1,13,4
0.46797,0.93745,0.4706,0.94089,0.47538,0.94712,0.46421,0.98251,0.39089,1.04761,0.23196,1.14972,0.05738,1.21493,-0.11155,1.18539,-0.16932,1.16326,-0.1693,1.05778,-0.12322,0.89854,-0.06795,0.72239,-0.01892,0.58949,0.06354,0.50774,0.15621,0.50274,0.3269,0.47923,0.54461,0.48423,0.78667,0.52217,1.01064,0.47179,1.17749,0.36988,1.29401,0.15234,1.32801,-0.11182,1.30701,-0.40156,1.25,-0.6385,1.13257,-0.84225,0.96559,-1.01018,0.78895,-1.10266,0.59973,-1.08437,0.37626,-1.00263,0.12209,-0.91569,-0.15736,-0.90829,-0.36976,-0.97778,-0.45979,-1.15126,-0.43706,-1.3554,-0.33372,-1.53448,-0.20308,-1.6397,-0.05695,-1.71155,0.10885,-1.73523,0.29724,-1.75468,0.49563,-1.73378,0.69891,-1.69297,0.87768,-1.69448,1.01245,-1.74977,1.09385,-1.80212,1.129,-1.85058,5,11,6,15,14,10,9,3,7,8,2,13,1,12,4
-0.91474,0.62835,-0.98473,0.64392,-1.05173,0.60018,-1.14686,0.5233,-1.23776,0.4366,-1.32737,0.35772,-1.36537,0.2778,-1.31962,0.19818,-1.1759,0.12165,-0.9965,0.03462,-0.80368,-0.01753,-0.56641,0.00496,-0.34308,0.03374,-0.16036,0.04606,-0.00946,0.04797,0.06077,0.17901,0.15583,0.17135,0.19543,0.11903,0.19758,-0.02265,0.15013,-0.13049,0.04836,-0.23546,-0.10087,-0.32289,-0.25966,-0.38514,-0.41992,-0.47373,-0.56119,-0.5647,-0.66555,-0.75125,-0.77735,-0.74583,-0.87479,-0.75999,-0.91926,-0.77672,-0.90295,-0.85197,-0.82679,-0.95549,-0.68681,-1.00897,-0.51264,-0.98246,-0.32483,-0.89392,-0.11667,-0.83211,0.05572,-0.81332,0.21536,-0.83689,0.33143,-0.8807,0.38057,-0.98028,0.3936,-1.10104,0.3367,-1.19629,0.25937,-1.26979,0.15931,-1.32153,0.04015,-1.29921,-0.08209,-1.25535,5,7,8,13,14,9,11,10,4,6,3,15,1,12,2
0.76987,0.86326,0.78318,0.85428,0.77889,0.8604,0.80024,0.87083,0.81313,0.89797,0.85775,0.93601,0.89429,0.99671,0.94821,1.08008,0.99622,1.1497,1.02433,1.20985,1.083,1.23168,1.2241,1.13634,1.26749,1.03679,1.32557,0.94232,1.27441,0.91614,1.13603,0.95103,0.92231,1.02057,0.63594,1.06493,0.40089,1.03012,0.24686,0.8218,0.19209,0.50775,0.29733,0.06678,0.45556,-0.18765,0.63068,-0.37488,0.796,-0.5647,0.93341,-0.7351,1.03565,-0.95672,1.09844,-1.16542,1.11189,-1.37372,1.00231,-1.52097,0.77991,-1.66399,0.55956,-1.69512,0.35417,-1.6424,0.14439,-1.60851,-0.01796,-1.64909,-0.11679,-1.73608,-0.15089,-1.83263,-0.09517,-1.9355,0.01954,-2.06177,0.15235,-2.17804,0.29954,-2.25675,0.46239,-2.29165,0.6222,-2.2429,0.74851,-2.22954,0.794,-2.39719,5,12,6,15,14,8,7,2,11,9,3,10,1,13,4
0.5459,0.73961,0.54877,0.74287,0.53414,0.74884,0.54326,0.7591,0.55175,0.78571,0.59102,0.82283,0.62229,0.86832,0.67268,0.93531,0.74188,1.00092,0.83589,1.05778,0.92837,1.07897,1.05116,1.09491,1.17631,1.0639,1.32557,1.03735,1.49179,0.99883,1.63643,0.95103,1.75534,0.9163,1.88796,0.86336,1.94324,0.80684,1.91478,0.70883,1.79708,0.70165,1.63253,0.71635,1.40913,0.70099,1.20575,0.67953,1.00229,0.69251,0.81535,0.75359,0.64946,0.79485,0.49127,0.78062,0.35429,0.70772,0.25579,0.58162,0.19971,0.42995,0.18785,0.28537,0.23787,0.07645,0.3382,-0.11985,0.48522,-0.24441,0.64048,-0.28998,0.80698,-0.28525,0.9899,-0.25319,1.18601,-0.21925,1.38641,-0.21258,1.56257,-0.22978,1.68058,-0.30104,1.72036,-0.40018,1.7048,-0.5449,1.63576,-0.6723,8,10,3,15,14,11,4,1,5,6,7,13,9,12,2
0.1564,1.5433,0.16782,1.54727,0.12298,1.6039,-0.03003,1.6403,-0.2626,1.62119,-0.52718,1.58974,-0.7063,1.49738,-0.82154,1.39602,-0.7203,1.3526,-0.58812,1.30667,-0.39128,1.28721,-0.12896,1.28808,0.12289,1.29431,0.36889,1.32252,0.6014,1.24691,0.73147,1.1226,0.8001,0.9461,0.80987,0.73929,0.65199,0.5356,0.40395,0.45056,0.13221,0.54007,-0.17117,0.58643,-0.49807,0.53641,-0.7959,0.36645,-0.97377,0.07209,-0.9982,-0.23347,-0.88461,-0.50257,-0.71218,-0.74381,-0.50206,-0.77672,-0.30129,-0.67677,-0.02347,-0.64066,0.29717,-0.66587,0.55501,-0.76759,0.74624,-0.9237,0.87006,-1.13311,0.88971,-1.37802,0.83513,-1.55007,0.63748,-1.68182,0.38057,-1.72798,0.11522,-1.67993,-0.12763,-1.63927,-0.34052,-1.65464,-0.48507,-1.68491,-0.53536,-1.77698,-0.4944,-1.85058,5,11,6,15,14,8,9,3,10,7,2,12,1,13,4
0.56538,1.17235,0.56831,1.176,0.56349,1.18255,0.50371,1.20592,0.37077,1.25958,0.18067,1.33828,-0.05771,1.33045,-0.20693,1.31703,-0.2859,1.25793,-0.28449,1.20985,-0.17477,1.07897,0.01347,0.9294,0.2039,0.87412,0.40956,0.87439,0.65316,0.8197,0.8699,0.73659,0.97784,0.60343,1.0185,0.46014,0.99871,0.24852,0.87536,0.09543,0.63527,0.0392,0.36764,0.05058,0.06954,-0.03957,-0.1987,-0.27602,-0.33318,-0.59736,-0.33284,-0.89693,-0.25166,-1.07022,-0.0942,-1.21412,0.12373,-1.29301,0.36719,-1.2343,0.64602,-1.16021,0.95314,-1.25851,1.16813,-1.51961,1.23592,-1.7871,1.15618,-1.96446,0.94725,-2.01156,0.65672,-1.98063,0.39635,-1.94888,0.13987,-2.00836,-0.07038,-2.15111,-0.14621,-2.28359,-0.10057,-2.39781,-0.0494,-2.39862,0.00476,-2.33012,0.03816,-2.26357,5,13,6,15,14,7,9,3,10,8,2,11,1,12,4
0.73091,0.9993,0.73435,0.99039,0.7299,1.00911,0.73105,1.01977,0.74276,1.04761,0.78594,1.08688,0.82106,1.15077,0.75744,1.23805,0.50879,1.36616,0.31232,1.38963,0.15512,1.34273,0.12534,1.24672,0.18364,1.0639,0.32816,0.98303,0.49788,0.9437,0.65694,0.93676,0.90008,0.96097,1.19237,0.92539,1.38128,0.75895,1.44344,0.43438,1.40182,0.08771,1.24602,-0.06313,0.98913,-0.08891,0.7081,-0.16072,0.41598,-0.20547,0.18222,-0.34671,0.0165,-0.68095,-0.0183,-0.95462,0.04693,-1.13165,0.22238,-1.21833,0.47862,-1.27039,0.70172,-1.21168,0.93554,-1.19734,1.12369,-1.34054,1.18577,-1.59176,1.1773,-1.84627,1.08866,-2.00754,0.88786,-2.04233,0.64903,-2.02174,0.44924,-1.94919,0.21595,-1.88091,-0.02676,-1.92007,-0.1583,-1.99632,-0.17235,-2.09125,-0.1594,-2.15425,6,12,5,15,14,9,7,3,10,8,2,11,1,13,4
-0.29155,1.5433,-0.29125,1.54727,-0.28818,1.52954,-0.28701,1.51619,-0.30278,1.55881,-0.36303,1.61488,-0.4866,1.68993,-0.57779,1.77775,-0.65675,1.82607,-0.71376,1.77674,-0.72122,1.66196,-0.66819,1.49503,-0.55579,1.34854,-0.40468,1.29536,-0.22689,1.37091,-0.03506,1.45142,0.18919,1.43778,0.40412,1.35955,0.52044,1.14183,0.54899,0.83797,0.51551,0.54007,0.41444,0.40777,0.21715,0.38833,0.00032,0.36645,-0.21378,0.31698,-0.39725,0.13871,-0.55205,-0.08094,-0.60372,-0.32212,-0.57892,-0.48628,-0.50186,-0.62895,-0.34703,-0.75084,-0.12925,-0.82182,0.05818,-0.76759,0.25662,-0.74512,0.45564,-0.87508,0.6213,-1.11635,0.71303,-1.37516,0.69315,-1.575,0.57499,-1.66124,0.36572,-1.73378,0.15099,-1.73321,-0.03597,-1.66794,-0.22183,-1.633,-0.3583,-1.6764,-0.43428,-1.74127,5,11,6,15,14,8,9,3,10,7,2,13,1,12,4
0.36089,1.22181,0.37294,1.2255,0.3775,1.23212,0.35547,1.24313,0.3004,1.29696,0.1909,1.35088,0.07831,1.39467,-0.01616,1.40915,-0.12693,1.40672,-0.22164,1.36198,-0.27785,1.34273,-0.26124,1.27432,-0.17089,1.14517,-0.01792,1.06452,0.13549,1.06777,0.33758,1.094,0.54461,1.08017,0.77505,1.01844,0.91501,0.82276,1.00827,0.56352,0.97065,0.29773,0.8127,0.13174,0.62583,0.04275,0.43165,-0.01247,0.25308,-0.04225,0.10711,-0.05549,-0.04783,-0.09712,-0.19173,-0.22481,-0.29347,-0.42173,-0.3347,-0.66081,-0.26892,-0.86109,-0.10738,-0.99334,0.12163,-1.05917,0.34843,-1.0428,0.54445,-0.97546,0.7555,-1.03371,0.92903,-1.22711,1.01771,-1.42814,0.99159,-1.64786,0.85753,-1.78763,0.64317,-1.84061,0.39779,-1.8139,0.17747,-1.72381,-0.03955,-1.65125,-0.20234,-1.5955,6,11,5,15,14,9,8,3,10,7,1,13,2,12,4
0.42905,1.12289,0.43157,1.12649,0.40685,1.12061,0.43452,1.13145,0.40092,1.18476,0.32429,1.27545,0.16198,1.34332,-0.00559,1.42235,-0.16932,1.42027,-0.29494,1.40343,-0.32945,1.25945,-0.20018,1.16393,0.05199,1.03679,0.37904,0.98303,0.66355,0.99883,0.90183,0.95103,1.04445,0.8567,1.06489,0.66178,0.92694,0.5037,0.70614,0.41827,0.44362,0.44312,0.15679,0.47272,-0.0894,0.3225,-0.27612,0.08639,-0.36579,-0.20547,-0.34361,-0.50854,-0.23025,-0.74583,-0.06163,-0.80868,0.09081,-0.76055,0.30037,-0.61305,0.55673,-0.70364,0.82194,-0.9154,0.96729,-1.15126,0.9707,-1.48942,0.82073,-1.69213,0.57337,-1.65344,0.30925,-1.55007,0.01612,-1.52159,-0.24897,-1.58113,-0.38584,-1.72029,-0.38767,-1.88091,-0.28512,-1.95991,-0.14019,-1.99632,-0.00412,-1.9404,0.13261,-1.92346,6,12,5,15,14,7,9,3,10,8,2,11,1,13,4
-0.2623,1.76581,-0.22288,1.78238,-0.11195,1.76497,-0.00034,1.76437,0.13953,1.73339,0.34482,1.65257,0.56994,1.48452,0.72566,1.33017,0.56177,1.23087,0.46942,1.1684,0.29946,1.10673,0.11519,1.05355,-0.09999,1.03679,-0.30286,1.01019,-0.4857,0.90239,-0.66321,0.85097,-0.8105,0.7673,-0.91748,0.66178,-0.91435,0.45587,-0.82887,0.28914,-0.65831,0.13615,-0.44057,0.0343,-0.19152,-0.03957,0.0667,-0.11133,0.29652,-0.25449,0.47194,-0.46003,0.61729,-0.68095,0.74065,-0.87356,0.81542,-1.0671,0.79057,-1.20244,0.67948,-1.28617,0.45024,-1.35201,0.19563,-1.33544,-0.04943,-1.26607,-0.25481,-1.16178,-0.414,-1.06125,-0.52651,-1.06568,-0.55892,-1.13438,-0.56372,-1.23395,-0.53431,-1.3703,-0.48053,-1.49163,-0.38666,-1.56176,-0.26725,-1.55513,-0.13692,-1.52552,0.00379,-1.53473,5,11,6,14,15,9,8,3,10,7,2,12,1,13,4
0.02979,0.98691,0.01158,1.00279,-0.00425,1.03389,-0.02012,1.06936,-0.12185,1.13487,-0.27074,1.20001,-0.40294,1.29197,-0.58842,1.38283,-0.75207,1.39322,-0.9127,1.32047,-1.00991,1.25945,-1.04457,1.12251,-1.0825,0.96898,-1.08657,0.82007,-1.0448,0.73701,-0.96133,0.66513,-0.87717,0.5587,-0.76675,0.53772,-0.55563,0.59942,-0.28497,0.66037,0.0244,0.6209,0.29733,0.53768,0.53503,0.40475,0.75235,0.26766,0.95884,0.07209,1.148,-0.16874,1.31458,-0.40526,1.46704,-0.63024,1.562,-0.8251,1.58168,-1.01127,1.46048,-1.20741,1.24836,-1.36764,0.98844,-1.47354,0.74624,-1.48942,0.52471,-1.4198,0.32414,-1.26783,0.11205,-1.10602,-0.10447,-0.96082,-0.3045,-0.83342,-0.46936,-0.75105,-0.61986,-0.68621,-0.72813,-0.67265,-0.81178,-0.68569,-0.83644,-0.70837,-0.82936,-0.76948,5,9,6,15,14,11,10,3,7,8,1,13,2,12,4
0.1272,1.49384,0.11899,1.49777,0.10339,1.50476,-0.03003,1.56583,-0.27263,1.64613,-0.52718,1.75315,-0.79002,1.83113,-1.00169,1.81721,-1.1759,1.71784,-1.28963,1.62467,-1.33979,1.49539,-1.30908,1.28808,-1.28506,1.09095,-1.24943,0.92871,-1.16904,0.80589,-1.02523,0.708,-0.86609,0.66303,-0.67403,0.67726,-0.44801,0.71112,-0.20037,0.72494,0.04836,0.71785,0.29733,0.66759,0.51232,0.56933,0.67493,0.3994,0.80683,0.20272,0.91194,-0.00691,0.96055,-0.22688,0.91413,-0.43569,0.77149,-0.58309,0.60117,-0.66081,0.40052,-0.67215,0.19876,-0.6503,-0.01581,-0.59879,-0.20242,-0.55155,-0.39295,-0.54541,-0.58652,-0.5241,-0.74246,-0.5409,-0.89278,-0.60031,-1.02661,-0.67319,-1.12815,-0.77798,-1.2049,-0.88755,-1.20803,-1.00441,-1.12034,-1.13989,-1.00467,-1.31181,-0.85511,-1.46184,5,9,7,15,14,10,8,3,11,6,1,12,2,13,4
0.10772,1.0611,0.11899,1.07699,0.12298,1.09583,0.10835,1.06936,-0.05148,1.15982,-0.26045,1.22515,-0.4866,1.30478,-0.71558,1.3565,-0.93224,1.3526,-1.13259,1.27902,-1.26762,1.1484,-1.37015,0.98459,-1.41677,0.79279,-1.42245,0.63,-1.43824,0.48893,-1.4511,0.35058,-1.44369,0.24582,-1.39275,0.16552,-1.28499,0.16872,-1.04645,0.14389,-0.73014,0.07152,-0.44057,-0.04686,-0.19152,-0.13824,0.01142,-0.24307,0.1988,-0.40141,0.38611,-0.57327,0.54219,-0.79453,0.65394,-1.03574,0.76053,-1.27691,0.81286,-1.45725,0.77991,-1.56952,0.62518,-1.61717,0.41762,-1.6424,0.19539,-1.59359,-0.01796,-1.52011,-0.20308,-1.43312,-0.3481,-1.40207,-0.47544,-1.42814,-0.57301,-1.48763,-0.65491,-1.57222,-0.74057,-1.63927,-0.8112,-1.69448,-0.839,-1.73682,-0.81872,-1.77698,-0.76923,-1.8627,5,10,6,14,15,8,11,3,9,7,2,12,1,13,4
-0.28178,1.16002,-0.4182,1.15125,-0.64058,1.07104,-0.88002,1.03216,-1.07689,0.98523,-1.24532,0.92341,-1.40724,0.84264,-1.48919,0.75101,-1.49379,0.68979,-1.45717,0.67062,-1.36042,0.60708,-1.22772,0.50169,-1.0825,0.38613,-0.94408,0.30406,-0.81704,0.26848,-0.66321,0.2362,-0.47731,0.29056,-0.23352,0.3206,0.03025,0.31233,0.29516,0.24075,0.56338,0.13615,0.76583,0.0181,0.96642,-0.12182,1.13943,-0.30897,1.26286,-0.61372,1.34118,-0.99403,1.36821,-1.34592,1.34781,-1.65199,1.28751,-1.84163,1.14713,-1.95105,0.95839,-2.02609,0.72359,-2.08498,0.49161,-2.05676,0.26679,-1.96574,0.05111,-1.84978,-0.14559,-1.69479,-0.32931,-1.6039,-0.4847,-1.52159,-0.62853,-1.50101,-0.73843,-1.50493,-0.84274,-1.51848,-0.89422,-1.50868,-0.94791,-1.54218,-0.9604,-1.55067,-0.96679,-1.61979,5,9,6,15,14,11,10,4,8,7,2,12,1,13,3
-0.25259,0.90038,-0.25217,0.91613,-0.249,0.90997,-0.21782,0.93286,-0.10174,0.96029,0.00628,0.9737,0.23521,0.95816,0.42893,0.92211,0.52999,0.81152,0.61601,0.65682,0.75312,0.64875,0.78665,0.48786,0.78125,0.23704,0.70476,0.03245,0.55997,-0.17254,0.38013,-0.26419,0.11144,-0.27565,-0.1987,-0.20661,-0.51978,-0.15028,-0.80468,-0.14667,-1.0296,-0.26777,-1.21359,-0.42033,-1.34952,-0.59906,-1.49264,-0.72084,-1.5818,-0.87491,-1.62057,-0.97781,-1.61413,-1.00534,-1.57954,-1.2303,-1.53404,-1.406,-1.4489,-1.55283,-1.26197,-1.72697,-1.09135,-1.86664,-0.91432,-1.90328,-0.70228,-1.86157,-0.41264,-1.79244,-0.14559,-1.76363,0.05573,-1.83263,0.21084,-1.9355,0.32505,-2.04845,0.41211,-2.12418,0.43887,-2.2299,0.37011,-2.27838,0.27732,-2.21695,0.15528,-2.22954,0.02955,-2.20284,5,12,6,14,15,7,10,3,11,9,2,8,1,13,4
-0.66157,1.34546,-0.76007,1.36166,-0.97339,1.26933,-1.17655,1.11901,-1.35839,0.96029,-1.471,0.89826,-1.41767,0.70145,-1.13948,0.47459,-0.7839,0.41922,-0.39963,0.57386,0.00049,0.80141,0.27798,0.86038,0.39635,0.68435,0.45029,0.56207,0.35292,0.2271,0.20977,-0.0211,0.0559,-0.11172,-0.16393,-0.19114,-0.36432,-0.19817,-0.56298,-0.16278,-0.73014,-0.07387,-0.95588,-0.14429,-1.13382,-0.25348,-1.26039,-0.35844,-1.32123,-0.5647,-1.34156,-0.86457,-1.2601,-1.11885,-1.05909,-1.26274,-0.7765,-1.29301,-0.45728,-1.17057,-0.16849,-0.92407,0.12223,-0.75944,0.34362,-0.61411,0.36884,-0.68557,0.26817,-0.94679,0.16119,-1.13009,0.02752,-1.32133,-0.18795,-1.53497,-0.44339,-1.67457,-0.69204,-1.72029,-0.92633,-1.77351,-1.10649,-1.8272,-1.15666,-1.97036,-1.02239,-2.06611,-0.82936,-2.04493,5,10,6,14,15,7,11,4,9,8,2,13,1,12,3
-0.34995,1.48145,-0.35963,1.48536,-0.34688,1.50476,-0.34629,1.51619,-0.343,1.55881,-0.34256,1.60228,-0.35064,1.70274,-0.44006,1.77775,-0.56138,1.86668,-0.78706,1.92881,-0.96865,1.88399,-1.04457,1.81241,-1.03186,1.47051,-0.92372,1.26819,-0.68247,1.09534,-0.4077,1.00822,-0.15514,1.1249,0.12591,1.46815,0.32913,1.49273,0.45232,1.27378,0.5035,0.92787,0.42619,0.52148,0.17173,0.12501,-0.12129,-0.06186,-0.36579,-0.05854,-0.52602,0.02546,-0.69155,0.01638,-0.78808,-0.14375,-0.74358,-0.4379,-0.57985,-0.72453,-0.33589,-0.79811,-0.10738,-0.69706,0.13218,-0.5681,0.31779,-0.53669,0.46548,-0.66009,0.4967,-0.88216,0.41257,-1.03877,0.24795,-1.06764,0.01025,-1.00698,-0.2188,-0.92604,-0.35982,-0.92785,-0.37745,-1.07074,-0.2491,-1.20475,-0.07493,-1.28667,0.0811,-1.31612,5,11,7,15,14,8,9,3,10,6,2,13,1,12,4
-0.00913,1.61749,-0.00796,1.63387,-0.03366,1.64105,-0.06953,1.6403,-0.21234,1.62119,-0.45537,1.58974,-0.66449,1.51019,-0.77914,1.46181,-0.80504,1.36616,-0.86036,1.20985,-0.85522,0.94022,-0.7292,0.66726,-0.45451,0.46746,-0.10948,0.45342,0.2183,0.53031,0.51856,0.62221,0.81118,0.6779,1.0185,0.64624,1.0824,0.40805,1.03245,0.01475,0.91077,-0.33241,0.71897,-0.55024,0.4896,-0.76363,0.22153,-0.91856,-0.06177,-0.97288,-0.34361,-0.88071,-0.60569,-0.82696,-0.8531,-0.74381,-1.06196,-0.71218,-1.22604,-0.83607,-1.23965,-1.08145,-1.06948,-1.32089,-0.78747,-1.48892,-0.48805,-1.51919,-0.21532,-1.46277,0.01736,-1.33667,0.19657,-1.18676,0.34998,-1.0009,0.44538,-0.95357,0.49563,-1.02026,0.44814,-1.12919,0.30551,-1.2433,0.16842,-1.29557,0.03132,-1.3621,-0.09928,-1.4133,5,11,7,14,15,10,9,3,8,6,2,12,1,13,4
-0.66157,1.34546,-0.76007,1.36166,-0.97339,1.26933,-1.17655,1.11901,-1.35839,0.96029,-1.471,0.89826,-1.41767,0.70145,-1.13948,0.47459,-0.7839,0.41922,-0.39963,0.57386,0.00049,0.80141,0.27798,0.86038,0.39635,0.68435,0.45029,0.56207,0.35292,0.2271,0.20977,-0.0211,0.0559,-0.11172,-0.16393,-0.19114,-0.36432,-0.19817,-0.56298,-0.16278,-0.73014,-0.07387,-0.95588,-0.14429,-1.13382,-0.25348,-1.26039,-0.35844,-1.32123,-0.5647,-1.34156,-0.86457,-1.2601,-1.11885,-1.05909,-1.26274,-0.7765,-1.29301,-0.45728,-1.17057,-0.16849,-0.92407,0.12223,-0.75944,0.34362,-0.61411,0.36884,-0.68557,0.26817,-0.94679,0.16119,-1.13009,0.02752,-1.32133,-0.18795,-1.53497,-0.44339,-1.67457,-0.69204,-1.72029,-0.92633,-1.77351,-1.10649,-1.8272,-1.15666,-1.97036,-1.02239,-2.06611,-0.82936,-2.04493,5,10,6,14,15,7,11,4,9,8,2,13,1,12,3
-0.34995,1.48145,-0.35963,1.48536,-0.34688,1.50476,-0.34629,1.51619,-0.343,1.55881,-0.34256,1.60228,-0.35064,1.70274,-0.44006,1.77775,-0.56138,1.86668,-0.78706,1.92881,-0.96865,1.88399,-1.04457,1.81241,-1.03186,1.47051,-0.92372,1.26819,-0.68247,1.09534,-0.4077,1.00822,-0.15514,1.1249,0.12591,1.46815,0.32913,1.49273,0.45232,1.27378,0.5035,0.92787,0.42619,0.52148,0.17173,0.12501,-0.12129,-0.06186,-0.36579,-0.05854,-0.52602,0.02546,-0.69155,0.01638,-0.78808,-0.14375,-0.74358,-0.4379,-0.57985,-0.72453,-0.33589,-0.79811,-0.10738,-0.69706,0.13218,-0.5681,0.31779,-0.53669,0.46548,-0.66009,0.4967,-0.88216,0.41257,-1.03877,0.24795,-1.06764,0.01025,-1.00698,-0.2188,-0.92604,-0.35982,-0.92785,-0.37745,-1.07074,-0.2491,-1.20475,-0.07493,-1.28667,0.0811,-1.31612,5,11,7,15,14,8,9,3,10,6,2,13,1,12,4
-0.00913,1.61749,-0.00796,1.63387,-0.03366,1.64105,-0.06953,1.6403,-0.21234,1.62119,-0.45537,1.58974,-0.66449,1.51019,-0.77914,1.46181,-0.80504,1.36616,-0.86036,1.20985,-0.85522,0.94022,-0.7292,0.66726,-0.45451,0.46746,-0.10948,0.45342,0.2183,0.53031,0.51856,0.62221,0.81118,0.6779,1.0185,0.64624,1.0824,0.40805,1.03245,0.01475,0.91077,-0.33241,0.71897,-0.55024,0.4896,-0.76363,0.22153,-0.91856,-0.06177,-0.97288,-0.34361,-0.88071,-0.60569,-0.82696,-0.8531,-0.74381,-1.06196,-0.71218,-1.22604,-0.83607,-1.23965,-1.08145,-1.06948,-1.32089,-0.78747,-1.48892,-0.48805,-1.51919,-0.21532,-1.46277,0.01736,-1.33667,0.19657,-1.18676,0.34998,-1.0009,0.44538,-0.95357,0.49563,-1.02026,0.44814,-1.12919,0.30551,-1.2433,0.16842,-1.29557,0.03132,-1.3621,-0.09928,-1.4133,5,11,7,14,15,10,9,3,8,6,2,12,1,13,4
0.9062,-1.59716,0.91018,-1.6083,0.91594,-1.59316,0.92875,-1.59891,0.95388,-1.55847,0.98086,-1.50293,1.01982,-1.44246,1.05417,-1.32873,1.0704,-1.20408,1.07668,-0.98847,1.06243,-0.80865,1.06131,-0.5745,1.06488,-0.38645,1.06094,-0.17123,1.05698,0.03416,1.05088,0.2362,1.02223,0.46929,0.9953,0.70827,0.92694,0.88657,0.82699,0.99932,0.67119,1.07326,0.51987,1.12229,0.36471,1.14531,0.21044,1.07489,0.04679,1.06803,-0.12896,1.04488,-0.29459,1.05436,-0.44111,1.05637,-0.61184,1.09492,-0.80266,1.10728,-0.96068,1.10696,-1.05857,1.0339,-1.11516,0.90519,-1.15114,0.78818,-1.19215,0.58694,-1.20963,0.39866,-1.24018,0.1992,-1.27301,0.02725,-1.31359,-0.20587,-1.35083,-0.44142,-1.37208,-0.64591,-1.3557,-0.80536,-1.30189,-0.9452,-1.24372,-1.06035,-1.1815,-1.17034,5,7,12,10,11,4,2,13,8,6,15,3,14,1,9
1.3541,-1.41166,1.35946,-1.39794,1.36622,-1.38246,1.38339,-1.38794,1.4163,-1.37145,1.45279,-1.32692,1.49057,-1.22423,1.53104,-1.10497,1.5472,-0.98762,1.5374,-0.82261,1.50574,-0.66984,1.46825,-0.47789,1.4194,-0.30512,1.37645,-0.08974,1.34689,0.08928,1.32769,0.30772,1.29995,0.49909,1.27352,0.6928,1.21389,0.85467,1.02039,0.98322,0.76704,1.13789,0.56673,1.25213,0.42152,1.3263,0.28786,1.33851,0.14452,1.36195,-0.01095,1.38469,-0.17662,1.42737,-0.37609,1.42937,-0.57892,1.40147,-0.78037,1.3303,-0.97187,1.28012,-1.12414,1.25224,-1.22085,1.18145,-1.27354,1.05615,-1.30065,0.88794,-1.31504,0.70168,-1.34345,0.54902,-1.3936,0.42779,-1.46173,0.30148,-1.50856,0.13747,-1.52068,-0.06874,-1.49411,-0.31434,-1.42895,-0.54291,-1.35885,-0.72092,-1.28461,-0.84237,5,7,11,10,12,6,1,13,9,3,15,2,14,4,8
1.26645,-1.31274,1.27154,-1.31128,1.27811,-1.30811,1.29442,-1.30103,1.32582,-1.25924,1.35016,-1.17604,1.39641,-1.03162,1.40388,-0.86802,1.39886,-0.71705,1.36986,-0.55986,1.32015,-0.40613,1.27496,-0.20198,1.23706,0.02016,1.21365,0.20903,1.19155,0.36492,1.14671,0.57935,1.11113,0.75243,1.04169,0.98742,0.99871,1.09393,0.94785,1.17692,0.83888,1.25104,0.63698,1.31709,0.47827,1.39213,0.35424,1.42085,0.23141,1.42727,0.10711,1.4009,0.0058,1.37875,-0.11584,1.34824,-0.24953,1.32082,-0.40157,1.29844,-0.57021,1.31161,-0.73056,1.29899,-0.87202,1.21215,-0.93691,1.1157,-0.95535,0.98825,-0.97957,0.82562,-1.02419,0.67016,-1.06899,0.52123,-1.11922,0.3816,-1.15597,0.25861,-1.19563,0.13266,-1.20803,-0.02236,-1.21114,-0.14068,-1.19945,-0.25575,-1.1815,-0.3565,5,7,11,10,12,6,1,13,9,3,15,2,14,4,8
-1.58661,-0.06402,-1.5903,-0.06147,-1.59013,-0.0566,-1.60155,-0.05997,-1.61978,-0.02477,-1.63515,-0.00686,-1.63737,0.04671,-1.62692,0.06654,-1.56796,0.13515,-1.50952,0.14524,-1.44288,0.19071,-1.3803,0.21196,-1.3357,0.25063,-1.30032,0.30406,-1.30367,0.36492,-1.33397,0.43637,-1.41033,0.46929,-1.48547,0.55319,-1.54801,0.64731,-1.56616,0.69266,-1.55663,0.54007,-1.50637,1.07354,-1.45164,0.58582,-1.38206,0.59711,-1.33207,0.65985,-1.28792,0.73744,-1.2494,0.85972,-1.22176,0.95906,-1.20471,1.06265,-1.20375,1.12325,-1.12808,1.21714,-0.99294,1.29899,-0.84032,1.35025,-0.6921,1.38361,-0.56067,1.36095,-0.43313,1.34902,-0.3011,1.35636,-0.18795,1.38915,-0.09155,1.42306,0.01314,1.48368,0.11382,1.51524,0.22244,1.54358,0.31364,1.53338,0.38549,1.50428,0.459,1.4656,4,6,7,9,12,2,10,11,8,3,14,13,15,1,5
0.9354,-0.92951,0.94922,-0.92772,0.96488,-0.9116,0.98803,-0.89152,1.01417,-0.88514,1.05267,-0.86175,1.10349,-0.82626,1.16013,-0.80223,1.20811,-0.78473,1.24422,-0.7673,1.2686,-0.75312,1.29531,-0.72625,1.31813,-0.68467,1.35614,-0.68723,1.39865,-0.69619,1.44483,-0.70739,1.51099,-0.76733,1.56335,-0.79593,1.58459,-0.80433,1.60053,-0.84075,1.56951,-0.8656,1.50374,-0.9075,1.43185,-0.97754,1.38271,-1.03393,1.34969,-1.05456,1.33042,-1.07491,1.32534,-1.07022,1.33694,-0.95462,1.33144,-0.809,1.292,-0.56522,1.23735,-0.26277,1.17183,0.08266,1.10468,0.42943,1.05228,0.7584,0.95887,1.04559,0.81304,1.36277,0.6473,1.6255,0.47052,1.81639,0.30652,1.98382,0.15235,2.06257,0.01165,2.06562,-0.12824,2.008,-0.26725,1.8578,-0.4114,1.6677,-0.54591,1.4656,1,8,12,7,4,5,2,13,6,10,15,11,14,9,3
-0.95366,-1.86913,-0.95539,-1.88057,-0.9538,-1.87816,-0.94921,-1.87196,-0.95626,-1.85776,-0.9683,-1.82977,-0.95736,-1.78907,-0.94871,-1.73679,-0.93224,-1.63693,-0.89175,-1.51391,-0.8346,-1.36382,-0.76991,-1.18156,-0.67734,-0.98283,-0.59805,-0.78226,-0.5168,-0.59975,-0.45031,-0.42143,-0.37733,-0.21605,-0.30304,-0.02051,-0.22084,0.13681,-0.1037,0.28914,0.0244,0.39468,0.15679,0.44025,0.31934,0.48707,0.49798,0.51477,0.66571,0.48027,0.82606,0.44615,1.00348,0.42183,1.18515,0.359,1.36436,0.25591,1.49251,0.13564,1.58323,-0.02663,1.62007,-0.22925,1.6332,-0.44531,1.62355,-0.59624,1.61993,-0.76047,1.60867,-0.86842,1.59575,-0.94454,1.58345,-1.02761,1.59337,-1.10042,1.59983,-1.19531,1.59041,-1.26344,1.56059,-1.30963,1.51161,-1.33453,1.45687,-1.3621,1.38665,-1.36471,4,7,11,8,2,3,10,14,6,9,15,12,13,1,5
-1.25556,-1.07784,-1.25823,-1.07617,-1.24749,-1.07268,-1.2556,-1.06523,-1.2679,-1.04722,-1.28637,-1.02517,-1.27121,-1.00595,-1.24544,-0.99966,-1.18653,-0.97407,-1.15354,-0.93317,-1.10265,-0.85026,-1.08528,-0.74008,-1.06224,-0.60334,-1.03569,-0.48355,-1.01376,-0.36549,-1.01455,-0.23559,-1.03269,-0.12665,-1.05659,0.01044,-1.04589,0.13681,-0.99808,0.24075,-0.92179,0.36236,-0.83877,0.44025,-0.75919,0.53641,-0.6632,0.64658,-0.57208,0.75782,-0.48308,0.8669,-0.39115,1.00573,-0.30019,1.10499,-0.19464,1.17556,-0.0339,1.171,0.09928,1.13845,0.29717,1.18986,0.49161,1.21215,0.66465,1.21988,0.81083,1.2176,0.96638,1.18374,1.09807,1.18146,1.25884,1.16212,1.39895,1.15601,1.53488,1.14712,1.63684,1.09911,1.70826,1.03926,1.73852,0.9494,1.74023,0.8254,1.72165,0.676,7,8,10,6,4,2,11,13,9,3,15,12,14,1,5
-1.30424,-1.05311,-1.29726,-1.05142,-1.29644,-1.06031,-1.30502,-1.05285,-1.30813,-1.04722,-1.32737,-1.03777,-1.32351,-1.01881,-1.27721,-1.0128,-1.22887,-0.98762,-1.19544,-0.91937,-1.16454,-0.7948,-1.14635,-0.65729,-1.12298,-0.48131,-1.09673,-0.29342,-1.05519,-0.13117,-1.01455,0.02177,-0.96601,0.11175,-0.89429,0.27411,-0.80673,0.45587,-0.69589,0.5797,-0.57446,0.71785,-0.47569,0.82999,-0.32775,0.94781,-0.17663,1.04194,0.0794,1.06803,0.3217,1.15813,0.56365,1.21655,0.79485,1.25093,1.01307,1.24011,1.22512,1.1869,1.42702,1.10696,1.57638,0.94033,1.69665,0.75177,1.75613,0.5649,1.8074,0.38625,1.81955,0.21963,1.83053,0.07806,1.86169,-0.06625,1.90812,-0.20587,1.94311,-0.34715,1.95262,-0.45802,1.95746,-0.48684,1.93818,-0.59482,1.89074,-0.63293,1.82471,-0.648,7,6,10,9,4,2,11,12,8,5,15,14,13,1,3
-1.00239,-1.13969,-0.99448,-1.15043,-0.99298,-1.14703,-0.99862,-1.1397,-1.00652,-1.0971,-1.01964,-1.06292,-1.03059,-0.98027,-1.03352,-0.84169,-1.01699,-0.69,-0.9546,-0.49075,-0.87585,-0.28124,-0.75976,-0.064,-0.61654,0.1286,-0.45556,0.29051,-0.33042,0.47518,-0.21604,0.62221,-0.07744,0.7673,0.04476,0.94086,0.20958,1.07801,0.39189,1.16075,0.55143,1.21872,0.70728,1.1385,0.89828,1.09597,1.06201,0.99254,1.25197,0.88845,1.4163,0.75359,1.5828,0.68134,1.79231,0.55362,2.01212,0.385,2.16104,0.19936,2.25273,0.02057,2.23234,-0.15124,2.19348,-0.32253,2.12335,-0.43251,2.10342,-0.55978,2.10714,-0.71694,2.09347,-0.83689,2.09352,-0.94749,2.10254,-1.04701,2.11015,-0.64334,2.10118,-0.69961,2.07741,-0.73898,2.01987,-0.77651,1.95273,-0.75866,1.86765,-0.73306,5,7,9,11,4,3,10,12,6,8,14,15,13,1,2
-1.1874,-1.38693,-1.18006,-1.41029,-1.17897,-1.40725,-1.17655,-1.40032,-1.19753,-1.39639,-1.21456,-1.33946,-1.23984,-1.26272,-1.24544,-1.1313,-1.2183,-1.00112,-1.13259,-0.86406,-1.00991,-0.71151,-0.89199,-0.53308,-0.79888,-0.34581,-0.73034,-0.1169,-0.66176,0.07553,-0.62066,0.2648,-0.58837,0.42463,-0.54649,0.63077,-0.46001,0.82276,-0.39377,1.0155,-0.31092,1.10558,-0.18286,1.10602,-0.02125,1.12888,0.15515,1.10784,0.30741,1.06803,0.45046,1.07725,0.64946,1.11924,0.87075,1.08881,1.10087,0.9981,1.292,0.8524,1.47167,0.71336,1.5545,0.61285,1.61211,0.46012,1.64391,0.37133,1.69885,0.2286,1.74288,0.09569,1.75538,-0.00263,1.77821,-0.10628,1.81555,0.00778,1.84108,-0.03753,1.89688,-0.18953,1.92053,-0.24795,1.91096,-0.33532,1.87303,-0.39408,1.8161,-0.44151,5,7,11,9,3,2,10,12,8,6,15,14,13,1,4
-1.0413,-1.52297,-1.04331,-1.53405,-1.04192,-1.54359,-1.04804,-1.52444,-1.04675,-1.52109,-1.04012,-1.51548,-1.02015,-1.51949,-0.99111,-1.49984,-0.97459,-1.46109,-0.96505,-1.36178,-0.96865,-1.1834,-0.96321,-0.98838,-0.92043,-0.75242,-0.87283,-0.55142,-0.83776,-0.35168,-0.79097,-0.19267,-0.7328,0.00742,-0.67403,0.22755,-0.57956,0.45587,-0.49043,0.64427,-0.43074,0.83092,-0.37027,0.99238,-0.24828,1.12888,-0.07709,1.22314,0.13368,1.24761,0.38611,1.28759,0.63875,1.31387,0.93583,1.29962,1.21065,1.24011,1.4591,1.09138,1.66134,0.88652,1.80592,0.65967,1.88694,0.41411,1.93977,0.14806,1.89621,-0.05809,1.86747,-0.24863,1.81174,-0.37942,1.78751,-0.45346,1.75998,-0.56637,1.72043,-0.62985,1.69259,-0.71306,1.67133,-0.81861,1.63867,-0.81547,1.59855,-0.84664,1.54984,-0.87879,5,6,11,9,3,2,10,14,7,8,15,12,13,1,4
-0.81733,-1.69602,-0.8089,-1.6949,-0.81675,-1.67988,-0.81083,-1.68576,-0.82554,-1.67068,-0.81444,-1.65375,-0.80046,-1.66069,-0.75799,-1.67094,-0.7203,-1.65043,-0.70332,-1.55536,-0.69025,-1.44711,-0.67834,-1.25052,-0.65707,-1.07775,-0.62857,-0.89091,-0.58928,-0.75132,-0.54614,-0.6216,-0.51062,-0.43952,-0.48853,-0.25317,-0.42415,-0.07055,-0.33334,0.09543,-0.22707,0.24929,-0.10087,0.32661,0.00146,0.43766,0.09987,0.54772,0.23141,0.62719,0.40758,0.67271,0.61729,0.66516,0.83824,0.58606,1.05694,0.51409,1.24741,0.42231,1.37124,0.25678,1.44513,0.11385,1.48521,-0.04633,1.50114,-0.1794,1.53112,-0.28745,1.56075,-0.38636,1.59575,-0.47358,1.64837,-0.53358,1.67665,-0.63316,1.72043,-0.71063,1.75759,-0.7533,1.77286,-0.77882,1.73852,-0.88033,1.7048,-0.93463,1.64433,-0.95168,5,8,11,7,2,3,10,14,6,9,15,12,13,1,4
-2.05399,-1.00365,-2.02008,-0.96482,-2.03064,-0.99832,-2.04632,-0.95355,-2.0822,-0.91008,-2.0968,-0.86175,-2.12905,-0.83907,-2.09322,-0.73638,-2.03419,-0.64944,-1.90739,-0.51841,-1.78311,-0.36452,-1.68552,-0.18816,-1.57884,-0.02048,-1.46317,0.11394,-1.36576,0.24092,-1.27006,0.39345,-1.17706,0.54383,-1.06815,0.72382,-0.93827,0.9344,-0.76844,1.09618,-0.58642,1.21872,-0.38202,1.31709,-0.15748,1.37571,0.08883,1.43737,0.31825,1.49258,0.54705,1.46564,0.79965,1.42737,1.06592,1.36449,1.33144,1.24011,1.58168,1.05952,1.79523,0.85503,1.90433,0.64404,1.95034,0.26063,2.00095,0.08851,2.00471,-0.04373,2.01129,-0.06959,2.00895,-0.05645,2.01934,-0.17307,2.01921,-0.21925,2.01737,-0.26637,2.00832,-0.28347,1.96667,-0.30104,1.91096,-0.29636,1.8376,-0.29349,1.78177,-0.25932,6,5,9,11,8,3,10,12,7,4,14,15,13,1,2
-1.86898,-1.04077,-1.86379,-1.03907,-1.88382,-1.02311,-1.88817,-1.02802,-1.92139,-0.99734,-1.92241,-0.94973,-1.94073,-0.87762,-1.91308,-0.76271,-1.84345,-0.69,-1.79225,-0.57372,-1.66973,-0.39228,-1.53294,-0.22958,-1.38634,-0.04759,-1.2698,0.1411,-1.138,0.3098,-1.05716,0.49356,-0.95493,0.69283,-0.8247,0.90985,-0.65132,1.10992,-0.46625,1.24149,-0.275,1.3156,-0.10087,1.33337,0.08093,1.3263,0.22153,1.23965,0.37253,1.16601,0.50417,1.0611,0.62799,0.89216,0.80573,0.82931,0.9911,0.7561,1.13601,0.6613,1.25968,0.55591,1.35768,0.34776,1.40066,0.21462,1.46032,0.05873,1.50153,-0.0724,1.52239,-0.17979,1.5488,-0.25833,1.57419,-0.2799,1.60261,-0.21925,1.63691,-0.30679,1.64616,-0.31032,1.64366,-0.40721,1.6024,-0.49105,1.55428,-0.5575,1.48971,-0.58729,6,5,9,11,8,3,10,12,7,4,14,15,13,1,2
-1.83979,-0.71928,-1.854,-0.7297,-1.874,-0.65138,-1.84867,-0.61846,-1.87113,-0.56097,-1.90188,-0.53492,-1.89892,-0.3384,-1.90245,-0.27567,-1.84345,-0.14892,-1.69801,-0.03448,-1.55631,0.12128,-1.40066,0.29475,-1.2648,0.46746,-1.07642,0.61639,-0.93095,0.79213,-0.79097,0.96535,-0.65504,1.1249,-0.5001,1.29752,-0.28062,1.41299,-0.06739,1.4997,0.19209,1.46106,0.37932,1.39832,0.47827,1.35922,0.67493,1.19019,0.82855,1.10069,1.06218,0.964,1.2717,0.85972,1.41283,0.78062,1.52908,0.67545,1.62621,0.54976,1.70599,0.36697,1.71848,0.20743,1.73895,0.04576,1.74596,-0.10499,1.72848,-0.23011,1.69495,-0.30372,1.6709,-0.33907,1.66692,-0.40005,1.66741,-0.56637,1.67404,-0.64334,1.674,-0.69961,1.66212,-0.67265,1.62056,-0.65974,1.56312,-0.58264,1.49833,-0.53869,6,4,9,13,8,3,10,11,7,5,14,15,12,1,2
-2.09296,-0.92951,-2.08846,-0.89056,-2.06981,-0.86203,-2.05618,-0.82944,-2.03194,-0.76043,-2.01475,-0.63544,-1.95122,-0.49246,-1.8601,-0.31519,-1.76928,-0.06775,-1.55142,0.14524,-1.36042,0.38498,-1.1565,0.59824,-0.9508,0.77921,-0.7507,0.95587,-0.55818,1.09534,-0.4077,1.20839,-0.2329,1.31858,-0.03639,1.43713,0.16173,1.49273,0.42814,1.56427,0.70716,1.54182,0.9415,1.51196,1.11397,1.45796,1.23897,1.35495,1.36058,1.23132,1.46995,1.10961,1.61497,0.9733,1.74893,0.82931,1.8365,0.67545,1.94936,0.48603,1.98489,0.35119,2.02461,0.1918,1.95034,0.07645,1.90918,-0.0603,1.90606,-0.15841,1.88665,-0.23488,1.86806,-0.31216,1.85239,-0.35996,1.88036,-0.52634,1.89673,-0.57606,1.86903,-0.52512,1.84667,-0.59302,1.793,-0.58187,1.7048,-0.5449,1.63576,-0.55082,3,5,9,12,8,4,10,11,7,6,14,15,13,1,2
-2.12216,-0.8182,-2.12749,-0.85346,-2.13834,-0.84966,-2.15506,-0.85426,-2.17269,-0.82281,-2.19937,-0.78632,-2.21272,-0.68501,-2.22038,-0.57841,-2.19311,-0.41949,-2.09588,-0.24186,-1.96871,-0.0869,-1.79745,0.08774,-1.6497,0.31838,-1.50385,0.45342,-1.41757,0.66813,-1.32334,0.85097,-1.25481,1.08017,-1.16087,1.28205,-1.04589,1.50871,-0.90141,1.62884,-0.71819,1.7034,-0.41714,1.70683,-0.15748,1.70479,0.1109,1.66796,0.31825,1.60685,0.49341,1.54652,0.60653,1.47607,0.75147,1.44555,0.88132,1.41764,1.04684,1.36216,1.21503,1.31161,1.36865,1.23661,1.50636,1.13544,1.60314,1.02638,1.63967,0.90224,1.63741,0.78433,1.68027,0.65667,1.71329,0.54793,1.74146,0.44833,1.77613,0.36631,1.79476,0.2803,1.77286,0.22977,1.72036,0.14483,1.63398,0.09624,1.55845,0.02006,5,6,9,11,8,3,10,12,7,4,14,15,13,1,2
-1.86898,-1.23861,-1.88334,-1.23708,-1.88382,-1.23381,-1.90794,-1.20179,-1.9113,-1.19687,-1.93264,-1.1635,-1.93029,-1.17288,-1.90245,-1.15763,-1.84345,-1.17702,-1.7713,-1.12675,-1.71094,-1.01683,-1.63466,-0.86423,-1.56868,-0.67108,-1.53442,-0.48355,-1.46934,-0.2828,-1.39782,-0.03543,-1.33257,0.18622,-1.24202,0.42913,-1.09367,0.67922,-0.91347,0.90247,-0.71819,1.10558,-0.52256,1.25213,-0.30509,1.3263,-0.11025,1.37146,0.10107,1.37824,0.3217,1.36854,0.54219,1.33005,0.70814,1.25093,1.00205,1.19174,1.30311,1.13914,1.52745,1.07546,1.6966,0.95596,1.7918,0.79778,1.80713,0.60953,1.79755,0.48656,1.82916,0.44001,1.87748,0.22611,1.8988,0.01387,1.90812,-0.20587,1.88747,-0.44142,1.85045,-0.60566,1.80053,-0.6461,1.74763,-0.63378,1.66937,-0.59519,1.60139,-0.58729,5,6,10,9,7,2,11,12,8,4,15,14,13,1,3
-1.67426,-0.28659,-1.68796,-0.25948,-1.69783,-0.24246,-1.70038,-0.19652,-1.73038,-0.13698,-1.77878,-0.10744,-1.79427,-0.056,-1.77529,0.01388,-1.7375,0.06754,-1.67706,0.13144,-1.60785,0.19071,-1.54309,0.25332,-1.49778,0.30485,-1.46317,0.37194,-1.44862,0.4338,-1.47235,0.50783,-1.53253,0.60343,-1.58982,0.6928,-1.63171,0.77494,-1.63864,0.85408,-1.6045,0.89555,-1.55324,0.94363,-1.48574,0.98073,-1.42626,1.00898,-1.36468,1.01908,-1.30939,1.0611,-1.2601,1.13542,-1.22176,1.21849,-1.17173,1.28855,-1.13693,1.36216,-1.06111,1.40608,-0.97107,1.45495,-0.85087,1.45772,-0.7431,1.45807,-0.62974,1.41829,-0.53859,1.37657,-0.45136,1.35636,-0.37341,1.37576,-0.29526,1.39636,-0.22811,1.42982,-0.1648,1.46155,-0.10978,1.46395,-0.0585,1.44251,-0.01295,1.39115,0.04673,1.33195,4,6,7,10,12,2,9,13,8,3,14,11,15,1,5
-1.53793,-0.38546,-1.53167,-0.38318,-1.53137,-0.37875,-1.54222,-0.37023,-1.55943,-0.36144,-1.58386,-0.30861,-1.57457,-0.27423,-1.56337,-0.22301,-1.51499,-0.17597,-1.45717,-0.10359,-1.40168,-0.01753,-1.34979,0.06015,-1.31549,0.1286,-1.27995,0.18187,-1.27262,0.29604,-1.28074,0.43637,-1.28818,0.57363,-1.30004,0.73929,-1.33284,0.87059,-1.27609,1.0155,-1.16137,1.13789,-1.01443,1.18725,-0.81595,1.19471,-0.59687,1.19019,-0.40918,1.14964,-0.24702,1.14198,-0.08006,1.18411,0.07928,1.2023,0.26648,1.24011,0.43406,1.21876,0.59018,1.15416,0.71263,1.01834,0.79815,0.85917,0.78706,0.71377,0.81083,0.57257,0.85135,0.42621,0.88208,0.33377,0.88786,0.26755,0.89902,0.26145,0.90391,0.23168,0.89389,0.21315,0.87768,0.20323,0.84911,0.18379,0.81937,0.15913,0.78543,0.12942,6,4,8,11,10,3,9,12,7,2,15,13,14,1,5
-1.28476,-0.5215,-1.28752,-0.51934,-1.28667,-0.51509,-1.29515,-0.49435,-1.29805,-0.48614,-1.30684,-0.45948,-1.30258,-0.42829,-1.27721,-0.40731,-1.22887,-0.36537,-1.16399,-0.32483,-1.11299,-0.28124,-1.07513,-0.24335,-1.03186,-0.22378,-1.00517,-0.21194,-0.99304,-0.21386,-1.00393,-0.22127,-1.06599,-0.23092,-1.11454,-0.23763,-1.16544,-0.246,-1.17936,-0.25963,-1.18528,-0.26777,-1.16673,-0.25793,-1.14515,-0.22057,-1.11665,-0.19367,-1.09322,-0.12386,-1.06256,-0.02312,-1.02411,0.08126,-0.99407,0.19681,-0.93021,0.35273,-0.86954,0.48603,-0.7822,0.65038,-0.68681,0.75324,-0.55488,0.88987,-0.39624,1.02638,-0.22517,1.16027,-0.06887,1.25258,0.08389,1.31602,0.25725,1.37576,0.40833,1.39636,0.56989,1.4029,0.70818,1.40785,0.81308,1.37102,0.89449,1.31273,0.93446,1.21513,0.92282,1.12546,5,3,11,6,9,1,10,13,8,4,15,12,14,2,7
-1.67426,-0.28659,-1.68796,-0.25948,-1.69783,-0.24246,-1.70038,-0.19652,-1.73038,-0.13698,-1.77878,-0.10744,-1.79427,-0.056,-1.77529,0.01388,-1.7375,0.06754,-1.67706,0.13144,-1.60785,0.19071,-1.54309,0.25332,-1.49778,0.30485,-1.46317,0.37194,-1.44862,0.4338,-1.47235,0.50783,-1.53253,0.60343,-1.58982,0.6928,-1.63171,0.77494,-1.63864,0.85408,-1.6045,0.89555,-1.55324,0.94363,-1.48574,0.98073,-1.42626,1.00898,-1.36468,1.01908,-1.30939,1.0611,-1.2601,1.13542,-1.22176,1.21849,-1.17173,1.28855,-1.13693,1.36216,-1.06111,1.40608,-0.97107,1.45495,-0.85087,1.45772,-0.7431,1.45807,-0.62974,1.41829,-0.53859,1.37657,-0.45136,1.35636,-0.37341,1.37576,-0.29526,1.39636,-0.22811,1.42982,-0.1648,1.46155,-0.10978,1.46395,-0.0585,1.44251,-0.01295,1.39115,0.04673,1.33195,4,6,7,10,12,2,9,13,8,3,14,11,15,1,5
-1.53793,-0.38546,-1.53167,-0.38318,-1.53137,-0.37875,-1.54222,-0.37023,-1.55943,-0.36144,-1.58386,-0.30861,-1.57457,-0.27423,-1.56337,-0.22301,-1.51499,-0.17597,-1.45717,-0.10359,-1.40168,-0.01753,-1.34979,0.06015,-1.31549,0.1286,-1.27995,0.18187,-1.27262,0.29604,-1.28074,0.43637,-1.28818,0.57363,-1.30004,0.73929,-1.33284,0.87059,-1.27609,1.0155,-1.16137,1.13789,-1.01443,1.18725,-0.81595,1.19471,-0.59687,1.19019,-0.40918,1.14964,-0.24702,1.14198,-0.08006,1.18411,0.07928,1.2023,0.26648,1.24011,0.43406,1.21876,0.59018,1.15416,0.71263,1.01834,0.79815,0.85917,0.78706,0.71377,0.81083,0.57257,0.85135,0.42621,0.88208,0.33377,0.88786,0.26755,0.89902,0.26145,0.90391,0.23168,0.89389,0.21315,0.87768,0.20323,0.84911,0.18379,0.81937,0.15913,0.78543,0.12942,6,4,8,11,10,3,9,12,7,2,15,13,14,1,5
-1.28476,-0.5215,-1.28752,-0.51934,-1.28667,-0.51509,-1.29515,-0.49435,-1.29805,-0.48614,-1.30684,-0.45948,-1.30258,-0.42829,-1.27721,-0.40731,-1.22887,-0.36537,-1.16399,-0.32483,-1.11299,-0.28124,-1.07513,-0.24335,-1.03186,-0.22378,-1.00517,-0.21194,-0.99304,-0.21386,-1.00393,-0.22127,-1.06599,-0.23092,-1.11454,-0.23763,-1.16544,-0.246,-1.17936,-0.25963,-1.18528,-0.26777,-1.16673,-0.25793,-1.14515,-0.22057,-1.11665,-0.19367,-1.09322,-0.12386,-1.06256,-0.02312,-1.02411,0.08126,-0.99407,0.19681,-0.93021,0.35273,-0.86954,0.48603,-0.7822,0.65038,-0.68681,0.75324,-0.55488,0.88987,-0.39624,1.02638,-0.22517,1.16027,-0.06887,1.25258,0.08389,1.31602,0.25725,1.37576,0.40833,1.39636,0.56989,1.4029,0.70818,1.40785,0.81308,1.37102,0.89449,1.31273,0.93446,1.21513,0.92282,1.12546,5,3,11,6,9,1,10,13,8,4,15,12,14,2,7
1.15937,-0.05163,1.16413,-0.04907,1.17046,-0.04418,1.18573,-0.02276,1.21526,0.00017,1.25787,0.03083,1.31274,0.05957,1.3721,0.10606,1.42006,0.12165,1.44316,0.11759,1.4542,0.09352,1.4581,0.04638,1.45994,-0.03401,1.46806,-0.13045,1.47112,-0.24142,1.47675,-0.37857,1.46654,-0.51399,1.44744,-0.67186,1.4052,-0.85222,1.32252,-1.03439,1.19822,-1.2372,1.04692,-1.47577,0.88695,-1.73452,0.73022,-1.97296,0.57882,-2.16477,0.45046,-2.35326,0.3276,-2.52984,0.23107,-2.64123,0.12373,-2.74518,0.01069,-2.79532,-0.1239,-2.79757,-0.24948,-2.78674,-0.37519,-2.74735,-0.50846,-2.63563,-0.63959,-2.45178,-0.77826,-2.23194,-0.91151,-1.99411,-1.03188,-1.77527,-1.14698,-1.54104,-1.24875,-1.30301,-1.33492,-1.07549,-1.39258,-0.81861,-1.43801,-0.56887,-1.4651,-0.33119,-1.46494,-0.10142,2,11,8,9,12,13,4,6,7,5,14,3,10,15,1
1.18857,-0.05163,1.18362,-0.06147,1.19982,-0.0566,1.21537,-0.03514,1.24541,-0.02477,1.27835,-0.00686,1.33362,0.00822,1.36147,0.00075,1.37766,-0.04069,1.36986,-0.11745,1.35106,-0.19795,1.34617,-0.28477,1.32823,-0.39998,1.31541,-0.52426,1.29507,-0.69619,1.26379,-0.8789,1.23327,-1.11,1.16923,-1.33862,1.05848,-1.55409,0.89948,-1.74464,0.70716,-1.91578,0.51987,-2.06038,0.34205,-2.19533,0.16625,-2.26954,-0.00749,-2.27911,-0.20408,-2.24001,-0.42332,-2.18926,-0.6471,-2.0736,-0.87533,-1.89001,-1.10352,-1.61655,-1.28429,-1.30188,-1.38652,-1.00897,-1.41114,-0.75228,-1.39595,-0.52177,-1.36972,-0.30175,-1.3534,-0.05579,-1.33408,0.17228,-1.32868,0.37437,-1.33212,0.58186,-1.34157,0.78364,-1.3535,0.99172,-1.34644,1.21182,-1.32004,1.3906,-1.27915,1.52943,-1.24162,1.6235,2,8,10,5,11,9,3,13,7,4,15,6,14,12,1
1.18857,-0.01456,1.19342,-0.01197,1.19982,-0.01939,1.21537,-0.01032,1.24541,0.02511,1.28864,0.01828,1.33362,0.04671,1.38268,0.04021,1.40943,-0.01363,1.42221,-0.04834,1.41294,-0.12852,1.40724,-0.22958,1.4194,-0.30512,1.41718,-0.38846,1.41931,-0.51706,1.41285,-0.63587,1.41101,-0.7822,1.38949,-0.95094,1.3335,-1.12339,1.23791,-1.29266,1.10242,-1.44723,0.9415,-1.63816,0.78477,-1.81685,0.63068,-1.95645,0.50281,-2.0668,0.38611,-2.1267,0.29543,-2.18926,0.19856,-2.20335,0.09081,-2.21273,-0.0339,-2.15818,-0.15736,-2.13634,-0.29323,-2.08498,-0.41749,-2.01069,-0.49823,-1.87642,-0.57052,-1.7208,-0.64406,-1.54325,-0.7143,-1.38859,-0.77219,-1.2412,-0.84147,-1.10042,-0.91472,-0.95297,-0.99134,-0.78015,-1.04189,-0.59302,-1.08407,-0.40018,-1.11976,-0.2306,-1.13856,-0.06495,2,7,9,8,13,10,3,11,6,4,15,5,12,14,1
-1.31396,0.13381,-1.3168,0.14889,-1.31602,0.15405,-1.32479,0.15101,-1.32825,0.17475,-1.3479,0.19425,-1.334,0.25212,-1.31962,0.31663,-1.2607,0.37867,-1.19544,0.39413,-1.14391,0.3989,-1.08528,0.36371,-1.03186,0.33196,-0.99496,0.26335,-0.98271,0.18579,-0.972,0.10755,-0.99938,0.00742,-1.03339,-0.11356,-1.04589,-0.23008,-1.02227,-0.35648,-0.99369,-0.49392,-0.94419,-0.6314,-0.8727,-0.78005,-0.80699,-0.90212,-0.74581,-1.00554,-0.68697,-1.05876,-0.60569,-1.1351,-0.5387,-1.1168,-0.46908,-1.08327,-0.37928,-1.07499,-0.26892,-1.08145,-0.15107,-1.11811,-0.03696,-1.10525,0.08321,-1.11727,0.1892,-1.07577,0.30496,-1.06125,0.40315,-1.01186,0.48908,-0.98752,0.58423,-0.94025,0.68123,-0.91261,0.76387,-0.84731,0.83154,-0.77882,0.89449,-0.71165,0.92562,-0.64548,0.96576,-0.57511,2,3,8,13,14,7,12,11,4,5,9,15,6,10,1
1.08144,-0.39785,1.08596,-0.39559,1.09212,-0.39117,1.10663,-0.38267,1.13481,-0.36144,1.17577,-0.33375,1.23951,-0.29991,1.28729,-0.26253,1.34588,-0.23009,1.36986,-0.20041,1.39232,-0.17019,1.41739,-0.14679,1.44978,-0.12892,1.48843,-0.1169,1.53322,-0.1036,1.5832,-0.12121,1.64428,-0.11172,1.70246,-0.09809,1.73999,-0.08647,1.7335,-0.09821,1.71323,-0.09,1.64428,-0.12802,1.57946,-0.22057,1.51541,-0.32548,1.47998,-0.45043,1.46995,-0.57327,1.48624,-0.69721,1.48873,-0.84112,1.45223,-1.051,1.39222,-1.25019,1.29313,-1.42785,1.16086,-1.64837,1.02014,-1.85721,0.85847,-1.99552,0.71217,-2.09344,0.56381,-2.19059,0.38441,-2.24976,0.20158,-2.26932,-0.01751,-2.26205,-0.25593,-2.17804,-0.49911,-1.97485,-0.70041,-1.72102,-0.90253,-1.36049,-1.06665,-0.94723,-1.14717,-0.55082,2,9,3,15,14,8,4,12,6,10,13,5,7,11,1
0.98408,0.71488,0.99805,0.70577,0.99424,0.72405,1.0078,0.73428,1.04432,0.73588,1.08343,0.74745,1.13486,0.76561,1.20253,0.80367,1.25051,0.83858,1.29656,0.82275,1.32015,0.74589,1.34617,0.62584,1.36877,0.46746,1.38666,0.29051,1.39865,0.08928,1.38092,-0.13548,1.3444,-0.40972,1.28514,-0.70288,1.1661,-1.01168,0.99621,-1.30884,0.79101,-1.5603,0.55499,-1.80055,0.30795,-2.01427,0.0667,-2.20363,-0.17033,-2.2954,-0.41873,-2.33711,-0.64862,-2.31902,-0.87479,-2.23579,-1.08392,-2.08364,-1.27062,-1.9033,-1.38472,-1.69548,-1.45215,-1.44559,-1.45339,-1.21265,-1.43672,-0.96839,-1.37962,-0.71743,-1.33422,-0.5103,-1.28713,-0.32559,-1.25445,-0.14637,-1.22103,0.03448,-1.20236,0.20475,-1.16779,0.3877,-1.11575,0.58808,-1.05681,0.76771,-0.97807,0.93853,-0.88091,1.08904,2,8,11,10,14,9,3,6,5,4,13,7,12,15,1
-2.17084,0.82619,-2.18612,0.82953,-2.17746,0.83561,-2.19456,0.84601,-2.22295,0.87303,-2.25066,0.91086,-2.27551,0.95816,-2.26279,0.97477,-2.22488,0.9468,-2.15873,0.87806,-2.07179,0.81526,-1.99074,0.73622,-1.93332,0.6166,-1.89066,0.52135,-1.88348,0.42005,-1.90889,0.29339,-1.97684,0.48423,-2.05352,0.33614,-2.08605,0.00918,-2.07381,-0.17895,-1.99975,-0.38085,-1.8812,-0.56644,-1.73548,-0.81297,-1.60321,-0.95151,-1.46241,-1.11981,-1.30939,-1.28525,-1.15284,-1.45949,-0.9832,-1.61955,-0.82044,-1.72865,-0.65785,-1.77586,-0.46978,-1.78995,-0.27135,-1.78869,-0.08981,-1.7498,0.07298,-1.65314,0.20894,-1.54878,0.3337,-1.44686,0.42194,-1.34825,0.51689,-1.28129,0.59351,-1.18054,0.68123,-1.0876,0.7546,-0.9681,0.82228,-0.84515,0.86723,-0.69864,0.90791,-0.60779,0.93144,-0.47793,2,5,10,13,14,7,12,8,9,4,6,15,3,11,1
-2.11244,0.62835,-2.08846,0.64392,-2.10893,0.63733,-2.10565,0.64742,-2.17269,0.66106,-2.17885,0.68456,-2.20228,0.70145,-2.18861,0.67203,-2.11894,0.58156,-2.01214,0.44944,-1.90682,0.274,-1.77709,0.11534,-1.68012,-0.03401,-1.60567,-0.19839,-1.58319,-0.35168,-1.56818,-0.45003,-1.55476,-0.61833,-1.53186,-0.73389,-1.45239,-0.91596,-1.30027,-1.11513,-1.11345,-1.35028,-0.88564,-1.5732,-0.65701,-1.75102,-0.44204,-1.85767,-0.24634,-1.90358,-0.03242,-1.86784,0.14524,-1.81625,0.29615,-1.73305,0.45312,-1.58346,0.60117,-1.42539,0.7464,-1.25468,0.88757,-1.13374,0.99899,-0.93639,1.08287,-0.80466,1.16603,-0.67446,1.24441,-0.4552,1.31402,-0.25833,1.39798,-0.09295,1.48228,0.14125,1.5534,0.33939,1.62758,0.52188,1.68058,0.68095,1.69315,0.79367,1.68708,0.8757,1.64433,0.91897,3,4,8,9,11,5,12,10,6,2,14,15,13,7,1
-1.89818,1.17235,-1.89308,1.16365,-1.90335,1.18255,-1.9178,1.19348,-1.94145,1.23464,-1.96341,1.27545,-1.9721,1.33045,-1.95543,1.40915,-1.90699,1.48789,-1.8341,1.51405,-1.76248,1.46763,-1.68552,1.37087,-1.6497,1.22651,-1.62598,1.09168,-1.63495,0.92995,-1.66401,0.73659,-1.68804,0.49909,-1.70573,0.27411,-1.70348,0.02517,-1.65077,-0.21124,-1.56858,-0.39704,-1.48294,-0.56644,-1.33813,-0.78005,-1.17194,-0.98446,-1.00638,-1.16883,-0.81579,-1.31762,-0.59498,-1.39461,-0.3544,-1.40874,-0.10678,-1.37372,0.14438,-1.28205,0.40052,-1.16021,0.61422,-1.02454,0.78754,-0.89038,0.89929,-0.7302,0.9983,-0.58845,1.09102,-0.4552,1.17318,-0.31216,1.24033,-0.22649,1.28786,-0.05902,1.34928,0.12397,1.3768,0.30715,1.40371,0.4819,1.38459,0.63794,1.36833,0.71228,1.37808,0.82178,2,4,10,13,14,6,12,5,9,3,8,15,7,11,1
-1.8203,0.91272,-1.80517,0.90379,-1.79571,0.90997,-1.82889,0.92048,-1.84093,0.96029,-1.86083,0.9863,-1.8675,1.06087,-1.84947,1.14593,-1.81168,1.21737,-1.71896,1.26516,-1.63877,1.2733,-1.59395,1.21912,-1.56868,1.13165,-1.54458,1.05096,-1.55214,0.90239,-1.60016,0.77945,-1.66582,0.5885,-1.67097,0.38263,-1.65563,0.13681,-1.63864,-0.11438,-1.56858,-0.36472,-1.48294,-0.6152,-1.37217,-0.74714,-1.28252,-0.86916,-1.16922,-1.08715,-1.03038,-1.25289,-0.89537,-1.37836,-0.74469,-1.58711,-0.54594,-1.68027,-0.3347,-1.69624,-0.09039,-1.69548,0.16598,-1.66393,0.40702,-1.56563,0.59325,-1.42987,0.75166,-1.29076,0.87053,-1.14384,0.97597,-1.01186,1.06407,-0.86737,1.15825,-0.73993,1.2565,-0.58949,1.33038,-0.41772,1.38524,-0.22141,1.4118,0.0021,1.40377,0.23451,1.38665,0.4088,2,7,10,13,14,9,12,5,8,4,6,15,3,11,1
-2.01508,0.97457,-2.02008,0.96564,-2.02087,0.98432,-2.03646,0.99495,-2.05205,1.02267,-2.08656,1.06174,-2.09768,1.1379,-2.09322,1.15907,-2.04476,1.09559,-1.94929,0.98867,-1.85528,0.85693,-1.74659,0.68103,-1.68012,0.48104,-1.63619,0.24974,-1.57286,-0.00716,-1.50433,-0.27846,-1.51031,-0.51399,-1.45071,-0.73389,-1.41653,-0.72459,-1.28815,-0.87303,-1.10143,-1.07562,-0.87389,-1.26469,-0.64562,-1.45478,-0.41992,-1.59405,-0.20289,-1.62596,0.02128,-1.56033,0.22033,-1.45949,0.42625,-1.32761,0.61784,-1.19619,0.80174,-1.09089,0.94725,-0.90829,1.04064,-0.75944,1.11528,-0.55272,1.17469,-0.28364,1.21541,-0.0724,1.24441,0.15079,1.23891,0.37411,1.25884,0.60135,1.27858,0.82221,1.32145,0.98556,1.33969,1.13941,1.36678,1.23836,1.32106,1.27382,1.28864,1.22768,1.24921,1.17405,2,4,9,11,14,5,10,8,6,3,13,15,12,7,1
-1.69374,0.80146,-1.69776,0.81713,-1.69783,0.82319,-1.71029,0.83357,-1.73038,0.84809,-1.73773,0.88572,-1.74197,0.94535,-1.71173,1.01429,-1.66333,1.06853,-1.57236,1.14074,-1.51505,1.17616,-1.46172,1.19153,-1.43703,1.21298,-1.40208,1.22748,-1.43824,1.19178,-1.48302,1.06541,-1.56584,0.84177,-1.6594,0.59975,-1.73933,0.36015,-1.77162,0.03086,-1.73627,-0.31621,-1.63523,-0.59892,-1.49707,-0.84588,-1.33781,-1.00097,-1.13667,-1.2668,-0.89085,-1.52796,-0.61645,-1.70275,-0.26763,-1.7493,0.05789,-1.69638,0.34495,-1.60066,0.59018,-1.47505,0.80007,-1.32089,0.94614,-1.22803,1.07269,-1.08749,1.20551,-0.86078,1.29233,-0.62049,1.3516,-0.40633,1.37943,-0.15969,1.40819,0.08784,1.40497,0.31246,1.39539,0.52188,1.3945,0.73404,1.38459,0.88454,1.35062,0.92599,1.30076,0.93109,2,4,10,13,14,7,12,5,6,3,9,15,8,11,1
-2.34613,-0.48438,-2.35215,-0.49459,-2.36347,-0.49031,-2.39225,-0.46952,-2.41398,-0.44871,-2.43534,-0.44688,-2.43241,-0.49246,-2.38995,-0.52576,-2.28848,-0.62238,-2.16918,-0.69813,-2.02025,-0.78089,-1.88902,-0.86423,-1.79151,-0.9015,-1.69723,-0.99955,-1.61429,-1.16472,-1.54687,-1.33643,-1.48808,-1.55694,-1.41595,-1.77285,-1.29692,-1.95289,-1.14312,-2.0836,-0.95771,-2.17432,-0.76853,-2.27145,-0.56615,-2.37633,-0.36463,-2.46718,-0.13778,-2.49135,0.07493,-2.4665,0.30619,-2.43252,0.52384,-2.3331,0.74958,-2.19656,0.98002,-1.99888,1.1927,-1.78995,1.36865,-1.57035,1.50636,-1.32006,1.62355,-1.01302,1.69885,-0.70313,1.77162,-0.40011,1.78358,-0.27176,1.86169,-0.14637,1.9544,0.15463,2.06376,0.40673,2.16618,0.58904,2.17894,0.68095,2.11061,0.7158,2.03243,0.68713,1.94497,0.66388,2,7,10,5,6,4,11,12,8,3,14,15,13,9,1
-1.97611,-0.2742,-1.9712,-0.25948,-1.97188,-0.29203,-1.96727,-0.34541,-1.95153,-0.37389,-1.94293,-0.40919,-1.94073,-0.41543,-1.91308,-0.4205,-1.86465,-0.55471,-1.8027,-0.60137,-1.70065,-0.65599,-1.63466,-0.71248,-1.50794,-0.87439,-1.41229,-0.99955,-1.30367,-1.13716,-1.18491,-1.3221,-1.0993,-1.49734,-0.99863,-1.6798,-0.85457,-1.85717,-0.69589,-2.01903,-0.47861,-2.142,-0.28828,-2.28766,-0.06668,-2.44216,0.13303,-2.5496,0.33997,-2.58932,0.53635,-2.5636,0.73526,-2.51365,0.94664,-2.39798,1.16677,-2.19656,1.4034,-1.96702,1.60556,-1.72697,1.7841,-1.47678,1.88694,-1.24335,1.96018,-0.95347,2.00471,-0.70313,2.04004,-0.41391,2.06526,-0.20451,2.08426,0.02725,2.08402,0.34157,2.08233,0.52787,2.03621,0.66958,1.98513,0.76058,1.92006,0.79367,1.82876,0.74997,1.73883,0.71247,3,7,10,5,2,4,11,12,8,6,14,15,13,9,1
-1.83979,-0.12582,-1.854,-0.09857,-1.85441,-0.11853,-1.83875,-0.08479,-1.88116,-0.07465,-1.92241,-0.0823,-1.90936,-0.056,-1.92365,-0.11776,-1.86465,-0.17597,-1.8027,-0.26952,-1.73156,-0.35061,-1.66517,-0.42269,-1.58895,-0.53553,-1.50385,-0.57858,-1.43824,-0.69619,-1.35527,-0.8789,-1.29926,-1.0802,-1.18406,-1.3076,-1.02197,-1.5062,-0.82887,-1.72847,-0.58642,-1.89959,-0.37027,-2.07658,-0.13477,-2.24467,0.09987,-2.36839,0.32908,-2.42603,0.57929,-2.43414,0.81036,-2.36771,1.04423,-2.21961,1.29852,-1.98682,1.53709,-1.68027,1.75058,-1.34915,1.89342,-1.02454,1.92919,-0.69088,1.96018,-0.4176,1.99487,-0.12974,2.02086,0.15079,2.04652,0.40102,2.0379,0.54793,2.02849,0.60857,1.9895,0.67594,1.9712,0.68298,1.92974,0.62786,1.86559,0.58602,1.79333,0.5488,1.73022,0.46951,2,6,10,8,5,4,11,12,7,3,14,15,13,9,1
-2.00531,-0.18767,-1.99074,-0.20998,-1.99147,-0.23009,-1.99691,-0.25855,-2.01182,-0.23674,-2.02498,-0.24572,-2.03489,-0.23569,-1.98726,-0.24934,-1.92819,-0.24359,-1.8446,-0.21421,-1.75219,-0.25347,-1.69567,-0.31237,-1.65986,-0.35934,-1.64634,-0.41562,-1.60391,-0.47568,-1.65338,-0.53582,-1.74358,-0.63319,-1.76374,-0.70288,-1.77518,-0.77242,-1.75956,-0.84075,-1.70035,-0.8494,-1.58836,-0.9075,-1.46303,-1.01046,-1.33781,-1.11627,-1.23439,-1.18512,-1.11621,-1.23674,-0.99194,-1.28104,-0.87479,-1.29517,-0.75454,-1.30918,-0.62438,-1.29802,-0.48091,-1.28617,-0.33698,-1.30526,-0.1849,-1.28943,-0.05961,-1.25122,0.0708,-1.19045,0.18037,-1.14384,0.27168,-1.07911,0.34998,-1.01423,0.42685,-0.95357,0.50494,-0.91261,0.58742,-0.84731,0.64694,-0.76552,0.71295,-0.68569,0.74851,-0.60779,0.794,-0.53869,2,3,9,8,11,5,12,14,6,4,13,15,10,7,1
-2.20009,-0.71928,-2.18612,-0.70495,-2.23622,-0.71332,-2.16492,-0.66811,-2.28329,-0.68561,-2.29171,-0.63544,-2.31732,-0.63366,-2.28399,-0.59161,-2.22488,-0.59533,-2.14823,-0.57372,-2.04088,-0.55879,-1.88902,-0.50548,-1.9131,-0.53553,-1.83972,-0.52426,-1.84205,-0.55838,-1.80244,-0.57868,-1.86578,-0.66299,-1.92598,-0.64084,-1.9665,-0.72459,-1.96502,-0.7439,-1.91591,-0.76865,-1.85776,-0.84254,-1.79223,-0.92821,-1.72488,-1.00097,-1.63608,-1.10351,-1.57768,-1.13964,-1.51757,-1.21616,-1.47108,-1.26274,-1.42426,-1.26074,-1.37091,-1.29802,-1.29543,-1.28617,-1.1788,-1.2897,-1.09401,-1.25873,-0.95732,-1.28099,-0.83696,-1.26209,-0.71116,-1.24028,-0.61099,-1.22711,-0.51255,-1.22788,-0.41559,-1.23395,-0.32089,-1.23567,-0.22981,-1.24998,-0.12824,-1.2433,-0.0494,-1.20475,0.03132,-1.19863,0.11547,-1.17034,2,3,9,7,11,4,10,15,8,6,14,13,12,5,1
-1.77162,-0.16294,-1.76613,-0.13572,-1.79571,-0.14332,-1.82889,-0.10961,-1.84093,-0.03722,-1.89165,-0.01946,-1.94073,0.00822,-1.90245,0.02707,-1.79048,0.05398,-1.69801,-0.02069,-1.56659,0.0519,-1.48208,-0.03641,-1.43703,-0.16956,-1.37156,-0.26626,-1.35543,-0.36549,-1.33397,-0.42143,-1.33257,-0.48419,-1.30004,-0.56327,-1.21322,-0.77242,-1.07063,-0.95371,-0.89783,-1.18869,-0.73335,-1.42709,-0.57754,-1.66869,-0.44204,-1.87411,-0.31151,-2.03414,-0.20408,-2.15906,-0.05859,-2.2704,0.10098,-2.3331,0.28845,-2.32565,0.48977,-2.28556,0.7018,-2.18355,0.8766,-2.10061,1.04129,-1.97999,1.1951,-1.81687,1.32391,-1.63479,1.44572,-1.46067,1.55817,-1.28093,1.66692,-1.10767,1.75998,-0.91354,1.84108,-0.73756,1.90619,-0.49827,1.95746,-0.22141,1.9836,0.01505,1.97044,0.23451,1.93635,0.36021,2,4,10,8,6,7,13,12,5,3,14,15,11,9,1
0.22456,1.08583,0.22645,1.07699,0.24045,1.08341,0.23686,1.09419,0.25014,1.13487,0.28324,1.17486,0.31888,1.24061,0.35475,1.30384,0.41342,1.39322,0.45891,1.44488,0.49535,1.49539,0.53229,1.50885,0.56854,1.49762,0.60294,1.51264,0.63245,1.5363,0.65694,1.59439,0.6779,1.66125,0.6939,1.73175,0.71176,1.77988,0.69402,1.79026,0.67119,1.76803,0.64872,1.70683,0.60311,1.67188,0.57539,1.58562,0.55709,1.52524,0.53635,1.44942,0.54219,1.41119,0.54547,1.34824,0.54098,1.27238,0.53435,1.20286,0.51208,1.09118,0.47211,0.98715,0.41762,0.88987,0.37902,0.7584,0.33724,0.65858,0.29539,0.5502,0.26231,0.49519,0.21084,0.46782,0.15839,0.43501,0.11522,0.40673,0.04881,0.3877,-0.0083,0.37573,-0.07666,0.33947,-0.1458,0.30995,-0.21096,0.27515,6,9,5,15,14,7,2,1,8,4,12,10,13,11,3
0.46797,1.25893,0.46086,1.2379,0.47538,1.25691,0.48393,1.25557,0.49141,1.25958,0.50897,1.32574,0.56994,1.38181,0.60907,1.48814,0.66771,1.542,0.7102,1.62467,0.73249,1.66196,0.77644,1.64683,0.82179,1.61959,0.85741,1.63484,0.88092,1.6603,0.92313,1.75164,0.94447,1.81025,1.00693,1.91785,1.02263,1.93942,1.02039,1.9355,0.9826,1.92962,0.92981,2.01534,0.88695,1.95169,0.8408,1.88219,0.78511,1.75377,0.75094,1.6274,0.73526,1.54094,0.72983,1.44555,0.72761,1.33692,0.72375,1.23472,0.71294,1.13845,0.69075,1.0339,0.6713,0.93588,0.64424,0.81795,0.62336,0.71592,0.60212,0.63284,0.58156,0.5625,0.554,0.5079,0.5287,0.48842,0.49563,0.46059,0.45745,0.44139,0.40699,0.40227,0.34991,0.37843,0.27925,0.33509,0.21854,0.29944,5,9,6,15,14,7,3,1,8,4,12,11,13,10,2
0.37061,0.87565,0.38274,0.86663,0.38732,0.87276,0.39502,0.88322,0.411,0.92291,0.43716,0.96116,0.46534,1.02238,0.52432,1.09327,0.57239,1.1497,0.60551,1.22371,0.63969,1.25945,0.67472,1.27432,0.71035,1.25362,0.74543,1.26819,0.78778,1.28822,0.81667,1.32277,0.84455,1.37818,0.87939,1.40611,0.89109,1.42891,0.89948,1.41902,0.87479,1.36411,0.83608,1.26841,0.78477,1.21114,0.75235,1.12435,0.71999,1.01908,0.69729,0.93163,0.69238,0.85972,0.69727,0.79687,0.70565,0.73993,0.70146,0.6772,0.7018,0.61889,0.67984,0.55047,0.65015,0.46012,0.62383,0.38625,0.59378,0.32891,0.56381,0.24717,0.53462,0.21262,0.50764,0.18743,0.4639,0.18133,0.43068,0.17783,0.37386,0.1729,0.32397,0.18993,0.25916,0.18379,0.19067,0.17167,0.12404,0.15372,6,8,5,15,14,9,2,1,7,3,10,13,12,11,4
0.22456,1.08583,0.22645,1.07699,0.24045,1.08341,0.23686,1.09419,0.25014,1.13487,0.28324,1.17486,0.31888,1.24061,0.35475,1.30384,0.41342,1.39322,0.45891,1.44488,0.49535,1.49539,0.53229,1.50885,0.56854,1.49762,0.60294,1.51264,0.63245,1.5363,0.65694,1.59439,0.6779,1.66125,0.6939,1.73175,0.71176,1.77988,0.69402,1.79026,0.67119,1.76803,0.64872,1.70683,0.60311,1.67188,0.57539,1.58562,0.55709,1.52524,0.53635,1.44942,0.54219,1.41119,0.54547,1.34824,0.54098,1.27238,0.53435,1.20286,0.51208,1.09118,0.47211,0.98715,0.41762,0.88987,0.37902,0.7584,0.33724,0.65858,0.29539,0.5502,0.26231,0.49519,0.21084,0.46782,0.15839,0.43501,0.11522,0.40673,0.04881,0.3877,-0.0083,0.37573,-0.07666,0.33947,-0.1458,0.30995,-0.21096,0.27515,6,9,5,15,14,7,2,1,8,4,12,10,13,11,3
0.46797,1.25893,0.46086,1.2379,0.47538,1.25691,0.48393,1.25557,0.49141,1.25958,0.50897,1.32574,0.56994,1.38181,0.60907,1.48814,0.66771,1.542,0.7102,1.62467,0.73249,1.66196,0.77644,1.64683,0.82179,1.61959,0.85741,1.63484,0.88092,1.6603,0.92313,1.75164,0.94447,1.81025,1.00693,1.91785,1.02263,1.93942,1.02039,1.9355,0.9826,1.92962,0.92981,2.01534,0.88695,1.95169,0.8408,1.88219,0.78511,1.75377,0.75094,1.6274,0.73526,1.54094,0.72983,1.44555,0.72761,1.33692,0.72375,1.23472,0.71294,1.13845,0.69075,1.0339,0.6713,0.93588,0.64424,0.81795,0.62336,0.71592,0.60212,0.63284,0.58156,0.5625,0.554,0.5079,0.5287,0.48842,0.49563,0.46059,0.45745,0.44139,0.40699,0.40227,0.34991,0.37843,0.27925,0.33509,0.21854,0.29944,5,9,6,15,14,7,3,1,8,4,12,11,13,10,2
0.37061,0.87565,0.38274,0.86663,0.38732,0.87276,0.39502,0.88322,0.411,0.92291,0.43716,0.96116,0.46534,1.02238,0.52432,1.09327,0.57239,1.1497,0.60551,1.22371,0.63969,1.25945,0.67472,1.27432,0.71035,1.25362,0.74543,1.26819,0.78778,1.28822,0.81667,1.32277,0.84455,1.37818,0.87939,1.40611,0.89109,1.42891,0.89948,1.41902,0.87479,1.36411,0.83608,1.26841,0.78477,1.21114,0.75235,1.12435,0.71999,1.01908,0.69729,0.93163,0.69238,0.85972,0.69727,0.79687,0.70565,0.73993,0.70146,0.6772,0.7018,0.61889,0.67984,0.55047,0.65015,0.46012,0.62383,0.38625,0.59378,0.32891,0.56381,0.24717,0.53462,0.21262,0.50764,0.18743,0.4639,0.18133,0.43068,0.17783,0.37386,0.1729,0.32397,0.18993,0.25916,0.18379,0.19067,0.17167,0.12404,0.15372,6,8,5,15,14,9,2,1,7,3,10,13,12,11,4
