A1,A2,A3,A4,A5,A6,A7,A8,A9,A10,A11,A12,A13,A14,A15,A16,A17,A18,A19,A20,A21,A22,A23,A24,A25,A26,A27,A28,A29,A30,A31,A32,A33,A34,A35,A36,A37,A38,A39,A40,A41,A42,A43,A44,A45,A46,A47,A48,A49,A50,A51,A52,A53,A54,A55,A56,A57,A58,A59,A60,A61,A62,A63,A64,L1,L2,L3,L4,L5,L6,L7,L8,L9,L10,L11,L12,L13,L14,L15
-0.40733,0.40733,-0.38128,-0.28868,-0.21018,5.61249,-0.4819,-0.10804,-0.17817,-0.36793,-0.08805,-0.125,-0.08805,-0.21018,-0.22942,-0.17817,-0.22942,-0.29642,-0.10804,-0.14003,-0.24744,-0.125,2.18581,-0.16634,-0.15369,-0.06214,-0.08805,-0.16634,-0.14003,-0.06214,-0.29642,-0.06214,-0.125,-0.06214,-0.06214,-0.23856,-0.15369,-0.08805,-0.16634,-0.21997,-0.06214,-0.14003,-0.10804,-0.08805,-0.15369,-0.08805,-0.23856,-0.17817,-0.125,-0.15369,-0.17817,-0.06214,-0.08805,-0.06214,-0.06214,-0.22942,-0.08805,-0.22942,-0.23856,-0.15369,-0.06214,-0.13909,-0.32687,-1.57329,11,1,2,3,4,5,6,12,7,8,13,14,9,10,15
-0.40733,0.40733,-0.38128,-0.28868,-0.21018,-0.17817,2.07512,-0.10804,-0.17817,-0.36793,-0.08805,-0.125,-0.08805,-0.21018,-0.22942,-0.17817,-0.22942,-0.29642,-0.10804,-0.14003,-0.24744,-0.125,2.18581,-0.16634,-0.15369,-0.06214,-0.08805,-0.16634,-0.14003,-0.06214,-0.29642,-0.06214,-0.125,-0.06214,-0.06214,-0.23856,-0.15369,-0.08805,-0.16634,-0.21997,-0.06214,-0.14003,-0.10804,-0.08805,-0.15369,-0.08805,-0.23856,-0.17817,-0.125,-0.15369,-0.17817,-0.06214,-0.08805,-0.06214,-0.06214,-0.22942,-0.08805,-0.22942,-0.23856,-0.15369,-0.06214,-0.13909,-1.43255,-1.28594,1,2,3,9,10,11,4,5,6,12,13,7,8,14,15
-0.40733,0.40733,-0.38128,-0.28868,4.75777,-0.17817,-0.4819,-0.10804,-0.17817,-0.36793,-0.08805,-0.125,-0.08805,-0.21018,-0.22942,-0.17817,-0.22942,-0.29642,-0.10804,-0.14003,-0.24744,-0.125,-0.4575,-0.16634,-0.15369,-0.06214,-0.08805,-0.16634,7.14143,-0.06214,-0.29642,-0.06214,-0.125,-0.06214,-0.06214,-0.23856,-0.15369,-0.08805,-0.16634,-0.21997,-0.06214,-0.14003,-0.10804,-0.08805,-0.15369,-0.08805,-0.23856,-0.17817,-0.125,-0.15369,-0.17817,-0.06214,-0.08805,-0.06214,-0.06214,-0.22942,-0.08805,-0.22942,-0.23856,-0.15369,-0.06214,-0.13909,-1.21043,0.53086,10,1,11,12,2,3,13,4,5,14,6,7,8,9,15
-0.40733,0.40733,-0.38128,-0.28868,-0.21018,-0.17817,-0.4819,-0.10804,-0.17817,-0.36793,11.35782,-0.125,-0.08805,-0.21018,-0.22942,-0.17817,-0.22942,-0.29642,-0.10804,-0.14003,-0.24744,-0.125,-0.4575,-0.16634,-0.15369,-0.06214,-0.08805,-0.16634,-0.14003,-0.06214,-0.29642,-0.06214,8.0,-0.06214,-0.06214,-0.23856,-0.15369,-0.08805,-0.16634,-0.21997,-0.06214,-0.14003,-0.10804,-0.08805,-0.15369,-0.08805,-0.23856,-0.17817,-0.125,-0.15369,-0.17817,-0.06214,-0.08805,-0.06214,-0.06214,-0.22942,-0.08805,-0.22942,-0.23856,-0.15369,-0.06214,0.99815,-0.34806,-0.18196,1,5,6,7,2,3,8,9,10,11,13,4,14,12,15
2.455,-2.455,-0.38128,-0.28868,-0.21018,5.61249,-0.4819,-0.10804,-0.17817,-0.36793,-0.08805,-0.125,-0.08805,-0.21018,-0.22942,-0.17817,-0.22942,-0.29642,-0.10804,-0.14003,-0.24744,-0.125,-0.4575,-0.16634,-0.15369,-0.06214,-0.08805,-0.16634,-0.14003,-0.06214,-0.29642,-0.06214,-0.125,-0.06214,-0.06214,4.19183,-0.15369,-0.08805,-0.16634,-0.21997,-0.06214,-0.14003,-0.10804,-0.08805,-0.15369,-0.08805,-0.23856,-0.17817,-0.125,-0.15369,-0.17817,-0.06214,-0.08805,-0.06214,-0.06214,-0.22942,-0.08805,-0.22942,-0.23856,-0.15369,-0.06214,2.1354,0.63974,1.25085,1,2,3,4,5,6,7,8,9,10,11,12,15,13,14
-0.40733,0.40733,-0.38128,3.4641,-0.21018,-0.17817,-0.4819,-0.10804,-0.17817,-0.36793,-0.08805,-0.125,-0.08805,-0.21018,-0.22942,-0.17817,-0.22942,-0.29642,-0.10804,-0.14003,-0.24744,-0.125,-0.4575,-0.16634,-0.15369,-0.06214,-0.08805,-0.16634,-0.14003,-0.06214,-0.29642,-0.06214,-0.125,-0.06214,-0.06214,-0.23856,-0.15369,-0.08805,-0.16634,-0.21997,-0.06214,-0.14003,-0.10804,-0.08805,-0.15369,-0.08805,-0.23856,-0.17817,-0.125,-0.15369,-0.17817,-0.06214,11.35782,-0.06214,-0.06214,-0.22942,-0.08805,-0.22942,-0.23856,-0.15369,-0.06214,-0.13909,-1.15956,0.71862,9,1,10,2,3,4,5,6,7,11,12,13,14,15,8
-0.40733,0.40733,-0.38128,-0.28868,-0.21018,-0.17817,-0.4819,-0.10804,-0.17817,2.71792,-0.08805,-0.125,-0.08805,-0.21018,-0.22942,-0.17817,-0.22942,-0.29642,-0.10804,-0.14003,-0.24744,-0.125,-0.4575,-0.16634,-0.15369,-0.06214,-0.08805,-0.16634,-0.14003,-0.06214,-0.29642,-0.06214,-0.125,-0.06214,-0.06214,-0.23856,-0.15369,-0.08805,-0.16634,4.54606,-0.06214,-0.14003,-0.10804,-0.08805,-0.15369,-0.08805,-0.23856,-0.17817,-0.125,-0.15369,-0.17817,-0.06214,-0.08805,-0.06214,-0.06214,-0.22942,-0.08805,-0.22942,-0.23856,-0.15369,-0.06214,-0.13909,1.2166,0.03406,10,1,2,3,11,4,5,6,7,8,12,13,9,14,15
-0.40733,0.40733,-0.38128,-0.28868,-0.21018,-0.17817,-0.4819,-0.10804,-0.17817,-0.36793,-0.08805,-0.125,-0.08805,4.75777,-0.22942,-0.17817,-0.22942,-0.29642,-0.10804,-0.14003,-0.24744,-0.125,-0.4575,-0.16634,-0.15369,-0.06214,-0.08805,-0.16634,-0.14003,-0.06214,-0.29642,-0.06214,-0.125,-0.06214,-0.06214,-0.23856,-0.15369,-0.08805,-0.16634,-0.21997,-0.06214,-0.14003,-0.10804,-0.08805,-0.15369,-0.08805,4.19183,-0.17817,-0.125,-0.15369,-0.17817,-0.06214,-0.08805,-0.06214,-0.06214,-0.22942,-0.08805,-0.22942,-0.23856,-0.15369,-0.06214,-0.13909,0.34156,1.11201,6,1,7,2,8,9,3,4,10,11,12,13,14,15,5
-0.40733,0.40733,2.62274,-0.28868,-0.21018,-0.17817,-0.4819,-0.10804,-0.17817,-0.36793,-0.08805,-0.125,-0.08805,-0.21018,-0.22942,-0.17817,-0.22942,-0.29642,-0.10804,-0.14003,-0.24744,-0.125,-0.4575,6.01189,-0.15369,-0.06214,-0.08805,-0.16634,-0.14003,-0.06214,-0.29642,-0.06214,-0.125,-0.06214,-0.06214,-0.23856,-0.15369,-0.08805,-0.16634,-0.21997,-0.06214,-0.14003,-0.10804,-0.08805,-0.15369,-0.08805,-0.23856,-0.17817,-0.125,-0.15369,-0.17817,-0.06214,-0.08805,-0.06214,-0.06214,-0.22942,-0.08805,-0.22942,-0.23856,-0.15369,-0.06214,-0.93517,0.16332,-0.62994,1,2,3,4,5,6,7,8,9,10,11,12,13,14,15
-0.40733,0.40733,-0.38128,-0.28868,-0.21018,-0.17817,2.07512,-0.10804,-0.17817,-0.36793,-0.08805,-0.125,-0.08805,-0.21018,-0.22942,-0.17817,-0.22942,-0.29642,-0.10804,-0.14003,-0.24744,-0.125,-0.4575,-0.16634,-0.15369,-0.06214,-0.08805,-0.16634,-0.14003,-0.06214,3.37357,-0.06214,-0.125,-0.06214,-0.06214,-0.23856,-0.15369,-0.08805,-0.16634,-0.21997,-0.06214,-0.14003,-0.10804,-0.08805,-0.15369,-0.08805,-0.23856,-0.17817,-0.125,-0.15369,-0.17817,-0.06214,-0.08805,-0.06214,-0.06214,-0.22942,-0.08805,-0.22942,-0.23856,-0.15369,-0.06214,-0.93517,0.17754,0.31796,1,2,3,4,5,6,13,7,14,8,15,9,10,11,12
-0.40733,0.40733,-0.38128,-0.28868,-0.21018,-0.17817,2.07512,-0.10804,-0.17817,-0.36793,-0.08805,-0.125,-0.08805,-0.21018,-0.22942,-0.17817,-0.22942,-0.29642,-0.10804,-0.14003,-0.24744,-0.125,-0.4575,-0.16634,-0.15369,-0.06214,-0.08805,-0.16634,-0.14003,-0.06214,-0.29642,-0.06214,-0.125,-0.06214,-0.06214,-0.23856,-0.15369,11.35782,-0.16634,-0.21997,-0.06214,-0.14003,-0.10804,-0.08805,-0.15369,-0.08805,-0.23856,-0.17817,-0.125,-0.15369,-0.17817,-0.06214,-0.08805,-0.06214,-0.06214,-0.22942,-0.08805,-0.22942,-0.23856,-0.15369,-0.06214,-0.93517,1.14732,1.35009,9,1,10,11,2,12,3,4,5,6,15,7,13,14,8
-0.40733,0.40733,-0.38128,-0.28868,-0.21018,-0.17817,-0.4819,-0.10804,-0.17817,-0.36793,-0.08805,-0.125,-0.08805,-0.21018,-0.22942,-0.17817,-0.22942,3.37357,-0.10804,-0.14003,-0.24744,-0.125,-0.4575,-0.16634,-0.15369,-0.06214,-0.08805,-0.16634,-0.14003,-0.06214,-0.29642,-0.06214,-0.125,-0.06214,-0.06214,-0.23856,-0.15369,-0.08805,-0.16634,4.54606,-0.06214,-0.14003,-0.10804,-0.08805,-0.15369,-0.08805,-0.23856,-0.17817,-0.125,-0.15369,-0.17817,-0.06214,-0.08805,-0.06214,-0.06214,-0.22942,-0.08805,-0.22942,-0.23856,-0.15369,-0.06214,-0.13909,1.2484,0.04121,12,1,2,14,3,8,4,9,5,10,13,6,15,7,11
-0.40733,0.40733,-0.38128,-0.28868,-0.21018,-0.17817,-0.4819,-0.10804,-0.17817,-0.36793,-0.08805,-0.125,-0.08805,-0.21018,-0.22942,-0.17817,-0.22942,3.37357,-0.10804,-0.14003,-0.24744,-0.125,-0.4575,-0.16634,-0.15369,-0.06214,-0.08805,-0.16634,-0.14003,-0.06214,-0.29642,-0.06214,-0.125,-0.06214,-0.06214,-0.23856,-0.15369,-0.08805,-0.16634,4.54606,-0.06214,-0.14003,-0.10804,-0.08805,-0.15369,-0.08805,-0.23856,-0.17817,-0.125,-0.15369,-0.17817,-0.06214,-0.08805,-0.06214,-0.06214,-0.22942,-0.08805,-0.22942,-0.23856,-0.15369,-0.06214,-0.13909,1.26121,0.04442,8,1,9,10,2,3,4,5,11,6,12,13,14,15,7
-0.40733,0.40733,-0.38128,-0.28868,-0.21018,-0.17817,-0.4819,-0.10804,-0.17817,-0.36793,-0.08805,8.0,-0.08805,-0.21018,-0.22942,-0.17817,-0.22942,-0.29642,-0.10804,-0.14003,-0.24744,-0.125,-0.4575,-0.16634,-0.15369,-0.06214,-0.08805,-0.16634,-0.14003,-0.06214,-0.29642,-0.06214,-0.125,-0.06214,-0.06214,-0.23856,-0.15369,-0.08805,-0.16634,4.54606,-0.06214,-0.14003,-0.10804,-0.08805,-0.15369,-0.08805,-0.23856,-0.17817,-0.125,-0.15369,-0.17817,-0.06214,-0.08805,-0.06214,-0.06214,-0.22942,-0.08805,-0.22942,-0.23856,-0.15369,-0.06214,-0.93517,1.30537,0.03102,7,8,9,10,11,12,1,2,3,13,15,4,5,14,6
-0.40733,0.40733,-0.38128,-0.28868,-0.21018,-0.17817,-0.4819,-0.10804,-0.17817,-0.36793,-0.08805,-0.125,11.35782,-0.21018,-0.22942,-0.17817,-0.22942,-0.29642,-0.10804,-0.14003,-0.24744,-0.125,-0.4575,-0.16634,-0.15369,-0.06214,-0.08805,-0.16634,-0.14003,-0.06214,-0.29642,-0.06214,-0.125,-0.06214,-0.06214,-0.23856,-0.15369,-0.08805,-0.16634,-0.21997,-0.06214,-0.14003,-0.10804,-0.08805,-0.15369,-0.08805,-0.23856,-0.17817,-0.125,-0.15369,-0.17817,-0.06214,-0.08805,-0.06214,-0.06214,-0.22942,-0.08805,-0.22942,-0.23856,6.50641,-0.06214,-0.93517,0.82378,0.25064,1,2,9,10,3,4,5,11,6,12,13,14,7,15,8
-0.40733,0.40733,-0.38128,3.4641,-0.21018,-0.17817,-0.4819,-0.10804,-0.17817,-0.36793,-0.08805,-0.125,-0.08805,-0.21018,-0.22942,-0.17817,-0.22942,-0.29642,-0.10804,-0.14003,-0.24744,-0.125,-0.4575,-0.16634,-0.15369,-0.06214,-0.08805,-0.16634,-0.14003,-0.06214,-0.29642,-0.06214,-0.125,-0.06214,-0.06214,-0.23856,-0.15369,-0.08805,-0.16634,4.54606,-0.06214,-0.14003,-0.10804,-0.08805,-0.15369,-0.08805,-0.23856,-0.17817,-0.125,-0.15369,-0.17817,-0.06214,-0.08805,-0.06214,-0.06214,-0.22942,-0.08805,-0.22942,-0.23856,-0.15369,-0.06214,-0.13909,1.22906,0.04579,1,2,8,15,3,4,5,6,7,9,14,10,11,12,13
-0.40733,0.40733,-0.38128,-0.28868,-0.21018,-0.17817,2.07512,-0.10804,-0.17817,-0.36793,-0.08805,-0.125,-0.08805,-0.21018,-0.22942,-0.17817,-0.22942,-0.29642,-0.10804,-0.14003,-0.24744,-0.125,-0.4575,-0.16634,-0.15369,-0.06214,-0.08805,-0.16634,-0.14003,-0.06214,-0.29642,-0.06214,-0.125,-0.06214,-0.06214,-0.23856,-0.15369,-0.08805,-0.16634,-0.21997,-0.06214,-0.14003,-0.10804,-0.08805,-0.15369,-0.08805,-0.23856,-0.17817,-0.125,-0.15369,-0.17817,-0.06214,-0.08805,-0.06214,-0.06214,-0.22942,-0.08805,-0.22942,-0.23856,6.50641,-0.06214,-0.93517,1.20774,0.13869,1,10,11,12,2,3,4,5,13,6,15,7,8,14,9
-0.40733,0.40733,-0.38128,-0.28868,-0.21018,-0.17817,-0.4819,-0.10804,-0.17817,-0.36793,-0.08805,-0.125,-0.08805,-0.21018,4.3589,-0.17817,-0.22942,-0.29642,-0.10804,-0.14003,-0.24744,-0.125,-0.4575,-0.16634,-0.15369,-0.06214,-0.08805,-0.16634,-0.14003,-0.06214,-0.29642,-0.06214,-0.125,-0.06214,-0.06214,-0.23856,-0.15369,-0.08805,-0.16634,4.54606,-0.06214,-0.14003,-0.10804,-0.08805,-0.15369,-0.08805,-0.23856,-0.17817,-0.125,-0.15369,-0.17817,-0.06214,-0.08805,-0.06214,-0.06214,-0.22942,-0.08805,-0.22942,-0.23856,-0.15369,-0.06214,-0.13909,1.23345,0.03067,1,9,10,11,2,3,15,4,12,5,13,6,8,14,7
2.455,-2.455,-0.38128,-0.28868,-0.21018,-0.17817,-0.4819,-0.10804,-0.17817,-0.36793,-0.08805,-0.125,-0.08805,-0.21018,4.3589,-0.17817,-0.22942,-0.29642,-0.10804,-0.14003,-0.24744,-0.125,-0.4575,-0.16634,-0.15369,-0.06214,-0.08805,-0.16634,-0.14003,-0.06214,-0.29642,-0.06214,-0.125,-0.06214,-0.06214,-0.23856,-0.15369,-0.08805,-0.16634,-0.21997,-0.06214,-0.14003,-0.10804,-0.08805,-0.15369,-0.08805,-0.23856,-0.17817,-0.125,-0.15369,-0.17817,-0.06214,-0.08805,-0.06214,-0.06214,-0.22942,-0.08805,4.3589,-0.23856,-0.15369,-0.06214,-0.93517,-0.10012,0.9348,13,6,7,14,1,2,15,8,9,10,11,12,3,4,5
-0.40733,0.40733,-0.38128,3.4641,-0.21018,-0.17817,-0.4819,-0.10804,-0.17817,-0.36793,-0.08805,-0.125,-0.08805,-0.21018,-0.22942,-0.17817,-0.22942,-0.29642,-0.10804,-0.14003,-0.24744,-0.125,-0.4575,-0.16634,-0.15369,-0.06214,-0.08805,-0.16634,-0.14003,-0.06214,-0.29642,-0.06214,-0.125,-0.06214,-0.06214,-0.23856,-0.15369,-0.08805,-0.16634,-0.21997,-0.06214,-0.14003,-0.10804,-0.08805,-0.15369,-0.08805,-0.23856,-0.17817,-0.125,-0.15369,-0.17817,-0.06214,-0.08805,-0.06214,-0.06214,4.3589,-0.08805,-0.22942,-0.23856,-0.15369,-0.06214,-0.13909,-1.42241,-0.15657,7,1,8,2,3,4,9,5,13,10,14,11,6,12,15
-0.40733,0.40733,-0.38128,-0.28868,-0.21018,-0.17817,-0.4819,-0.10804,-0.17817,-0.36793,-0.08805,-0.125,-0.08805,-0.21018,-0.22942,-0.17817,4.3589,-0.29642,-0.10804,-0.14003,-0.24744,-0.125,-0.4575,-0.16634,-0.15369,-0.06214,-0.08805,-0.16634,-0.14003,-0.06214,-0.29642,-0.06214,-0.125,-0.06214,-0.06214,-0.23856,-0.15369,-0.08805,-0.16634,4.54606,-0.06214,-0.14003,-0.10804,-0.08805,-0.15369,-0.08805,-0.23856,-0.17817,-0.125,-0.15369,-0.17817,-0.06214,-0.08805,-0.06214,-0.06214,-0.22942,-0.08805,-0.22942,-0.23856,-0.15369,-0.06214,-0.93517,1.22326,0.05903,1,2,9,10,3,15,4,13,5,11,14,6,12,7,8
-0.40733,0.40733,2.62274,-0.28868,-0.21018,-0.17817,-0.4819,-0.10804,-0.17817,-0.36793,-0.08805,-0.125,-0.08805,-0.21018,-0.22942,-0.17817,-0.22942,-0.29642,-0.10804,-0.14003,-0.24744,-0.125,-0.4575,-0.16634,-0.15369,-0.06214,-0.08805,6.01189,-0.14003,-0.06214,-0.29642,-0.06214,-0.125,-0.06214,-0.06214,-0.23856,-0.15369,-0.08805,-0.16634,-0.21997,-0.06214,-0.14003,-0.10804,-0.08805,-0.15369,-0.08805,-0.23856,-0.17817,-0.125,-0.15369,-0.17817,-0.06214,-0.08805,-0.06214,-0.06214,-0.22942,-0.08805,-0.22942,-0.23856,-0.15369,-0.06214,-0.13909,-2.6193,0.75766,8,1,9,2,14,15,10,3,11,4,12,13,5,6,7
2.455,-2.455,2.62274,-0.28868,-0.21018,-0.17817,-0.4819,-0.10804,-0.17817,-0.36793,-0.08805,-0.125,-0.08805,-0.21018,-0.22942,-0.17817,-0.22942,-0.29642,-0.10804,-0.14003,-0.24744,8.0,-0.4575,-0.16634,-0.15369,-0.06214,-0.08805,-0.16634,-0.14003,-0.06214,-0.29642,-0.06214,-0.125,-0.06214,-0.06214,-0.23856,-0.15369,-0.08805,-0.16634,-0.21997,-0.06214,-0.14003,-0.10804,-0.08805,-0.15369,-0.08805,-0.23856,-0.17817,-0.125,-0.15369,-0.17817,-0.06214,-0.08805,-0.06214,-0.06214,-0.22942,-0.08805,-0.22942,-0.23856,-0.15369,-0.06214,-0.13909,-1.27511,-0.97574,8,9,15,10,11,1,2,3,4,12,5,6,13,14,7
-0.40733,0.40733,-0.38128,-0.28868,-0.21018,-0.17817,-0.4819,-0.10804,-0.17817,-0.36793,-0.08805,-0.125,-0.08805,4.75777,-0.22942,-0.17817,-0.22942,-0.29642,-0.10804,-0.14003,-0.24744,-0.125,2.18581,-0.16634,-0.15369,-0.06214,-0.08805,-0.16634,-0.14003,-0.06214,-0.29642,-0.06214,-0.125,-0.06214,-0.06214,-0.23856,-0.15369,-0.08805,-0.16634,-0.21997,-0.06214,-0.14003,-0.10804,-0.08805,-0.15369,-0.08805,-0.23856,-0.17817,-0.125,-0.15369,-0.17817,-0.06214,-0.08805,-0.06214,-0.06214,-0.22942,-0.08805,-0.22942,-0.23856,-0.15369,-0.06214,-0.13909,-0.33639,-1.57345,12,1,13,2,8,3,9,10,11,14,15,4,5,6,7
-0.40733,0.40733,-0.38128,-0.28868,-0.21018,-0.17817,2.07512,-0.10804,-0.17817,-0.36793,-0.08805,-0.125,-0.08805,-0.21018,-0.22942,-0.17817,-0.22942,-0.29642,-0.10804,-0.14003,-0.24744,-0.125,-0.4575,-0.16634,-0.15369,-0.06214,-0.08805,-0.16634,-0.14003,-0.06214,-0.29642,-0.06214,-0.125,-0.06214,-0.06214,-0.23856,-0.15369,-0.08805,-0.16634,-0.21997,-0.06214,-0.14003,-0.10804,-0.08805,-0.15369,-0.08805,-0.23856,-0.17817,-0.125,-0.15369,-0.17817,-0.06214,-0.08805,-0.06214,-0.06214,4.3589,-0.08805,-0.22942,-0.23856,-0.15369,-0.06214,-0.93517,-1.54232,-0.23355,1,13,4,5,6,11,14,7,15,8,9,12,2,10,3
-0.40733,0.40733,-0.38128,-0.28868,-0.21018,-0.17817,-0.4819,-0.10804,-0.17817,-0.36793,-0.08805,-0.125,-0.08805,-0.21018,-0.22942,-0.17817,-0.22942,-0.29642,-0.10804,-0.14003,4.04145,8.0,-0.4575,-0.16634,-0.15369,-0.06214,-0.08805,-0.16634,-0.14003,-0.06214,-0.29642,-0.06214,-0.125,-0.06214,-0.06214,-0.23856,-0.15369,-0.08805,-0.16634,-0.21997,-0.06214,-0.14003,-0.10804,-0.08805,-0.15369,-0.08805,-0.23856,-0.17817,-0.125,-0.15369,-0.17817,-0.06214,-0.08805,-0.06214,-0.06214,-0.22942,-0.08805,-0.22942,-0.23856,-0.15369,-0.06214,-0.13909,-1.27511,-0.97574,15,1,8,2,9,3,4,5,10,11,6,7,12,13,14
-0.40733,0.40733,-0.38128,-0.28868,-0.21018,-0.17817,2.07512,-0.10804,-0.17817,-0.36793,-0.08805,-0.125,-0.08805,-0.21018,-0.22942,-0.17817,-0.22942,-0.29642,-0.10804,-0.14003,-0.24744,-0.125,-0.4575,-0.16634,-0.15369,-0.06214,-0.08805,-0.16634,-0.14003,-0.06214,-0.29642,-0.06214,-0.125,-0.06214,-0.06214,-0.23856,-0.15369,-0.08805,-0.16634,-0.21997,-0.06214,-0.14003,-0.10804,-0.08805,-0.15369,-0.08805,-0.23856,-0.17817,-0.125,-0.15369,-0.17817,-0.06214,-0.08805,-0.06214,-0.06214,4.3589,-0.08805,-0.22942,-0.23856,-0.15369,-0.06214,-0.93517,-1.43539,-0.17542,1,2,3,13,4,5,6,7,8,14,15,9,10,11,12
-0.40733,0.40733,-0.38128,-0.28868,-0.21018,-0.17817,2.07512,-0.10804,-0.17817,-0.36793,-0.08805,-0.125,-0.08805,-0.21018,-0.22942,-0.17817,-0.22942,-0.29642,-0.10804,-0.14003,-0.24744,-0.125,-0.4575,-0.16634,-0.15369,-0.06214,-0.08805,-0.16634,-0.14003,-0.06214,-0.29642,-0.06214,-0.125,-0.06214,-0.06214,-0.23856,-0.15369,-0.08805,-0.16634,-0.21997,-0.06214,-0.14003,-0.10804,-0.08805,-0.15369,-0.08805,-0.23856,-0.17817,-0.125,-0.15369,-0.17817,-0.06214,-0.08805,-0.06214,-0.06214,-0.22942,-0.08805,-0.22942,4.19183,-0.15369,-0.06214,-0.93517,1.77817,-1.56451,1,2,10,3,11,4,12,13,14,5,15,6,7,8,9
2.455,-2.455,-0.38128,-0.28868,-0.21018,-0.17817,-0.4819,-0.10804,-0.17817,-0.36793,11.35782,-0.125,-0.08805,-0.21018,-0.22942,-0.17817,-0.22942,-0.29642,-0.10804,-0.14003,-0.24744,-0.125,-0.4575,-0.16634,-0.15369,-0.06214,-0.08805,-0.16634,-0.14003,-0.06214,-0.29642,-0.06214,-0.125,-0.06214,-0.06214,-0.23856,-0.15369,-0.08805,-0.16634,-0.21997,-0.06214,-0.14003,-0.10804,-0.08805,-0.15369,-0.08805,-0.23856,-0.17817,-0.125,6.50641,-0.17817,-0.06214,-0.08805,-0.06214,-0.06214,-0.22942,-0.08805,-0.22942,-0.23856,-0.15369,-0.06214,0.99815,0.63297,-1.58444,8,1,2,3,9,4,10,5,11,6,12,15,13,7,14
-0.40733,0.40733,-0.38128,-0.28868,-0.21018,-0.17817,-0.4819,-0.10804,-0.17817,-0.36793,-0.08805,-0.125,-0.08805,-0.21018,4.3589,-0.17817,-0.22942,-0.29642,-0.10804,-0.14003,-0.24744,-0.125,-0.4575,-0.16634,-0.15369,-0.06214,-0.08805,-0.16634,-0.14003,-0.06214,-0.29642,-0.06214,-0.125,-0.06214,-0.06214,-0.23856,-0.15369,11.35782,-0.16634,-0.21997,-0.06214,-0.14003,-0.10804,-0.08805,-0.15369,-0.08805,-0.23856,-0.17817,-0.125,-0.15369,-0.17817,-0.06214,-0.08805,-0.06214,-0.06214,-0.22942,-0.08805,-0.22942,-0.23856,-0.15369,-0.06214,-0.13909,1.04456,1.31816,8,1,9,15,2,10,11,3,12,13,14,4,5,6,7
2.455,-2.455,-0.38128,-0.28868,-0.21018,-0.17817,-0.4819,-0.10804,-0.17817,-0.36793,-0.08805,-0.125,-0.08805,-0.21018,-0.22942,-0.17817,-0.22942,-0.29642,-0.10804,7.14143,-0.24744,-0.125,2.18581,-0.16634,-0.15369,-0.06214,-0.08805,-0.16634,-0.14003,-0.06214,-0.29642,-0.06214,-0.125,-0.06214,-0.06214,-0.23856,-0.15369,-0.08805,-0.16634,-0.21997,-0.06214,-0.14003,-0.10804,-0.08805,-0.15369,-0.08805,-0.23856,-0.17817,-0.125,-0.15369,-0.17817,-0.06214,-0.08805,-0.06214,-0.06214,-0.22942,-0.08805,-0.22942,-0.23856,-0.15369,-0.06214,-0.93517,-0.5157,-1.53689,1,8,9,5,2,10,11,12,13,15,6,3,4,14,7
2.455,-2.455,-0.38128,-0.28868,-0.21018,5.61249,-0.4819,-0.10804,-0.17817,-0.36793,-0.08805,-0.125,-0.08805,-0.21018,-0.22942,-0.17817,-0.22942,-0.29642,-0.10804,-0.14003,-0.24744,-0.125,-0.4575,-0.16634,-0.15369,-0.06214,-0.08805,-0.16634,-0.14003,-0.06214,-0.29642,-0.06214,-0.125,-0.06214,-0.06214,-0.23856,-0.15369,-0.08805,-0.16634,-0.21997,-0.06214,-0.14003,-0.10804,-0.08805,-0.15369,-0.08805,-0.23856,-0.17817,-0.125,6.50641,-0.17817,-0.06214,-0.08805,-0.06214,-0.06214,-0.22942,-0.08805,-0.22942,-0.23856,-0.15369,-0.06214,-0.13909,1.04037,-1.60903,8,9,13,14,1,2,15,7,11,12,10,3,4,5,6
-0.40733,0.40733,-0.38128,-0.28868,-0.21018,-0.17817,2.07512,-0.10804,-0.17817,-0.36793,-0.08805,-0.125,-0.08805,-0.21018,-0.22942,-0.17817,-0.22942,-0.29642,-0.10804,-0.14003,-0.24744,-0.125,-0.4575,-0.16634,-0.15369,-0.06214,-0.08805,-0.16634,-0.14003,-0.06214,-0.29642,-0.06214,-0.125,-0.06214,-0.06214,-0.23856,-0.15369,-0.08805,-0.16634,-0.21997,-0.06214,-0.14003,-0.10804,-0.08805,-0.15369,-0.08805,-0.23856,-0.17817,-0.125,-0.15369,-0.17817,-0.06214,-0.08805,-0.06214,-0.06214,-0.22942,-0.08805,-0.22942,4.19183,-0.15369,-0.06214,-0.93517,1.71655,-1.57697,1,15,7,2,10,3,11,4,8,5,12,13,6,9,14
-0.40733,0.40733,-0.38128,-0.28868,-0.21018,-0.17817,2.07512,-0.10804,-0.17817,-0.36793,-0.08805,-0.125,-0.08805,-0.21018,-0.22942,-0.17817,-0.22942,-0.29642,-0.10804,-0.14003,-0.24744,-0.125,-0.4575,-0.16634,-0.15369,-0.06214,-0.08805,-0.16634,-0.14003,-0.06214,-0.29642,-0.06214,-0.125,-0.06214,-0.06214,-0.23856,-0.15369,-0.08805,-0.16634,-0.21997,-0.06214,-0.14003,-0.10804,-0.08805,-0.15369,-0.08805,-0.23856,-0.17817,-0.125,-0.15369,-0.17817,-0.06214,-0.08805,-0.06214,-0.06214,-0.22942,-0.08805,4.3589,-0.23856,-0.15369,-0.06214,-0.93517,-0.28303,0.85073,7,1,8,9,2,10,3,4,11,14,12,15,5,13,6
-0.40733,0.40733,-0.38128,-0.28868,-0.21018,-0.17817,-0.4819,-0.10804,-0.17817,-0.36793,-0.08805,-0.125,-0.08805,-0.21018,-0.22942,-0.17817,-0.22942,-0.29642,-0.10804,7.14143,-0.24744,-0.125,-0.4575,-0.16634,-0.15369,-0.06214,-0.08805,-0.16634,-0.14003,-0.06214,-0.29642,-0.06214,-0.125,-0.06214,-0.06214,-0.23856,-0.15369,-0.08805,-0.16634,-0.21997,-0.06214,-0.14003,-0.10804,-0.08805,-0.15369,11.35782,-0.23856,-0.17817,-0.125,-0.15369,-0.17817,-0.06214,-0.08805,-0.06214,-0.06214,-0.22942,-0.08805,-0.22942,-0.23856,-0.15369,-0.06214,-0.93517,-0.697,-0.64509,2,3,9,10,11,12,4,5,6,13,14,7,1,8,15
-0.40733,0.40733,-0.38128,-0.28868,-0.21018,-0.17817,-0.4819,-0.10804,-0.17817,-0.36793,-0.08805,-0.125,-0.08805,-0.21018,-0.22942,-0.17817,4.3589,-0.29642,-0.10804,-0.14003,-0.24744,-0.125,-0.4575,-0.16634,-0.15369,-0.06214,-0.08805,-0.16634,-0.14003,-0.06214,-0.29642,-0.06214,-0.125,-0.06214,-0.06214,-0.23856,-0.15369,-0.08805,-0.16634,-0.21997,-0.06214,-0.14003,-0.10804,-0.08805,-0.15369,-0.08805,-0.23856,-0.17817,-0.125,-0.15369,-0.17817,-0.06214,-0.08805,-0.06214,-0.06214,-0.22942,-0.08805,4.3589,-0.23856,-0.15369,-0.06214,-0.13909,-0.19323,0.83504,1,2,12,13,3,4,5,6,15,7,14,8,9,10,11
-0.40733,0.40733,2.62274,-0.28868,-0.21018,-0.17817,-0.4819,-0.10804,-0.17817,-0.36793,-0.08805,-0.125,-0.08805,-0.21018,-0.22942,-0.17817,-0.22942,-0.29642,-0.10804,-0.14003,-0.24744,-0.125,-0.4575,-0.16634,-0.15369,-0.06214,-0.08805,-0.16634,-0.14003,-0.06214,-0.29642,-0.06214,-0.125,-0.06214,-0.06214,-0.23856,-0.15369,-0.08805,-0.16634,-0.21997,-0.06214,-0.14003,-0.10804,-0.08805,-0.15369,-0.08805,-0.23856,-0.17817,-0.125,-0.15369,-0.17817,-0.06214,-0.08805,-0.06214,-0.06214,-0.22942,-0.08805,-0.22942,4.19183,-0.15369,-0.06214,-0.13909,1.82664,-1.56841,1,2,3,13,4,5,6,7,8,9,14,10,11,12,15
-0.40733,0.40733,-0.38128,-0.28868,-0.21018,-0.17817,-0.4819,-0.10804,-0.17817,-0.36793,-0.08805,-0.125,-0.08805,-0.21018,-0.22942,-0.17817,-0.22942,-0.29642,-0.10804,-0.14003,4.04145,-0.125,2.18581,-0.16634,-0.15369,-0.06214,-0.08805,-0.16634,-0.14003,-0.06214,-0.29642,-0.06214,-0.125,-0.06214,-0.06214,-0.23856,-0.15369,-0.08805,-0.16634,-0.21997,-0.06214,-0.14003,-0.10804,-0.08805,-0.15369,-0.08805,-0.23856,-0.17817,-0.125,-0.15369,-0.17817,-0.06214,-0.08805,-0.06214,-0.06214,-0.22942,-0.08805,-0.22942,-0.23856,-0.15369,-0.06214,-0.93517,-1.32595,-1.27851,1,10,2,3,11,15,4,12,5,6,7,8,13,14,9
-0.40733,0.40733,2.62274,-0.28868,-0.21018,-0.17817,-0.4819,-0.10804,-0.17817,-0.36793,-0.08805,-0.125,-0.08805,-0.21018,-0.22942,-0.17817,-0.22942,-0.29642,-0.10804,-0.14003,-0.24744,-0.125,2.18581,-0.16634,-0.15369,-0.06214,-0.08805,-0.16634,-0.14003,-0.06214,-0.29642,-0.06214,-0.125,-0.06214,-0.06214,-0.23856,-0.15369,-0.08805,-0.16634,-0.21997,-0.06214,-0.14003,-0.10804,-0.08805,-0.15369,-0.08805,-0.23856,-0.17817,-0.125,-0.15369,-0.17817,-0.06214,-0.08805,-0.06214,-0.06214,-0.22942,-0.08805,-0.22942,-0.23856,-0.15369,-0.06214,-0.13909,-1.16975,-1.32547,1,2,8,3,4,9,5,6,10,11,12,15,7,13,14
-0.40733,0.40733,-0.38128,-0.28868,-0.21018,-0.17817,-0.4819,-0.10804,-0.17817,-0.36793,-0.08805,-0.125,-0.08805,-0.21018,-0.22942,5.61249,-0.22942,-0.29642,-0.10804,-0.14003,-0.24744,-0.125,-0.4575,-0.16634,-0.15369,-0.06214,-0.08805,-0.16634,-0.14003,-0.06214,3.37357,-0.06214,-0.125,-0.06214,-0.06214,-0.23856,-0.15369,-0.08805,-0.16634,-0.21997,-0.06214,-0.14003,-0.10804,-0.08805,-0.15369,-0.08805,-0.23856,-0.17817,-0.125,-0.15369,-0.17817,-0.06214,-0.08805,-0.06214,-0.06214,-0.22942,-0.08805,-0.22942,-0.23856,-0.15369,-0.06214,-0.13909,0.55118,0.33981,1,2,14,3,4,5,6,7,8,13,15,9,10,11,12
-0.40733,0.40733,-0.38128,-0.28868,-0.21018,-0.17817,-0.4819,-0.10804,-0.17817,-0.36793,-0.08805,-0.125,-0.08805,-0.21018,-0.22942,-0.17817,4.3589,-0.29642,-0.10804,-0.14003,-0.24744,-0.125,2.18581,-0.16634,-0.15369,-0.06214,-0.08805,-0.16634,-0.14003,-0.06214,-0.29642,-0.06214,-0.125,-0.06214,-0.06214,-0.23856,-0.15369,-0.08805,-0.16634,-0.21997,-0.06214,-0.14003,-0.10804,-0.08805,-0.15369,-0.08805,-0.23856,-0.17817,-0.125,-0.15369,-0.17817,-0.06214,-0.08805,-0.06214,-0.06214,-0.22942,-0.08805,-0.22942,-0.23856,-0.15369,-0.06214,2.70403,-1.38219,-1.27958,3,1,4,5,6,7,8,9,10,11,2,12,13,14,15
-0.40733,0.40733,-0.38128,-0.28868,-0.21018,-0.17817,2.07512,-0.10804,-0.17817,-0.36793,-0.08805,-0.125,-0.08805,-0.21018,-0.22942,-0.17817,-0.22942,-0.29642,-0.10804,-0.14003,-0.24744,-0.125,-0.4575,-0.16634,-0.15369,-0.06214,-0.08805,6.01189,-0.14003,-0.06214,-0.29642,-0.06214,-0.125,-0.06214,-0.06214,-0.23856,-0.15369,-0.08805,-0.16634,-0.21997,-0.06214,-0.14003,-0.10804,-0.08805,-0.15369,-0.08805,-0.23856,-0.17817,-0.125,-0.15369,-0.17817,-0.06214,-0.08805,-0.06214,-0.06214,-0.22942,-0.08805,-0.22942,-0.23856,-0.15369,-0.06214,-0.13909,-2.11971,0.64088,8,1,15,9,10,2,11,3,4,12,13,14,5,6,7
-0.40733,0.40733,-0.38128,-0.28868,-0.21018,-0.17817,-0.4819,-0.10804,-0.17817,-0.36793,-0.08805,-0.125,-0.08805,-0.21018,-0.22942,-0.17817,-0.22942,3.37357,-0.10804,-0.14003,-0.24744,-0.125,-0.4575,-0.16634,-0.15369,-0.06214,-0.08805,-0.16634,-0.14003,-0.06214,-0.29642,-0.06214,-0.125,-0.06214,-0.06214,-0.23856,-0.15369,-0.08805,-0.16634,-0.21997,-0.06214,-0.14003,-0.10804,-0.08805,-0.15369,-0.08805,-0.23856,-0.17817,-0.125,-0.15369,-0.17817,-0.06214,-0.08805,-0.06214,-0.06214,-0.22942,-0.08805,-0.22942,4.19183,-0.15369,-0.06214,-0.13909,1.81909,-1.56709,1,2,7,8,9,10,3,4,5,11,14,6,12,13,15
-0.40733,0.40733,2.62274,-0.28868,-0.21018,-0.17817,-0.4819,-0.10804,-0.17817,-0.36793,-0.08805,-0.125,-0.08805,-0.21018,-0.22942,-0.17817,-0.22942,-0.29642,-0.10804,-0.14003,-0.24744,-0.125,-0.4575,-0.16634,-0.15369,-0.06214,-0.08805,-0.16634,-0.14003,-0.06214,-0.29642,-0.06214,-0.125,-0.06214,-0.06214,-0.23856,-0.15369,-0.08805,-0.16634,-0.21997,-0.06214,-0.14003,-0.10804,-0.08805,-0.15369,-0.08805,4.19183,-0.17817,-0.125,-0.15369,-0.17817,-0.06214,-0.08805,-0.06214,-0.06214,-0.22942,-0.08805,-0.22942,-0.23856,-0.15369,-0.06214,-0.13909,0.291,1.09922,1,2,12,13,8,3,4,5,9,10,14,15,6,11,7
-0.40733,0.40733,-0.38128,-0.28868,-0.21018,5.61249,-0.4819,-0.10804,-0.17817,-0.36793,-0.08805,-0.125,-0.08805,-0.21018,-0.22942,-0.17817,-0.22942,-0.29642,-0.10804,-0.14003,-0.24744,-0.125,-0.4575,-0.16634,-0.15369,-0.06214,-0.08805,-0.16634,-0.14003,-0.06214,-0.29642,-0.06214,-0.125,-0.06214,-0.06214,-0.23856,-0.15369,-0.08805,-0.16634,-0.21997,-0.06214,-0.14003,-0.10804,-0.08805,-0.15369,-0.08805,4.19183,-0.17817,-0.125,-0.15369,-0.17817,-0.06214,-0.08805,-0.06214,-0.06214,-0.22942,-0.08805,-0.22942,-0.23856,-0.15369,-0.06214,0.99815,0.29263,1.10463,9,1,10,2,3,4,11,5,12,13,14,6,7,8,15
-0.40733,0.40733,-0.38128,3.4641,-0.21018,-0.17817,-0.4819,-0.10804,-0.17817,-0.36793,-0.08805,-0.125,-0.08805,-0.21018,-0.22942,-0.17817,-0.22942,-0.29642,-0.10804,-0.14003,-0.24744,-0.125,-0.4575,-0.16634,-0.15369,-0.06214,-0.08805,-0.16634,-0.14003,-0.06214,3.37357,-0.06214,-0.125,-0.06214,-0.06214,-0.23856,-0.15369,-0.08805,-0.16634,-0.21997,-0.06214,-0.14003,-0.10804,-0.08805,-0.15369,-0.08805,-0.23856,-0.17817,-0.125,-0.15369,-0.17817,-0.06214,-0.08805,-0.06214,-0.06214,-0.22942,-0.08805,-0.22942,-0.23856,-0.15369,-0.06214,0.99815,0.58258,0.35039,13,7,8,2,15,1,3,4,9,14,10,5,6,11,12
2.455,-2.455,2.62274,-0.28868,-0.21018,-0.17817,-0.4819,-0.10804,-0.17817,-0.36793,-0.08805,-0.125,-0.08805,-0.21018,-0.22942,-0.17817,-0.22942,-0.29642,-0.10804,-0.14003,-0.24744,-0.125,-0.4575,-0.16634,-0.15369,-0.06214,-0.08805,-0.16634,-0.14003,-0.06214,3.37357,-0.06214,-0.125,-0.06214,-0.06214,-0.23856,-0.15369,-0.08805,-0.16634,-0.21997,-0.06214,-0.14003,-0.10804,-0.08805,-0.15369,-0.08805,-0.23856,-0.17817,-0.125,-0.15369,-0.17817,-0.06214,-0.08805,-0.06214,-0.06214,-0.22942,-0.08805,-0.22942,-0.23856,-0.15369,-0.06214,-0.13909,0.55118,0.33981,1,2,14,13,3,4,5,6,7,8,15,9,10,11,12
-0.40733,0.40733,-0.38128,3.4641,-0.21018,-0.17817,-0.4819,-0.10804,-0.17817,-0.36793,-0.08805,-0.125,-0.08805,-0.21018,-0.22942,-0.17817,-0.22942,-0.29642,-0.10804,-0.14003,-0.24744,-0.125,-0.4575,-0.16634,-0.15369,-0.06214,-0.08805,-0.16634,-0.14003,-0.06214,-0.29642,-0.06214,-0.125,-0.06214,-0.06214,-0.23856,-0.15369,-0.08805,-0.16634,-0.21997,-0.06214,-0.14003,-0.10804,-0.08805,-0.15369,-0.08805,-0.23856,-0.17817,-0.125,6.50641,-0.17817,-0.06214,-0.08805,-0.06214,-0.06214,-0.22942,-0.08805,-0.22942,-0.23856,-0.15369,-0.06214,-0.13909,1.16392,-1.61217,1,2,3,10,11,4,5,12,6,13,14,15,7,8,9
-0.40733,0.40733,-0.38128,-0.28868,-0.21018,-0.17817,-0.4819,-0.10804,-0.17817,-0.36793,-0.08805,-0.125,-0.08805,-0.21018,-0.22942,-0.17817,4.3589,-0.29642,-0.10804,-0.14003,-0.24744,-0.125,-0.4575,-0.16634,-0.15369,-0.06214,-0.08805,-0.16634,-0.14003,-0.06214,-0.29642,-0.06214,-0.125,-0.06214,-0.06214,-0.23856,-0.15369,-0.08805,-0.16634,-0.21997,-0.06214,-0.14003,-0.10804,-0.08805,6.50641,-0.08805,-0.23856,-0.17817,-0.125,-0.15369,-0.17817,-0.06214,-0.08805,-0.06214,-0.06214,-0.22942,-0.08805,-0.22942,-0.23856,-0.15369,-0.06214,-0.13909,0.30963,1.05554,9,1,2,10,3,14,4,5,6,7,11,8,15,12,13
2.455,-2.455,-0.38128,-0.28868,-0.21018,-0.17817,-0.4819,-0.10804,-0.17817,-0.36793,-0.08805,8.0,-0.08805,-0.21018,-0.22942,-0.17817,-0.22942,-0.29642,-0.10804,-0.14003,-0.24744,-0.125,-0.4575,-0.16634,-0.15369,-0.06214,-0.08805,-0.16634,-0.14003,-0.06214,-0.29642,-0.06214,-0.125,-0.06214,-0.06214,-0.23856,-0.15369,-0.08805,-0.16634,-0.21997,-0.06214,-0.14003,-0.10804,-0.08805,-0.15369,-0.08805,-0.23856,-0.17817,-0.125,-0.15369,-0.17817,-0.06214,-0.08805,-0.06214,-0.06214,-0.22942,-0.08805,-0.22942,4.19183,-0.15369,-0.06214,-2.86849,1.82664,-1.56841,1,2,6,7,8,9,3,10,4,11,12,13,14,15,5
-0.40733,0.40733,-0.38128,3.4641,-0.21018,-0.17817,-0.4819,-0.10804,-0.17817,-0.36793,-0.08805,-0.125,-0.08805,-0.21018,-0.22942,-0.17817,-0.22942,-0.29642,-0.10804,-0.14003,-0.24744,-0.125,-0.4575,-0.16634,6.50641,-0.06214,-0.08805,-0.16634,-0.14003,-0.06214,-0.29642,-0.06214,-0.125,-0.06214,-0.06214,-0.23856,-0.15369,-0.08805,-0.16634,-0.21997,-0.06214,-0.14003,-0.10804,-0.08805,-0.15369,-0.08805,-0.23856,-0.17817,-0.125,-0.15369,-0.17817,-0.06214,-0.08805,-0.06214,-0.06214,-0.22942,-0.08805,-0.22942,-0.23856,-0.15369,-0.06214,0.99815,0.45137,1.19119,1,2,8,13,3,4,9,5,10,14,11,15,12,6,7
-0.40733,0.40733,-0.38128,-0.28868,-0.21018,-0.17817,-0.4819,-0.10804,5.61249,-0.36793,-0.08805,-0.125,-0.08805,-0.21018,-0.22942,-0.17817,-0.22942,-0.29642,-0.10804,-0.14003,-0.24744,-0.125,-0.4575,-0.16634,-0.15369,-0.06214,-0.08805,-0.16634,-0.14003,-0.06214,-0.29642,-0.06214,-0.125,-0.06214,-0.06214,-0.23856,-0.15369,-0.08805,-0.16634,-0.21997,-0.06214,-0.14003,-0.10804,-0.08805,-0.15369,-0.08805,-0.23856,-0.17817,-0.125,-0.15369,5.61249,-0.06214,-0.08805,-0.06214,-0.06214,-0.22942,-0.08805,-0.22942,-0.23856,-0.15369,-0.06214,-0.93517,0.14496,1.03943,1,2,13,3,4,5,6,7,14,8,15,9,10,11,12
-0.40733,0.40733,-0.38128,-0.28868,-0.21018,-0.17817,-0.4819,-0.10804,-0.17817,-0.36793,-0.08805,-0.125,-0.08805,-0.21018,4.3589,-0.17817,-0.22942,-0.29642,-0.10804,-0.14003,-0.24744,-0.125,-0.4575,-0.16634,-0.15369,-0.06214,-0.08805,-0.16634,-0.14003,-0.06214,-0.29642,-0.06214,-0.125,-0.06214,-0.06214,-0.23856,-0.15369,-0.08805,-0.16634,-0.21997,-0.06214,-0.14003,-0.10804,-0.08805,-0.15369,-0.08805,4.19183,-0.17817,-0.125,-0.15369,-0.17817,-0.06214,-0.08805,-0.06214,-0.06214,-0.22942,-0.08805,-0.22942,-0.23856,-0.15369,-0.06214,-0.93517,0.31703,1.10713,14,1,9,10,2,3,4,5,11,12,13,15,6,7,8
-0.40733,0.40733,-0.38128,-0.28868,-0.21018,-0.17817,2.07512,-0.10804,-0.17817,-0.36793,-0.08805,-0.125,-0.08805,-0.21018,-0.22942,-0.17817,-0.22942,-0.29642,-0.10804,-0.14003,-0.24744,-0.125,2.18581,-0.16634,-0.15369,-0.06214,-0.08805,-0.16634,-0.14003,-0.06214,-0.29642,-0.06214,-0.125,-0.06214,-0.06214,-0.23856,-0.15369,-0.08805,-0.16634,-0.21997,-0.06214,-0.14003,-0.10804,-0.08805,-0.15369,-0.08805,-0.23856,-0.17817,-0.125,-0.15369,-0.17817,-0.06214,-0.08805,-0.06214,-0.06214,-0.22942,-0.08805,-0.22942,-0.23856,-0.15369,-0.06214,-0.93517,-0.16076,-1.53897,1,2,7,14,3,4,8,9,10,11,12,5,15,13,6
-0.40733,0.40733,-0.38128,-0.28868,-0.21018,-0.17817,-0.4819,-0.10804,-0.17817,-0.36793,-0.08805,-0.125,-0.08805,-0.21018,-0.22942,-0.17817,-0.22942,-0.29642,-0.10804,-0.14003,4.04145,-0.125,-0.4575,-0.16634,-0.15369,-0.06214,-0.08805,-0.16634,-0.14003,-0.06214,-0.29642,-0.06214,-0.125,-0.06214,-0.06214,-0.23856,-0.15369,-0.08805,-0.16634,-0.21997,-0.06214,-0.14003,-0.10804,-0.08805,-0.15369,-0.08805,-0.23856,-0.17817,-0.125,-0.15369,5.61249,-0.06214,-0.08805,-0.06214,-0.06214,-0.22942,-0.08805,-0.22942,-0.23856,-0.15369,-0.06214,-0.93517,0.16751,1.05006,1,2,13,14,11,3,4,5,6,7,15,8,12,9,10
-0.40733,0.40733,-0.38128,-0.28868,-0.21018,-0.17817,-0.4819,-0.10804,-0.17817,2.71792,-0.08805,-0.125,-0.08805,-0.21018,-0.22942,-0.17817,-0.22942,-0.29642,-0.10804,-0.14003,-0.24744,-0.125,-0.4575,-0.16634,-0.15369,-0.06214,-0.08805,-0.16634,-0.14003,-0.06214,-0.29642,-0.06214,-0.125,-0.06214,-0.06214,-0.23856,6.50641,-0.08805,-0.16634,-0.21997,-0.06214,-0.14003,-0.10804,-0.08805,-0.15369,-0.08805,-0.23856,-0.17817,-0.125,-0.15369,-0.17817,-0.06214,-0.08805,-0.06214,-0.06214,-0.22942,-0.08805,-0.22942,-0.23856,-0.15369,-0.06214,0.99815,-0.0814,0.95566,8,3,15,1,9,10,4,11,12,13,5,6,2,7,14
-0.40733,0.40733,-0.38128,-0.28868,-0.21018,-0.17817,-0.4819,-0.10804,-0.17817,-0.36793,-0.08805,8.0,-0.08805,-0.21018,-0.22942,-0.17817,-0.22942,-0.29642,-0.10804,-0.14003,-0.24744,-0.125,2.18581,-0.16634,-0.15369,-0.06214,-0.08805,-0.16634,-0.14003,-0.06214,-0.29642,-0.06214,-0.125,-0.06214,-0.06214,-0.23856,-0.15369,-0.08805,-0.16634,-0.21997,-0.06214,-0.14003,-0.10804,-0.08805,-0.15369,-0.08805,-0.23856,-0.17817,-0.125,-0.15369,-0.17817,-0.06214,-0.08805,-0.06214,-0.06214,-0.22942,-0.08805,-0.22942,-0.23856,-0.15369,-0.06214,-2.86849,-1.09523,-1.35873,10,11,12,5,1,2,6,7,3,8,13,9,15,14,4
2.455,-2.455,-0.38128,3.4641,-0.21018,-0.17817,-0.4819,-0.10804,-0.17817,-0.36793,-0.08805,-0.125,-0.08805,-0.21018,-0.22942,-0.17817,-0.22942,-0.29642,-0.10804,-0.14003,-0.24744,-0.125,2.18581,-0.16634,-0.15369,-0.06214,-0.08805,-0.16634,-0.14003,-0.06214,-0.29642,-0.06214,-0.125,-0.06214,-0.06214,-0.23856,-0.15369,-0.08805,-0.16634,-0.21997,-0.06214,-0.14003,-0.10804,-0.08805,-0.15369,-0.08805,-0.23856,-0.17817,-0.125,-0.15369,-0.17817,-0.06214,-0.08805,-0.06214,-0.06214,-0.22942,-0.08805,-0.22942,-0.23856,-0.15369,-0.06214,-0.13909,-0.16465,-1.53475,13,5,6,15,1,2,7,8,9,14,10,11,12,3,4
-0.40733,0.40733,-0.38128,-0.28868,-0.21018,-0.17817,2.07512,-0.10804,-0.17817,-0.36793,-0.08805,-0.125,-0.08805,-0.21018,-0.22942,-0.17817,-0.22942,-0.29642,-0.10804,-0.14003,-0.24744,-0.125,-0.4575,-0.16634,-0.15369,-0.06214,-0.08805,-0.16634,-0.14003,-0.06214,-0.29642,-0.06214,-0.125,-0.06214,-0.06214,-0.23856,-0.15369,-0.08805,-0.16634,-0.21997,-0.06214,-0.14003,-0.10804,-0.08805,-0.15369,-0.08805,-0.23856,-0.17817,-0.125,-0.15369,-0.17817,-0.06214,-0.08805,-0.06214,-0.06214,-0.22942,-0.08805,-0.22942,4.19183,-0.15369,-0.06214,-0.93517,2.06175,-1.57803,1,8,14,9,10,11,2,3,4,5,12,13,6,15,7
-0.40733,0.40733,-0.38128,-0.28868,-0.21018,-0.17817,-0.4819,-0.10804,-0.17817,-0.36793,-0.08805,-0.125,-0.08805,-0.21018,-0.22942,-0.17817,-0.22942,3.37357,-0.10804,-0.14003,-0.24744,-0.125,-0.4575,-0.16634,-0.15369,-0.06214,-0.08805,-0.16634,-0.14003,-0.06214,-0.29642,-0.06214,-0.125,-0.06214,-0.06214,-0.23856,-0.15369,-0.08805,-0.16634,-0.21997,-0.06214,7.14143,-0.10804,-0.08805,-0.15369,-0.08805,-0.23856,-0.17817,-0.125,-0.15369,-0.17817,-0.06214,-0.08805,-0.06214,-0.06214,-0.22942,-0.08805,-0.22942,-0.23856,-0.15369,-0.06214,-0.13909,-0.8671,0.73253,7,1,15,14,2,8,3,4,9,10,11,5,12,13,6
-0.40733,0.40733,-0.38128,3.4641,-0.21018,-0.17817,-0.4819,-0.10804,-0.17817,-0.36793,-0.08805,-0.125,-0.08805,-0.21018,-0.22942,-0.17817,-0.22942,-0.29642,-0.10804,-0.14003,-0.24744,-0.125,-0.4575,-0.16634,-0.15369,-0.06214,-0.08805,-0.16634,-0.14003,-0.06214,-0.29642,-0.06214,-0.125,-0.06214,-0.06214,-0.23856,-0.15369,-0.08805,-0.16634,-0.21997,-0.06214,-0.14003,-0.10804,-0.08805,-0.15369,-0.08805,-0.23856,-0.17817,-0.125,-0.15369,-0.17817,-0.06214,-0.08805,-0.06214,-0.06214,-0.22942,-0.08805,-0.22942,-0.23856,6.50641,-0.06214,-0.13909,0.81193,0.2532,1,2,14,10,3,4,5,6,11,15,12,7,8,9,13
-0.40733,0.40733,-0.38128,-0.28868,-0.21018,-0.17817,-0.4819,-0.10804,-0.17817,2.71792,-0.08805,-0.125,-0.08805,-0.21018,-0.22942,-0.17817,-0.22942,-0.29642,-0.10804,-0.14003,-0.24744,-0.125,-0.4575,-0.16634,-0.15369,-0.06214,-0.08805,-0.16634,-0.14003,-0.06214,-0.29642,-0.06214,-0.125,-0.06214,-0.06214,-0.23856,-0.15369,-0.08805,-0.16634,-0.21997,-0.06214,-0.14003,-0.10804,-0.08805,-0.15369,-0.08805,-0.23856,-0.17817,-0.125,-0.15369,-0.17817,-0.06214,-0.08805,-0.06214,16.09348,-0.22942,-0.08805,-0.22942,-0.23856,-0.15369,-0.06214,2.1354,-0.90105,0.48594,8,3,9,4,1,10,5,6,15,11,7,12,13,14,2
-0.40733,0.40733,-0.38128,-0.28868,-0.21018,-0.17817,2.07512,-0.10804,-0.17817,-0.36793,-0.08805,-0.125,-0.08805,-0.21018,-0.22942,-0.17817,-0.22942,-0.29642,-0.10804,-0.14003,-0.24744,-0.125,-0.4575,-0.16634,-0.15369,-0.06214,-0.08805,-0.16634,-0.14003,-0.06214,-0.29642,-0.06214,-0.125,-0.06214,-0.06214,-0.23856,-0.15369,-0.08805,-0.16634,-0.21997,-0.06214,-0.14003,-0.10804,-0.08805,-0.15369,-0.08805,-0.23856,-0.17817,-0.125,-0.15369,-0.17817,-0.06214,-0.08805,-0.06214,-0.06214,-0.22942,-0.08805,-0.22942,4.19183,-0.15369,-0.06214,0.99815,1.83657,-1.56538,1,2,3,4,5,6,7,8,15,9,10,11,12,13,14
-0.40733,0.40733,-0.38128,-0.28868,-0.21018,-0.17817,-0.4819,-0.10804,-0.17817,2.71792,-0.08805,-0.125,-0.08805,-0.21018,-0.22942,-0.17817,-0.22942,-0.29642,-0.10804,-0.14003,-0.24744,-0.125,-0.4575,-0.16634,-0.15369,-0.06214,-0.08805,-0.16634,-0.14003,-0.06214,-0.29642,-0.06214,-0.125,-0.06214,-0.06214,-0.23856,-0.15369,-0.08805,-0.16634,-0.21997,-0.06214,-0.14003,-0.10804,-0.08805,-0.15369,-0.08805,-0.23856,-0.17817,-0.125,-0.15369,-0.17817,-0.06214,-0.08805,-0.06214,-0.06214,-0.22942,-0.08805,-0.22942,4.19183,-0.15369,-0.06214,2.1354,1.8451,-1.56281,1,2,6,7,3,4,8,5,9,10,11,12,13,14,15
-0.40733,0.40733,-0.38128,-0.28868,-0.21018,-0.17817,-0.4819,-0.10804,-0.17817,-0.36793,-0.08805,-0.125,-0.08805,-0.21018,-0.22942,-0.17817,-0.22942,3.37357,-0.10804,-0.14003,-0.24744,-0.125,-0.4575,-0.16634,6.50641,-0.06214,-0.08805,-0.16634,-0.14003,-0.06214,-0.29642,-0.06214,-0.125,-0.06214,-0.06214,-0.23856,-0.15369,-0.08805,-0.16634,-0.21997,-0.06214,-0.14003,-0.10804,-0.08805,-0.15369,-0.08805,-0.23856,-0.17817,-0.125,-0.15369,-0.17817,-0.06214,-0.08805,-0.06214,-0.06214,-0.22942,-0.08805,-0.22942,-0.23856,-0.15369,-0.06214,-0.13909,0.41709,1.15808,12,1,13,2,3,4,5,6,14,15,7,8,9,10,11
-0.40733,0.40733,-0.38128,-0.28868,-0.21018,-0.17817,-0.4819,-0.10804,-0.17817,2.71792,-0.08805,-0.125,-0.08805,-0.21018,-0.22942,-0.17817,-0.22942,-0.29642,-0.10804,-0.14003,-0.24744,-0.125,-0.4575,-0.16634,-0.15369,-0.06214,-0.08805,-0.16634,-0.14003,-0.06214,-0.29642,-0.06214,-0.125,-0.06214,-0.06214,-0.23856,-0.15369,-0.08805,-0.16634,-0.21997,-0.06214,-0.14003,-0.10804,-0.08805,-0.15369,-0.08805,4.19183,-0.17817,-0.125,-0.15369,-0.17817,-0.06214,-0.08805,-0.06214,-0.06214,-0.22942,-0.08805,-0.22942,-0.23856,-0.15369,-0.06214,-0.13909,0.82791,0.82598,1,9,10,2,12,3,4,5,15,6,13,11,7,14,8
2.455,-2.455,-0.38128,-0.28868,4.75777,-0.17817,-0.4819,-0.10804,-0.17817,-0.36793,-0.08805,-0.125,-0.08805,-0.21018,-0.22942,-0.17817,-0.22942,-0.29642,-0.10804,-0.14003,-0.24744,-0.125,2.18581,-0.16634,-0.15369,-0.06214,-0.08805,-0.16634,-0.14003,-0.06214,-0.29642,-0.06214,-0.125,-0.06214,-0.06214,-0.23856,-0.15369,-0.08805,-0.16634,-0.21997,-0.06214,-0.14003,-0.10804,-0.08805,-0.15369,-0.08805,-0.23856,-0.17817,-0.125,-0.15369,-0.17817,-0.06214,-0.08805,-0.06214,-0.06214,-0.22942,-0.08805,-0.22942,-0.23856,-0.15369,-0.06214,-0.13909,-0.41787,-1.55399,1,2,12,13,8,3,4,5,6,14,9,15,10,7,11
2.455,-2.455,-0.38128,-0.28868,-0.21018,-0.17817,-0.4819,-0.10804,-0.17817,2.71792,-0.08805,-0.125,-0.08805,-0.21018,-0.22942,-0.17817,-0.22942,-0.29642,-0.10804,-0.14003,-0.24744,-0.125,-0.4575,-0.16634,-0.15369,-0.06214,11.35782,-0.16634,-0.14003,-0.06214,-0.29642,-0.06214,-0.125,-0.06214,-0.06214,-0.23856,-0.15369,-0.08805,-0.16634,-0.21997,-0.06214,-0.14003,-0.10804,-0.08805,-0.15369,-0.08805,-0.23856,-0.17817,-0.125,-0.15369,-0.17817,-0.06214,-0.08805,-0.06214,-0.06214,-0.22942,-0.08805,-0.22942,-0.23856,-0.15369,-0.06214,-0.13909,0.10086,1.01913,15,1,8,13,2,3,4,5,6,9,14,7,10,11,12
-0.40733,0.40733,-0.38128,-0.28868,-0.21018,-0.17817,-0.4819,-0.10804,-0.17817,-0.36793,-0.08805,-0.125,-0.08805,-0.21018,-0.22942,-0.17817,-0.22942,3.37357,-0.10804,-0.14003,-0.24744,-0.125,-0.4575,-0.16634,-0.15369,-0.06214,11.35782,-0.16634,-0.14003,-0.06214,-0.29642,-0.06214,-0.125,-0.06214,-0.06214,-0.23856,-0.15369,-0.08805,-0.16634,-0.21997,-0.06214,-0.14003,-0.10804,-0.08805,-0.15369,-0.08805,-0.23856,-0.17817,-0.125,-0.15369,-0.17817,-0.06214,-0.08805,-0.06214,-0.06214,-0.22942,-0.08805,-0.22942,-0.23856,-0.15369,-0.06214,-0.13909,0.09183,1.02171,1,2,15,3,4,5,6,7,8,9,10,14,11,12,13
-0.40733,0.40733,-0.38128,-0.28868,-0.21018,-0.17817,2.07512,-0.10804,-0.17817,-0.36793,-0.08805,-0.125,-0.08805,-0.21018,-0.22942,-0.17817,-0.22942,-0.29642,-0.10804,-0.14003,-0.24744,-0.125,-0.4575,-0.16634,-0.15369,-0.06214,-0.08805,-0.16634,-0.14003,-0.06214,-0.29642,-0.06214,-0.125,-0.06214,-0.06214,4.19183,-0.15369,-0.08805,-0.16634,-0.21997,-0.06214,-0.14003,-0.10804,-0.08805,-0.15369,-0.08805,-0.23856,-0.17817,-0.125,-0.15369,-0.17817,-0.06214,-0.08805,-0.06214,-0.06214,-0.22942,-0.08805,-0.22942,-0.23856,-0.15369,-0.06214,-0.93517,0.69097,1.18554,1,2,3,4,5,6,7,8,9,10,15,14,11,12,13
-0.40733,0.40733,-0.38128,-0.28868,-0.21018,-0.17817,2.07512,-0.10804,-0.17817,-0.36793,-0.08805,-0.125,-0.08805,-0.21018,-0.22942,-0.17817,-0.22942,-0.29642,-0.10804,-0.14003,-0.24744,-0.125,-0.4575,6.01189,-0.15369,-0.06214,-0.08805,-0.16634,-0.14003,-0.06214,-0.29642,-0.06214,-0.125,-0.06214,-0.06214,-0.23856,-0.15369,-0.08805,-0.16634,-0.21997,-0.06214,-0.14003,-0.10804,-0.08805,-0.15369,-0.08805,-0.23856,-0.17817,-0.125,-0.15369,-0.17817,-0.06214,-0.08805,-0.06214,-0.06214,-0.22942,-0.08805,-0.22942,-0.23856,-0.15369,-0.06214,-0.93517,0.2834,-0.6159,14,1,11,2,15,3,4,5,6,7,12,13,8,9,10
-0.40733,0.40733,-0.38128,-0.28868,-0.21018,-0.17817,-0.4819,-0.10804,-0.17817,-0.36793,-0.08805,-0.125,-0.08805,-0.21018,-0.22942,-0.17817,-0.22942,-0.29642,-0.10804,-0.14003,4.04145,-0.125,-0.4575,-0.16634,-0.15369,-0.06214,-0.08805,-0.16634,-0.14003,-0.06214,-0.29642,-0.06214,-0.125,-0.06214,-0.06214,-0.23856,-0.15369,-0.08805,-0.16634,-0.21997,-0.06214,-0.14003,-0.10804,-0.08805,-0.15369,-0.08805,-0.23856,-0.17817,-0.125,-0.15369,5.61249,-0.06214,-0.08805,-0.06214,-0.06214,-0.22942,-0.08805,-0.22942,-0.23856,-0.15369,-0.06214,0.99815,0.23186,0.9504,8,9,12,13,1,2,10,3,14,15,4,11,5,6,7
-0.40733,0.40733,-0.38128,-0.28868,-0.21018,-0.17817,-0.4819,-0.10804,-0.17817,-0.36793,-0.08805,-0.125,-0.08805,-0.21018,-0.22942,-0.17817,-0.22942,-0.29642,-0.10804,-0.14003,4.04145,-0.125,2.18581,-0.16634,-0.15369,-0.06214,-0.08805,-0.16634,-0.14003,-0.06214,-0.29642,-0.06214,-0.125,-0.06214,-0.06214,-0.23856,-0.15369,-0.08805,-0.16634,-0.21997,-0.06214,-0.14003,-0.10804,-0.08805,-0.15369,-0.08805,-0.23856,-0.17817,-0.125,-0.15369,-0.17817,-0.06214,-0.08805,-0.06214,-0.06214,-0.22942,-0.08805,-0.22942,-0.23856,-0.15369,-0.06214,0.99815,-1.14221,-1.34121,11,1,2,3,4,5,6,7,12,8,13,9,15,10,14
-0.40733,0.40733,-0.38128,-0.28868,-0.21018,-0.17817,-0.4819,-0.10804,-0.17817,-0.36793,-0.08805,-0.125,-0.08805,4.75777,-0.22942,-0.17817,-0.22942,-0.29642,-0.10804,-0.14003,-0.24744,-0.125,2.18581,-0.16634,-0.15369,-0.06214,-0.08805,-0.16634,-0.14003,-0.06214,-0.29642,-0.06214,-0.125,-0.06214,-0.06214,-0.23856,-0.15369,-0.08805,-0.16634,-0.21997,-0.06214,-0.14003,-0.10804,-0.08805,-0.15369,-0.08805,-0.23856,-0.17817,-0.125,-0.15369,-0.17817,-0.06214,-0.08805,-0.06214,-0.06214,-0.22942,-0.08805,-0.22942,-0.23856,-0.15369,-0.06214,-0.13909,-1.23879,-1.30625,3,1,13,2,4,15,5,6,7,8,9,10,11,12,14
-0.40733,0.40733,2.62274,-0.28868,-0.21018,-0.17817,-0.4819,-0.10804,-0.17817,-0.36793,-0.08805,-0.125,-0.08805,-0.21018,-0.22942,-0.17817,-0.22942,-0.29642,-0.10804,-0.14003,-0.24744,-0.125,-0.4575,-0.16634,-0.15369,-0.06214,-0.08805,-0.16634,-0.14003,-0.06214,3.37357,-0.06214,-0.125,-0.06214,-0.06214,-0.23856,-0.15369,-0.08805,-0.16634,-0.21997,-0.06214,-0.14003,-0.10804,-0.08805,-0.15369,-0.08805,-0.23856,-0.17817,-0.125,-0.15369,-0.17817,-0.06214,-0.08805,-0.06214,-0.06214,-0.22942,-0.08805,-0.22942,-0.23856,-0.15369,-0.06214,-0.13909,0.60155,0.34783,6,1,7,8,9,10,2,3,11,4,14,12,15,5,13
-0.40733,0.40733,-0.38128,-0.28868,-0.21018,-0.17817,-0.4819,-0.10804,-0.17817,-0.36793,-0.08805,-0.125,-0.08805,-0.21018,-0.22942,-0.17817,-0.22942,-0.29642,-0.10804,7.14143,-0.24744,-0.125,-0.4575,-0.16634,-0.15369,-0.06214,-0.08805,-0.16634,-0.14003,-0.06214,-0.29642,-0.06214,-0.125,-0.06214,-0.06214,-0.23856,-0.15369,-0.08805,-0.16634,-0.21997,-0.06214,-0.14003,-0.10804,-0.08805,-0.15369,-0.08805,-0.23856,5.61249,-0.125,-0.15369,-0.17817,-0.06214,-0.08805,-0.06214,-0.06214,-0.22942,-0.08805,-0.22942,-0.23856,-0.15369,-0.06214,-0.13909,0.00061,0.65883,15,1,2,3,11,4,5,6,7,12,13,8,9,10,14
-0.40733,0.40733,-0.38128,-0.28868,-0.21018,-0.17817,-0.4819,-0.10804,-0.17817,2.71792,-0.08805,-0.125,-0.08805,-0.21018,-0.22942,-0.17817,-0.22942,-0.29642,-0.10804,-0.14003,-0.24744,-0.125,-0.4575,-0.16634,-0.15369,-0.06214,-0.08805,-0.16634,-0.14003,-0.06214,-0.29642,-0.06214,-0.125,-0.06214,-0.06214,-0.23856,-0.15369,-0.08805,-0.16634,-0.21997,-0.06214,-0.14003,-0.10804,-0.08805,-0.15369,-0.08805,-0.23856,-0.17817,-0.125,-0.15369,-0.17817,-0.06214,-0.08805,-0.06214,-0.06214,4.3589,-0.08805,-0.22942,-0.23856,-0.15369,-0.06214,2.1354,-1.87685,-0.04736,1,2,3,4,5,6,7,8,13,9,14,10,11,12,15
-0.40733,0.40733,2.62274,-0.28868,-0.21018,-0.17817,-0.4819,-0.10804,-0.17817,-0.36793,-0.08805,-0.125,-0.08805,-0.21018,-0.22942,-0.17817,-0.22942,-0.29642,-0.10804,-0.14003,-0.24744,-0.125,2.18581,-0.16634,-0.15369,-0.06214,-0.08805,-0.16634,-0.14003,-0.06214,-0.29642,-0.06214,-0.125,-0.06214,-0.06214,-0.23856,-0.15369,-0.08805,-0.16634,-0.21997,-0.06214,-0.14003,-0.10804,-0.08805,-0.15369,-0.08805,-0.23856,-0.17817,-0.125,-0.15369,-0.17817,-0.06214,-0.08805,-0.06214,-0.06214,-0.22942,-0.08805,-0.22942,-0.23856,-0.15369,-0.06214,-0.13909,-1.22963,-1.32593,4,1,10,13,5,15,2,3,6,7,8,14,9,11,12
2.455,-2.455,2.62274,-0.28868,-0.21018,-0.17817,-0.4819,-0.10804,-0.17817,-0.36793,-0.08805,-0.125,-0.08805,-0.21018,-0.22942,-0.17817,-0.22942,-0.29642,-0.10804,-0.14003,-0.24744,-0.125,-0.4575,-0.16634,-0.15369,-0.06214,-0.08805,-0.16634,-0.14003,-0.06214,-0.29642,-0.06214,-0.125,-0.06214,-0.06214,-0.23856,-0.15369,-0.08805,-0.16634,-0.21997,-0.06214,7.14143,-0.10804,-0.08805,-0.15369,-0.08805,-0.23856,-0.17817,-0.125,-0.15369,-0.17817,-0.06214,-0.08805,-0.06214,-0.06214,-0.22942,-0.08805,-0.22942,-0.23856,-0.15369,-0.06214,-0.93517,-0.9136,0.73166,1,2,5,3,4,15,6,7,8,9,13,14,10,11,12
-0.40733,0.40733,-0.38128,-0.28868,-0.21018,-0.17817,-0.4819,-0.10804,-0.17817,-0.36793,-0.08805,-0.125,-0.08805,-0.21018,-0.22942,-0.17817,-0.22942,-0.29642,-0.10804,-0.14003,4.04145,-0.125,2.18581,-0.16634,-0.15369,-0.06214,-0.08805,-0.16634,-0.14003,-0.06214,-0.29642,-0.06214,-0.125,-0.06214,-0.06214,-0.23856,-0.15369,-0.08805,-0.16634,-0.21997,-0.06214,-0.14003,-0.10804,-0.08805,-0.15369,-0.08805,-0.23856,-0.17817,-0.125,-0.15369,-0.17817,-0.06214,-0.08805,-0.06214,-0.06214,-0.22942,-0.08805,-0.22942,-0.23856,-0.15369,-0.06214,-0.93517,-1.13477,-1.34603,15,1,2,8,3,4,5,6,7,9,10,11,12,13,14
-0.40733,0.40733,-0.38128,-0.28868,-0.21018,-0.17817,-0.4819,-0.10804,-0.17817,-0.36793,-0.08805,-0.125,-0.08805,-0.21018,-0.22942,-0.17817,4.3589,-0.29642,-0.10804,-0.14003,-0.24744,-0.125,2.18581,-0.16634,-0.15369,-0.06214,-0.08805,-0.16634,-0.14003,-0.06214,-0.29642,-0.06214,-0.125,-0.06214,-0.06214,-0.23856,-0.15369,-0.08805,-0.16634,-0.21997,-0.06214,-0.14003,-0.10804,-0.08805,-0.15369,-0.08805,-0.23856,-0.17817,-0.125,-0.15369,-0.17817,-0.06214,-0.08805,-0.06214,-0.06214,-0.22942,-0.08805,-0.22942,-0.23856,-0.15369,-0.06214,-0.13909,-0.33266,-1.5723,8,1,9,13,10,4,2,5,3,11,14,6,15,12,7
-0.40733,0.40733,2.62274,-0.28868,-0.21018,-0.17817,-0.4819,-0.10804,-0.17817,-0.36793,-0.08805,-0.125,-0.08805,-0.21018,-0.22942,-0.17817,-0.22942,-0.29642,-0.10804,-0.14003,-0.24744,-0.125,-0.4575,-0.16634,-0.15369,-0.06214,-0.08805,-0.16634,-0.14003,-0.06214,-0.29642,-0.06214,-0.125,-0.06214,-0.06214,-0.23856,-0.15369,-0.08805,-0.16634,-0.21997,-0.06214,-0.14003,-0.10804,-0.08805,-0.15369,-0.08805,-0.23856,-0.17817,-0.125,6.50641,-0.17817,-0.06214,-0.08805,-0.06214,-0.06214,-0.22942,-0.08805,-0.22942,-0.23856,-0.15369,-0.06214,-0.13909,1.36268,-1.58471,10,1,11,12,2,3,4,5,6,13,14,7,8,15,9
-0.40733,0.40733,-0.38128,-0.28868,-0.21018,-0.17817,-0.4819,-0.10804,-0.17817,-0.36793,-0.08805,-0.125,-0.08805,-0.21018,-0.22942,-0.17817,-0.22942,3.37357,-0.10804,-0.14003,-0.24744,-0.125,2.18581,-0.16634,-0.15369,-0.06214,-0.08805,-0.16634,-0.14003,-0.06214,-0.29642,-0.06214,-0.125,-0.06214,-0.06214,-0.23856,-0.15369,-0.08805,-0.16634,-0.21997,-0.06214,-0.14003,-0.10804,-0.08805,-0.15369,-0.08805,-0.23856,-0.17817,-0.125,-0.15369,-0.17817,-0.06214,-0.08805,-0.06214,-0.06214,-0.22942,-0.08805,-0.22942,-0.23856,-0.15369,-0.06214,-0.13909,-0.18789,-1.58648,1,9,2,10,11,3,13,12,14,4,15,5,6,7,8
-0.40733,0.40733,-0.38128,-0.28868,-0.21018,-0.17817,-0.4819,-0.10804,-0.17817,-0.36793,-0.08805,-0.125,-0.08805,-0.21018,-0.22942,-0.17817,-0.22942,-0.29642,9.25563,-0.14003,-0.24744,-0.125,-0.4575,-0.16634,-0.15369,-0.06214,-0.08805,-0.16634,-0.14003,-0.06214,-0.29642,-0.06214,-0.125,-0.06214,-0.06214,-0.23856,-0.15369,-0.08805,-0.16634,-0.21997,-0.06214,-0.14003,-0.10804,-0.08805,-0.15369,-0.08805,-0.23856,-0.17817,-0.125,-0.15369,-0.17817,-0.06214,-0.08805,-0.06214,-0.06214,-0.22942,-0.08805,-0.22942,4.19183,-0.15369,-0.06214,-0.93517,1.79864,-1.56394,1,2,9,10,3,14,4,5,6,11,15,12,7,8,13
-0.40733,0.40733,-0.38128,-0.28868,-0.21018,-0.17817,-0.4819,-0.10804,-0.17817,-0.36793,-0.08805,-0.125,-0.08805,-0.21018,-0.22942,-0.17817,-0.22942,-0.29642,-0.10804,-0.14003,4.04145,-0.125,2.18581,-0.16634,-0.15369,-0.06214,-0.08805,-0.16634,-0.14003,-0.06214,-0.29642,-0.06214,-0.125,-0.06214,-0.06214,-0.23856,-0.15369,-0.08805,-0.16634,-0.21997,-0.06214,-0.14003,-0.10804,-0.08805,-0.15369,-0.08805,-0.23856,-0.17817,-0.125,-0.15369,-0.17817,-0.06214,-0.08805,-0.06214,-0.06214,-0.22942,-0.08805,-0.22942,-0.23856,-0.15369,-0.06214,-0.13909,-0.39755,-1.48613,15,14,1,2,3,4,5,6,11,12,10,7,13,8,9
-0.40733,0.40733,-0.38128,-0.28868,4.75777,-0.17817,-0.4819,-0.10804,-0.17817,-0.36793,-0.08805,-0.125,-0.08805,-0.21018,-0.22942,-0.17817,-0.22942,-0.29642,-0.10804,-0.14003,-0.24744,-0.125,-0.4575,-0.16634,-0.15369,-0.06214,-0.08805,-0.16634,-0.14003,-0.06214,-0.29642,-0.06214,-0.125,-0.06214,-0.06214,-0.23856,-0.15369,-0.08805,-0.16634,-0.21997,-0.06214,-0.14003,-0.10804,-0.08805,-0.15369,-0.08805,-0.23856,-0.17817,-0.125,6.50641,-0.17817,-0.06214,-0.08805,-0.06214,-0.06214,-0.22942,-0.08805,-0.22942,-0.23856,-0.15369,-0.06214,0.99815,1.35607,-1.58477,13,1,14,2,9,3,4,5,15,6,10,11,7,12,8
-0.40733,0.40733,2.62274,-0.28868,-0.21018,-0.17817,-0.4819,-0.10804,-0.17817,-0.36793,-0.08805,-0.125,-0.08805,-0.21018,-0.22942,-0.17817,-0.22942,-0.29642,-0.10804,-0.14003,-0.24744,-0.125,-0.4575,-0.16634,-0.15369,-0.06214,-0.08805,-0.16634,-0.14003,-0.06214,-0.29642,-0.06214,-0.125,-0.06214,-0.06214,-0.23856,-0.15369,-0.08805,-0.16634,-0.21997,-0.06214,-0.14003,-0.10804,-0.08805,-0.15369,-0.08805,-0.23856,-0.17817,8.0,-0.15369,-0.17817,-0.06214,-0.08805,-0.06214,-0.06214,-0.22942,-0.08805,-0.22942,-0.23856,-0.15369,-0.06214,-0.13909,-0.79262,-0.19388,1,10,2,11,3,14,12,4,13,5,15,6,7,8,9
-0.40733,0.40733,-0.38128,3.4641,-0.21018,-0.17817,-0.4819,-0.10804,-0.17817,-0.36793,-0.08805,-0.125,-0.08805,-0.21018,-0.22942,-0.17817,-0.22942,-0.29642,-0.10804,-0.14003,-0.24744,-0.125,-0.4575,-0.16634,-0.15369,-0.06214,-0.08805,-0.16634,-0.14003,-0.06214,-0.29642,-0.06214,-0.125,-0.06214,-0.06214,-0.23856,-0.15369,-0.08805,-0.16634,-0.21997,-0.06214,-0.14003,-0.10804,-0.08805,-0.15369,-0.08805,-0.23856,-0.17817,-0.125,-0.15369,-0.17817,-0.06214,-0.08805,-0.06214,-0.06214,-0.22942,-0.08805,4.3589,-0.23856,-0.15369,-0.06214,0.99815,-0.08622,0.92337,6,1,2,7,8,9,10,3,11,4,12,5,13,14,15
-0.40733,0.40733,-0.38128,-0.28868,4.75777,-0.17817,-0.4819,-0.10804,-0.17817,-0.36793,-0.08805,-0.125,-0.08805,-0.21018,-0.22942,-0.17817,-0.22942,-0.29642,-0.10804,-0.14003,-0.24744,-0.125,-0.4575,-0.16634,-0.15369,-0.06214,-0.08805,-0.16634,-0.14003,-0.06214,-0.29642,-0.06214,-0.125,-0.06214,-0.06214,-0.23856,-0.15369,-0.08805,-0.16634,-0.21997,-0.06214,-0.14003,-0.10804,-0.08805,6.50641,-0.08805,-0.23856,-0.17817,-0.125,-0.15369,-0.17817,-0.06214,-0.08805,-0.06214,-0.06214,-0.22942,-0.08805,-0.22942,-0.23856,-0.15369,-0.06214,-0.13909,0.26612,1.0837,8,1,9,2,3,4,5,6,10,11,14,12,15,13,7
-0.40733,0.40733,-0.38128,-0.28868,-0.21018,-0.17817,-0.4819,-0.10804,-0.17817,-0.36793,-0.08805,-0.125,-0.08805,-0.21018,-0.22942,-0.17817,-0.22942,-0.29642,-0.10804,7.14143,-0.24744,-0.125,-0.4575,-0.16634,-0.15369,-0.06214,-0.08805,-0.16634,-0.14003,-0.06214,-0.29642,-0.06214,-0.125,-0.06214,-0.06214,-0.23856,-0.15369,-0.08805,-0.16634,-0.21997,16.09348,-0.14003,-0.10804,-0.08805,-0.15369,-0.08805,-0.23856,-0.17817,-0.125,-0.15369,-0.17817,-0.06214,-0.08805,-0.06214,-0.06214,-0.22942,-0.08805,-0.22942,-0.23856,-0.15369,-0.06214,-0.13909,1.61023,-0.99499,8,1,14,11,12,9,2,3,4,13,15,5,6,10,7
-0.40733,0.40733,-0.38128,-0.28868,-0.21018,-0.17817,-0.4819,-0.10804,-0.17817,-0.36793,-0.08805,-0.125,-0.08805,-0.21018,-0.22942,-0.17817,4.3589,-0.29642,-0.10804,-0.14003,-0.24744,-0.125,2.18581,-0.16634,-0.15369,-0.06214,-0.08805,-0.16634,-0.14003,-0.06214,-0.29642,-0.06214,-0.125,-0.06214,-0.06214,-0.23856,-0.15369,-0.08805,-0.16634,-0.21997,-0.06214,-0.14003,-0.10804,-0.08805,-0.15369,-0.08805,-0.23856,-0.17817,-0.125,-0.15369,-0.17817,-0.06214,-0.08805,-0.06214,-0.06214,-0.22942,-0.08805,-0.22942,-0.23856,-0.15369,-0.06214,3.38638,-0.25881,-1.56005,1,2,3,9,4,5,6,7,10,11,12,8,13,14,15
-0.40733,0.40733,-0.38128,-0.28868,-0.21018,-0.17817,-0.4819,-0.10804,-0.17817,-0.36793,-0.08805,-0.125,-0.08805,-0.21018,-0.22942,-0.17817,-0.22942,-0.29642,-0.10804,-0.14003,4.04145,-0.125,2.18581,-0.16634,-0.15369,-0.06214,-0.08805,-0.16634,-0.14003,-0.06214,-0.29642,-0.06214,-0.125,-0.06214,-0.06214,-0.23856,-0.15369,-0.08805,-0.16634,-0.21997,-0.06214,-0.14003,-0.10804,-0.08805,-0.15369,-0.08805,-0.23856,-0.17817,-0.125,-0.15369,-0.17817,-0.06214,-0.08805,-0.06214,-0.06214,-0.22942,-0.08805,-0.22942,-0.23856,-0.15369,-0.06214,2.1354,-1.0583,-1.41413,3,8,9,10,4,1,11,2,12,13,14,5,15,6,7
-0.40733,0.40733,-0.38128,-0.28868,-0.21018,-0.17817,-0.4819,-0.10804,-0.17817,-0.36793,-0.08805,-0.125,-0.08805,-0.21018,4.3589,-0.17817,-0.22942,-0.29642,-0.10804,-0.14003,-0.24744,-0.125,-0.4575,6.01189,-0.15369,-0.06214,-0.08805,-0.16634,-0.14003,-0.06214,-0.29642,-0.06214,-0.125,-0.06214,-0.06214,-0.23856,-0.15369,-0.08805,-0.16634,-0.21997,-0.06214,-0.14003,-0.10804,-0.08805,-0.15369,-0.08805,-0.23856,-0.17817,-0.125,-0.15369,-0.17817,-0.06214,-0.08805,-0.06214,-0.06214,-0.22942,-0.08805,-0.22942,-0.23856,-0.15369,-0.06214,-0.93517,0.14662,-0.60977,1,2,6,13,14,7,3,8,4,9,15,10,5,11,12
2.455,-2.455,-0.38128,-0.28868,-0.21018,-0.17817,-0.4819,-0.10804,5.61249,-0.36793,-0.08805,-0.125,-0.08805,-0.21018,-0.22942,-0.17817,-0.22942,-0.29642,-0.10804,-0.14003,-0.24744,-0.125,-0.4575,-0.16634,-0.15369,-0.06214,-0.08805,-0.16634,-0.14003,-0.06214,-0.29642,-0.06214,-0.125,-0.06214,-0.06214,4.19183,-0.15369,-0.08805,-0.16634,-0.21997,-0.06214,-0.14003,-0.10804,-0.08805,-0.15369,-0.08805,-0.23856,-0.17817,-0.125,-0.15369,-0.17817,-0.06214,-0.08805,-0.06214,-0.06214,-0.22942,-0.08805,-0.22942,-0.23856,-0.15369,-0.06214,2.1354,0.66538,1.26299,13,1,2,14,9,3,10,4,15,5,11,6,12,7,8
-0.40733,0.40733,-0.38128,-0.28868,-0.21018,-0.17817,-0.4819,-0.10804,-0.17817,-0.36793,-0.08805,-0.125,-0.08805,-0.21018,-0.22942,-0.17817,-0.22942,3.37357,-0.10804,-0.14003,-0.24744,-0.125,2.18581,-0.16634,-0.15369,-0.06214,-0.08805,-0.16634,-0.14003,-0.06214,-0.29642,-0.06214,-0.125,-0.06214,-0.06214,-0.23856,-0.15369,-0.08805,-0.16634,-0.21997,-0.06214,-0.14003,-0.10804,-0.08805,-0.15369,-0.08805,-0.23856,-0.17817,-0.125,-0.15369,-0.17817,-0.06214,-0.08805,-0.06214,-0.06214,-0.22942,-0.08805,-0.22942,-0.23856,-0.15369,-0.06214,0.99815,-0.39059,-1.52917,1,2,3,13,4,12,5,6,7,8,9,10,14,11,15
2.455,-2.455,-0.38128,3.4641,-0.21018,-0.17817,-0.4819,-0.10804,-0.17817,-0.36793,-0.08805,-0.125,-0.08805,-0.21018,-0.22942,-0.17817,-0.22942,-0.29642,-0.10804,-0.14003,-0.24744,-0.125,-0.4575,-0.16634,-0.15369,-0.06214,-0.08805,-0.16634,-0.14003,-0.06214,-0.29642,-0.06214,-0.125,-0.06214,-0.06214,-0.23856,-0.15369,-0.08805,-0.16634,-0.21997,-0.06214,-0.14003,-0.10804,-0.08805,-0.15369,-0.08805,-0.23856,-0.17817,-0.125,-0.15369,5.61249,-0.06214,-0.08805,-0.06214,-0.06214,-0.22942,-0.08805,-0.22942,-0.23856,-0.15369,-0.06214,-0.13909,0.19105,0.94008,1,2,3,14,4,11,5,6,7,8,15,12,9,10,13
2.455,-2.455,-0.38128,-0.28868,-0.21018,5.61249,-0.4819,-0.10804,-0.17817,-0.36793,-0.08805,-0.125,-0.08805,-0.21018,-0.22942,-0.17817,-0.22942,-0.29642,-0.10804,-0.14003,-0.24744,-0.125,2.18581,-0.16634,-0.15369,-0.06214,-0.08805,-0.16634,-0.14003,-0.06214,-0.29642,-0.06214,-0.125,-0.06214,-0.06214,-0.23856,-0.15369,-0.08805,-0.16634,-0.21997,-0.06214,-0.14003,-0.10804,-0.08805,-0.15369,-0.08805,-0.23856,-0.17817,-0.125,-0.15369,-0.17817,-0.06214,-0.08805,-0.06214,-0.06214,-0.22942,-0.08805,-0.22942,-0.23856,-0.15369,-0.06214,-0.13909,-1.4257,-1.27975,1,2,3,11,4,5,6,12,7,14,13,8,9,10,15
-0.40733,0.40733,-0.38128,-0.28868,-0.21018,-0.17817,-0.4819,-0.10804,-0.17817,-0.36793,-0.08805,-0.125,-0.08805,-0.21018,-0.22942,-0.17817,-0.22942,3.37357,-0.10804,-0.14003,-0.24744,-0.125,-0.4575,-0.16634,-0.15369,-0.06214,-0.08805,-0.16634,-0.14003,-0.06214,-0.29642,-0.06214,-0.125,-0.06214,-0.06214,-0.23856,-0.15369,-0.08805,-0.16634,-0.21997,-0.06214,-0.14003,-0.10804,-0.08805,-0.15369,-0.08805,4.19183,-0.17817,-0.125,-0.15369,-0.17817,-0.06214,-0.08805,-0.06214,-0.06214,-0.22942,-0.08805,-0.22942,-0.23856,-0.15369,-0.06214,0.99815,0.72993,1.11248,7,1,12,13,8,2,3,4,14,9,15,5,10,11,6
-0.40733,0.40733,-0.38128,-0.28868,-0.21018,-0.17817,-0.4819,-0.10804,-0.17817,2.71792,-0.08805,-0.125,-0.08805,-0.21018,-0.22942,-0.17817,-0.22942,-0.29642,-0.10804,-0.14003,-0.24744,-0.125,-0.4575,-0.16634,6.50641,-0.06214,-0.08805,-0.16634,-0.14003,-0.06214,-0.29642,-0.06214,-0.125,-0.06214,-0.06214,-0.23856,-0.15369,-0.08805,-0.16634,-0.21997,-0.06214,-0.14003,-0.10804,-0.08805,-0.15369,-0.08805,-0.23856,-0.17817,-0.125,-0.15369,-0.17817,-0.06214,-0.08805,-0.06214,-0.06214,-0.22942,-0.08805,-0.22942,-0.23856,-0.15369,-0.06214,0.99815,0.41709,1.15808,9,10,11,12,1,2,13,3,14,4,15,5,6,7,8
-0.40733,0.40733,-0.38128,-0.28868,-0.21018,-0.17817,2.07512,-0.10804,-0.17817,-0.36793,-0.08805,-0.125,-0.08805,-0.21018,-0.22942,-0.17817,-0.22942,-0.29642,-0.10804,-0.14003,-0.24744,-0.125,-0.4575,6.01189,-0.15369,-0.06214,-0.08805,-0.16634,-0.14003,-0.06214,-0.29642,-0.06214,-0.125,-0.06214,-0.06214,-0.23856,-0.15369,-0.08805,-0.16634,-0.21997,-0.06214,-0.14003,-0.10804,-0.08805,-0.15369,-0.08805,-0.23856,-0.17817,-0.125,-0.15369,-0.17817,-0.06214,-0.08805,-0.06214,-0.06214,-0.22942,-0.08805,-0.22942,-0.23856,-0.15369,-0.06214,-0.93517,-0.04685,-0.79871,5,1,14,6,7,8,2,9,10,11,12,3,13,15,4
-0.40733,0.40733,-0.38128,-0.28868,-0.21018,-0.17817,2.07512,-0.10804,-0.17817,-0.36793,-0.08805,-0.125,-0.08805,-0.21018,-0.22942,-0.17817,-0.22942,-0.29642,-0.10804,-0.14003,-0.24744,-0.125,-0.4575,-0.16634,-0.15369,-0.06214,-0.08805,-0.16634,-0.14003,-0.06214,-0.29642,-0.06214,-0.125,-0.06214,-0.06214,4.19183,-0.15369,-0.08805,-0.16634,-0.21997,-0.06214,-0.14003,-0.10804,-0.08805,-0.15369,-0.08805,-0.23856,-0.17817,-0.125,-0.15369,-0.17817,-0.06214,-0.08805,-0.06214,-0.06214,-0.22942,-0.08805,-0.22942,-0.23856,-0.15369,-0.06214,-0.93517,0.67463,1.18726,1,2,10,3,4,5,6,7,11,8,13,14,9,15,12
-0.40733,0.40733,-0.38128,-0.28868,-0.21018,-0.17817,-0.4819,-0.10804,-0.17817,2.71792,-0.08805,-0.125,-0.08805,-0.21018,-0.22942,-0.17817,-0.22942,-0.29642,-0.10804,-0.14003,-0.24744,-0.125,-0.4575,-0.16634,-0.15369,-0.06214,-0.08805,-0.16634,-0.14003,-0.06214,-0.29642,-0.06214,-0.125,-0.06214,-0.06214,-0.23856,-0.15369,-0.08805,-0.16634,-0.21997,-0.06214,-0.14003,-0.10804,-0.08805,-0.15369,-0.08805,-0.23856,5.61249,-0.125,-0.15369,-0.17817,-0.06214,-0.08805,-0.06214,-0.06214,-0.22942,-0.08805,-0.22942,-0.23856,-0.15369,-0.06214,-0.13909,0.02776,0.52505,1,2,8,3,9,4,12,5,15,6,13,14,10,7,11
-0.40733,0.40733,-0.38128,-0.28868,-0.21018,-0.17817,-0.4819,-0.10804,-0.17817,2.71792,-0.08805,-0.125,-0.08805,-0.21018,-0.22942,-0.17817,-0.22942,-0.29642,-0.10804,-0.14003,-0.24744,-0.125,-0.4575,-0.16634,-0.15369,-0.06214,-0.08805,-0.16634,-0.14003,-0.06214,3.37357,-0.06214,-0.125,-0.06214,-0.06214,-0.23856,-0.15369,-0.08805,-0.16634,-0.21997,-0.06214,-0.14003,-0.10804,-0.08805,-0.15369,-0.08805,-0.23856,-0.17817,-0.125,-0.15369,-0.17817,-0.06214,-0.08805,-0.06214,-0.06214,-0.22942,-0.08805,-0.22942,-0.23856,-0.15369,-0.06214,-0.13909,0.55932,0.32811,11,1,12,13,2,14,3,4,5,6,15,7,8,9,10
-0.40733,0.40733,-0.38128,-0.28868,-0.21018,-0.17817,2.07512,-0.10804,-0.17817,-0.36793,-0.08805,-0.125,-0.08805,-0.21018,-0.22942,-0.17817,-0.22942,-0.29642,-0.10804,-0.14003,-0.24744,-0.125,-0.4575,-0.16634,-0.15369,-0.06214,-0.08805,-0.16634,-0.14003,-0.06214,-0.29642,-0.06214,-0.125,-0.06214,-0.06214,-0.23856,-0.15369,-0.08805,-0.16634,4.54606,-0.06214,-0.14003,-0.10804,-0.08805,-0.15369,-0.08805,-0.23856,-0.17817,-0.125,-0.15369,-0.17817,-0.06214,-0.08805,-0.06214,-0.06214,-0.22942,-0.08805,-0.22942,-0.23856,-0.15369,-0.06214,-0.93517,1.05422,-0.00018,1,2,10,11,12,14,3,4,5,6,15,7,8,13,9
-0.40733,0.40733,-0.38128,-0.28868,-0.21018,-0.17817,2.07512,-0.10804,-0.17817,-0.36793,-0.08805,-0.125,-0.08805,-0.21018,-0.22942,-0.17817,-0.22942,-0.29642,-0.10804,-0.14003,-0.24744,-0.125,-0.4575,-0.16634,-0.15369,-0.06214,-0.08805,-0.16634,-0.14003,-0.06214,-0.29642,-0.06214,-0.125,-0.06214,-0.06214,-0.23856,-0.15369,-0.08805,-0.16634,-0.21997,-0.06214,-0.14003,-0.10804,-0.08805,-0.15369,-0.08805,-0.23856,-0.17817,-0.125,-0.15369,-0.17817,-0.06214,-0.08805,-0.06214,-0.06214,4.3589,-0.08805,-0.22942,-0.23856,-0.15369,-0.06214,-0.13909,-2.01634,-0.06463,1,2,11,3,4,5,6,9,12,13,15,10,7,14,8
-0.40733,0.40733,-0.38128,-0.28868,-0.21018,-0.17817,2.07512,-0.10804,-0.17817,-0.36793,-0.08805,-0.125,-0.08805,-0.21018,-0.22942,-0.17817,-0.22942,-0.29642,-0.10804,-0.14003,-0.24744,-0.125,-0.4575,-0.16634,-0.15369,-0.06214,-0.08805,-0.16634,-0.14003,-0.06214,-0.29642,-0.06214,-0.125,-0.06214,-0.06214,-0.23856,-0.15369,-0.08805,-0.16634,-0.21997,-0.06214,-0.14003,-0.10804,-0.08805,-0.15369,-0.08805,-0.23856,5.61249,-0.125,-0.15369,-0.17817,-0.06214,-0.08805,-0.06214,-0.06214,-0.22942,-0.08805,-0.22942,-0.23856,-0.15369,-0.06214,-0.13909,0.04914,0.64052,1,5,6,13,2,14,7,8,9,10,12,15,3,11,4
-0.40733,0.40733,2.62274,-0.28868,-0.21018,-0.17817,-0.4819,-0.10804,-0.17817,-0.36793,-0.08805,-0.125,-0.08805,-0.21018,-0.22942,-0.17817,-0.22942,-0.29642,-0.10804,-0.14003,-0.24744,-0.125,-0.4575,-0.16634,-0.15369,-0.06214,-0.08805,-0.16634,-0.14003,-0.06214,-0.29642,-0.06214,-0.125,-0.06214,-0.06214,-0.23856,-0.15369,-0.08805,-0.16634,4.54606,-0.06214,-0.14003,-0.10804,-0.08805,-0.15369,-0.08805,-0.23856,-0.17817,-0.125,-0.15369,-0.17817,-0.06214,-0.08805,-0.06214,-0.06214,-0.22942,-0.08805,-0.22942,-0.23856,-0.15369,-0.06214,-0.93517,1.26121,0.04442,1,8,9,2,3,4,10,11,12,13,14,15,5,6,7
-0.40733,0.40733,-0.38128,3.4641,-0.21018,-0.17817,-0.4819,-0.10804,-0.17817,-0.36793,-0.08805,-0.125,-0.08805,-0.21018,-0.22942,-0.17817,-0.22942,-0.29642,-0.10804,-0.14003,-0.24744,-0.125,-0.4575,-0.16634,-0.15369,-0.06214,-0.08805,-0.16634,-0.14003,-0.06214,-0.29642,-0.06214,-0.125,-0.06214,-0.06214,-0.23856,-0.15369,-0.08805,-0.16634,-0.21997,-0.06214,-0.14003,-0.10804,-0.08805,-0.15369,-0.08805,-0.23856,-0.17817,-0.125,-0.15369,-0.17817,-0.06214,-0.08805,-0.06214,-0.06214,-0.22942,-0.08805,4.3589,-0.23856,-0.15369,-0.06214,-0.13909,-0.44362,0.74964,1,2,13,14,3,4,5,6,10,11,15,7,12,8,9
-0.40733,0.40733,-0.38128,-0.28868,-0.21018,-0.17817,-0.4819,-0.10804,-0.17817,-0.36793,-0.08805,-0.125,-0.08805,-0.21018,-0.22942,-0.17817,-0.22942,-0.29642,9.25563,-0.14003,-0.24744,-0.125,-0.4575,-0.16634,-0.15369,-0.06214,-0.08805,-0.16634,-0.14003,-0.06214,-0.29642,-0.06214,-0.125,-0.06214,-0.06214,-0.23856,6.50641,-0.08805,-0.16634,-0.21997,-0.06214,-0.14003,-0.10804,-0.08805,-0.15369,-0.08805,-0.23856,-0.17817,-0.125,-0.15369,-0.17817,-0.06214,-0.08805,-0.06214,-0.06214,-0.22942,-0.08805,-0.22942,-0.23856,-0.15369,-0.06214,-0.93517,0.07186,0.90015,1,2,3,4,12,5,6,13,7,8,14,9,10,11,15
-0.40733,0.40733,-0.38128,-0.28868,-0.21018,-0.17817,2.07512,-0.10804,-0.17817,-0.36793,-0.08805,-0.125,-0.08805,-0.21018,-0.22942,-0.17817,-0.22942,-0.29642,-0.10804,-0.14003,-0.24744,-0.125,-0.4575,-0.16634,-0.15369,-0.06214,-0.08805,-0.16634,-0.14003,-0.06214,-0.29642,-0.06214,-0.125,-0.06214,-0.06214,-0.23856,-0.15369,-0.08805,6.01189,-0.21997,-0.06214,-0.14003,-0.10804,-0.08805,-0.15369,-0.08805,-0.23856,-0.17817,-0.125,-0.15369,-0.17817,-0.06214,-0.08805,-0.06214,-0.06214,-0.22942,-0.08805,-0.22942,-0.23856,-0.15369,-0.06214,-0.93517,0.79114,0.46744,15,1,10,2,3,4,5,11,6,12,13,7,8,14,9
-0.40733,0.40733,-0.38128,-0.28868,4.75777,-0.17817,-0.4819,-0.10804,-0.17817,-0.36793,-0.08805,-0.125,-0.08805,-0.21018,-0.22942,-0.17817,-0.22942,-0.29642,-0.10804,-0.14003,-0.24744,-0.125,-0.4575,-0.16634,-0.15369,-0.06214,-0.08805,-0.16634,-0.14003,-0.06214,3.37357,-0.06214,-0.125,-0.06214,-0.06214,-0.23856,-0.15369,-0.08805,-0.16634,-0.21997,-0.06214,-0.14003,-0.10804,-0.08805,-0.15369,-0.08805,-0.23856,-0.17817,-0.125,-0.15369,-0.17817,-0.06214,-0.08805,-0.06214,-0.06214,-0.22942,-0.08805,-0.22942,-0.23856,-0.15369,-0.06214,-0.13909,0.5969,0.31407,12,1,2,5,14,13,3,4,6,7,8,9,10,11,15
-0.40733,0.40733,-0.38128,-0.28868,-0.21018,-0.17817,-0.4819,-0.10804,-0.17817,-0.36793,-0.08805,8.0,-0.08805,-0.21018,-0.22942,-0.17817,-0.22942,-0.29642,-0.10804,-0.14003,-0.24744,-0.125,-0.4575,-0.16634,-0.15369,-0.06214,-0.08805,-0.16634,-0.14003,-0.06214,3.37357,-0.06214,-0.125,-0.06214,-0.06214,-0.23856,-0.15369,-0.08805,-0.16634,-0.21997,-0.06214,-0.14003,-0.10804,-0.08805,-0.15369,-0.08805,-0.23856,-0.17817,-0.125,-0.15369,-0.17817,-0.06214,-0.08805,-0.06214,-0.06214,-0.22942,-0.08805,-0.22942,-0.23856,-0.15369,-0.06214,-2.86849,0.52967,0.32511,1,2,3,12,4,5,6,7,13,8,14,9,15,10,11
-0.40733,0.40733,-0.38128,-0.28868,-0.21018,-0.17817,-0.4819,-0.10804,-0.17817,-0.36793,-0.08805,-0.125,-0.08805,4.75777,-0.22942,-0.17817,-0.22942,-0.29642,-0.10804,-0.14003,-0.24744,-0.125,2.18581,-0.16634,-0.15369,-0.06214,-0.08805,-0.16634,-0.14003,-0.06214,-0.29642,-0.06214,-0.125,-0.06214,-0.06214,-0.23856,-0.15369,-0.08805,-0.16634,-0.21997,-0.06214,-0.14003,-0.10804,-0.08805,-0.15369,-0.08805,-0.23856,-0.17817,-0.125,-0.15369,-0.17817,-0.06214,-0.08805,-0.06214,-0.06214,-0.22942,-0.08805,-0.22942,-0.23856,-0.15369,-0.06214,2.1354,-0.33261,-1.57198,13,1,2,3,4,5,6,7,8,15,14,9,10,11,12
-0.40733,0.40733,-0.38128,-0.28868,-0.21018,-0.17817,-0.4819,-0.10804,-0.17817,2.71792,-0.08805,-0.125,-0.08805,-0.21018,-0.22942,-0.17817,-0.22942,-0.29642,-0.10804,-0.14003,-0.24744,-0.125,-0.4575,-0.16634,-0.15369,-0.06214,-0.08805,-0.16634,-0.14003,-0.06214,-0.29642,-0.06214,-0.125,-0.06214,-0.06214,-0.23856,-0.15369,-0.08805,-0.16634,-0.21997,-0.06214,-0.14003,-0.10804,-0.08805,-0.15369,-0.08805,4.19183,-0.17817,-0.125,-0.15369,-0.17817,-0.06214,-0.08805,-0.06214,-0.06214,-0.22942,-0.08805,-0.22942,-0.23856,-0.15369,-0.06214,-0.93517,0.3075,1.10547,1,2,14,12,3,4,5,6,7,13,15,8,9,10,11
-0.40733,0.40733,2.62274,-0.28868,-0.21018,-0.17817,-0.4819,-0.10804,-0.17817,-0.36793,-0.08805,-0.125,-0.08805,-0.21018,-0.22942,-0.17817,-0.22942,-0.29642,-0.10804,-0.14003,-0.24744,-0.125,-0.4575,-0.16634,-0.15369,-0.06214,-0.08805,-0.16634,-0.14003,-0.06214,3.37357,-0.06214,-0.125,-0.06214,-0.06214,-0.23856,-0.15369,-0.08805,-0.16634,-0.21997,-0.06214,-0.14003,-0.10804,-0.08805,-0.15369,-0.08805,-0.23856,-0.17817,-0.125,-0.15369,-0.17817,-0.06214,-0.08805,-0.06214,-0.06214,-0.22942,-0.08805,-0.22942,-0.23856,-0.15369,-0.06214,-0.13909,0.58221,0.34102,1,2,11,8,12,13,3,4,5,6,9,10,7,14,15
-0.40733,0.40733,-0.38128,3.4641,-0.21018,-0.17817,-0.4819,-0.10804,-0.17817,-0.36793,-0.08805,-0.125,-0.08805,-0.21018,-0.22942,-0.17817,-0.22942,-0.29642,-0.10804,-0.14003,-0.24744,-0.125,-0.4575,-0.16634,-0.15369,-0.06214,-0.08805,-0.16634,-0.14003,16.09348,-0.29642,-0.06214,-0.125,-0.06214,-0.06214,-0.23856,-0.15369,-0.08805,-0.16634,-0.21997,-0.06214,-0.14003,-0.10804,-0.08805,-0.15369,-0.08805,-0.23856,-0.17817,-0.125,-0.15369,-0.17817,-0.06214,-0.08805,-0.06214,-0.06214,-0.22942,-0.08805,-0.22942,-0.23856,-0.15369,-0.06214,2.1354,0.71125,0.18221,3,4,5,1,6,2,11,7,12,8,9,13,10,14,15
-0.40733,0.40733,2.62274,-0.28868,-0.21018,-0.17817,-0.4819,-0.10804,-0.17817,-0.36793,-0.08805,-0.125,-0.08805,-0.21018,-0.22942,-0.17817,-0.22942,-0.29642,-0.10804,-0.14003,-0.24744,-0.125,-0.4575,-0.16634,6.50641,-0.06214,-0.08805,-0.16634,-0.14003,-0.06214,-0.29642,-0.06214,-0.125,-0.06214,-0.06214,-0.23856,-0.15369,-0.08805,-0.16634,-0.21997,-0.06214,-0.14003,-0.10804,-0.08805,-0.15369,-0.08805,-0.23856,-0.17817,-0.125,-0.15369,-0.17817,-0.06214,-0.08805,-0.06214,-0.06214,-0.22942,-0.08805,-0.22942,-0.23856,-0.15369,-0.06214,-0.13909,0.48853,1.17097,7,1,13,14,8,9,2,3,10,11,15,4,12,5,6
2.455,-2.455,-0.38128,-0.28868,-0.21018,-0.17817,2.07512,-0.10804,-0.17817,-0.36793,-0.08805,-0.125,-0.08805,-0.21018,-0.22942,-0.17817,-0.22942,-0.29642,-0.10804,-0.14003,-0.24744,-0.125,-0.4575,-0.16634,-0.15369,-0.06214,-0.08805,-0.16634,-0.14003,-0.06214,-0.29642,-0.06214,-0.125,-0.06214,-0.06214,4.19183,-0.15369,-0.08805,-0.16634,-0.21997,-0.06214,-0.14003,-0.10804,-0.08805,-0.15369,-0.08805,-0.23856,-0.17817,-0.125,-0.15369,-0.17817,-0.06214,-0.08805,-0.06214,-0.06214,-0.22942,-0.08805,-0.22942,-0.23856,-0.15369,-0.06214,-0.93517,0.67284,1.26628,8,1,9,10,2,3,4,5,11,6,12,13,15,14,7
-0.40733,0.40733,-0.38128,-0.28868,-0.21018,-0.17817,-0.4819,-0.10804,-0.17817,2.71792,-0.08805,-0.125,-0.08805,-0.21018,-0.22942,-0.17817,-0.22942,-0.29642,-0.10804,-0.14003,-0.24744,-0.125,-0.4575,-0.16634,-0.15369,-0.06214,-0.08805,-0.16634,-0.14003,-0.06214,3.37357,-0.06214,-0.125,-0.06214,-0.06214,-0.23856,-0.15369,-0.08805,-0.16634,-0.21997,-0.06214,-0.14003,-0.10804,-0.08805,-0.15369,-0.08805,-0.23856,-0.17817,-0.125,-0.15369,-0.17817,-0.06214,-0.08805,-0.06214,-0.06214,-0.22942,-0.08805,-0.22942,-0.23856,-0.15369,-0.06214,0.99815,0.57076,0.32424,1,2,13,3,4,14,5,6,7,8,9,10,15,11,12
-0.40733,0.40733,-0.38128,-0.28868,-0.21018,-0.17817,2.07512,-0.10804,-0.17817,-0.36793,-0.08805,-0.125,-0.08805,-0.21018,-0.22942,-0.17817,-0.22942,-0.29642,-0.10804,-0.14003,-0.24744,-0.125,-0.4575,-0.16634,6.50641,-0.06214,-0.08805,-0.16634,-0.14003,-0.06214,-0.29642,-0.06214,-0.125,-0.06214,-0.06214,-0.23856,-0.15369,-0.08805,-0.16634,-0.21997,-0.06214,-0.14003,-0.10804,-0.08805,-0.15369,-0.08805,-0.23856,-0.17817,-0.125,-0.15369,-0.17817,-0.06214,-0.08805,-0.06214,-0.06214,-0.22942,-0.08805,-0.22942,-0.23856,-0.15369,-0.06214,-0.93517,0.49248,1.17999,13,1,2,14,3,4,5,6,7,8,15,9,10,11,12
-0.40733,0.40733,-0.38128,-0.28868,-0.21018,-0.17817,2.07512,-0.10804,-0.17817,-0.36793,-0.08805,-0.125,-0.08805,-0.21018,-0.22942,-0.17817,-0.22942,-0.29642,-0.10804,-0.14003,-0.24744,-0.125,-0.4575,-0.16634,-0.15369,-0.06214,-0.08805,-0.16634,-0.14003,-0.06214,3.37357,-0.06214,-0.125,-0.06214,-0.06214,-0.23856,-0.15369,-0.08805,-0.16634,-0.21997,-0.06214,-0.14003,-0.10804,-0.08805,-0.15369,-0.08805,-0.23856,-0.17817,-0.125,-0.15369,-0.17817,-0.06214,-0.08805,-0.06214,-0.06214,-0.22942,-0.08805,-0.22942,-0.23856,-0.15369,-0.06214,-0.13909,0.60155,0.34783,1,2,10,11,3,4,12,5,13,15,14,6,7,8,9
-0.40733,0.40733,-0.38128,-0.28868,-0.21018,-0.17817,-0.4819,-0.10804,-0.17817,2.71792,-0.08805,-0.125,-0.08805,-0.21018,-0.22942,-0.17817,-0.22942,-0.29642,-0.10804,-0.14003,-0.24744,-0.125,-0.4575,-0.16634,-0.15369,-0.06214,-0.08805,-0.16634,-0.14003,-0.06214,-0.29642,-0.06214,-0.125,-0.06214,16.09348,-0.23856,-0.15369,-0.08805,-0.16634,-0.21997,-0.06214,-0.14003,-0.10804,-0.08805,-0.15369,-0.08805,-0.23856,-0.17817,-0.125,-0.15369,-0.17817,-0.06214,-0.08805,-0.06214,-0.06214,-0.22942,-0.08805,-0.22942,-0.23856,-0.15369,-0.06214,0.99815,-2.03685,0.21708,1,2,14,3,4,5,6,7,8,15,9,10,11,12,13
-0.40733,0.40733,-0.38128,-0.28868,-0.21018,-0.17817,-0.4819,-0.10804,-0.17817,-0.36793,-0.08805,-0.125,-0.08805,4.75777,-0.22942,-0.17817,-0.22942,-0.29642,-0.10804,-0.14003,-0.24744,-0.125,-0.4575,-0.16634,-0.15369,-0.06214,-0.08805,-0.16634,-0.14003,-0.06214,-0.29642,-0.06214,-0.125,-0.06214,-0.06214,-0.23856,-0.15369,-0.08805,-0.16634,-0.21997,-0.06214,-0.14003,-0.10804,-0.08805,-0.15369,-0.08805,-0.23856,-0.17817,-0.125,-0.15369,-0.17817,-0.06214,-0.08805,-0.06214,-0.06214,-0.22942,-0.08805,-0.22942,4.19183,-0.15369,-0.06214,2.70403,1.79142,-1.55993,8,1,15,12,13,2,9,3,10,4,11,14,5,6,7
-0.40733,0.40733,-0.38128,-0.28868,-0.21018,-0.17817,2.07512,-0.10804,-0.17817,-0.36793,-0.08805,-0.125,-0.08805,-0.21018,-0.22942,-0.17817,-0.22942,-0.29642,-0.10804,-0.14003,-0.24744,-0.125,-0.4575,-0.16634,-0.15369,-0.06214,-0.08805,-0.16634,-0.14003,-0.06214,-0.29642,-0.06214,-0.125,-0.06214,-0.06214,-0.23856,-0.15369,-0.08805,-0.16634,-0.21997,-0.06214,-0.14003,-0.10804,-0.08805,-0.15369,-0.08805,4.19183,-0.17817,-0.125,-0.15369,-0.17817,-0.06214,-0.08805,-0.06214,-0.06214,-0.22942,-0.08805,-0.22942,-0.23856,-0.15369,-0.06214,-0.93517,0.33021,1.10823,13,1,9,10,6,11,2,7,3,4,12,14,15,8,5
-0.40733,0.40733,-0.38128,-0.28868,-0.21018,5.61249,-0.4819,-0.10804,-0.17817,-0.36793,-0.08805,-0.125,-0.08805,-0.21018,-0.22942,-0.17817,-0.22942,-0.29642,-0.10804,-0.14003,-0.24744,-0.125,-0.4575,-0.16634,-0.15369,-0.06214,-0.08805,-0.16634,-0.14003,-0.06214,-0.29642,-0.06214,8.0,-0.06214,-0.06214,-0.23856,-0.15369,-0.08805,-0.16634,-0.21997,-0.06214,-0.14003,-0.10804,-0.08805,-0.15369,-0.08805,-0.23856,-0.17817,-0.125,-0.15369,-0.17817,-0.06214,-0.08805,-0.06214,-0.06214,-0.22942,-0.08805,-0.22942,-0.23856,-0.15369,-0.06214,-0.13909,-0.05896,-0.03527,1,2,11,3,12,4,5,6,7,13,14,8,9,15,10
-0.40733,0.40733,-0.38128,-0.28868,-0.21018,-0.17817,-0.4819,-0.10804,-0.17817,-0.36793,-0.08805,-0.125,11.35782,-0.21018,-0.22942,-0.17817,-0.22942,-0.29642,-0.10804,-0.14003,-0.24744,-0.125,-0.4575,-0.16634,-0.15369,-0.06214,-0.08805,-0.16634,-0.14003,-0.06214,-0.29642,-0.06214,-0.125,-0.06214,-0.06214,-0.23856,-0.15369,-0.08805,-0.16634,-0.21997,-0.06214,-0.14003,-0.10804,-0.08805,6.50641,-0.08805,-0.23856,-0.17817,-0.125,-0.15369,-0.17817,-0.06214,-0.08805,-0.06214,-0.06214,-0.22942,-0.08805,-0.22942,-0.23856,-0.15369,-0.06214,-0.13909,0.32469,1.08739,1,2,3,11,12,4,5,6,13,7,14,8,9,15,10
-0.40733,0.40733,-0.38128,-0.28868,-0.21018,-0.17817,-0.4819,-0.10804,-0.17817,-0.36793,-0.08805,-0.125,-0.08805,-0.21018,4.3589,-0.17817,-0.22942,-0.29642,-0.10804,-0.14003,-0.24744,-0.125,-0.4575,-0.16634,-0.15369,-0.06214,-0.08805,-0.16634,-0.14003,-0.06214,3.37357,-0.06214,-0.125,-0.06214,-0.06214,-0.23856,-0.15369,-0.08805,-0.16634,-0.21997,-0.06214,-0.14003,-0.10804,-0.08805,-0.15369,-0.08805,-0.23856,-0.17817,-0.125,-0.15369,-0.17817,-0.06214,-0.08805,-0.06214,-0.06214,-0.22942,-0.08805,-0.22942,-0.23856,-0.15369,-0.06214,-0.93517,0.66409,0.32513,1,2,3,8,9,10,4,11,5,12,13,6,7,14,15
-0.40733,0.40733,-0.38128,-0.28868,-0.21018,-0.17817,-0.4819,-0.10804,-0.17817,-0.36793,-0.08805,-0.125,-0.08805,4.75777,-0.22942,-0.17817,-0.22942,-0.29642,-0.10804,-0.14003,-0.24744,-0.125,2.18581,-0.16634,-0.15369,-0.06214,-0.08805,-0.16634,-0.14003,-0.06214,-0.29642,-0.06214,-0.125,-0.06214,-0.06214,-0.23856,-0.15369,-0.08805,-0.16634,-0.21997,-0.06214,-0.14003,-0.10804,-0.08805,-0.15369,-0.08805,-0.23856,-0.17817,-0.125,-0.15369,-0.17817,-0.06214,-0.08805,-0.06214,-0.06214,-0.22942,-0.08805,-0.22942,-0.23856,-0.15369,-0.06214,-0.93517,-0.45979,-1.53997,11,1,12,13,2,3,4,5,6,14,15,7,8,9,10
-0.40733,0.40733,-0.38128,-0.28868,-0.21018,-0.17817,-0.4819,-0.10804,-0.17817,2.71792,-0.08805,-0.125,-0.08805,-0.21018,-0.22942,-0.17817,-0.22942,-0.29642,-0.10804,-0.14003,-0.24744,-0.125,-0.4575,-0.16634,-0.15369,-0.06214,-0.08805,-0.16634,-0.14003,-0.06214,-0.29642,-0.06214,-0.125,-0.06214,-0.06214,-0.23856,-0.15369,-0.08805,-0.16634,-0.21997,-0.06214,-0.14003,-0.10804,-0.08805,-0.15369,-0.08805,-0.23856,5.61249,-0.125,-0.15369,-0.17817,-0.06214,-0.08805,-0.06214,-0.06214,-0.22942,-0.08805,-0.22942,-0.23856,-0.15369,-0.06214,-0.13909,0.143,0.60044,1,2,3,14,4,5,6,7,8,9,10,11,15,12,13
-0.40733,0.40733,-0.38128,-0.28868,4.75777,-0.17817,-0.4819,-0.10804,-0.17817,-0.36793,-0.08805,-0.125,-0.08805,-0.21018,-0.22942,-0.17817,-0.22942,-0.29642,-0.10804,-0.14003,-0.24744,-0.125,-0.4575,-0.16634,-0.15369,-0.06214,-0.08805,-0.16634,-0.14003,-0.06214,3.37357,-0.06214,-0.125,-0.06214,-0.06214,-0.23856,-0.15369,-0.08805,-0.16634,-0.21997,-0.06214,-0.14003,-0.10804,-0.08805,-0.15369,-0.08805,-0.23856,-0.17817,-0.125,-0.15369,-0.17817,-0.06214,-0.08805,-0.06214,-0.06214,-0.22942,-0.08805,-0.22942,-0.23856,-0.15369,-0.06214,-0.93517,0.57226,0.35073,1,2,12,3,4,5,6,13,7,8,14,9,10,15,11
-0.40733,0.40733,-0.38128,-0.28868,-0.21018,-0.17817,2.07512,-0.10804,-0.17817,-0.36793,-0.08805,-0.125,-0.08805,-0.21018,-0.22942,-0.17817,-0.22942,-0.29642,-0.10804,-0.14003,-0.24744,-0.125,2.18581,-0.16634,-0.15369,-0.06214,-0.08805,-0.16634,-0.14003,-0.06214,-0.29642,-0.06214,-0.125,-0.06214,-0.06214,-0.23856,-0.15369,-0.08805,-0.16634,-0.21997,-0.06214,-0.14003,-0.10804,-0.08805,-0.15369,-0.08805,-0.23856,-0.17817,-0.125,-0.15369,-0.17817,-0.06214,-0.08805,-0.06214,-0.06214,-0.22942,-0.08805,-0.22942,-0.23856,-0.15369,-0.06214,-0.93517,-1.40379,-1.28633,13,1,2,3,4,5,6,14,7,8,9,15,10,11,12
-0.40733,0.40733,-0.38128,-0.28868,-0.21018,-0.17817,-0.4819,-0.10804,-0.17817,-0.36793,-0.08805,-0.125,-0.08805,-0.21018,-0.22942,-0.17817,-0.22942,3.37357,-0.10804,-0.14003,-0.24744,-0.125,2.18581,-0.16634,-0.15369,-0.06214,-0.08805,-0.16634,-0.14003,-0.06214,-0.29642,-0.06214,-0.125,-0.06214,-0.06214,-0.23856,-0.15369,-0.08805,-0.16634,-0.21997,-0.06214,-0.14003,-0.10804,-0.08805,-0.15369,-0.08805,-0.23856,-0.17817,-0.125,-0.15369,-0.17817,-0.06214,-0.08805,-0.06214,-0.06214,-0.22942,-0.08805,-0.22942,-0.23856,-0.15369,-0.06214,-0.93517,-0.3916,-1.56047,1,2,13,3,9,14,4,5,6,10,15,11,7,8,12
2.455,-2.455,2.62274,-0.28868,-0.21018,-0.17817,-0.4819,-0.10804,-0.17817,-0.36793,-0.08805,-0.125,-0.08805,-0.21018,-0.22942,-0.17817,-0.22942,-0.29642,-0.10804,-0.14003,-0.24744,-0.125,-0.4575,-0.16634,-0.15369,-0.06214,-0.08805,-0.16634,-0.14003,-0.06214,-0.29642,-0.06214,-0.125,-0.06214,-0.06214,4.19183,-0.15369,-0.08805,-0.16634,-0.21997,-0.06214,-0.14003,-0.10804,-0.08805,-0.15369,-0.08805,-0.23856,-0.17817,-0.125,-0.15369,-0.17817,-0.06214,-0.08805,-0.06214,-0.06214,-0.22942,-0.08805,-0.22942,-0.23856,-0.15369,-0.06214,-0.13909,0.68371,1.26856,1,2,9,3,4,5,10,15,11,6,12,7,13,14,8
-0.40733,0.40733,-0.38128,-0.28868,-0.21018,-0.17817,-0.4819,-0.10804,-0.17817,-0.36793,-0.08805,-0.125,-0.08805,-0.21018,-0.22942,5.61249,-0.22942,-0.29642,-0.10804,-0.14003,-0.24744,-0.125,2.18581,-0.16634,-0.15369,-0.06214,-0.08805,-0.16634,-0.14003,-0.06214,-0.29642,-0.06214,-0.125,-0.06214,-0.06214,-0.23856,-0.15369,-0.08805,-0.16634,-0.21997,-0.06214,-0.14003,-0.10804,-0.08805,-0.15369,-0.08805,-0.23856,-0.17817,-0.125,-0.15369,-0.17817,-0.06214,-0.08805,-0.06214,-0.06214,-0.22942,-0.08805,-0.22942,-0.23856,-0.15369,-0.06214,-0.93517,-0.16076,-1.53897,1,2,12,13,3,4,5,6,7,14,15,8,9,10,11
-0.40733,0.40733,-0.38128,-0.28868,-0.21018,-0.17817,-0.4819,-0.10804,-0.17817,-0.36793,-0.08805,-0.125,-0.08805,4.75777,-0.22942,-0.17817,-0.22942,-0.29642,-0.10804,-0.14003,-0.24744,-0.125,-0.4575,-0.16634,-0.15369,-0.06214,-0.08805,-0.16634,-0.14003,-0.06214,-0.29642,-0.06214,-0.125,-0.06214,-0.06214,-0.23856,-0.15369,-0.08805,-0.16634,-0.21997,-0.06214,-0.14003,-0.10804,-0.08805,-0.15369,-0.08805,4.19183,-0.17817,-0.125,-0.15369,-0.17817,-0.06214,-0.08805,-0.06214,-0.06214,-0.22942,-0.08805,-0.22942,-0.23856,-0.15369,-0.06214,-0.13909,0.81848,1.11925,10,1,15,11,6,12,2,7,3,8,14,4,13,9,5
-0.40733,0.40733,-0.38128,-0.28868,-0.21018,-0.17817,2.07512,-0.10804,-0.17817,-0.36793,-0.08805,-0.125,-0.08805,-0.21018,-0.22942,-0.17817,-0.22942,-0.29642,-0.10804,-0.14003,-0.24744,-0.125,-0.4575,-0.16634,-0.15369,-0.06214,-0.08805,-0.16634,-0.14003,-0.06214,-0.29642,-0.06214,-0.125,-0.06214,-0.06214,-0.23856,-0.15369,-0.08805,-0.16634,-0.21997,-0.06214,-0.14003,-0.10804,-0.08805,-0.15369,-0.08805,-0.23856,-0.17817,-0.125,-0.15369,-0.17817,16.09348,-0.08805,-0.06214,-0.06214,-0.22942,-0.08805,-0.22942,-0.23856,-0.15369,-0.06214,-0.93517,0.55136,1.24931,10,1,11,2,3,12,4,5,6,7,13,14,8,9,15
2.455,-2.455,-0.38128,-0.28868,-0.21018,-0.17817,-0.4819,-0.10804,-0.17817,-0.36793,-0.08805,-0.125,-0.08805,-0.21018,-0.22942,-0.17817,4.3589,-0.29642,-0.10804,-0.14003,-0.24744,-0.125,-0.4575,6.01189,-0.15369,-0.06214,-0.08805,-0.16634,-0.14003,-0.06214,-0.29642,-0.06214,-0.125,-0.06214,-0.06214,-0.23856,-0.15369,-0.08805,-0.16634,-0.21997,-0.06214,-0.14003,-0.10804,-0.08805,-0.15369,-0.08805,-0.23856,-0.17817,-0.125,-0.15369,-0.17817,-0.06214,-0.08805,-0.06214,-0.06214,-0.22942,-0.08805,-0.22942,-0.23856,-0.15369,-0.06214,0.99815,0.16268,-0.62506,1,2,14,3,10,11,12,4,5,6,13,15,7,8,9
2.455,-2.455,-0.38128,-0.28868,-0.21018,-0.17817,2.07512,-0.10804,-0.17817,-0.36793,-0.08805,-0.125,-0.08805,-0.21018,-0.22942,-0.17817,-0.22942,-0.29642,-0.10804,-0.14003,-0.24744,-0.125,2.18581,-0.16634,-0.15369,-0.06214,-0.08805,-0.16634,-0.14003,-0.06214,-0.29642,-0.06214,-0.125,-0.06214,-0.06214,-0.23856,-0.15369,-0.08805,-0.16634,-0.21997,-0.06214,-0.14003,-0.10804,-0.08805,-0.15369,-0.08805,-0.23856,-0.17817,-0.125,-0.15369,-0.17817,-0.06214,-0.08805,-0.06214,-0.06214,-0.22942,-0.08805,-0.22942,-0.23856,-0.15369,-0.06214,-0.93517,-0.16076,-1.53897,1,2,3,11,4,12,5,6,7,8,13,9,14,15,10
-0.40733,0.40733,-0.38128,-0.28868,-0.21018,-0.17817,-0.4819,-0.10804,-0.17817,-0.36793,-0.08805,-0.125,-0.08805,-0.21018,-0.22942,5.61249,-0.22942,-0.29642,-0.10804,-0.14003,-0.24744,-0.125,-0.4575,-0.16634,-0.15369,-0.06214,-0.08805,-0.16634,-0.14003,-0.06214,-0.29642,-0.06214,-0.125,-0.06214,-0.06214,-0.23856,-0.15369,-0.08805,-0.16634,-0.21997,-0.06214,-0.14003,-0.10804,-0.08805,-0.15369,-0.08805,-0.23856,-0.17817,-0.125,-0.15369,-0.17817,-0.06214,-0.08805,-0.06214,-0.06214,-0.22942,-0.08805,-0.22942,-0.23856,6.50641,-0.06214,-0.13909,0.83546,0.25475,1,2,12,3,4,14,5,6,7,15,8,9,10,13,11
-0.40733,0.40733,2.62274,-0.28868,-0.21018,-0.17817,-0.4819,-0.10804,-0.17817,-0.36793,-0.08805,-0.125,-0.08805,-0.21018,-0.22942,-0.17817,-0.22942,-0.29642,-0.10804,-0.14003,-0.24744,-0.125,-0.4575,-0.16634,-0.15369,-0.06214,-0.08805,-0.16634,-0.14003,-0.06214,-0.29642,-0.06214,-0.125,-0.06214,-0.06214,-0.23856,-0.15369,-0.08805,-0.16634,-0.21997,-0.06214,-0.14003,-0.10804,-0.08805,6.50641,-0.08805,-0.23856,-0.17817,-0.125,-0.15369,-0.17817,-0.06214,-0.08805,-0.06214,-0.06214,-0.22942,-0.08805,-0.22942,-0.23856,-0.15369,-0.06214,0.99815,0.03721,1.06528,1,2,3,10,4,11,5,6,7,12,13,8,15,9,14
-0.40733,0.40733,-0.38128,-0.28868,-0.21018,-0.17817,-0.4819,-0.10804,-0.17817,2.71792,-0.08805,-0.125,-0.08805,-0.21018,-0.22942,-0.17817,-0.22942,-0.29642,-0.10804,-0.14003,-0.24744,-0.125,-0.4575,-0.16634,-0.15369,-0.06214,-0.08805,6.01189,-0.14003,-0.06214,-0.29642,-0.06214,-0.125,-0.06214,-0.06214,-0.23856,-0.15369,-0.08805,-0.16634,-0.21997,-0.06214,-0.14003,-0.10804,-0.08805,-0.15369,-0.08805,-0.23856,-0.17817,-0.125,-0.15369,-0.17817,-0.06214,-0.08805,-0.06214,-0.06214,-0.22942,-0.08805,-0.22942,-0.23856,-0.15369,-0.06214,-0.13909,-2.82666,0.76734,11,1,12,6,2,3,7,8,9,14,13,15,4,5,10
-0.40733,0.40733,-0.38128,-0.28868,-0.21018,-0.17817,-0.4819,-0.10804,-0.17817,-0.36793,-0.08805,-0.125,-0.08805,-0.21018,-0.22942,-0.17817,-0.22942,3.37357,-0.10804,-0.14003,-0.24744,-0.125,-0.4575,-0.16634,-0.15369,-0.06214,-0.08805,-0.16634,-0.14003,-0.06214,-0.29642,-0.06214,-0.125,-0.06214,-0.06214,-0.23856,-0.15369,-0.08805,-0.16634,-0.21997,-0.06214,-0.14003,-0.10804,-0.08805,-0.15369,-0.08805,-0.23856,-0.17817,-0.125,-0.15369,-0.17817,-0.06214,-0.08805,-0.06214,-0.06214,4.3589,-0.08805,-0.22942,-0.23856,-0.15369,-0.06214,-0.13909,-1.58282,-0.44468,10,1,11,12,13,2,3,4,5,14,15,6,7,8,9
-0.40733,0.40733,-0.38128,-0.28868,-0.21018,-0.17817,2.07512,-0.10804,-0.17817,-0.36793,-0.08805,-0.125,-0.08805,-0.21018,-0.22942,-0.17817,-0.22942,-0.29642,-0.10804,-0.14003,-0.24744,-0.125,-0.4575,-0.16634,-0.15369,-0.06214,-0.08805,-0.16634,-0.14003,-0.06214,-0.29642,-0.06214,-0.125,-0.06214,-0.06214,-0.23856,-0.15369,-0.08805,-0.16634,-0.21997,-0.06214,-0.14003,-0.10804,-0.08805,-0.15369,-0.08805,-0.23856,5.61249,-0.125,-0.15369,-0.17817,-0.06214,-0.08805,-0.06214,-0.06214,-0.22942,-0.08805,-0.22942,-0.23856,-0.15369,-0.06214,-0.13909,0.3181,0.69501,1,2,14,15,3,4,5,6,13,7,8,9,10,11,12
2.455,-2.455,-0.38128,-0.28868,-0.21018,-0.17817,2.07512,-0.10804,-0.17817,-0.36793,-0.08805,-0.125,-0.08805,-0.21018,-0.22942,-0.17817,-0.22942,-0.29642,-0.10804,-0.14003,-0.24744,-0.125,2.18581,-0.16634,-0.15369,-0.06214,-0.08805,-0.16634,-0.14003,-0.06214,-0.29642,-0.06214,-0.125,-0.06214,-0.06214,-0.23856,-0.15369,-0.08805,-0.16634,-0.21997,-0.06214,-0.14003,-0.10804,-0.08805,-0.15369,-0.08805,-0.23856,-0.17817,-0.125,-0.15369,-0.17817,-0.06214,-0.08805,-0.06214,-0.06214,-0.22942,-0.08805,-0.22942,-0.23856,-0.15369,-0.06214,-0.93517,-1.13019,-1.34202,14,5,15,10,6,11,7,8,1,9,12,13,2,3,4
-0.40733,0.40733,-0.38128,-0.28868,-0.21018,-0.17817,-0.4819,-0.10804,-0.17817,-0.36793,-0.08805,-0.125,-0.08805,-0.21018,-0.22942,-0.17817,-0.22942,-0.29642,-0.10804,-0.14003,4.04145,-0.125,2.18581,-0.16634,-0.15369,-0.06214,-0.08805,-0.16634,-0.14003,-0.06214,-0.29642,-0.06214,-0.125,-0.06214,-0.06214,-0.23856,-0.15369,-0.08805,-0.16634,-0.21997,-0.06214,-0.14003,-0.10804,-0.08805,-0.15369,-0.08805,-0.23856,-0.17817,-0.125,-0.15369,-0.17817,-0.06214,-0.08805,-0.06214,-0.06214,-0.22942,-0.08805,-0.22942,-0.23856,-0.15369,-0.06214,0.99815,-1.16133,-1.35254,1,2,3,9,4,10,11,5,12,6,13,14,7,15,8
-0.40733,0.40733,2.62274,-0.28868,-0.21018,-0.17817,-0.4819,-0.10804,-0.17817,-0.36793,-0.08805,-0.125,-0.08805,-0.21018,-0.22942,-0.17817,-0.22942,-0.29642,-0.10804,-0.14003,-0.24744,-0.125,-0.4575,-0.16634,-0.15369,-0.06214,-0.08805,-0.16634,-0.14003,-0.06214,-0.29642,-0.06214,-0.125,-0.06214,-0.06214,-0.23856,-0.15369,-0.08805,-0.16634,-0.21997,-0.06214,-0.14003,-0.10804,-0.08805,-0.15369,-0.08805,4.19183,-0.17817,-0.125,-0.15369,-0.17817,-0.06214,-0.08805,-0.06214,-0.06214,-0.22942,-0.08805,-0.22942,-0.23856,-0.15369,-0.06214,-0.93517,1.03485,1.00766,9,1,10,11,12,13,2,3,4,14,15,5,6,7,8
-0.40733,0.40733,-0.38128,-0.28868,-0.21018,-0.17817,2.07512,-0.10804,-0.17817,-0.36793,-0.08805,-0.125,-0.08805,-0.21018,-0.22942,-0.17817,-0.22942,-0.29642,-0.10804,-0.14003,-0.24744,-0.125,-0.4575,-0.16634,-0.15369,-0.06214,-0.08805,-0.16634,-0.14003,-0.06214,-0.29642,-0.06214,-0.125,-0.06214,-0.06214,-0.23856,-0.15369,-0.08805,6.01189,-0.21997,-0.06214,-0.14003,-0.10804,-0.08805,-0.15369,-0.08805,-0.23856,-0.17817,-0.125,-0.15369,-0.17817,-0.06214,-0.08805,-0.06214,-0.06214,-0.22942,-0.08805,-0.22942,-0.23856,-0.15369,-0.06214,-0.93517,0.66027,0.58878,1,2,3,4,5,6,7,8,9,10,15,11,12,13,14
-0.40733,0.40733,-0.38128,-0.28868,-0.21018,-0.17817,-0.4819,-0.10804,-0.17817,2.71792,-0.08805,-0.125,-0.08805,-0.21018,-0.22942,-0.17817,-0.22942,-0.29642,-0.10804,-0.14003,-0.24744,-0.125,2.18581,-0.16634,-0.15369,-0.06214,-0.08805,-0.16634,-0.14003,-0.06214,-0.29642,-0.06214,-0.125,-0.06214,-0.06214,-0.23856,-0.15369,-0.08805,-0.16634,-0.21997,-0.06214,-0.14003,-0.10804,-0.08805,-0.15369,-0.08805,-0.23856,-0.17817,-0.125,-0.15369,-0.17817,-0.06214,-0.08805,-0.06214,-0.06214,-0.22942,-0.08805,-0.22942,-0.23856,-0.15369,-0.06214,0.99815,-1.13595,-1.34898,1,8,9,10,2,3,4,5,15,11,12,13,6,14,7
-0.40733,0.40733,-0.38128,3.4641,-0.21018,-0.17817,-0.4819,-0.10804,-0.17817,-0.36793,-0.08805,-0.125,-0.08805,-0.21018,-0.22942,-0.17817,-0.22942,-0.29642,-0.10804,-0.14003,-0.24744,-0.125,-0.4575,-0.16634,-0.15369,-0.06214,-0.08805,-0.16634,-0.14003,-0.06214,-0.29642,-0.06214,-0.125,-0.06214,-0.06214,-0.23856,6.50641,-0.08805,-0.16634,-0.21997,-0.06214,-0.14003,-0.10804,-0.08805,-0.15369,-0.08805,-0.23856,-0.17817,-0.125,-0.15369,-0.17817,-0.06214,-0.08805,-0.06214,-0.06214,-0.22942,-0.08805,-0.22942,-0.23856,-0.15369,-0.06214,0.99815,-0.23092,0.97122,13,1,9,14,10,2,3,5,11,12,6,15,7,8,4
-0.40733,0.40733,-0.38128,-0.28868,-0.21018,-0.17817,2.07512,-0.10804,-0.17817,-0.36793,-0.08805,-0.125,-0.08805,-0.21018,-0.22942,-0.17817,-0.22942,-0.29642,-0.10804,-0.14003,-0.24744,-0.125,-0.4575,-0.16634,-0.15369,-0.06214,-0.08805,-0.16634,-0.14003,-0.06214,-0.29642,-0.06214,-0.125,-0.06214,-0.06214,4.19183,-0.15369,-0.08805,-0.16634,-0.21997,-0.06214,-0.14003,-0.10804,-0.08805,-0.15369,-0.08805,-0.23856,-0.17817,-0.125,-0.15369,-0.17817,-0.06214,-0.08805,-0.06214,-0.06214,-0.22942,-0.08805,-0.22942,-0.23856,-0.15369,-0.06214,-0.93517,0.66878,1.26597,1,3,15,4,5,6,7,8,9,13,10,11,14,12,2
-0.40733,0.40733,-0.38128,-0.28868,-0.21018,-0.17817,-0.4819,-0.10804,-0.17817,-0.36793,-0.08805,-0.125,-0.08805,-0.21018,-0.22942,-0.17817,-0.22942,-0.29642,-0.10804,-0.14003,4.04145,-0.125,-0.4575,-0.16634,-0.15369,-0.06214,-0.08805,-0.16634,-0.14003,-0.06214,-0.29642,-0.06214,-0.125,-0.06214,-0.06214,-0.23856,-0.15369,-0.08805,6.01189,-0.21997,-0.06214,-0.14003,-0.10804,-0.08805,-0.15369,-0.08805,-0.23856,-0.17817,-0.125,-0.15369,-0.17817,-0.06214,-0.08805,-0.06214,-0.06214,-0.22942,-0.08805,-0.22942,-0.23856,-0.15369,-0.06214,-0.93517,0.66027,0.58878,1,2,9,14,3,4,5,6,10,11,15,7,12,13,8
2.455,-2.455,-0.38128,3.4641,-0.21018,-0.17817,-0.4819,-0.10804,-0.17817,-0.36793,-0.08805,-0.125,-0.08805,-0.21018,-0.22942,-0.17817,-0.22942,-0.29642,-0.10804,-0.14003,-0.24744,-0.125,-0.4575,-0.16634,-0.15369,-0.06214,-0.08805,-0.16634,-0.14003,-0.06214,-0.29642,-0.06214,-0.125,-0.06214,-0.06214,-0.23856,-0.15369,-0.08805,-0.16634,-0.21997,-0.06214,-0.14003,-0.10804,-0.08805,-0.15369,-0.08805,-0.23856,-0.17817,-0.125,-0.15369,5.61249,-0.06214,-0.08805,-0.06214,-0.06214,-0.22942,-0.08805,-0.22942,-0.23856,-0.15369,-0.06214,2.1354,0.25126,0.77928,10,1,11,14,12,2,5,6,3,7,13,8,15,4,9
2.455,-2.455,-0.38128,-0.28868,-0.21018,-0.17817,2.07512,-0.10804,-0.17817,-0.36793,-0.08805,-0.125,-0.08805,-0.21018,-0.22942,-0.17817,-0.22942,-0.29642,-0.10804,-0.14003,-0.24744,-0.125,-0.4575,-0.16634,-0.15369,-0.06214,-0.08805,-0.16634,-0.14003,-0.06214,-0.29642,-0.06214,-0.125,-0.06214,-0.06214,-0.23856,-0.15369,-0.08805,-0.16634,-0.21997,-0.06214,-0.14003,-0.10804,-0.08805,-0.15369,-0.08805,-0.23856,-0.17817,8.0,-0.15369,-0.17817,-0.06214,-0.08805,-0.06214,-0.06214,-0.22942,-0.08805,-0.22942,-0.23856,-0.15369,-0.06214,-0.13909,-0.86538,-0.19279,15,9,10,1,2,3,11,4,14,5,12,6,7,13,8
-0.40733,0.40733,-0.38128,-0.28868,-0.21018,-0.17817,-0.4819,-0.10804,-0.17817,-0.36793,-0.08805,-0.125,-0.08805,-0.21018,-0.22942,-0.17817,-0.22942,3.37357,-0.10804,-0.14003,-0.24744,-0.125,-0.4575,-0.16634,-0.15369,-0.06214,-0.08805,-0.16634,-0.14003,-0.06214,-0.29642,-0.06214,-0.125,-0.06214,-0.06214,4.19183,-0.15369,-0.08805,-0.16634,-0.21997,-0.06214,-0.14003,-0.10804,-0.08805,-0.15369,-0.08805,-0.23856,-0.17817,-0.125,-0.15369,-0.17817,-0.06214,-0.08805,-0.06214,-0.06214,-0.22942,-0.08805,-0.22942,-0.23856,-0.15369,-0.06214,2.1354,0.68912,1.26857,1,2,15,3,4,5,6,7,12,8,13,9,14,10,11
-0.40733,0.40733,-0.38128,-0.28868,-0.21018,-0.17817,2.07512,-0.10804,-0.17817,-0.36793,-0.08805,-0.125,-0.08805,-0.21018,-0.22942,-0.17817,-0.22942,-0.29642,-0.10804,-0.14003,-0.24744,-0.125,-0.4575,6.01189,-0.15369,-0.06214,-0.08805,-0.16634,-0.14003,-0.06214,-0.29642,-0.06214,-0.125,-0.06214,-0.06214,-0.23856,-0.15369,-0.08805,-0.16634,-0.21997,-0.06214,-0.14003,-0.10804,-0.08805,-0.15369,-0.08805,-0.23856,-0.17817,-0.125,-0.15369,-0.17817,-0.06214,-0.08805,-0.06214,-0.06214,-0.22942,-0.08805,-0.22942,-0.23856,-0.15369,-0.06214,-0.93517,0.16332,-0.62994,1,2,11,3,12,4,5,13,6,14,15,7,8,9,10
-0.40733,0.40733,-0.38128,-0.28868,-0.21018,-0.17817,-0.4819,-0.10804,-0.17817,-0.36793,-0.08805,-0.125,-0.08805,-0.21018,4.3589,-0.17817,-0.22942,-0.29642,-0.10804,-0.14003,-0.24744,-0.125,-0.4575,-0.16634,-0.15369,-0.06214,-0.08805,6.01189,-0.14003,-0.06214,-0.29642,-0.06214,-0.125,-0.06214,-0.06214,-0.23856,-0.15369,-0.08805,-0.16634,-0.21997,-0.06214,-0.14003,-0.10804,-0.08805,-0.15369,-0.08805,-0.23856,-0.17817,-0.125,-0.15369,-0.17817,-0.06214,-0.08805,-0.06214,-0.06214,-0.22942,-0.08805,-0.22942,-0.23856,-0.15369,-0.06214,-0.13909,-2.96191,0.76075,1,8,13,10,2,3,9,14,11,15,12,4,5,6,7
2.455,-2.455,-0.38128,-0.28868,-0.21018,-0.17817,-0.4819,-0.10804,-0.17817,2.71792,-0.08805,-0.125,-0.08805,-0.21018,-0.22942,-0.17817,-0.22942,-0.29642,-0.10804,-0.14003,-0.24744,-0.125,-0.4575,-0.16634,-0.15369,-0.06214,-0.08805,-0.16634,7.14143,-0.06214,-0.29642,-0.06214,-0.125,-0.06214,-0.06214,-0.23856,-0.15369,-0.08805,-0.16634,-0.21997,-0.06214,-0.14003,-0.10804,-0.08805,-0.15369,-0.08805,-0.23856,-0.17817,-0.125,-0.15369,-0.17817,-0.06214,-0.08805,-0.06214,-0.06214,-0.22942,-0.08805,-0.22942,-0.23856,-0.15369,-0.06214,2.1354,-1.24715,0.53442,1,15,2,3,4,5,13,6,7,14,8,9,10,11,12
-0.40733,0.40733,-0.38128,-0.28868,-0.21018,-0.17817,-0.4819,-0.10804,-0.17817,-0.36793,-0.08805,-0.125,-0.08805,-0.21018,-0.22942,-0.17817,4.3589,-0.29642,-0.10804,-0.14003,-0.24744,-0.125,-0.4575,-0.16634,-0.15369,-0.06214,-0.08805,-0.16634,-0.14003,-0.06214,-0.29642,-0.06214,-0.125,-0.06214,-0.06214,-0.23856,-0.15369,-0.08805,-0.16634,-0.21997,-0.06214,7.14143,-0.10804,-0.08805,-0.15369,-0.08805,-0.23856,-0.17817,-0.125,-0.15369,-0.17817,-0.06214,-0.08805,-0.06214,-0.06214,-0.22942,-0.08805,-0.22942,-0.23856,-0.15369,-0.06214,-0.13909,-1.01577,0.92195,4,5,6,7,8,9,1,2,10,11,12,13,14,15,3
-0.40733,0.40733,2.62274,-0.28868,-0.21018,-0.17817,-0.4819,-0.10804,-0.17817,-0.36793,-0.08805,-0.125,-0.08805,-0.21018,-0.22942,-0.17817,-0.22942,-0.29642,-0.10804,-0.14003,-0.24744,-0.125,-0.4575,-0.16634,-0.15369,-0.06214,-0.08805,-0.16634,-0.14003,-0.06214,-0.29642,-0.06214,-0.125,-0.06214,-0.06214,4.19183,-0.15369,-0.08805,-0.16634,-0.21997,-0.06214,-0.14003,-0.10804,-0.08805,-0.15369,-0.08805,-0.23856,-0.17817,-0.125,-0.15369,-0.17817,-0.06214,-0.08805,-0.06214,-0.06214,-0.22942,-0.08805,-0.22942,-0.23856,-0.15369,-0.06214,-0.13909,0.67046,1.26169,1,2,13,14,3,4,5,6,7,9,15,10,11,12,8
2.455,-2.455,-0.38128,-0.28868,-0.21018,-0.17817,2.07512,-0.10804,-0.17817,-0.36793,-0.08805,-0.125,-0.08805,-0.21018,-0.22942,-0.17817,-0.22942,-0.29642,-0.10804,-0.14003,-0.24744,-0.125,-0.4575,-0.16634,-0.15369,-0.06214,-0.08805,-0.16634,-0.14003,-0.06214,-0.29642,-0.06214,-0.125,-0.06214,-0.06214,-0.23856,-0.15369,-0.08805,-0.16634,-0.21997,-0.06214,-0.14003,-0.10804,-0.08805,-0.15369,-0.08805,-0.23856,-0.17817,-0.125,-0.15369,-0.17817,-0.06214,-0.08805,-0.06214,-0.06214,4.3589,-0.08805,-0.22942,-0.23856,-0.15369,-0.06214,-0.13909,-2.08621,-0.0773,1,2,15,13,3,4,5,6,7,14,8,9,10,11,12
-0.40733,0.40733,-0.38128,-0.28868,-0.21018,-0.17817,-0.4819,-0.10804,-0.17817,-0.36793,-0.08805,-0.125,-0.08805,-0.21018,-0.22942,-0.17817,-0.22942,3.37357,-0.10804,-0.14003,-0.24744,-0.125,-0.4575,-0.16634,-0.15369,-0.06214,-0.08805,-0.16634,-0.14003,-0.06214,-0.29642,-0.06214,-0.125,-0.06214,-0.06214,-0.23856,-0.15369,-0.08805,-0.16634,-0.21997,-0.06214,-0.14003,-0.10804,-0.08805,-0.15369,-0.08805,-0.23856,-0.17817,-0.125,-0.15369,-0.17817,-0.06214,-0.08805,16.09348,-0.06214,-0.22942,-0.08805,-0.22942,-0.23856,-0.15369,-0.06214,-0.93517,0.91712,-0.15706,1,2,3,15,4,5,6,7,8,9,14,10,11,12,13
-0.40733,0.40733,-0.38128,-0.28868,-0.21018,-0.17817,-0.4819,-0.10804,-0.17817,-0.36793,-0.08805,-0.125,-0.08805,-0.21018,-0.22942,-0.17817,-0.22942,3.37357,-0.10804,-0.14003,-0.24744,-0.125,-0.4575,-0.16634,-0.15369,-0.06214,-0.08805,-0.16634,-0.14003,-0.06214,-0.29642,-0.06214,-0.125,-0.06214,-0.06214,-0.23856,-0.15369,-0.08805,-0.16634,-0.21997,-0.06214,-0.14003,-0.10804,11.35782,-0.15369,-0.08805,-0.23856,-0.17817,-0.125,-0.15369,-0.17817,-0.06214,-0.08805,-0.06214,-0.06214,-0.22942,-0.08805,-0.22942,-0.23856,-0.15369,-0.06214,-0.13909,0.78367,1.25629,1,9,10,11,2,15,3,4,12,13,14,5,6,7,8
-0.40733,0.40733,-0.38128,-0.28868,-0.21018,-0.17817,-0.4819,-0.10804,5.61249,-0.36793,-0.08805,-0.125,-0.08805,-0.21018,-0.22942,-0.17817,-0.22942,-0.29642,-0.10804,-0.14003,-0.24744,-0.125,-0.4575,-0.16634,-0.15369,-0.06214,-0.08805,-0.16634,7.14143,-0.06214,-0.29642,-0.06214,-0.125,-0.06214,-0.06214,-0.23856,-0.15369,-0.08805,-0.16634,-0.21997,-0.06214,-0.14003,-0.10804,-0.08805,-0.15369,-0.08805,-0.23856,-0.17817,-0.125,-0.15369,-0.17817,-0.06214,-0.08805,-0.06214,-0.06214,-0.22942,-0.08805,-0.22942,-0.23856,-0.15369,-0.06214,-0.93517,-1.1723,0.51826,1,12,6,7,8,14,13,2,9,10,11,3,4,5,15
-0.40733,0.40733,-0.38128,-0.28868,-0.21018,-0.17817,-0.4819,-0.10804,-0.17817,-0.36793,-0.08805,-0.125,-0.08805,-0.21018,-0.22942,-0.17817,-0.22942,3.37357,-0.10804,-0.14003,-0.24744,-0.125,-0.4575,-0.16634,-0.15369,-0.06214,-0.08805,-0.16634,-0.14003,-0.06214,-0.29642,-0.06214,-0.125,-0.06214,-0.06214,-0.23856,-0.15369,-0.08805,-0.16634,-0.21997,-0.06214,-0.14003,-0.10804,-0.08805,-0.15369,-0.08805,-0.23856,-0.17817,-0.125,-0.15369,-0.17817,-0.06214,-0.08805,-0.06214,-0.06214,-0.22942,-0.08805,4.3589,-0.23856,-0.15369,-0.06214,3.38638,-0.06339,0.86501,9,2,3,10,1,4,11,5,12,6,13,14,15,7,8
-0.40733,0.40733,-0.38128,-0.28868,-0.21018,-0.17817,-0.4819,-0.10804,-0.17817,2.71792,-0.08805,-0.125,-0.08805,-0.21018,-0.22942,-0.17817,-0.22942,-0.29642,-0.10804,-0.14003,-0.24744,-0.125,2.18581,-0.16634,-0.15369,-0.06214,-0.08805,-0.16634,-0.14003,-0.06214,-0.29642,-0.06214,-0.125,-0.06214,-0.06214,-0.23856,-0.15369,-0.08805,-0.16634,-0.21997,-0.06214,-0.14003,-0.10804,-0.08805,-0.15369,-0.08805,-0.23856,-0.17817,-0.125,-0.15369,-0.17817,-0.06214,-0.08805,-0.06214,-0.06214,-0.22942,-0.08805,-0.22942,-0.23856,-0.15369,-0.06214,-0.13909,-0.33399,-1.57362,7,1,8,13,2,9,10,3,11,14,15,4,5,12,6
-0.40733,0.40733,2.62274,-0.28868,-0.21018,-0.17817,-0.4819,-0.10804,-0.17817,-0.36793,-0.08805,-0.125,-0.08805,-0.21018,-0.22942,-0.17817,-0.22942,-0.29642,-0.10804,-0.14003,-0.24744,-0.125,2.18581,-0.16634,-0.15369,-0.06214,-0.08805,-0.16634,-0.14003,-0.06214,-0.29642,-0.06214,-0.125,-0.06214,-0.06214,-0.23856,-0.15369,-0.08805,-0.16634,-0.21997,-0.06214,-0.14003,-0.10804,-0.08805,-0.15369,-0.08805,-0.23856,-0.17817,-0.125,-0.15369,-0.17817,-0.06214,-0.08805,-0.06214,-0.06214,-0.22942,-0.08805,-0.22942,-0.23856,-0.15369,-0.06214,-0.13909,-1.34182,-1.28993,8,9,10,14,1,2,11,3,15,12,4,5,13,6,7
-0.40733,0.40733,-0.38128,-0.28868,-0.21018,-0.17817,2.07512,-0.10804,-0.17817,-0.36793,-0.08805,-0.125,-0.08805,-0.21018,-0.22942,-0.17817,-0.22942,-0.29642,-0.10804,-0.14003,-0.24744,8.0,-0.4575,-0.16634,-0.15369,-0.06214,-0.08805,-0.16634,-0.14003,-0.06214,-0.29642,-0.06214,-0.125,-0.06214,-0.06214,-0.23856,-0.15369,-0.08805,-0.16634,-0.21997,-0.06214,-0.14003,-0.10804,-0.08805,-0.15369,-0.08805,-0.23856,-0.17817,-0.125,-0.15369,-0.17817,-0.06214,-0.08805,-0.06214,-0.06214,-0.22942,-0.08805,-0.22942,-0.23856,-0.15369,-0.06214,-0.93517,-1.29047,-0.98729,1,11,12,2,14,15,3,4,5,6,13,7,8,9,10
-0.40733,0.40733,2.62274,-0.28868,-0.21018,-0.17817,-0.4819,-0.10804,-0.17817,-0.36793,-0.08805,-0.125,-0.08805,-0.21018,-0.22942,-0.17817,-0.22942,-0.29642,-0.10804,-0.14003,-0.24744,-0.125,-0.4575,-0.16634,-0.15369,-0.06214,-0.08805,-0.16634,-0.14003,-0.06214,3.37357,-0.06214,-0.125,-0.06214,-0.06214,-0.23856,-0.15369,-0.08805,-0.16634,-0.21997,-0.06214,-0.14003,-0.10804,-0.08805,-0.15369,-0.08805,-0.23856,-0.17817,-0.125,-0.15369,-0.17817,-0.06214,-0.08805,-0.06214,-0.06214,-0.22942,-0.08805,-0.22942,-0.23856,-0.15369,-0.06214,-0.13909,0.5665,0.3527,1,2,3,4,5,6,7,8,9,10,15,11,12,13,14
-0.40733,0.40733,-0.38128,-0.28868,-0.21018,-0.17817,-0.4819,-0.10804,-0.17817,-0.36793,-0.08805,-0.125,-0.08805,-0.21018,-0.22942,-0.17817,-0.22942,3.37357,-0.10804,-0.14003,-0.24744,-0.125,2.18581,-0.16634,-0.15369,-0.06214,-0.08805,-0.16634,-0.14003,-0.06214,-0.29642,-0.06214,-0.125,-0.06214,-0.06214,-0.23856,-0.15369,-0.08805,-0.16634,-0.21997,-0.06214,-0.14003,-0.10804,-0.08805,-0.15369,-0.08805,-0.23856,-0.17817,-0.125,-0.15369,-0.17817,-0.06214,-0.08805,-0.06214,-0.06214,-0.22942,-0.08805,-0.22942,-0.23856,-0.15369,-0.06214,-0.13909,-0.28975,-1.57704,13,1,6,7,8,9,2,3,10,14,11,15,4,5,12
-0.40733,0.40733,-0.38128,-0.28868,-0.21018,-0.17817,-0.4819,-0.10804,-0.17817,-0.36793,-0.08805,-0.125,-0.08805,-0.21018,4.3589,-0.17817,-0.22942,-0.29642,-0.10804,-0.14003,-0.24744,-0.125,-0.4575,-0.16634,-0.15369,-0.06214,-0.08805,-0.16634,-0.14003,-0.06214,3.37357,-0.06214,-0.125,-0.06214,-0.06214,-0.23856,-0.15369,-0.08805,-0.16634,-0.21997,-0.06214,-0.14003,-0.10804,-0.08805,-0.15369,-0.08805,-0.23856,-0.17817,-0.125,-0.15369,-0.17817,-0.06214,-0.08805,-0.06214,-0.06214,-0.22942,-0.08805,-0.22942,-0.23856,-0.15369,-0.06214,-0.13909,0.56255,0.33024,1,2,12,3,4,13,5,6,7,8,15,9,14,10,11
-0.40733,0.40733,-0.38128,-0.28868,-0.21018,-0.17817,2.07512,-0.10804,-0.17817,-0.36793,-0.08805,-0.125,-0.08805,-0.21018,-0.22942,-0.17817,-0.22942,-0.29642,-0.10804,-0.14003,-0.24744,-0.125,-0.4575,-0.16634,-0.15369,-0.06214,-0.08805,-0.16634,-0.14003,-0.06214,-0.29642,-0.06214,-0.125,-0.06214,-0.06214,-0.23856,-0.15369,-0.08805,-0.16634,-0.21997,-0.06214,-0.14003,9.25563,-0.08805,-0.15369,-0.08805,-0.23856,-0.17817,-0.125,-0.15369,-0.17817,-0.06214,-0.08805,-0.06214,-0.06214,-0.22942,-0.08805,-0.22942,-0.23856,-0.15369,-0.06214,-0.13909,0.42298,-0.10721,1,2,10,3,4,11,5,6,12,7,13,14,8,9,15
-0.40733,0.40733,-0.38128,-0.28868,-0.21018,-0.17817,-0.4819,-0.10804,-0.17817,2.71792,-0.08805,-0.125,-0.08805,-0.21018,-0.22942,-0.17817,-0.22942,-0.29642,-0.10804,-0.14003,-0.24744,-0.125,-0.4575,-0.16634,-0.15369,-0.06214,-0.08805,-0.16634,-0.14003,-0.06214,-0.29642,-0.06214,-0.125,-0.06214,-0.06214,-0.23856,-0.15369,-0.08805,-0.16634,-0.21997,-0.06214,-0.14003,-0.10804,-0.08805,-0.15369,-0.08805,-0.23856,-0.17817,-0.125,-0.15369,-0.17817,-0.06214,11.35782,-0.06214,-0.06214,-0.22942,-0.08805,-0.22942,-0.23856,-0.15369,-0.06214,-0.13909,-0.98686,0.6463,1,2,3,15,4,5,6,7,8,12,13,14,9,10,11
-0.40733,0.40733,-0.38128,-0.28868,-0.21018,-0.17817,-0.4819,-0.10804,-0.17817,2.71792,-0.08805,-0.125,-0.08805,-0.21018,-0.22942,-0.17817,-0.22942,-0.29642,-0.10804,-0.14003,-0.24744,-0.125,-0.4575,-0.16634,-0.15369,-0.06214,-0.08805,-0.16634,-0.14003,-0.06214,-0.29642,-0.06214,-0.125,-0.06214,-0.06214,-0.23856,6.50641,-0.08805,-0.16634,-0.21997,-0.06214,-0.14003,-0.10804,-0.08805,-0.15369,-0.08805,-0.23856,-0.17817,-0.125,-0.15369,-0.17817,-0.06214,-0.08805,-0.06214,-0.06214,-0.22942,-0.08805,-0.22942,-0.23856,-0.15369,-0.06214,-0.13909,0.04194,0.95825,1,2,15,3,4,10,11,12,13,14,5,6,7,8,9
-0.40733,0.40733,-0.38128,-0.28868,-0.21018,-0.17817,-0.4819,-0.10804,-0.17817,-0.36793,-0.08805,-0.125,-0.08805,-0.21018,-0.22942,5.61249,-0.22942,-0.29642,-0.10804,-0.14003,-0.24744,-0.125,2.18581,-0.16634,-0.15369,-0.06214,-0.08805,-0.16634,-0.14003,-0.06214,-0.29642,-0.06214,-0.125,-0.06214,-0.06214,-0.23856,-0.15369,-0.08805,-0.16634,-0.21997,-0.06214,-0.14003,-0.10804,-0.08805,-0.15369,-0.08805,-0.23856,-0.17817,-0.125,-0.15369,-0.17817,-0.06214,-0.08805,-0.06214,-0.06214,-0.22942,-0.08805,-0.22942,-0.23856,-0.15369,-0.06214,-0.13909,-0.41263,-1.56547,6,1,15,7,2,8,3,4,9,10,11,12,5,13,14
-0.40733,0.40733,-0.38128,-0.28868,-0.21018,-0.17817,2.07512,-0.10804,-0.17817,-0.36793,-0.08805,-0.125,-0.08805,-0.21018,-0.22942,-0.17817,-0.22942,-0.29642,-0.10804,-0.14003,-0.24744,-0.125,-0.4575,-0.16634,-0.15369,16.09348,-0.08805,-0.16634,-0.14003,-0.06214,-0.29642,-0.06214,-0.125,-0.06214,-0.06214,-0.23856,-0.15369,-0.08805,-0.16634,-0.21997,-0.06214,-0.14003,-0.10804,-0.08805,-0.15369,-0.08805,-0.23856,-0.17817,-0.125,-0.15369,-0.17817,-0.06214,-0.08805,-0.06214,-0.06214,-0.22942,-0.08805,-0.22942,-0.23856,-0.15369,-0.06214,-0.93517,-0.08751,0.93673,1,2,9,10,3,11,12,4,5,14,6,13,15,7,8
-0.40733,0.40733,-0.38128,-0.28868,-0.21018,-0.17817,-0.4819,9.25563,-0.17817,-0.36793,-0.08805,-0.125,-0.08805,-0.21018,-0.22942,-0.17817,-0.22942,-0.29642,-0.10804,-0.14003,-0.24744,-0.125,-0.4575,-0.16634,-0.15369,-0.06214,-0.08805,-0.16634,-0.14003,-0.06214,-0.29642,-0.06214,-0.125,-0.06214,-0.06214,-0.23856,-0.15369,-0.08805,-0.16634,-0.21997,-0.06214,-0.14003,-0.10804,-0.08805,-0.15369,-0.08805,-0.23856,-0.17817,-0.125,-0.15369,-0.17817,-0.06214,-0.08805,-0.06214,-0.06214,-0.22942,-0.08805,-0.22942,-0.23856,6.50641,-0.06214,-0.13909,1.20774,0.13869,1,2,12,13,3,14,4,5,6,7,8,9,11,15,10
2.455,-2.455,-0.38128,-0.28868,-0.21018,-0.17817,-0.4819,-0.10804,-0.17817,-0.36793,-0.08805,-0.125,-0.08805,4.75777,-0.22942,-0.17817,-0.22942,-0.29642,-0.10804,-0.14003,-0.24744,-0.125,-0.4575,-0.16634,-0.15369,-0.06214,-0.08805,-0.16634,-0.14003,-0.06214,-0.29642,-0.06214,-0.125,-0.06214,-0.06214,-0.23856,-0.15369,-0.08805,-0.16634,4.54606,-0.06214,-0.14003,-0.10804,-0.08805,-0.15369,-0.08805,-0.23856,-0.17817,-0.125,-0.15369,-0.17817,-0.06214,-0.08805,-0.06214,-0.06214,-0.22942,-0.08805,-0.22942,-0.23856,-0.15369,-0.06214,0.99815,1.19592,0.00446,11,1,2,8,12,15,3,4,5,13,9,6,10,7,14
-0.40733,0.40733,-0.38128,-0.28868,-0.21018,-0.17817,2.07512,-0.10804,-0.17817,-0.36793,-0.08805,-0.125,-0.08805,-0.21018,-0.22942,-0.17817,-0.22942,-0.29642,-0.10804,-0.14003,-0.24744,8.0,-0.4575,-0.16634,-0.15369,-0.06214,-0.08805,-0.16634,-0.14003,-0.06214,-0.29642,-0.06214,-0.125,-0.06214,-0.06214,-0.23856,-0.15369,-0.08805,-0.16634,-0.21997,-0.06214,-0.14003,-0.10804,-0.08805,-0.15369,-0.08805,-0.23856,-0.17817,-0.125,-0.15369,-0.17817,-0.06214,-0.08805,-0.06214,-0.06214,-0.22942,-0.08805,-0.22942,-0.23856,-0.15369,-0.06214,-0.13909,-1.01335,-1.01292,1,2,7,8,9,10,11,3,12,13,14,4,5,15,6
-0.40733,0.40733,2.62274,-0.28868,-0.21018,-0.17817,-0.4819,-0.10804,-0.17817,-0.36793,-0.08805,-0.125,-0.08805,-0.21018,-0.22942,-0.17817,-0.22942,-0.29642,-0.10804,-0.14003,-0.24744,-0.125,-0.4575,-0.16634,-0.15369,-0.06214,-0.08805,-0.16634,-0.14003,-0.06214,3.37357,-0.06214,-0.125,-0.06214,-0.06214,-0.23856,-0.15369,-0.08805,-0.16634,-0.21997,-0.06214,-0.14003,-0.10804,-0.08805,-0.15369,-0.08805,-0.23856,-0.17817,-0.125,-0.15369,-0.17817,-0.06214,-0.08805,-0.06214,-0.06214,-0.22942,-0.08805,-0.22942,-0.23856,-0.15369,-0.06214,-0.13909,0.18256,0.35098,1,8,15,2,3,9,10,4,11,12,13,14,5,6,7
-0.40733,0.40733,-0.38128,-0.28868,-0.21018,-0.17817,-0.4819,-0.10804,5.61249,-0.36793,-0.08805,-0.125,-0.08805,-0.21018,-0.22942,-0.17817,-0.22942,-0.29642,-0.10804,-0.14003,-0.24744,-0.125,-0.4575,-0.16634,-0.15369,-0.06214,-0.08805,-0.16634,-0.14003,-0.06214,-0.29642,-0.06214,-0.125,-0.06214,-0.06214,-0.23856,-0.15369,-0.08805,-0.16634,-0.21997,-0.06214,-0.14003,9.25563,-0.08805,-0.15369,-0.08805,-0.23856,-0.17817,-0.125,-0.15369,-0.17817,-0.06214,-0.08805,-0.06214,-0.06214,-0.22942,-0.08805,-0.22942,-0.23856,-0.15369,-0.06214,-0.13909,0.42298,-0.10721,1,2,3,13,4,14,5,6,7,8,9,10,11,12,15
-0.40733,0.40733,-0.38128,-0.28868,-0.21018,-0.17817,-0.4819,-0.10804,-0.17817,-0.36793,-0.08805,-0.125,-0.08805,-0.21018,-0.22942,-0.17817,-0.22942,3.37357,-0.10804,-0.14003,-0.24744,-0.125,-0.4575,-0.16634,-0.15369,-0.06214,-0.08805,6.01189,-0.14003,-0.06214,-0.29642,-0.06214,-0.125,-0.06214,-0.06214,-0.23856,-0.15369,-0.08805,-0.16634,-0.21997,-0.06214,-0.14003,-0.10804,-0.08805,-0.15369,-0.08805,-0.23856,-0.17817,-0.125,-0.15369,-0.17817,-0.06214,-0.08805,-0.06214,-0.06214,-0.22942,-0.08805,-0.22942,-0.23856,-0.15369,-0.06214,-0.13909,-1.92621,0.54038,2,3,4,5,10,11,6,7,12,13,14,8,1,9,15
-0.40733,0.40733,-0.38128,-0.28868,-0.21018,-0.17817,-0.4819,-0.10804,-0.17817,2.71792,-0.08805,-0.125,-0.08805,-0.21018,-0.22942,-0.17817,-0.22942,-0.29642,-0.10804,-0.14003,-0.24744,-0.125,-0.4575,-0.16634,-0.15369,-0.06214,-0.08805,-0.16634,-0.14003,-0.06214,-0.29642,-0.06214,-0.125,-0.06214,-0.06214,-0.23856,-0.15369,-0.08805,-0.16634,-0.21997,-0.06214,-0.14003,-0.10804,-0.08805,-0.15369,-0.08805,4.19183,-0.17817,-0.125,-0.15369,-0.17817,-0.06214,-0.08805,-0.06214,-0.06214,-0.22942,-0.08805,-0.22942,-0.23856,-0.15369,-0.06214,-0.13909,0.87474,1.1255,6,1,7,13,8,14,2,3,9,10,15,4,11,12,5
-0.40733,0.40733,-0.38128,-0.28868,-0.21018,-0.17817,-0.4819,-0.10804,-0.17817,-0.36793,-0.08805,-0.125,-0.08805,-0.21018,-0.22942,-0.17817,4.3589,-0.29642,-0.10804,-0.14003,-0.24744,-0.125,-0.4575,-0.16634,-0.15369,-0.06214,-0.08805,-0.16634,-0.14003,-0.06214,-0.29642,-0.06214,-0.125,-0.06214,-0.06214,-0.23856,-0.15369,-0.08805,-0.16634,-0.21997,-0.06214,-0.14003,-0.10804,-0.08805,-0.15369,-0.08805,-0.23856,-0.17817,-0.125,-0.15369,-0.17817,-0.06214,-0.08805,-0.06214,-0.06214,-0.22942,-0.08805,4.3589,-0.23856,-0.15369,-0.06214,0.99815,-0.08873,0.92153,1,2,3,12,4,5,6,7,8,13,14,9,15,10,11
-0.40733,0.40733,-0.38128,-0.28868,-0.21018,-0.17817,-0.4819,-0.10804,-0.17817,-0.36793,-0.08805,-0.125,-0.08805,-0.21018,-0.22942,-0.17817,-0.22942,-0.29642,-0.10804,-0.14003,4.04145,-0.125,2.18581,-0.16634,-0.15369,-0.06214,-0.08805,-0.16634,-0.14003,-0.06214,-0.29642,-0.06214,-0.125,-0.06214,-0.06214,-0.23856,-0.15369,-0.08805,-0.16634,-0.21997,-0.06214,-0.14003,-0.10804,-0.08805,-0.15369,-0.08805,-0.23856,-0.17817,-0.125,-0.15369,-0.17817,-0.06214,-0.08805,-0.06214,-0.06214,-0.22942,-0.08805,-0.22942,-0.23856,-0.15369,-0.06214,-0.13909,-1.11764,-1.34715,9,1,2,10,3,11,12,4,13,14,15,5,6,7,8
2.455,-2.455,-0.38128,-0.28868,-0.21018,-0.17817,-0.4819,-0.10804,-0.17817,-0.36793,-0.08805,-0.125,-0.08805,-0.21018,4.3589,-0.17817,-0.22942,-0.29642,-0.10804,-0.14003,-0.24744,-0.125,-0.4575,-0.16634,-0.15369,-0.06214,-0.08805,-0.16634,-0.14003,-0.06214,-0.29642,-0.06214,-0.125,-0.06214,-0.06214,-0.23856,-0.15369,-0.08805,-0.16634,4.54606,-0.06214,-0.14003,-0.10804,-0.08805,-0.15369,-0.08805,-0.23856,-0.17817,-0.125,-0.15369,-0.17817,-0.06214,-0.08805,-0.06214,-0.06214,-0.22942,-0.08805,-0.22942,-0.23856,-0.15369,-0.06214,-0.13909,1.22505,0.03205,1,8,9,10,2,11,12,3,13,14,15,4,5,6,7
-0.40733,0.40733,-0.38128,-0.28868,-0.21018,-0.17817,2.07512,-0.10804,-0.17817,-0.36793,-0.08805,-0.125,-0.08805,-0.21018,-0.22942,-0.17817,-0.22942,-0.29642,-0.10804,-0.14003,-0.24744,-0.125,-0.4575,-0.16634,-0.15369,-0.06214,-0.08805,-0.16634,-0.14003,-0.06214,-0.29642,-0.06214,-0.125,-0.06214,-0.06214,4.19183,-0.15369,-0.08805,-0.16634,-0.21997,-0.06214,-0.14003,-0.10804,-0.08805,-0.15369,-0.08805,-0.23856,-0.17817,-0.125,-0.15369,-0.17817,-0.06214,-0.08805,-0.06214,-0.06214,-0.22942,-0.08805,-0.22942,-0.23856,-0.15369,-0.06214,-0.13909,0.6673,1.26444,1,2,11,14,3,4,5,6,12,13,15,7,8,9,10
-0.40733,0.40733,-0.38128,-0.28868,-0.21018,-0.17817,-0.4819,9.25563,-0.17817,-0.36793,-0.08805,-0.125,-0.08805,-0.21018,-0.22942,-0.17817,-0.22942,-0.29642,-0.10804,-0.14003,-0.24744,-0.125,-0.4575,6.01189,-0.15369,-0.06214,-0.08805,-0.16634,-0.14003,-0.06214,-0.29642,-0.06214,-0.125,-0.06214,-0.06214,-0.23856,-0.15369,-0.08805,-0.16634,-0.21997,-0.06214,-0.14003,-0.10804,-0.08805,-0.15369,-0.08805,-0.23856,-0.17817,-0.125,-0.15369,-0.17817,-0.06214,-0.08805,-0.06214,-0.06214,-0.22942,-0.08805,-0.22942,-0.23856,-0.15369,-0.06214,-0.13909,0.07869,-0.61547,12,1,2,3,4,13,5,6,7,14,8,9,10,11,15
-0.40733,0.40733,-0.38128,-0.28868,-0.21018,-0.17817,2.07512,-0.10804,-0.17817,-0.36793,-0.08805,-0.125,-0.08805,-0.21018,-0.22942,-0.17817,-0.22942,-0.29642,-0.10804,-0.14003,-0.24744,-0.125,-0.4575,-0.16634,-0.15369,-0.06214,-0.08805,-0.16634,-0.14003,-0.06214,-0.29642,-0.06214,-0.125,-0.06214,-0.06214,-0.23856,-0.15369,-0.08805,6.01189,-0.21997,-0.06214,-0.14003,-0.10804,-0.08805,-0.15369,-0.08805,-0.23856,-0.17817,-0.125,-0.15369,-0.17817,-0.06214,-0.08805,-0.06214,-0.06214,-0.22942,-0.08805,-0.22942,-0.23856,-0.15369,-0.06214,-0.93517,1.58459,0.36642,7,1,12,13,8,2,3,4,5,9,15,10,11,14,6
-0.40733,0.40733,-0.38128,-0.28868,-0.21018,-0.17817,-0.4819,-0.10804,-0.17817,-0.36793,-0.08805,-0.125,-0.08805,-0.21018,-0.22942,-0.17817,-0.22942,-0.29642,-0.10804,-0.14003,4.04145,-0.125,-0.4575,-0.16634,-0.15369,-0.06214,-0.08805,-0.16634,7.14143,-0.06214,-0.29642,-0.06214,-0.125,-0.06214,-0.06214,-0.23856,-0.15369,-0.08805,-0.16634,-0.21997,-0.06214,-0.14003,-0.10804,-0.08805,-0.15369,-0.08805,-0.23856,-0.17817,-0.125,-0.15369,-0.17817,-0.06214,-0.08805,-0.06214,-0.06214,-0.22942,-0.08805,-0.22942,-0.23856,-0.15369,-0.06214,2.70403,-1.2065,0.53639,7,8,9,13,1,2,10,11,12,3,14,4,15,5,6
-0.40733,0.40733,2.62274,-0.28868,-0.21018,-0.17817,-0.4819,-0.10804,-0.17817,-0.36793,-0.08805,-0.125,-0.08805,-0.21018,-0.22942,-0.17817,-0.22942,-0.29642,-0.10804,-0.14003,-0.24744,-0.125,-0.4575,-0.16634,-0.15369,-0.06214,-0.08805,-0.16634,-0.14003,-0.06214,-0.29642,-0.06214,-0.125,-0.06214,-0.06214,-0.23856,-0.15369,-0.08805,-0.16634,-0.21997,-0.06214,-0.14003,-0.10804,-0.08805,-0.15369,-0.08805,-0.23856,-0.17817,-0.125,-0.15369,-0.17817,-0.06214,-0.08805,-0.06214,-0.06214,-0.22942,-0.08805,4.3589,-0.23856,-0.15369,-0.06214,-0.13909,-0.11225,0.9239,10,3,11,4,5,12,6,13,7,14,8,15,1,9,2
-0.40733,0.40733,-0.38128,-0.28868,-0.21018,-0.17817,-0.4819,-0.10804,-0.17817,-0.36793,-0.08805,-0.125,-0.08805,-0.21018,-0.22942,-0.17817,-0.22942,3.37357,-0.10804,-0.14003,-0.24744,-0.125,-0.4575,-0.16634,-0.15369,-0.06214,-0.08805,-0.16634,-0.14003,-0.06214,-0.29642,-0.06214,-0.125,-0.06214,-0.06214,-0.23856,-0.15369,-0.08805,-0.16634,-0.21997,-0.06214,-0.14003,-0.10804,-0.08805,-0.15369,-0.08805,-0.23856,-0.17817,-0.125,-0.15369,-0.17817,-0.06214,-0.08805,-0.06214,-0.06214,-0.22942,-0.08805,4.3589,-0.23856,-0.15369,-0.06214,0.99815,-0.10413,0.84088,1,9,10,2,3,4,14,5,15,11,12,13,6,7,8
-0.40733,0.40733,-0.38128,-0.28868,-0.21018,-0.17817,-0.4819,-0.10804,-0.17817,-0.36793,-0.08805,-0.125,-0.08805,-0.21018,-0.22942,-0.17817,-0.22942,3.37357,-0.10804,-0.14003,-0.24744,-0.125,-0.4575,-0.16634,-0.15369,-0.06214,-0.08805,-0.16634,7.14143,-0.06214,-0.29642,-0.06214,-0.125,-0.06214,-0.06214,-0.23856,-0.15369,-0.08805,-0.16634,-0.21997,-0.06214,-0.14003,-0.10804,-0.08805,-0.15369,-0.08805,-0.23856,-0.17817,-0.125,-0.15369,-0.17817,-0.06214,-0.08805,-0.06214,-0.06214,-0.22942,-0.08805,-0.22942,-0.23856,-0.15369,-0.06214,0.99815,-1.04829,0.5001,1,2,3,4,5,6,7,8,9,10,15,11,12,14,13
-0.40733,0.40733,-0.38128,-0.28868,-0.21018,-0.17817,-0.4819,-0.10804,-0.17817,-0.36793,-0.08805,-0.125,-0.08805,-0.21018,4.3589,-0.17817,-0.22942,-0.29642,-0.10804,-0.14003,-0.24744,-0.125,-0.4575,-0.16634,-0.15369,-0.06214,-0.08805,-0.16634,-0.14003,-0.06214,-0.29642,-0.06214,-0.125,-0.06214,-0.06214,-0.23856,-0.15369,-0.08805,-0.16634,-0.21997,-0.06214,-0.14003,-0.10804,-0.08805,-0.15369,-0.08805,-0.23856,-0.17817,-0.125,-0.15369,-0.17817,-0.06214,-0.08805,-0.06214,-0.06214,-0.22942,-0.08805,-0.22942,-0.23856,6.50641,-0.06214,0.99815,0.74058,0.34056,8,1,9,2,10,11,12,3,15,4,13,5,6,7,14
-0.40733,0.40733,-0.38128,-0.28868,-0.21018,-0.17817,-0.4819,-0.10804,5.61249,-0.36793,-0.08805,-0.125,-0.08805,-0.21018,-0.22942,-0.17817,-0.22942,-0.29642,-0.10804,-0.14003,-0.24744,-0.125,-0.4575,-0.16634,-0.15369,-0.06214,-0.08805,-0.16634,-0.14003,-0.06214,-0.29642,-0.06214,-0.125,-0.06214,-0.06214,-0.23856,-0.15369,-0.08805,-0.16634,-0.21997,-0.06214,-0.14003,-0.10804,-0.08805,-0.15369,-0.08805,-0.23856,5.61249,-0.125,-0.15369,-0.17817,-0.06214,-0.08805,-0.06214,-0.06214,-0.22942,-0.08805,-0.22942,-0.23856,-0.15369,-0.06214,-0.13909,0.48805,0.57667,1,2,3,4,5,15,6,7,8,9,10,11,12,13,14
-0.40733,0.40733,-0.38128,-0.28868,-0.21018,5.61249,-0.4819,-0.10804,-0.17817,-0.36793,-0.08805,-0.125,-0.08805,-0.21018,-0.22942,-0.17817,-0.22942,-0.29642,-0.10804,-0.14003,-0.24744,-0.125,-0.4575,-0.16634,-0.15369,-0.06214,-0.08805,-0.16634,-0.14003,-0.06214,-0.29642,-0.06214,-0.125,-0.06214,-0.06214,-0.23856,-0.15369,-0.08805,6.01189,-0.21997,-0.06214,-0.14003,-0.10804,-0.08805,-0.15369,-0.08805,-0.23856,-0.17817,-0.125,-0.15369,-0.17817,-0.06214,-0.08805,-0.06214,-0.06214,-0.22942,-0.08805,-0.22942,-0.23856,-0.15369,-0.06214,-0.93517,0.77457,0.61211,1,2,10,11,12,13,3,14,4,5,15,6,7,8,9
-0.40733,0.40733,-0.38128,-0.28868,-0.21018,-0.17817,-0.4819,-0.10804,-0.17817,-0.36793,-0.08805,-0.125,-0.08805,-0.21018,-0.22942,5.61249,-0.22942,-0.29642,-0.10804,-0.14003,-0.24744,-0.125,2.18581,-0.16634,-0.15369,-0.06214,-0.08805,-0.16634,-0.14003,-0.06214,-0.29642,-0.06214,-0.125,-0.06214,-0.06214,-0.23856,-0.15369,-0.08805,-0.16634,-0.21997,-0.06214,-0.14003,-0.10804,-0.08805,-0.15369,-0.08805,-0.23856,-0.17817,-0.125,-0.15369,-0.17817,-0.06214,-0.08805,-0.06214,-0.06214,-0.22942,-0.08805,-0.22942,-0.23856,-0.15369,-0.06214,0.99815,-0.38972,-1.56553,4,5,13,6,7,8,14,9,1,15,10,11,2,12,3
-0.40733,0.40733,-0.38128,-0.28868,-0.21018,-0.17817,-0.4819,-0.10804,5.61249,-0.36793,-0.08805,-0.125,-0.08805,-0.21018,-0.22942,-0.17817,-0.22942,-0.29642,-0.10804,-0.14003,-0.24744,-0.125,-0.4575,-0.16634,-0.15369,-0.06214,-0.08805,-0.16634,-0.14003,-0.06214,-0.29642,-0.06214,-0.125,-0.06214,-0.06214,-0.23856,-0.15369,-0.08805,-0.16634,-0.21997,-0.06214,-0.14003,-0.10804,-0.08805,-0.15369,-0.08805,-0.23856,-0.17817,8.0,-0.15369,-0.17817,-0.06214,-0.08805,-0.06214,-0.06214,-0.22942,-0.08805,-0.22942,-0.23856,-0.15369,-0.06214,-0.13909,-0.82505,-0.19574,1,2,10,11,3,15,4,5,12,6,7,8,13,14,9
-0.40733,0.40733,2.62274,-0.28868,-0.21018,-0.17817,-0.4819,-0.10804,-0.17817,-0.36793,-0.08805,-0.125,-0.08805,-0.21018,-0.22942,-0.17817,-0.22942,-0.29642,-0.10804,-0.14003,-0.24744,-0.125,-0.4575,-0.16634,-0.15369,-0.06214,-0.08805,-0.16634,-0.14003,-0.06214,-0.29642,-0.06214,-0.125,-0.06214,-0.06214,-0.23856,6.50641,-0.08805,-0.16634,-0.21997,-0.06214,-0.14003,-0.10804,-0.08805,-0.15369,-0.08805,-0.23856,-0.17817,-0.125,-0.15369,-0.17817,-0.06214,-0.08805,-0.06214,-0.06214,-0.22942,-0.08805,-0.22942,-0.23856,-0.15369,-0.06214,2.1354,-0.04834,0.93287,10,8,9,15,1,2,3,11,12,4,14,5,13,6,7
2.455,-2.455,-0.38128,-0.28868,-0.21018,-0.17817,-0.4819,-0.10804,5.61249,-0.36793,-0.08805,-0.125,-0.08805,-0.21018,-0.22942,-0.17817,-0.22942,-0.29642,-0.10804,-0.14003,-0.24744,-0.125,-0.4575,-0.16634,-0.15369,-0.06214,-0.08805,-0.16634,-0.14003,-0.06214,-0.29642,-0.06214,-0.125,-0.06214,-0.06214,-0.23856,-0.15369,-0.08805,-0.16634,-0.21997,-0.06214,-0.14003,-0.10804,-0.08805,-0.15369,-0.08805,-0.23856,-0.17817,-0.125,-0.15369,-0.17817,-0.06214,-0.08805,-0.06214,-0.06214,4.3589,-0.08805,-0.22942,-0.23856,-0.15369,-0.06214,-0.13909,-1.24141,-0.44183,5,1,6,7,2,8,13,3,9,10,11,12,14,4,15
-0.40733,0.40733,-0.38128,-0.28868,-0.21018,-0.17817,-0.4819,-0.10804,-0.17817,2.71792,-0.08805,-0.125,-0.08805,-0.21018,-0.22942,-0.17817,-0.22942,-0.29642,-0.10804,-0.14003,-0.24744,-0.125,-0.4575,-0.16634,-0.15369,-0.06214,-0.08805,-0.16634,-0.14003,-0.06214,-0.29642,-0.06214,-0.125,-0.06214,-0.06214,-0.23856,-0.15369,-0.08805,-0.16634,-0.21997,-0.06214,-0.14003,-0.10804,-0.08805,-0.15369,-0.08805,-0.23856,-0.17817,-0.125,-0.15369,-0.17817,-0.06214,-0.08805,-0.06214,-0.06214,4.3589,-0.08805,-0.22942,-0.23856,-0.15369,-0.06214,-0.13909,-1.24141,-0.44183,1,2,3,4,5,6,7,8,12,9,13,10,14,11,15
-0.40733,0.40733,-0.38128,-0.28868,-0.21018,-0.17817,-0.4819,-0.10804,-0.17817,2.71792,-0.08805,-0.125,-0.08805,-0.21018,-0.22942,-0.17817,-0.22942,-0.29642,-0.10804,-0.14003,-0.24744,-0.125,-0.4575,-0.16634,-0.15369,-0.06214,-0.08805,-0.16634,-0.14003,-0.06214,-0.29642,-0.06214,-0.125,-0.06214,-0.06214,-0.23856,-0.15369,-0.08805,-0.16634,-0.21997,-0.06214,-0.14003,-0.10804,-0.08805,6.50641,-0.08805,-0.23856,-0.17817,-0.125,-0.15369,-0.17817,-0.06214,-0.08805,-0.06214,-0.06214,-0.22942,-0.08805,-0.22942,-0.23856,-0.15369,-0.06214,0.99815,0.31363,1.09082,1,7,8,9,10,11,12,2,14,3,15,4,5,6,13
-0.40733,0.40733,-0.38128,-0.28868,-0.21018,-0.17817,-0.4819,-0.10804,-0.17817,-0.36793,-0.08805,-0.125,-0.08805,-0.21018,-0.22942,-0.17817,-0.22942,-0.29642,-0.10804,-0.14003,4.04145,-0.125,-0.4575,-0.16634,-0.15369,-0.06214,-0.08805,-0.16634,-0.14003,-0.06214,-0.29642,-0.06214,-0.125,-0.06214,-0.06214,-0.23856,-0.15369,-0.08805,-0.16634,-0.21997,-0.06214,-0.14003,-0.10804,-0.08805,-0.15369,-0.08805,-0.23856,-0.17817,-0.125,-0.15369,-0.17817,-0.06214,-0.08805,-0.06214,-0.06214,-0.22942,-0.08805,4.3589,-0.23856,-0.15369,-0.06214,-0.13909,-0.10446,0.92374,1,6,12,7,8,2,3,9,13,14,15,10,11,4,5
-0.40733,0.40733,2.62274,-0.28868,-0.21018,-0.17817,-0.4819,-0.10804,-0.17817,-0.36793,-0.08805,-0.125,-0.08805,-0.21018,-0.22942,-0.17817,-0.22942,-0.29642,-0.10804,-0.14003,-0.24744,-0.125,-0.4575,-0.16634,-0.15369,-0.06214,-0.08805,-0.16634,-0.14003,-0.06214,-0.29642,-0.06214,8.0,-0.06214,-0.06214,-0.23856,-0.15369,-0.08805,-0.16634,-0.21997,-0.06214,-0.14003,-0.10804,-0.08805,-0.15369,-0.08805,-0.23856,-0.17817,-0.125,-0.15369,-0.17817,-0.06214,-0.08805,-0.06214,-0.06214,-0.22942,-0.08805,-0.22942,-0.23856,-0.15369,-0.06214,2.70403,-0.00089,-0.05496,11,1,2,12,3,4,5,6,7,13,14,8,15,9,10
-0.40733,0.40733,-0.38128,-0.28868,-0.21018,-0.17817,-0.4819,-0.10804,-0.17817,2.71792,-0.08805,-0.125,-0.08805,-0.21018,-0.22942,-0.17817,-0.22942,-0.29642,-0.10804,-0.14003,-0.24744,-0.125,-0.4575,-0.16634,-0.15369,-0.06214,-0.08805,6.01189,-0.14003,-0.06214,-0.29642,-0.06214,-0.125,-0.06214,-0.06214,-0.23856,-0.15369,-0.08805,-0.16634,-0.21997,-0.06214,-0.14003,-0.10804,-0.08805,-0.15369,-0.08805,-0.23856,-0.17817,-0.125,-0.15369,-0.17817,-0.06214,-0.08805,-0.06214,-0.06214,-0.22942,-0.08805,-0.22942,-0.23856,-0.15369,-0.06214,-0.13909,-2.86166,0.76782,7,2,8,3,9,4,1,5,14,6,10,11,15,12,13
-0.40733,0.40733,-0.38128,-0.28868,-0.21018,-0.17817,2.07512,-0.10804,-0.17817,-0.36793,-0.08805,-0.125,-0.08805,-0.21018,-0.22942,-0.17817,-0.22942,-0.29642,-0.10804,-0.14003,-0.24744,-0.125,-0.4575,-0.16634,-0.15369,-0.06214,-0.08805,-0.16634,-0.14003,-0.06214,-0.29642,-0.06214,-0.125,-0.06214,-0.06214,-0.23856,-0.15369,-0.08805,-0.16634,-0.21997,-0.06214,-0.14003,-0.10804,-0.08805,-0.15369,-0.08805,-0.23856,-0.17817,-0.125,-0.15369,5.61249,-0.06214,-0.08805,-0.06214,-0.06214,-0.22942,-0.08805,-0.22942,-0.23856,-0.15369,-0.06214,-0.93517,0.2958,1.03801,1,2,11,12,3,4,5,13,6,14,15,7,8,9,10
-0.40733,0.40733,-0.38128,-0.28868,-0.21018,-0.17817,-0.4819,-0.10804,-0.17817,-0.36793,-0.08805,-0.125,-0.08805,-0.21018,-0.22942,-0.17817,4.3589,-0.29642,-0.10804,-0.14003,-0.24744,-0.125,-0.4575,-0.16634,-0.15369,-0.06214,-0.08805,-0.16634,-0.14003,-0.06214,-0.29642,-0.06214,-0.125,-0.06214,-0.06214,-0.23856,-0.15369,-0.08805,-0.16634,-0.21997,-0.06214,-0.14003,-0.10804,-0.08805,-0.15369,-0.08805,-0.23856,5.61249,-0.125,-0.15369,-0.17817,-0.06214,-0.08805,-0.06214,-0.06214,-0.22942,-0.08805,-0.22942,-0.23856,-0.15369,-0.06214,0.99815,0.32746,0.66454,9,1,2,3,4,5,10,6,15,11,12,13,14,7,8
-0.40733,0.40733,-0.38128,-0.28868,-0.21018,-0.17817,-0.4819,-0.10804,-0.17817,-0.36793,-0.08805,-0.125,-0.08805,-0.21018,-0.22942,-0.17817,4.3589,-0.29642,-0.10804,-0.14003,-0.24744,-0.125,-0.4575,-0.16634,-0.15369,-0.06214,-0.08805,-0.16634,-0.14003,-0.06214,-0.29642,-0.06214,-0.125,-0.06214,-0.06214,-0.23856,-0.15369,-0.08805,-0.16634,-0.21997,-0.06214,-0.14003,-0.10804,-0.08805,-0.15369,-0.08805,-0.23856,-0.17817,-0.125,-0.15369,-0.17817,-0.06214,-0.08805,-0.06214,-0.06214,-0.22942,-0.08805,-0.22942,4.19183,-0.15369,-0.06214,0.99815,1.84176,-1.56822,1,2,3,4,5,6,7,8,14,9,15,10,11,12,13
2.455,-2.455,-0.38128,-0.28868,-0.21018,-0.17817,-0.4819,-0.10804,-0.17817,-0.36793,-0.08805,-0.125,-0.08805,-0.21018,-0.22942,-0.17817,-0.22942,3.37357,-0.10804,-0.14003,-0.24744,-0.125,-0.4575,-0.16634,-0.15369,-0.06214,-0.08805,-0.16634,-0.14003,-0.06214,-0.29642,-0.06214,-0.125,-0.06214,-0.06214,-0.23856,-0.15369,-0.08805,-0.16634,-0.21997,-0.06214,7.14143,-0.10804,-0.08805,-0.15369,-0.08805,-0.23856,-0.17817,-0.125,-0.15369,-0.17817,-0.06214,-0.08805,-0.06214,-0.06214,-0.22942,-0.08805,-0.22942,-0.23856,-0.15369,-0.06214,2.1354,-0.7483,0.8549,9,12,1,10,2,13,3,4,14,15,11,5,6,7,8
-0.40733,0.40733,-0.38128,-0.28868,-0.21018,-0.17817,-0.4819,-0.10804,-0.17817,-0.36793,-0.08805,-0.125,-0.08805,-0.21018,-0.22942,-0.17817,-0.22942,-0.29642,9.25563,-0.14003,-0.24744,-0.125,-0.4575,-0.16634,-0.15369,-0.06214,-0.08805,-0.16634,-0.14003,-0.06214,-0.29642,-0.06214,-0.125,-0.06214,-0.06214,-0.23856,-0.15369,-0.08805,-0.16634,-0.21997,-0.06214,-0.14003,-0.10804,-0.08805,-0.15369,-0.08805,-0.23856,-0.17817,-0.125,-0.15369,-0.17817,-0.06214,-0.08805,-0.06214,-0.06214,4.3589,-0.08805,-0.22942,-0.23856,-0.15369,-0.06214,-0.13909,-1.95231,-0.20702,1,2,3,11,4,12,5,6,7,13,14,8,9,15,10
-0.40733,0.40733,-0.38128,3.4641,-0.21018,-0.17817,-0.4819,-0.10804,-0.17817,-0.36793,-0.08805,-0.125,-0.08805,-0.21018,-0.22942,-0.17817,-0.22942,-0.29642,-0.10804,-0.14003,-0.24744,-0.125,-0.4575,-0.16634,-0.15369,-0.06214,-0.08805,-0.16634,-0.14003,-0.06214,-0.29642,-0.06214,-0.125,-0.06214,-0.06214,-0.23856,-0.15369,-0.08805,-0.16634,-0.21997,-0.06214,-0.14003,-0.10804,-0.08805,-0.15369,-0.08805,-0.23856,5.61249,-0.125,-0.15369,-0.17817,-0.06214,-0.08805,-0.06214,-0.06214,-0.22942,-0.08805,-0.22942,-0.23856,-0.15369,-0.06214,-0.13909,0.40054,0.70029,1,2,10,11,14,3,4,5,6,12,13,15,7,8,9
-0.40733,0.40733,-0.38128,-0.28868,-0.21018,-0.17817,-0.4819,9.25563,-0.17817,-0.36793,-0.08805,-0.125,-0.08805,-0.21018,-0.22942,-0.17817,-0.22942,-0.29642,-0.10804,-0.14003,-0.24744,-0.125,-0.4575,-0.16634,-0.15369,-0.06214,-0.08805,-0.16634,-0.14003,-0.06214,-0.29642,-0.06214,-0.125,-0.06214,-0.06214,-0.23856,-0.15369,-0.08805,-0.16634,-0.21997,-0.06214,-0.14003,-0.10804,-0.08805,-0.15369,-0.08805,-0.23856,-0.17817,8.0,-0.15369,-0.17817,-0.06214,-0.08805,-0.06214,-0.06214,-0.22942,-0.08805,-0.22942,-0.23856,-0.15369,-0.06214,-0.13909,-0.66088,-0.10126,1,2,3,4,5,6,7,8,9,10,11,12,13,14,15
-0.40733,0.40733,-0.38128,-0.28868,-0.21018,5.61249,-0.4819,-0.10804,-0.17817,-0.36793,-0.08805,-0.125,-0.08805,-0.21018,-0.22942,-0.17817,-0.22942,-0.29642,-0.10804,-0.14003,-0.24744,-0.125,-0.4575,-0.16634,-0.15369,-0.06214,-0.08805,-0.16634,-0.14003,-0.06214,-0.29642,-0.06214,-0.125,-0.06214,-0.06214,-0.23856,-0.15369,-0.08805,-0.16634,-0.21997,-0.06214,-0.14003,-0.10804,-0.08805,-0.15369,-0.08805,-0.23856,-0.17817,-0.125,-0.15369,-0.17817,-0.06214,-0.08805,-0.06214,-0.06214,4.3589,-0.08805,-0.22942,-0.23856,-0.15369,-0.06214,2.1354,-1.36626,-0.14824,4,5,6,7,14,15,8,9,10,11,1,2,12,3,13
-0.40733,0.40733,-0.38128,-0.28868,-0.21018,-0.17817,-0.4819,-0.10804,-0.17817,2.71792,-0.08805,-0.125,-0.08805,-0.21018,-0.22942,-0.17817,-0.22942,-0.29642,-0.10804,-0.14003,-0.24744,-0.125,-0.4575,-0.16634,-0.15369,-0.06214,-0.08805,-0.16634,-0.14003,-0.06214,-0.29642,-0.06214,-0.125,-0.06214,-0.06214,-0.23856,-0.15369,-0.08805,-0.16634,-0.21997,-0.06214,-0.14003,-0.10804,-0.08805,-0.15369,-0.08805,-0.23856,-0.17817,-0.125,-0.15369,-0.17817,-0.06214,-0.08805,-0.06214,-0.06214,-0.22942,-0.08805,-0.22942,4.19183,-0.15369,-0.06214,0.99815,1.38391,-1.5705,15,1,7,8,9,10,2,3,4,11,12,5,13,6,14
-0.40733,0.40733,-0.38128,-0.28868,-0.21018,-0.17817,-0.4819,-0.10804,-0.17817,-0.36793,-0.08805,-0.125,-0.08805,-0.21018,4.3589,-0.17817,-0.22942,-0.29642,-0.10804,-0.14003,-0.24744,-0.125,-0.4575,-0.16634,6.50641,-0.06214,-0.08805,-0.16634,-0.14003,-0.06214,-0.29642,-0.06214,-0.125,-0.06214,-0.06214,-0.23856,-0.15369,-0.08805,-0.16634,-0.21997,-0.06214,-0.14003,-0.10804,-0.08805,-0.15369,-0.08805,-0.23856,-0.17817,-0.125,-0.15369,-0.17817,-0.06214,-0.08805,-0.06214,-0.06214,-0.22942,-0.08805,-0.22942,-0.23856,-0.15369,-0.06214,-0.13909,0.40116,1.14191,12,1,2,3,4,5,6,7,13,14,15,8,9,10,11
-0.40733,0.40733,-0.38128,-0.28868,-0.21018,-0.17817,2.07512,-0.10804,-0.17817,-0.36793,-0.08805,-0.125,-0.08805,-0.21018,-0.22942,-0.17817,-0.22942,-0.29642,-0.10804,-0.14003,-0.24744,-0.125,-0.4575,-0.16634,-0.15369,-0.06214,-0.08805,-0.16634,-0.14003,-0.06214,-0.29642,-0.06214,-0.125,-0.06214,-0.06214,-0.23856,-0.15369,-0.08805,-0.16634,-0.21997,-0.06214,-0.14003,-0.10804,-0.08805,-0.15369,-0.08805,-0.23856,-0.17817,-0.125,-0.15369,-0.17817,-0.06214,-0.08805,-0.06214,-0.06214,4.3589,-0.08805,-0.22942,-0.23856,-0.15369,-0.06214,-0.93517,-1.92071,-0.21156,1,2,3,4,5,6,7,8,9,13,14,15,10,11,12
-0.40733,0.40733,-0.38128,-0.28868,-0.21018,-0.17817,-0.4819,-0.10804,-0.17817,-0.36793,-0.08805,-0.125,-0.08805,-0.21018,-0.22942,-0.17817,-0.22942,-0.29642,-0.10804,-0.14003,4.04145,-0.125,-0.4575,-0.16634,-0.15369,-0.06214,-0.08805,-0.16634,-0.14003,-0.06214,-0.29642,-0.06214,-0.125,-0.06214,-0.06214,-0.23856,-0.15369,-0.08805,-0.16634,-0.21997,-0.06214,-0.14003,-0.10804,-0.08805,-0.15369,-0.08805,-0.23856,-0.17817,-0.125,-0.15369,5.61249,-0.06214,-0.08805,-0.06214,-0.06214,-0.22942,-0.08805,-0.22942,-0.23856,-0.15369,-0.06214,-0.13909,0.28825,0.8211,4,5,13,1,6,7,8,2,9,14,10,15,3,11,12
-0.40733,0.40733,-0.38128,-0.28868,-0.21018,-0.17817,-0.4819,-0.10804,-0.17817,2.71792,-0.08805,-0.125,-0.08805,-0.21018,-0.22942,-0.17817,-0.22942,-0.29642,-0.10804,-0.14003,-0.24744,-0.125,2.18581,-0.16634,-0.15369,-0.06214,-0.08805,-0.16634,-0.14003,-0.06214,-0.29642,-0.06214,-0.125,-0.06214,-0.06214,-0.23856,-0.15369,-0.08805,-0.16634,-0.21997,-0.06214,-0.14003,-0.10804,-0.08805,-0.15369,-0.08805,-0.23856,-0.17817,-0.125,-0.15369,-0.17817,-0.06214,-0.08805,-0.06214,-0.06214,-0.22942,-0.08805,-0.22942,-0.23856,-0.15369,-0.06214,2.1354,-1.17852,-1.29694,5,1,10,11,2,12,3,4,6,7,13,8,15,9,14
-0.40733,0.40733,-0.38128,-0.28868,4.75777,-0.17817,-0.4819,-0.10804,-0.17817,-0.36793,-0.08805,-0.125,-0.08805,-0.21018,-0.22942,-0.17817,-0.22942,-0.29642,-0.10804,-0.14003,-0.24744,-0.125,-0.4575,-0.16634,-0.15369,-0.06214,-0.08805,-0.16634,-0.14003,-0.06214,-0.29642,-0.06214,-0.125,-0.06214,-0.06214,-0.23856,-0.15369,-0.08805,-0.16634,-0.21997,-0.06214,-0.14003,-0.10804,-0.08805,-0.15369,-0.08805,4.19183,-0.17817,-0.125,-0.15369,-0.17817,-0.06214,-0.08805,-0.06214,-0.06214,-0.22942,-0.08805,-0.22942,-0.23856,-0.15369,-0.06214,-0.13909,0.32288,1.11064,8,1,2,3,4,5,9,6,10,11,15,12,13,14,7
-0.40733,0.40733,2.62274,-0.28868,-0.21018,-0.17817,-0.4819,-0.10804,-0.17817,-0.36793,-0.08805,-0.125,-0.08805,-0.21018,-0.22942,-0.17817,-0.22942,-0.29642,-0.10804,-0.14003,-0.24744,-0.125,-0.4575,-0.16634,-0.15369,-0.06214,-0.08805,-0.16634,-0.14003,-0.06214,-0.29642,-0.06214,-0.125,-0.06214,-0.06214,-0.23856,-0.15369,-0.08805,-0.16634,-0.21997,-0.06214,-0.14003,9.25563,-0.08805,-0.15369,-0.08805,-0.23856,-0.17817,-0.125,-0.15369,-0.17817,-0.06214,-0.08805,-0.06214,-0.06214,-0.22942,-0.08805,-0.22942,-0.23856,-0.15369,-0.06214,-0.13909,0.63736,-0.50722,1,2,10,11,3,4,5,6,12,7,13,14,8,9,15
-0.40733,0.40733,2.62274,-0.28868,-0.21018,-0.17817,-0.4819,-0.10804,-0.17817,-0.36793,-0.08805,-0.125,-0.08805,-0.21018,-0.22942,-0.17817,-0.22942,-0.29642,-0.10804,-0.14003,-0.24744,-0.125,-0.4575,-0.16634,-0.15369,-0.06214,-0.08805,-0.16634,-0.14003,-0.06214,-0.29642,-0.06214,-0.125,-0.06214,-0.06214,4.19183,-0.15369,-0.08805,-0.16634,-0.21997,-0.06214,-0.14003,-0.10804,-0.08805,-0.15369,-0.08805,-0.23856,-0.17817,-0.125,-0.15369,-0.17817,-0.06214,-0.08805,-0.06214,-0.06214,-0.22942,-0.08805,-0.22942,-0.23856,-0.15369,-0.06214,-0.13909,0.6673,1.26444,1,2,3,4,5,6,7,8,9,10,14,15,11,12,13
-0.40733,0.40733,2.62274,-0.28868,-0.21018,-0.17817,-0.4819,-0.10804,-0.17817,-0.36793,-0.08805,-0.125,-0.08805,-0.21018,-0.22942,-0.17817,-0.22942,-0.29642,-0.10804,-0.14003,-0.24744,-0.125,-0.4575,-0.16634,-0.15369,-0.06214,-0.08805,-0.16634,-0.14003,-0.06214,3.37357,-0.06214,-0.125,-0.06214,-0.06214,-0.23856,-0.15369,-0.08805,-0.16634,-0.21997,-0.06214,-0.14003,-0.10804,-0.08805,-0.15369,-0.08805,-0.23856,-0.17817,-0.125,-0.15369,-0.17817,-0.06214,-0.08805,-0.06214,-0.06214,-0.22942,-0.08805,-0.22942,-0.23856,-0.15369,-0.06214,-0.13909,0.57204,0.34779,4,5,14,15,6,1,7,2,8,9,10,11,12,13,3
-0.40733,0.40733,-0.38128,-0.28868,-0.21018,-0.17817,-0.4819,-0.10804,-0.17817,-0.36793,-0.08805,-0.125,-0.08805,-0.21018,4.3589,-0.17817,-0.22942,-0.29642,-0.10804,-0.14003,-0.24744,-0.125,-0.4575,-0.16634,-0.15369,-0.06214,-0.08805,-0.16634,-0.14003,-0.06214,-0.29642,-0.06214,-0.125,-0.06214,-0.06214,-0.23856,-0.15369,-0.08805,-0.16634,-0.21997,-0.06214,-0.14003,-0.10804,-0.08805,-0.15369,-0.08805,-0.23856,-0.17817,-0.125,-0.15369,-0.17817,-0.06214,-0.08805,-0.06214,-0.06214,-0.22942,-0.08805,4.3589,-0.23856,-0.15369,-0.06214,-0.13909,-0.33314,0.80049,1,2,12,3,4,5,6,7,15,13,14,8,9,10,11
-0.40733,0.40733,-0.38128,-0.28868,-0.21018,-0.17817,2.07512,-0.10804,-0.17817,-0.36793,-0.08805,-0.125,-0.08805,-0.21018,-0.22942,-0.17817,-0.22942,-0.29642,-0.10804,-0.14003,-0.24744,-0.125,-0.4575,-0.16634,-0.15369,-0.06214,-0.08805,-0.16634,-0.14003,-0.06214,-0.29642,-0.06214,-0.125,-0.06214,-0.06214,-0.23856,-0.15369,-0.08805,-0.16634,-0.21997,-0.06214,-0.14003,-0.10804,-0.08805,-0.15369,-0.08805,-0.23856,-0.17817,-0.125,-0.15369,-0.17817,-0.06214,-0.08805,-0.06214,-0.06214,-0.22942,-0.08805,-0.22942,-0.23856,-0.15369,16.09348,-0.93517,-0.06595,0.76306,1,2,3,11,4,12,5,6,7,13,8,14,9,10,15
-0.40733,0.40733,-0.38128,-0.28868,-0.21018,-0.17817,-0.4819,-0.10804,5.61249,-0.36793,-0.08805,-0.125,-0.08805,-0.21018,-0.22942,-0.17817,-0.22942,-0.29642,-0.10804,-0.14003,-0.24744,-0.125,-0.4575,-0.16634,-0.15369,-0.06214,-0.08805,-0.16634,-0.14003,-0.06214,-0.29642,-0.06214,-0.125,-0.06214,-0.06214,-0.23856,-0.15369,-0.08805,-0.16634,-0.21997,-0.06214,-0.14003,-0.10804,-0.08805,-0.15369,-0.08805,-0.23856,-0.17817,-0.125,-0.15369,-0.17817,-0.06214,-0.08805,-0.06214,-0.06214,-0.22942,-0.08805,4.3589,-0.23856,-0.15369,-0.06214,2.1354,-0.08233,0.87486,13,1,2,3,4,5,6,7,14,15,8,9,10,11,12
-0.40733,0.40733,-0.38128,3.4641,-0.21018,-0.17817,-0.4819,-0.10804,-0.17817,-0.36793,-0.08805,-0.125,-0.08805,-0.21018,-0.22942,-0.17817,-0.22942,-0.29642,-0.10804,-0.14003,-0.24744,-0.125,-0.4575,-0.16634,-0.15369,-0.06214,-0.08805,-0.16634,-0.14003,-0.06214,-0.29642,-0.06214,-0.125,16.09348,-0.06214,-0.23856,-0.15369,-0.08805,-0.16634,-0.21997,-0.06214,-0.14003,-0.10804,-0.08805,-0.15369,-0.08805,-0.23856,-0.17817,-0.125,-0.15369,-0.17817,-0.06214,-0.08805,-0.06214,-0.06214,-0.22942,-0.08805,-0.22942,-0.23856,-0.15369,-0.06214,3.38638,-0.23286,0.50288,15,1,11,2,3,4,12,5,13,6,7,8,14,9,10
-0.40733,0.40733,-0.38128,-0.28868,-0.21018,-0.17817,2.07512,-0.10804,-0.17817,-0.36793,-0.08805,-0.125,-0.08805,-0.21018,-0.22942,-0.17817,-0.22942,-0.29642,-0.10804,-0.14003,-0.24744,-0.125,-0.4575,-0.16634,-0.15369,-0.06214,-0.08805,-0.16634,-0.14003,-0.06214,-0.29642,16.09348,-0.125,-0.06214,-0.06214,-0.23856,-0.15369,-0.08805,-0.16634,-0.21997,-0.06214,-0.14003,-0.10804,-0.08805,-0.15369,-0.08805,-0.23856,-0.17817,-0.125,-0.15369,-0.17817,-0.06214,-0.08805,-0.06214,-0.06214,-0.22942,-0.08805,-0.22942,-0.23856,-0.15369,-0.06214,-0.93517,0.10547,0.4394,10,3,14,11,4,5,1,6,7,12,15,13,8,9,2
-0.40733,0.40733,-0.38128,-0.28868,-0.21018,-0.17817,-0.4819,-0.10804,-0.17817,-0.36793,-0.08805,-0.125,-0.08805,-0.21018,4.3589,-0.17817,-0.22942,-0.29642,-0.10804,-0.14003,-0.24744,-0.125,2.18581,-0.16634,-0.15369,-0.06214,-0.08805,-0.16634,-0.14003,-0.06214,-0.29642,-0.06214,-0.125,-0.06214,-0.06214,-0.23856,-0.15369,-0.08805,-0.16634,-0.21997,-0.06214,-0.14003,-0.10804,-0.08805,-0.15369,-0.08805,-0.23856,-0.17817,-0.125,-0.15369,-0.17817,-0.06214,-0.08805,-0.06214,-0.06214,-0.22942,-0.08805,-0.22942,-0.23856,-0.15369,-0.06214,0.99815,-1.18062,-1.35008,12,1,13,2,3,14,4,5,6,7,15,8,9,10,11
-0.40733,0.40733,-0.38128,-0.28868,-0.21018,-0.17817,-0.4819,-0.10804,-0.17817,-0.36793,-0.08805,-0.125,-0.08805,-0.21018,-0.22942,-0.17817,-0.22942,3.37357,-0.10804,-0.14003,-0.24744,-0.125,2.18581,-0.16634,-0.15369,-0.06214,-0.08805,-0.16634,-0.14003,-0.06214,-0.29642,-0.06214,-0.125,-0.06214,-0.06214,-0.23856,-0.15369,-0.08805,-0.16634,-0.21997,-0.06214,-0.14003,-0.10804,-0.08805,-0.15369,-0.08805,-0.23856,-0.17817,-0.125,-0.15369,-0.17817,-0.06214,-0.08805,-0.06214,-0.06214,-0.22942,-0.08805,-0.22942,-0.23856,-0.15369,-0.06214,-0.13909,-1.23124,-1.28306,6,1,7,8,9,14,2,3,10,4,11,12,5,13,15
2.455,-2.455,-0.38128,-0.28868,-0.21018,-0.17817,-0.4819,-0.10804,-0.17817,-0.36793,-0.08805,-0.125,-0.08805,-0.21018,-0.22942,5.61249,-0.22942,-0.29642,-0.10804,-0.14003,-0.24744,-0.125,-0.4575,-0.16634,-0.15369,-0.06214,-0.08805,-0.16634,-0.14003,-0.06214,3.37357,-0.06214,-0.125,-0.06214,-0.06214,-0.23856,-0.15369,-0.08805,-0.16634,-0.21997,-0.06214,-0.14003,-0.10804,-0.08805,-0.15369,-0.08805,-0.23856,-0.17817,-0.125,-0.15369,-0.17817,-0.06214,-0.08805,-0.06214,-0.06214,-0.22942,-0.08805,-0.22942,-0.23856,-0.15369,-0.06214,-0.13909,-0.34136,0.2647,6,1,2,7,8,9,10,3,11,12,14,4,15,5,13
-0.40733,0.40733,-0.38128,-0.28868,4.75777,-0.17817,-0.4819,-0.10804,-0.17817,-0.36793,-0.08805,-0.125,-0.08805,-0.21018,-0.22942,-0.17817,-0.22942,-0.29642,-0.10804,-0.14003,-0.24744,-0.125,-0.4575,-0.16634,-0.15369,-0.06214,-0.08805,-0.16634,-0.14003,-0.06214,-0.29642,-0.06214,-0.125,-0.06214,-0.06214,-0.23856,6.50641,-0.08805,-0.16634,-0.21997,-0.06214,-0.14003,-0.10804,-0.08805,-0.15369,-0.08805,-0.23856,-0.17817,-0.125,-0.15369,-0.17817,-0.06214,-0.08805,-0.06214,-0.06214,-0.22942,-0.08805,-0.22942,-0.23856,-0.15369,-0.06214,0.99815,-0.07042,0.93071,10,1,2,4,5,11,6,7,8,3,12,9,13,14,15
2.455,-2.455,-0.38128,-0.28868,-0.21018,-0.17817,-0.4819,-0.10804,-0.17817,-0.36793,-0.08805,-0.125,-0.08805,-0.21018,-0.22942,-0.17817,-0.22942,-0.29642,-0.10804,7.14143,-0.24744,-0.125,-0.4575,-0.16634,-0.15369,-0.06214,-0.08805,-0.16634,-0.14003,-0.06214,-0.29642,-0.06214,-0.125,-0.06214,-0.06214,-0.23856,-0.15369,-0.08805,-0.16634,-0.21997,-0.06214,-0.14003,-0.10804,-0.08805,-0.15369,-0.08805,-0.23856,-0.17817,-0.125,-0.15369,-0.17817,-0.06214,-0.08805,-0.06214,-0.06214,4.3589,-0.08805,-0.22942,-0.23856,-0.15369,-0.06214,0.99815,-1.33525,-0.144,1,2,10,11,3,12,4,5,13,15,6,7,8,14,9
-0.40733,0.40733,-0.38128,-0.28868,-0.21018,-0.17817,-0.4819,-0.10804,-0.17817,-0.36793,-0.08805,-0.125,-0.08805,4.75777,-0.22942,-0.17817,-0.22942,-0.29642,-0.10804,-0.14003,-0.24744,-0.125,2.18581,-0.16634,-0.15369,-0.06214,-0.08805,-0.16634,-0.14003,-0.06214,-0.29642,-0.06214,-0.125,-0.06214,-0.06214,-0.23856,-0.15369,-0.08805,-0.16634,-0.21997,-0.06214,-0.14003,-0.10804,-0.08805,-0.15369,-0.08805,-0.23856,-0.17817,-0.125,-0.15369,-0.17817,-0.06214,-0.08805,-0.06214,-0.06214,-0.22942,-0.08805,-0.22942,-0.23856,-0.15369,-0.06214,-0.13909,-1.16613,-1.33449,1,2,3,12,4,5,6,7,13,8,14,9,15,10,11
-0.40733,0.40733,-0.38128,3.4641,-0.21018,-0.17817,-0.4819,-0.10804,-0.17817,-0.36793,-0.08805,-0.125,-0.08805,-0.21018,-0.22942,-0.17817,-0.22942,-0.29642,-0.10804,-0.14003,-0.24744,-0.125,-0.4575,-0.16634,-0.15369,-0.06214,-0.08805,-0.16634,-0.14003,-0.06214,-0.29642,-0.06214,-0.125,-0.06214,-0.06214,-0.23856,-0.15369,-0.08805,-0.16634,-0.21997,-0.06214,-0.14003,-0.10804,-0.08805,-0.15369,-0.08805,4.19183,-0.17817,-0.125,-0.15369,-0.17817,-0.06214,-0.08805,-0.06214,-0.06214,-0.22942,-0.08805,-0.22942,-0.23856,-0.15369,-0.06214,-0.13909,0.3447,1.1106,1,2,3,4,5,10,11,6,12,13,7,8,9,14,15
2.455,-2.455,-0.38128,-0.28868,-0.21018,-0.17817,-0.4819,-0.10804,-0.17817,2.71792,-0.08805,-0.125,-0.08805,-0.21018,-0.22942,-0.17817,-0.22942,-0.29642,-0.10804,-0.14003,-0.24744,-0.125,-0.4575,-0.16634,-0.15369,-0.06214,-0.08805,-0.16634,-0.14003,-0.06214,-0.29642,-0.06214,-0.125,-0.06214,-0.06214,4.19183,-0.15369,-0.08805,-0.16634,-0.21997,-0.06214,-0.14003,-0.10804,-0.08805,-0.15369,-0.08805,-0.23856,-0.17817,-0.125,-0.15369,-0.17817,-0.06214,-0.08805,-0.06214,-0.06214,-0.22942,-0.08805,-0.22942,-0.23856,-0.15369,-0.06214,-0.13909,0.59923,1.28868,5,6,7,8,15,9,10,11,12,13,14,1,2,3,4
-0.40733,0.40733,-0.38128,-0.28868,-0.21018,-0.17817,-0.4819,-0.10804,-0.17817,-0.36793,-0.08805,-0.125,-0.08805,-0.21018,-0.22942,-0.17817,4.3589,-0.29642,-0.10804,-0.14003,-0.24744,-0.125,-0.4575,-0.16634,-0.15369,-0.06214,-0.08805,-0.16634,-0.14003,-0.06214,-0.29642,-0.06214,-0.125,-0.06214,-0.06214,-0.23856,-0.15369,-0.08805,-0.16634,-0.21997,-0.06214,7.14143,-0.10804,-0.08805,-0.15369,-0.08805,-0.23856,-0.17817,-0.125,-0.15369,-0.17817,-0.06214,-0.08805,-0.06214,-0.06214,-0.22942,-0.08805,-0.22942,-0.23856,-0.15369,-0.06214,-0.93517,-0.71273,0.83008,1,2,3,4,5,13,6,7,8,14,15,9,10,11,12
-0.40733,0.40733,-0.38128,-0.28868,-0.21018,-0.17817,2.07512,-0.10804,-0.17817,-0.36793,-0.08805,-0.125,-0.08805,-0.21018,-0.22942,-0.17817,-0.22942,-0.29642,-0.10804,-0.14003,-0.24744,-0.125,-0.4575,-0.16634,-0.15369,-0.06214,-0.08805,-0.16634,-0.14003,-0.06214,-0.29642,-0.06214,-0.125,-0.06214,-0.06214,-0.23856,-0.15369,-0.08805,-0.16634,4.54606,-0.06214,-0.14003,-0.10804,-0.08805,-0.15369,-0.08805,-0.23856,-0.17817,-0.125,-0.15369,-0.17817,-0.06214,-0.08805,-0.06214,-0.06214,-0.22942,-0.08805,-0.22942,-0.23856,-0.15369,-0.06214,-0.93517,1.21427,0.03036,5,6,13,7,1,8,2,3,14,9,15,10,11,12,4
-0.40733,0.40733,2.62274,-0.28868,-0.21018,-0.17817,-0.4819,-0.10804,-0.17817,-0.36793,-0.08805,-0.125,-0.08805,-0.21018,-0.22942,-0.17817,-0.22942,-0.29642,-0.10804,-0.14003,-0.24744,-0.125,-0.4575,-0.16634,-0.15369,-0.06214,-0.08805,-0.16634,-0.14003,-0.06214,3.37357,-0.06214,-0.125,-0.06214,-0.06214,-0.23856,-0.15369,-0.08805,-0.16634,-0.21997,-0.06214,-0.14003,-0.10804,-0.08805,-0.15369,-0.08805,-0.23856,-0.17817,-0.125,-0.15369,-0.17817,-0.06214,-0.08805,-0.06214,-0.06214,-0.22942,-0.08805,-0.22942,-0.23856,-0.15369,-0.06214,-0.93517,0.48185,0.33325,1,2,12,6,3,7,4,13,8,9,10,11,14,15,5
2.455,-2.455,-0.38128,-0.28868,4.75777,-0.17817,-0.4819,-0.10804,-0.17817,-0.36793,-0.08805,-0.125,-0.08805,-0.21018,-0.22942,-0.17817,-0.22942,-0.29642,-0.10804,-0.14003,-0.24744,-0.125,-0.4575,-0.16634,-0.15369,-0.06214,-0.08805,-0.16634,-0.14003,-0.06214,-0.29642,-0.06214,-0.125,-0.06214,-0.06214,-0.23856,-0.15369,-0.08805,-0.16634,-0.21997,-0.06214,-0.14003,-0.10804,-0.08805,-0.15369,-0.08805,-0.23856,-0.17817,-0.125,-0.15369,-0.17817,-0.06214,-0.08805,-0.06214,-0.06214,-0.22942,-0.08805,-0.22942,4.19183,-0.15369,-0.06214,-0.93517,1.81909,-1.56709,1,2,11,5,12,3,4,6,7,8,13,14,9,15,10
-0.40733,0.40733,-0.38128,-0.28868,-0.21018,-0.17817,-0.4819,-0.10804,-0.17817,-0.36793,-0.08805,-0.125,-0.08805,-0.21018,-0.22942,-0.17817,4.3589,-0.29642,-0.10804,-0.14003,-0.24744,-0.125,-0.4575,-0.16634,-0.15369,-0.06214,-0.08805,-0.16634,-0.14003,-0.06214,-0.29642,-0.06214,8.0,-0.06214,-0.06214,-0.23856,-0.15369,-0.08805,-0.16634,-0.21997,-0.06214,-0.14003,-0.10804,-0.08805,-0.15369,-0.08805,-0.23856,-0.17817,-0.125,-0.15369,-0.17817,-0.06214,-0.08805,-0.06214,-0.06214,-0.22942,-0.08805,-0.22942,-0.23856,-0.15369,-0.06214,-0.13909,-0.33298,-0.18741,10,11,15,2,12,3,4,5,13,6,7,14,1,8,9
-0.40733,0.40733,-0.38128,-0.28868,-0.21018,-0.17817,-0.4819,-0.10804,-0.17817,-0.36793,-0.08805,-0.125,-0.08805,-0.21018,-0.22942,5.61249,-0.22942,-0.29642,-0.10804,-0.14003,-0.24744,-0.125,-0.4575,-0.16634,-0.15369,-0.06214,-0.08805,-0.16634,-0.14003,-0.06214,-0.29642,-0.06214,-0.125,-0.06214,-0.06214,-0.23856,-0.15369,-0.08805,6.01189,-0.21997,-0.06214,-0.14003,-0.10804,-0.08805,-0.15369,-0.08805,-0.23856,-0.17817,-0.125,-0.15369,-0.17817,-0.06214,-0.08805,-0.06214,-0.06214,-0.22942,-0.08805,-0.22942,-0.23856,-0.15369,-0.06214,0.99815,0.66108,0.58089,1,10,2,3,4,5,11,6,7,12,13,14,15,8,9
-0.40733,0.40733,-0.38128,-0.28868,-0.21018,-0.17817,2.07512,-0.10804,-0.17817,-0.36793,-0.08805,-0.125,-0.08805,-0.21018,-0.22942,-0.17817,-0.22942,-0.29642,-0.10804,-0.14003,-0.24744,-0.125,-0.4575,-0.16634,-0.15369,-0.06214,-0.08805,-0.16634,-0.14003,-0.06214,-0.29642,-0.06214,-0.125,-0.06214,-0.06214,-0.23856,-0.15369,-0.08805,-0.16634,-0.21997,-0.06214,-0.14003,-0.10804,-0.08805,-0.15369,-0.08805,4.19183,-0.17817,-0.125,-0.15369,-0.17817,-0.06214,-0.08805,-0.06214,-0.06214,-0.22942,-0.08805,-0.22942,-0.23856,-0.15369,-0.06214,-0.13909,0.31531,1.10685,9,10,13,14,1,3,11,5,12,4,6,7,15,8,2
2.455,-2.455,-0.38128,-0.28868,4.75777,-0.17817,-0.4819,-0.10804,-0.17817,-0.36793,-0.08805,-0.125,-0.08805,-0.21018,-0.22942,-0.17817,-0.22942,-0.29642,-0.10804,-0.14003,-0.24744,-0.125,2.18581,-0.16634,-0.15369,-0.06214,-0.08805,-0.16634,-0.14003,-0.06214,-0.29642,-0.06214,-0.125,-0.06214,-0.06214,-0.23856,-0.15369,-0.08805,-0.16634,-0.21997,-0.06214,-0.14003,-0.10804,-0.08805,-0.15369,-0.08805,-0.23856,-0.17817,-0.125,-0.15369,-0.17817,-0.06214,-0.08805,-0.06214,-0.06214,-0.22942,-0.08805,-0.22942,-0.23856,-0.15369,-0.06214,-0.93517,-0.44096,-1.54675,1,8,4,5,9,10,2,6,11,7,14,15,12,13,3
-0.40733,0.40733,2.62274,-0.28868,-0.21018,-0.17817,-0.4819,-0.10804,-0.17817,-0.36793,-0.08805,-0.125,-0.08805,-0.21018,-0.22942,-0.17817,-0.22942,-0.29642,-0.10804,-0.14003,-0.24744,-0.125,-0.4575,-0.16634,-0.15369,-0.06214,-0.08805,-0.16634,-0.14003,-0.06214,-0.29642,-0.06214,-0.125,-0.06214,-0.06214,-0.23856,-0.15369,-0.08805,-0.16634,-0.21997,-0.06214,-0.14003,-0.10804,-0.08805,6.50641,-0.08805,-0.23856,-0.17817,-0.125,-0.15369,-0.17817,-0.06214,-0.08805,-0.06214,-0.06214,-0.22942,-0.08805,-0.22942,-0.23856,-0.15369,-0.06214,-0.13909,0.31363,1.09082,5,1,6,7,2,3,8,4,10,11,12,9,13,14,15
-0.40733,0.40733,-0.38128,-0.28868,-0.21018,-0.17817,-0.4819,-0.10804,-0.17817,2.71792,-0.08805,-0.125,-0.08805,-0.21018,-0.22942,-0.17817,-0.22942,-0.29642,-0.10804,-0.14003,-0.24744,-0.125,-0.4575,-0.16634,-0.15369,-0.06214,-0.08805,-0.16634,-0.14003,-0.06214,-0.29642,-0.06214,-0.125,-0.06214,-0.06214,-0.23856,-0.15369,-0.08805,-0.16634,-0.21997,-0.06214,-0.14003,-0.10804,-0.08805,-0.15369,-0.08805,-0.23856,-0.17817,-0.125,-0.15369,-0.17817,-0.06214,-0.08805,-0.06214,-0.06214,-0.22942,-0.08805,-0.22942,4.19183,-0.15369,-0.06214,-0.13909,1.81909,-1.56709,1,2,14,6,7,3,4,5,8,10,15,11,9,12,13
2.455,-2.455,-0.38128,3.4641,-0.21018,-0.17817,-0.4819,-0.10804,-0.17817,-0.36793,-0.08805,-0.125,-0.08805,-0.21018,-0.22942,-0.17817,-0.22942,-0.29642,-0.10804,-0.14003,-0.24744,-0.125,-0.4575,-0.16634,-0.15369,-0.06214,-0.08805,-0.16634,-0.14003,-0.06214,-0.29642,-0.06214,-0.125,-0.06214,-0.06214,-0.23856,-0.15369,-0.08805,-0.16634,-0.21997,-0.06214,-0.14003,-0.10804,-0.08805,-0.15369,-0.08805,-0.23856,-0.17817,-0.125,-0.15369,-0.17817,-0.06214,-0.08805,-0.06214,-0.06214,-0.22942,11.35782,-0.22942,-0.23856,-0.15369,-0.06214,0.99815,0.32447,-0.98152,4,5,6,7,8,1,9,2,10,11,12,13,14,15,3
-0.40733,0.40733,-0.38128,-0.28868,4.75777,-0.17817,-0.4819,-0.10804,-0.17817,-0.36793,-0.08805,-0.125,-0.08805,-0.21018,-0.22942,-0.17817,-0.22942,-0.29642,-0.10804,-0.14003,-0.24744,-0.125,-0.4575,-0.16634,-0.15369,-0.06214,-0.08805,-0.16634,-0.14003,-0.06214,-0.29642,-0.06214,-0.125,-0.06214,-0.06214,-0.23856,-0.15369,-0.08805,-0.16634,-0.21997,-0.06214,-0.14003,-0.10804,-0.08805,-0.15369,11.35782,-0.23856,-0.17817,-0.125,-0.15369,-0.17817,-0.06214,-0.08805,-0.06214,-0.06214,-0.22942,-0.08805,-0.22942,-0.23856,-0.15369,-0.06214,-0.13909,-0.92425,-0.69028,1,2,3,4,14,15,5,6,7,8,9,10,11,12,13
-0.40733,0.40733,2.62274,-0.28868,-0.21018,-0.17817,-0.4819,-0.10804,-0.17817,-0.36793,-0.08805,-0.125,-0.08805,-0.21018,-0.22942,-0.17817,-0.22942,-0.29642,-0.10804,-0.14003,-0.24744,-0.125,-0.4575,-0.16634,-0.15369,-0.06214,-0.08805,-0.16634,-0.14003,-0.06214,-0.29642,-0.06214,-0.125,-0.06214,-0.06214,-0.23856,-0.15369,-0.08805,-0.16634,-0.21997,-0.06214,-0.14003,-0.10804,-0.08805,-0.15369,-0.08805,-0.23856,-0.17817,-0.125,-0.15369,-0.17817,-0.06214,-0.08805,-0.06214,-0.06214,-0.22942,-0.08805,4.3589,-0.23856,-0.15369,-0.06214,-0.93517,-0.51952,0.9871,1,2,13,3,4,14,5,6,7,8,15,9,10,11,12
-0.40733,0.40733,2.62274,-0.28868,-0.21018,-0.17817,-0.4819,-0.10804,-0.17817,-0.36793,-0.08805,-0.125,-0.08805,-0.21018,-0.22942,-0.17817,-0.22942,-0.29642,-0.10804,-0.14003,-0.24744,-0.125,-0.4575,-0.16634,-0.15369,-0.06214,-0.08805,-0.16634,-0.14003,-0.06214,-0.29642,-0.06214,-0.125,-0.06214,-0.06214,-0.23856,-0.15369,-0.08805,-0.16634,-0.21997,-0.06214,-0.14003,-0.10804,-0.08805,-0.15369,-0.08805,-0.23856,-0.17817,-0.125,-0.15369,-0.17817,-0.06214,-0.08805,-0.06214,-0.06214,-0.22942,11.35782,-0.22942,-0.23856,-0.15369,-0.06214,-0.13909,0.30496,-0.99278,1,2,3,14,4,5,6,7,8,9,15,10,11,12,13
-0.40733,0.40733,-0.38128,-0.28868,-0.21018,-0.17817,2.07512,-0.10804,-0.17817,-0.36793,-0.08805,-0.125,-0.08805,-0.21018,-0.22942,-0.17817,-0.22942,-0.29642,-0.10804,-0.14003,-0.24744,-0.125,-0.4575,-0.16634,-0.15369,-0.06214,-0.08805,-0.16634,-0.14003,-0.06214,-0.29642,-0.06214,-0.125,-0.06214,-0.06214,-0.23856,-0.15369,-0.08805,6.01189,-0.21997,-0.06214,-0.14003,-0.10804,-0.08805,-0.15369,-0.08805,-0.23856,-0.17817,-0.125,-0.15369,-0.17817,-0.06214,-0.08805,-0.06214,-0.06214,-0.22942,-0.08805,-0.22942,-0.23856,-0.15369,-0.06214,-0.13909,0.65159,0.56823,7,1,13,8,9,2,3,14,10,4,11,15,5,12,6
-0.40733,0.40733,2.62274,-0.28868,-0.21018,-0.17817,-0.4819,-0.10804,-0.17817,-0.36793,-0.08805,-0.125,-0.08805,-0.21018,-0.22942,-0.17817,-0.22942,-0.29642,-0.10804,-0.14003,-0.24744,-0.125,-0.4575,-0.16634,-0.15369,-0.06214,-0.08805,-0.16634,-0.14003,-0.06214,-0.29642,-0.06214,-0.125,-0.06214,-0.06214,-0.23856,-0.15369,-0.08805,-0.16634,-0.21997,-0.06214,-0.14003,-0.10804,11.35782,-0.15369,-0.08805,-0.23856,-0.17817,-0.125,-0.15369,-0.17817,-0.06214,-0.08805,-0.06214,-0.06214,-0.22942,-0.08805,-0.22942,-0.23856,-0.15369,-0.06214,-0.13909,0.96375,1.20534,1,2,9,10,3,11,4,5,6,12,13,7,14,15,8
-0.40733,0.40733,-0.38128,-0.28868,-0.21018,-0.17817,-0.4819,-0.10804,-0.17817,-0.36793,-0.08805,-0.125,-0.08805,4.75777,-0.22942,-0.17817,-0.22942,-0.29642,-0.10804,-0.14003,-0.24744,-0.125,-0.4575,-0.16634,-0.15369,-0.06214,-0.08805,-0.16634,-0.14003,-0.06214,-0.29642,-0.06214,-0.125,-0.06214,-0.06214,-0.23856,-0.15369,-0.08805,-0.16634,-0.21997,-0.06214,-0.14003,-0.10804,-0.08805,-0.15369,-0.08805,-0.23856,-0.17817,-0.125,6.50641,-0.17817,-0.06214,-0.08805,-0.06214,-0.06214,-0.22942,-0.08805,-0.22942,-0.23856,-0.15369,-0.06214,-0.93517,1.35642,-1.58779,1,2,7,8,9,10,3,11,15,12,13,4,5,6,14
2.455,-2.455,-0.38128,-0.28868,-0.21018,-0.17817,-0.4819,-0.10804,-0.17817,2.71792,-0.08805,-0.125,-0.08805,-0.21018,-0.22942,-0.17817,-0.22942,-0.29642,-0.10804,-0.14003,-0.24744,-0.125,-0.4575,-0.16634,-0.15369,-0.06214,-0.08805,-0.16634,-0.14003,-0.06214,3.37357,-0.06214,-0.125,-0.06214,-0.06214,-0.23856,-0.15369,-0.08805,-0.16634,-0.21997,-0.06214,-0.14003,-0.10804,-0.08805,-0.15369,-0.08805,-0.23856,-0.17817,-0.125,-0.15369,-0.17817,-0.06214,-0.08805,-0.06214,-0.06214,-0.22942,-0.08805,-0.22942,-0.23856,-0.15369,-0.06214,-0.13909,0.56188,0.35068,13,1,2,14,3,4,5,6,7,8,15,9,10,11,12
-0.40733,0.40733,-0.38128,3.4641,-0.21018,-0.17817,-0.4819,-0.10804,-0.17817,-0.36793,-0.08805,-0.125,-0.08805,-0.21018,-0.22942,-0.17817,-0.22942,-0.29642,-0.10804,-0.14003,-0.24744,-0.125,2.18581,-0.16634,-0.15369,-0.06214,-0.08805,-0.16634,-0.14003,-0.06214,-0.29642,-0.06214,-0.125,-0.06214,-0.06214,-0.23856,-0.15369,-0.08805,-0.16634,-0.21997,-0.06214,-0.14003,-0.10804,-0.08805,-0.15369,-0.08805,-0.23856,-0.17817,-0.125,-0.15369,-0.17817,-0.06214,-0.08805,-0.06214,-0.06214,-0.22942,-0.08805,-0.22942,-0.23856,-0.15369,-0.06214,-0.13909,-1.23879,-1.30625,1,2,3,10,4,11,5,6,12,7,14,8,15,13,9
2.455,-2.455,-0.38128,-0.28868,-0.21018,-0.17817,-0.4819,-0.10804,-0.17817,2.71792,-0.08805,-0.125,-0.08805,-0.21018,-0.22942,-0.17817,-0.22942,-0.29642,-0.10804,-0.14003,-0.24744,-0.125,2.18581,-0.16634,-0.15369,-0.06214,-0.08805,-0.16634,-0.14003,-0.06214,-0.29642,-0.06214,-0.125,-0.06214,-0.06214,-0.23856,-0.15369,-0.08805,-0.16634,-0.21997,-0.06214,-0.14003,-0.10804,-0.08805,-0.15369,-0.08805,-0.23856,-0.17817,-0.125,-0.15369,-0.17817,-0.06214,-0.08805,-0.06214,-0.06214,-0.22942,-0.08805,-0.22942,-0.23856,-0.15369,-0.06214,-0.13909,-1.41948,-1.27678,10,1,11,2,3,13,4,5,14,6,15,12,7,8,9
-0.40733,0.40733,-0.38128,-0.28868,-0.21018,-0.17817,-0.4819,-0.10804,-0.17817,-0.36793,-0.08805,-0.125,-0.08805,4.75777,-0.22942,-0.17817,-0.22942,-0.29642,-0.10804,-0.14003,-0.24744,-0.125,-0.4575,-0.16634,-0.15369,-0.06214,-0.08805,-0.16634,-0.14003,-0.06214,-0.29642,-0.06214,-0.125,-0.06214,-0.06214,-0.23856,-0.15369,-0.08805,-0.16634,-0.21997,-0.06214,-0.14003,-0.10804,-0.08805,-0.15369,-0.08805,-0.23856,-0.17817,-0.125,-0.15369,5.61249,-0.06214,-0.08805,-0.06214,-0.06214,-0.22942,-0.08805,-0.22942,-0.23856,-0.15369,-0.06214,-0.93517,0.29624,1.02254,12,1,13,7,8,14,2,3,9,4,10,11,5,6,15
-0.40733,0.40733,-0.38128,3.4641,-0.21018,-0.17817,-0.4819,-0.10804,-0.17817,-0.36793,-0.08805,-0.125,-0.08805,-0.21018,-0.22942,-0.17817,-0.22942,-0.29642,-0.10804,-0.14003,-0.24744,-0.125,2.18581,-0.16634,-0.15369,-0.06214,-0.08805,-0.16634,-0.14003,-0.06214,-0.29642,-0.06214,-0.125,-0.06214,-0.06214,-0.23856,-0.15369,-0.08805,-0.16634,-0.21997,-0.06214,-0.14003,-0.10804,-0.08805,-0.15369,-0.08805,-0.23856,-0.17817,-0.125,-0.15369,-0.17817,-0.06214,-0.08805,-0.06214,-0.06214,-0.22942,-0.08805,-0.22942,-0.23856,-0.15369,-0.06214,-0.13909,-1.41948,-1.27678,1,5,6,7,8,9,10,2,11,12,13,14,15,3,4
-0.40733,0.40733,-0.38128,-0.28868,-0.21018,-0.17817,-0.4819,-0.10804,-0.17817,2.71792,-0.08805,-0.125,-0.08805,-0.21018,-0.22942,-0.17817,-0.22942,-0.29642,-0.10804,-0.14003,-0.24744,-0.125,-0.4575,-0.16634,-0.15369,-0.06214,-0.08805,-0.16634,-0.14003,-0.06214,3.37357,-0.06214,-0.125,-0.06214,-0.06214,-0.23856,-0.15369,-0.08805,-0.16634,-0.21997,-0.06214,-0.14003,-0.10804,-0.08805,-0.15369,-0.08805,-0.23856,-0.17817,-0.125,-0.15369,-0.17817,-0.06214,-0.08805,-0.06214,-0.06214,-0.22942,-0.08805,-0.22942,-0.23856,-0.15369,-0.06214,-0.13909,0.56188,0.35068,1,2,3,4,5,6,15,11,12,13,14,7,8,9,10
-0.40733,0.40733,-0.38128,-0.28868,-0.21018,-0.17817,2.07512,-0.10804,-0.17817,-0.36793,-0.08805,-0.125,-0.08805,-0.21018,-0.22942,-0.17817,-0.22942,-0.29642,-0.10804,-0.14003,-0.24744,-0.125,-0.4575,-0.16634,-0.15369,-0.06214,-0.08805,-0.16634,-0.14003,-0.06214,-0.29642,-0.06214,-0.125,-0.06214,-0.06214,4.19183,-0.15369,-0.08805,-0.16634,-0.21997,-0.06214,-0.14003,-0.10804,-0.08805,-0.15369,-0.08805,-0.23856,-0.17817,-0.125,-0.15369,-0.17817,-0.06214,-0.08805,-0.06214,-0.06214,-0.22942,-0.08805,-0.22942,-0.23856,-0.15369,-0.06214,-0.13909,0.67064,1.19132,1,2,14,8,3,9,4,10,11,15,12,13,5,6,7
-0.40733,0.40733,-0.38128,-0.28868,-0.21018,-0.17817,-0.4819,-0.10804,-0.17817,-0.36793,-0.08805,-0.125,-0.08805,-0.21018,-0.22942,-0.17817,-0.22942,-0.29642,-0.10804,-0.14003,4.04145,-0.125,-0.4575,-0.16634,-0.15369,-0.06214,-0.08805,-0.16634,-0.14003,-0.06214,-0.29642,-0.06214,-0.125,-0.06214,-0.06214,4.19183,-0.15369,-0.08805,-0.16634,-0.21997,-0.06214,-0.14003,-0.10804,-0.08805,-0.15369,-0.08805,-0.23856,-0.17817,-0.125,-0.15369,-0.17817,-0.06214,-0.08805,-0.06214,-0.06214,-0.22942,-0.08805,-0.22942,-0.23856,-0.15369,-0.06214,-0.13909,0.66878,1.26597,8,9,14,1,2,3,10,4,15,11,12,13,5,6,7
2.455,-2.455,-0.38128,-0.28868,-0.21018,-0.17817,-0.4819,-0.10804,-0.17817,-0.36793,-0.08805,-0.125,-0.08805,-0.21018,-0.22942,5.61249,-0.22942,-0.29642,-0.10804,-0.14003,-0.24744,-0.125,-0.4575,-0.16634,-0.15369,-0.06214,-0.08805,6.01189,-0.14003,-0.06214,-0.29642,-0.06214,-0.125,-0.06214,-0.06214,-0.23856,-0.15369,-0.08805,-0.16634,-0.21997,-0.06214,-0.14003,-0.10804,-0.08805,-0.15369,-0.08805,-0.23856,-0.17817,-0.125,-0.15369,-0.17817,-0.06214,-0.08805,-0.06214,-0.06214,-0.22942,-0.08805,-0.22942,-0.23856,-0.15369,-0.06214,-0.13909,-2.10559,0.64349,1,2,11,3,4,5,6,7,12,13,15,8,14,9,10
