A1,A2,A3,A4,A5,A6,A7,A8,L1,L2,L3,L4,L5,L6,L7,L8,L9,L10
0.58198,0.88848,-0.34665,-0.9572,-0.09759,-0.09913,-0.34418,-0.52792,9,10,2,3,6,7,4,5,8,1
-0.51089,1.37281,-0.23123,0.06431,-0.09759,-0.09913,0.52122,-0.52792,9,10,2,8,6,5,3,4,7,1
1.01913,0.9692,-0.11581,-0.81127,-0.09759,-0.09913,0.52122,-0.52792,9,10,2,3,6,8,4,5,7,1
0.58198,-0.48379,0.80754,-0.9572,-0.09759,-0.09913,0.6943,-0.52792,8,10,2,9,6,7,4,3,5,1
-0.58375,-0.48379,-0.23123,2.03438,-0.09759,-0.09913,-0.34418,-0.52792,8,10,3,9,5,7,2,4,6,1
0.07197,-0.80667,0.69212,-0.66534,-0.09759,6.50963,-0.1711,-0.52792,3,4,5,6,7,8,2,9,1,10
-0.00088,0.32343,-0.23123,2.83699,-0.09759,-0.09913,0.52122,-0.52792,8,10,3,6,4,9,1,5,7,2
-0.1466,-0.40306,1.03838,-0.44645,-0.09759,-0.09913,1.38661,0.59932,5,10,8,9,4,7,3,2,6,1
0.36341,0.00054,1.84631,0.721,-0.09759,-0.09913,-0.1711,-0.52792,7,10,2,8,5,9,3,4,6,1
-0.72947,-0.88739,1.1538,-0.81127,-0.09759,-0.09913,1.38661,0.22357,6,10,8,9,5,7,3,2,4,1
-0.51089,-0.88739,0.46129,-0.37348,-0.09759,-0.09913,0.52122,-0.05824,8,10,4,9,7,5,3,2,6,1
-0.58375,-1.04884,1.03838,-0.44645,-0.09759,-0.09913,0.34814,0.12964,8,10,5,9,7,6,3,2,4,1
-0.72947,-0.64523,0.80754,0.64803,-0.09759,-0.09913,0.52122,-0.24611,8,10,2,9,6,7,4,3,5,1
0.7277,-0.80667,0.23045,1.45065,-0.09759,-0.09913,0.52122,-0.52792,9,10,2,8,5,7,3,4,6,1
1.16485,0.40415,-0.57748,-0.51941,-0.09759,-0.09913,-0.69033,-0.52792,9,10,1,3,5,7,4,6,8,2
-0.29232,-0.48379,0.23045,-1.10313,-0.09759,-0.09913,0.00198,-0.52792,8,10,2,9,7,5,4,3,6,1
-0.21946,-0.88739,-0.00039,-1.10313,-0.09759,-0.09913,-0.1711,1.16294,5,10,9,8,6,3,4,2,7,1
0.58198,-0.24162,0.46129,-1.10313,-0.09759,-0.09913,0.17506,-0.15217,9,10,2,8,6,7,4,3,5,1
-0.00088,-1.291,0.5767,-0.37348,-0.09759,-0.09913,-0.1711,-0.52792,8,10,2,9,7,6,4,3,5,1
0.80056,0.80776,0.5767,-0.37348,-0.09759,-0.09913,0.00198,-0.24611,9,10,2,4,6,8,3,5,7,1
-0.36517,-0.80667,-0.00039,-0.73831,-0.09759,-0.09913,0.00198,-0.52792,8,10,2,9,7,5,4,3,6,1
-0.51089,-0.48379,-0.23123,-0.30051,-0.09759,-0.09913,0.17506,-0.52792,8,10,2,9,7,5,4,3,6,1
1.67485,1.04992,-0.92374,0.28321,-0.09759,-0.09913,-0.1711,-0.52792,9,10,1,2,4,6,5,7,8,3
-0.51089,0.24271,0.23045,-0.9572,-0.09759,-0.09913,0.86738,-0.52792,8,10,2,9,7,5,4,3,6,1
-0.29232,0.24271,0.23045,-0.81127,-0.09759,-0.09913,1.38661,-0.52792,8,10,2,9,6,5,4,3,7,1
0.07197,0.08127,0.23045,1.81548,-0.09759,-0.09913,0.6943,-0.52792,9,10,2,7,5,8,3,4,6,1
0.65484,-0.40306,0.34587,-0.51941,-0.09759,-0.09913,1.55969,-0.05824,9,10,2,8,5,7,4,3,6,1
0.50912,-0.24162,1.1538,-0.59238,-0.09759,-0.09913,0.17506,-0.52792,7,10,2,9,6,8,4,3,5,1
0.94627,1.37281,0.80754,-0.15458,-0.09759,-0.09913,-0.1711,-0.52792,9,10,1,3,6,8,4,5,7,2
2.18486,3.06796,-1.61625,0.9399,-0.09759,-0.09913,1.04046,0.50538,9,10,4,1,3,6,5,7,8,2
0.21769,0.32343,-0.80832,-1.1761,-0.09759,-0.09913,1.21354,0.41145,9,10,8,5,6,2,4,3,7,1
0.07197,0.08127,-0.80832,4.44223,-0.09759,-0.09913,0.34814,-0.52792,7,10,8,3,2,9,1,5,6,4
-0.87518,0.88848,1.26922,-1.03017,-0.09759,-0.09913,0.52122,1.8205,5,10,9,8,6,4,3,1,7,2
-1.23947,0.40415,0.11503,1.23176,-0.09759,-0.09913,0.17506,-0.52792,8,10,2,9,6,7,3,4,5,1
2.03914,1.93786,-0.92374,-0.00865,-0.09759,-0.09913,-1.20957,-0.52792,9,10,1,2,4,8,5,6,7,3
1.74771,1.37281,-0.34665,0.57507,-0.09759,-0.09913,-1.38265,-0.52792,9,10,1,2,4,8,5,6,7,3
1.602,0.88848,-0.57748,0.28321,-0.09759,-0.09913,0.6943,-0.24611,9,10,1,3,4,7,5,6,8,2
-0.72947,-0.40306,0.80754,-0.59238,-0.09759,-0.09913,1.04046,-0.15217,8,10,3,9,7,6,4,2,5,1
0.65484,0.24271,-0.80832,1.30472,-0.09759,-0.09913,0.00198,-0.52792,9,10,1,4,5,7,3,6,8,2
0.50912,0.24271,0.34587,0.57507,-0.09759,-0.09913,0.52122,-0.52792,9,10,2,7,5,8,3,4,6,1
2.62201,1.45353,-1.27,-0.15458,-0.09759,-0.09913,0.6943,-0.52792,9,10,2,1,4,6,5,8,7,3
2.62201,1.93786,0.11503,1.01286,-0.09759,-0.09913,0.86738,-0.52792,9,10,1,2,4,8,5,7,6,3
2.112,0.5656,-1.03916,0.13728,-0.09759,-0.09913,1.55969,-0.52792,9,10,1,3,4,7,5,6,8,2
-0.65661,0.32343,-1.27,-0.44645,-0.09759,-0.09913,0.17506,-0.52792,8,10,2,9,6,3,4,5,7,1
-0.94804,-1.12956,0.69212,-0.59238,-0.09759,-0.09913,-0.34418,-0.15217,8,10,4,9,7,6,3,2,5,1
0.21769,-1.53317,0.92296,0.9399,-0.09759,-0.09913,-0.51725,0.88113,5,10,9,8,4,6,3,2,7,1
1.74771,2.01858,0.92296,1.52362,-0.09759,-0.09913,-1.72881,0.69326,8,10,6,1,4,9,3,5,7,2
-0.07374,-0.88739,0.23045,0.21024,-0.09759,-0.09913,-0.34418,-0.52792,8,10,2,9,7,6,4,3,5,1
1.74771,0.5656,0.11503,0.13728,-0.09759,-0.09913,1.38661,-0.52792,9,10,1,3,4,8,5,6,7,2
-0.58375,-2.09822,-1.84709,-0.73831,-0.09759,-0.09913,0.00198,-0.52792,8,10,6,9,5,2,4,3,7,1
-0.1466,-0.88739,0.11503,-0.37348,-0.09759,-0.09913,0.34814,0.0357,8,10,4,9,7,5,3,2,6,1
-0.65661,0.24271,-0.57748,-0.88424,-0.09759,-0.09913,0.34814,3.6053,3,10,9,4,7,2,6,1,8,5
-0.36517,-0.32234,0.5767,1.23176,-0.09759,-0.09913,0.86738,0.97507,6,10,9,8,5,4,3,2,7,1
0.43627,-0.1609,0.92296,0.06431,-0.09759,-0.09913,0.17506,-0.52792,8,10,2,9,6,7,3,4,5,1
1.01913,0.72704,0.69212,-0.22755,-0.09759,-0.09913,-0.69033,-0.52792,9,10,1,3,6,8,4,5,7,2
1.01913,0.48487,0.69212,-0.30051,-0.09759,-0.09913,-0.86341,-0.52792,9,10,1,5,6,8,3,4,7,2
1.16485,0.9692,-0.11581,-1.1761,-0.09759,-0.09913,-0.1711,-0.52792,9,10,2,3,6,8,4,5,7,1
0.21769,-0.48379,0.11503,0.5021,-0.09759,-0.09913,0.86738,-0.52792,8,10,2,9,6,7,3,4,5,1
-0.87518,-0.08018,0.34587,-0.51941,-0.09759,-0.09913,0.00198,-0.52792,8,10,2,9,7,5,4,3,6,1
-0.36517,0.64632,-0.23123,2.98292,-0.09759,-0.09913,0.34814,-0.52792,8,10,3,7,4,9,1,5,6,2
-0.51089,-1.21028,0.23045,1.88844,-0.09759,-0.09913,0.6943,-0.52792,8,10,4,9,6,7,2,3,5,1
-0.94804,-1.45244,-0.34665,-0.59238,-0.09759,-0.09913,-0.86341,-0.24611,8,10,4,9,7,3,5,2,6,1
-0.1466,-0.56451,0.11503,0.42914,-0.09759,-0.09913,0.34814,1.44475,5,10,9,8,6,3,4,2,7,1
-0.65661,-0.32234,1.03838,-0.51941,-0.09759,-0.09913,1.38661,-0.05824,8,10,4,9,6,7,3,2,5,1
0.29055,-0.1609,-0.6929,-1.32203,-0.09759,-0.09913,0.34814,-0.05824,9,10,2,8,6,3,5,4,7,1
0.7277,-0.24162,-0.57748,-0.30051,-0.09759,-0.09913,0.17506,0.12964,9,10,2,6,7,5,4,3,8,1
-1.16661,-0.32234,0.80754,-1.24906,-0.09759,-0.09913,0.86738,-0.52792,8,10,4,9,7,6,3,2,5,1
-0.1466,0.32343,0.5767,-1.03017,-0.09759,-0.09913,0.17506,-0.52792,8,10,2,9,6,7,4,3,5,1
-0.21946,-0.88739,1.03838,-0.81127,-0.09759,-0.09913,1.21354,-0.52792,7,10,3,9,6,8,4,2,5,1
2.25772,2.8258,-0.34665,0.79396,-0.09759,-0.09913,1.04046,-0.52792,9,10,1,2,4,8,5,7,6,3
-0.1466,-0.64523,0.23045,-0.15458,-0.09759,-0.09913,1.04046,-0.52792,8,10,2,9,7,5,4,3,6,1
0.58198,0.08127,-0.11581,0.06431,-0.09759,-0.09913,1.21354,0.12964,9,10,2,5,6,7,4,3,8,1
0.7277,0.00054,-0.6929,2.54513,-0.09759,-0.09913,-0.51725,-0.52792,9,10,3,4,5,8,1,6,7,2
-0.36517,0.40415,0.46129,2.90996,-0.09759,-0.09913,-0.51725,-0.52792,8,10,4,7,5,9,1,3,6,2
-0.29232,-0.08018,0.92296,-0.22755,-0.09759,-0.09913,-1.03649,-0.52792,8,10,2,9,6,7,4,3,5,1
-0.07374,-0.64523,0.69212,2.10734,-0.09759,-0.09913,-1.38265,-0.24611,7,10,3,9,5,8,2,4,6,1
0.94627,0.24271,0.46129,1.01286,-0.09759,-0.09913,0.00198,-0.52792,9,10,1,4,6,8,3,5,7,2
-0.00088,0.32343,0.34587,2.03438,-0.09759,-0.09913,0.17506,-0.05824,9,10,3,7,5,8,2,4,6,1
0.94627,0.5656,1.03838,1.01286,-0.09759,-0.09913,-2.07496,-0.52792,8,10,1,5,6,9,3,4,7,2
-0.51089,0.5656,0.11503,1.66955,-0.09759,-0.09913,-0.34418,-0.52792,8,10,2,9,5,7,3,4,6,1
-0.1466,-0.40306,0.5767,1.74251,-0.09759,-0.09913,0.52122,-0.52792,7,10,3,9,6,8,2,4,5,1
-0.00088,0.64632,-0.46206,1.45065,-0.09759,-0.09913,-0.69033,-0.52792,9,10,1,6,5,8,3,4,7,2
0.07197,0.32343,1.1538,2.25327,-0.09759,-0.09913,1.38661,-0.52792,8,10,3,7,5,9,2,4,6,1
0.29055,0.16199,1.50005,0.79396,-0.09759,-0.09913,-0.69033,-0.52792,7,10,2,8,5,9,3,4,6,1
1.2377,0.9692,-1.15458,1.23176,-0.09759,10.87141,0.00198,-0.52792,3,4,5,6,7,8,2,9,1,10
-1.60376,0.64632,-3.34753,-0.9572,-0.09759,-0.09913,0.17506,-0.52792,8,10,5,9,3,2,4,6,7,1
-0.80232,-0.48379,-1.73167,-0.73831,-0.09759,-0.09913,0.86738,-0.52792,8,10,3,9,6,2,4,5,7,1
2.18486,1.04992,-0.57748,0.21024,-0.09759,-0.09913,0.17506,-0.52792,9,10,1,2,4,8,5,7,6,3
-0.00088,0.16199,1.03838,0.28321,-0.09759,-0.09913,0.17506,0.69326,7,10,9,8,4,6,3,2,5,1
-0.58375,-0.24162,0.23045,1.08583,-0.09759,-0.09913,0.52122,0.41145,8,10,7,9,5,4,3,2,6,1
-1.0209,-0.32234,1.38464,1.45065,-0.09759,-0.09913,0.17506,0.50538,6,10,8,9,5,7,3,2,4,1
-0.29232,-0.96812,-0.34665,-0.30051,-0.09759,-0.09913,0.34814,-0.05824,8,10,3,9,7,4,5,2,6,1
-0.72947,-0.40306,0.69212,-0.44645,-0.09759,-0.09913,-0.86341,-0.52792,8,10,2,9,7,6,4,3,5,1
-1.23947,-0.56451,1.61547,-0.73831,-0.09759,-0.09913,0.34814,2.29018,3,10,9,8,6,5,4,1,7,2
-0.07374,0.88848,-0.11581,-0.08162,-0.09759,-0.09913,0.00198,0.0357,9,10,2,8,6,5,3,4,7,1
-0.87518,0.00054,-1.50083,-0.00865,-0.09759,-0.09913,-1.20957,-0.52792,8,10,2,9,6,3,4,5,7,1
1.38342,1.61498,0.23045,0.721,-0.09759,-0.09913,-0.69033,-0.52792,9,10,1,2,5,8,4,6,7,3
0.80056,1.77642,-1.27,0.5021,-0.09759,-0.09913,1.38661,-0.52792,9,10,1,3,4,6,5,7,8,2
2.03914,2.01858,-1.15458,0.13728,-0.09759,-0.09913,0.52122,-0.52792,9,10,2,1,4,6,5,8,7,3
1.01913,0.5656,0.80754,0.06431,-0.09759,-0.09913,-2.24804,-0.52792,8,10,1,4,6,9,5,3,7,2
-1.0209,0.64632,-1.73167,-0.15458,-0.09759,-0.09913,-1.03649,-0.52792,8,10,2,9,5,3,4,6,7,1
-1.0209,-0.56451,-1.27,-1.03017,-0.09759,-0.09913,-0.1711,-0.52792,8,10,4,9,6,2,5,3,7,1
-0.21946,0.16199,-0.00039,1.01286,-0.09759,-0.09913,-1.55573,-0.52792,8,10,1,9,5,7,3,4,6,2
-0.1466,-2.17894,0.80754,0.06431,-0.09759,-0.09913,-0.34418,1.8205,5,10,9,8,6,3,4,1,7,2
-0.21946,-0.88739,0.5767,-0.15458,-0.09759,-0.09913,-0.51725,-0.52792,8,10,2,9,7,6,4,3,5,1
-0.43803,0.72704,-1.61625,-0.73831,-0.09759,-0.09913,0.34814,-0.52792,9,10,2,7,5,3,4,6,8,1
-0.58375,-1.21028,0.46129,-0.59238,-0.09759,-0.09913,1.04046,-0.52792,8,10,3,9,7,6,4,2,5,1
-1.45805,0.48487,0.5767,-0.59238,-0.09759,-0.09913,0.00198,-0.52792,8,10,2,9,7,6,4,3,5,1
1.09199,1.21137,0.23045,-0.73831,-0.09759,-0.09913,1.73277,-0.52792,9,10,2,3,6,8,4,5,7,1
-1.67662,0.80776,-0.23123,-0.22755,-0.09759,-0.09913,0.86738,-0.52792,8,10,2,9,7,4,5,3,6,1
-0.36517,-0.72595,-0.00039,1.45065,-0.09759,6.50963,0.00198,-0.05824,3,4,5,6,7,8,2,9,1,10
-0.43803,0.16199,-1.03916,-0.22755,-0.09759,-0.09913,0.17506,-0.52792,9,10,2,8,6,3,4,5,7,1
-1.45805,-1.45244,0.80754,-0.51941,-0.09759,-0.09913,-0.34418,2.57199,4,10,9,8,6,3,5,1,7,2
-0.72947,-0.48379,-0.11581,1.52362,-0.09759,-0.09913,-0.1711,-0.05824,8,10,4,9,6,7,2,3,5,1
-0.36517,0.08127,-0.00039,-0.73831,-0.09759,-0.09913,0.34814,6.79914,3,9,10,4,7,2,5,1,8,6
-0.36517,-0.40306,-0.00039,2.47217,-0.09759,-0.09913,-0.1711,-0.52792,7,10,4,9,5,8,1,3,6,2
0.65484,1.37281,0.69212,1.08583,-0.09759,-0.09913,-0.51725,-0.52792,9,10,1,3,6,8,4,5,7,2
-0.21946,-0.24162,0.80754,1.59658,-0.09759,-0.09913,-0.34418,-0.52792,7,10,2,9,6,8,3,4,5,1
-1.09376,0.16199,-0.23123,-0.30051,-0.09759,-0.09913,-4.15191,-0.52792,6,10,1,9,4,8,5,3,7,2
-0.21946,-0.72595,1.84631,-0.00865,-0.09759,-0.09913,0.52122,-0.52792,7,10,2,9,6,8,4,3,5,1
1.01913,0.9692,-2.42418,0.13728,-0.09759,-0.09913,0.17506,-0.52792,9,10,3,2,5,4,6,7,8,1
0.36341,0.24271,0.5767,1.45065,-0.09759,-0.09913,0.34814,-0.52792,9,10,2,7,5,8,3,4,6,1
1.2377,0.9692,0.46129,1.23176,-0.09759,-0.09913,0.52122,-0.52792,9,10,1,3,5,8,4,6,7,2
0.65484,0.80776,-0.11581,1.23176,-0.09759,-0.09913,0.52122,0.31751,9,10,4,2,6,8,3,5,7,1
0.29055,0.40415,-1.84709,0.35617,-0.09759,-0.09913,0.6943,-0.52792,9,10,2,4,6,3,5,7,8,1
0.58198,0.9692,0.46129,-0.66534,-0.09759,-0.09913,-0.34418,-0.52792,9,10,2,5,6,8,3,4,7,1
-0.72947,-0.96812,0.34587,-0.73831,-0.09759,-0.09913,0.34814,-0.05824,8,10,4,9,7,5,3,2,6,1
-0.29232,1.6957,-0.23123,1.96141,-0.09759,-0.09913,0.52122,-0.52792,9,10,1,4,5,8,3,6,7,2
0.21769,0.08127,0.5767,-1.54093,-0.09759,-0.09913,-0.86341,-0.24611,8,10,2,9,6,7,4,3,5,1
-0.65661,-0.80667,1.03838,1.52362,-0.09759,-0.09913,-0.34418,1.44475,4,10,9,8,6,5,3,1,7,2
-0.00088,1.13065,0.80754,-0.81127,-0.09759,-0.09913,-0.51725,-0.52792,9,10,2,7,6,8,3,4,5,1
-0.72947,0.9692,0.23045,0.35617,-0.09759,-0.09913,-0.1711,0.31751,8,10,4,9,6,5,3,2,7,1
0.7277,0.00054,0.80754,-0.08162,-0.09759,-0.09913,-1.55573,-0.15217,8,10,2,7,5,9,4,3,6,1
0.87341,0.08127,0.23045,1.15879,-0.09759,-0.09913,0.6943,-0.05824,9,10,2,5,6,8,3,4,7,1
-1.09376,0.64632,0.46129,-0.73831,-0.09759,-0.09913,0.17506,-0.52792,8,10,2,9,7,6,4,3,5,1
-1.16661,0.32343,-0.00039,-0.37348,-0.09759,-0.09913,0.6943,0.31751,8,10,7,9,6,4,3,2,5,1
-0.80232,0.64632,-0.00039,-0.00865,-0.09759,-0.09913,0.6943,2.94774,4,10,9,6,7,2,5,1,8,3
-0.1466,0.32343,-0.00039,-0.66534,-0.09759,-0.09913,0.52122,-0.52792,9,10,2,8,7,5,4,3,6,1
-1.5309,-1.45244,0.92296,-0.81127,-0.09759,-0.09913,0.00198,0.22357,6,10,8,9,7,5,3,2,4,1
-0.21946,-1.45244,1.61547,0.28321,-0.09759,-0.09913,2.25201,-0.52792,6,10,3,9,5,8,4,2,7,1
-0.80232,-0.24162,0.69212,-0.73831,-0.09759,-0.09913,-0.51725,-0.52792,8,10,2,9,7,6,4,3,5,1
0.58198,-0.1609,0.11503,1.52362,-0.09759,-0.09913,0.86738,-0.52792,9,10,2,6,5,8,3,4,7,1
1.01913,0.80776,0.80754,-0.51941,-0.09759,-0.09913,-1.20957,-0.52792,8,10,1,3,6,9,4,5,7,2
-0.94804,-0.32234,-1.15458,0.06431,-0.09759,-0.09913,-0.86341,-0.52792,8,10,2,9,6,3,5,4,7,1
-0.51089,0.5656,0.34587,-0.73831,-0.09759,-0.09913,0.6943,-0.52792,8,10,2,9,7,5,4,3,6,1
-1.60376,-1.04884,1.26922,-1.24906,-0.09759,-0.09913,0.34814,2.57199,3,10,9,8,6,4,5,1,7,2
0.65484,-0.1609,-0.00039,-0.88424,-0.09759,-0.09913,-0.86341,-0.24611,9,10,2,8,5,7,4,3,6,1
-0.80232,0.40415,-0.23123,0.35617,-0.09759,-0.09913,0.6943,0.12964,8,10,4,9,6,5,3,2,7,1
-1.74948,-1.12956,-0.34665,0.57507,-0.09759,-0.09913,0.52122,4.16892,3,10,9,6,7,2,5,1,8,4
0.07197,-1.291,-0.00039,-0.51941,-0.09759,-0.09913,0.00198,-0.52792,8,10,2,9,7,5,4,3,6,1
0.58198,0.00054,-0.00039,-1.03017,-0.09759,-0.09913,-0.34418,-0.24611,9,10,2,8,6,5,4,3,7,1
-0.43803,-0.88739,0.34587,-0.88424,-0.09759,-0.09913,0.6943,1.53869,5,10,9,8,6,3,4,2,7,1
-0.65661,-0.88739,-0.6929,0.57507,-0.09759,-0.09913,-0.34418,1.16294,6,10,9,8,5,3,4,2,7,1
-0.36517,-0.56451,0.11503,-0.15458,-0.09759,-0.09913,0.6943,0.50538,7,10,8,9,6,4,3,2,5,1
-1.0209,1.45353,-0.46206,-0.73831,-0.09759,-0.09913,0.52122,0.0357,8,10,2,9,6,3,5,4,7,1
-0.58375,-1.53317,-0.00039,-0.81127,-0.09759,-0.09913,0.52122,-0.52792,8,10,3,9,7,4,5,2,6,1
-0.58375,-0.56451,0.69212,-1.1761,-0.09759,-0.09913,-0.1711,-0.52792,8,10,3,9,7,6,4,2,5,1
1.2377,1.6957,0.23045,2.83699,-0.09759,-0.09913,0.52122,0.78719,7,10,9,1,4,8,2,5,6,3
-0.07374,-0.24162,0.34587,-0.73831,-0.09759,-0.09913,-0.34418,-0.05824,8,10,2,9,7,6,4,3,5,1
1.52914,0.72704,-0.23123,1.23176,-0.09759,-0.09913,1.55969,-0.52792,9,10,1,3,5,8,4,6,7,2
-0.72947,-0.64523,2.4234,-0.37348,-0.09759,-0.09913,0.6943,0.41145,4,10,7,9,5,8,3,2,6,1
-0.72947,-0.64523,2.4234,-0.37348,-0.09759,-0.09913,0.6943,0.41145,4,10,7,9,5,8,3,2,6,1
0.29055,-0.08018,-0.11581,-0.44645,-0.09759,-0.09913,0.34814,-0.52792,9,10,2,8,7,5,4,3,6,1
-0.58375,0.08127,-0.00039,-1.03017,-0.09759,-0.09913,0.34814,1.72656,5,10,9,7,6,3,4,2,8,1
0.50912,0.08127,0.34587,-0.59238,-0.09759,-0.09913,1.04046,-0.24611,9,10,2,8,5,7,4,3,6,1
-1.09376,-0.40306,-0.80832,-1.10313,-0.09759,-0.09913,1.04046,-0.52792,8,10,4,9,6,2,5,3,7,1
-0.58375,-0.64523,-0.92374,-0.44645,-0.09759,-0.09913,-0.1711,-0.52792,8,10,2,9,6,3,5,4,7,1
-1.74948,0.00054,-1.96251,0.13728,-0.09759,-0.09913,0.17506,-0.52792,8,10,3,9,5,2,4,6,7,1
-0.80232,-0.64523,-1.38541,1.01286,-0.09759,-0.09913,-0.1711,1.8205,5,10,9,7,6,2,4,3,8,1
-1.74948,-0.48379,-2.30876,-1.10313,-0.09759,-0.09913,0.17506,1.8205,6,10,9,8,5,1,4,3,7,2
-1.38519,-0.48379,0.34587,-0.22755,-0.09759,-0.09913,0.17506,0.41145,7,10,8,9,6,4,3,2,5,1
-0.1466,0.88848,-0.6929,-0.44645,-0.09759,-0.09913,-0.51725,-0.52792,9,10,2,7,6,3,4,5,8,1
1.16485,-0.40306,-0.00039,-0.22755,-0.09759,-0.09913,-0.1711,-0.52792,9,10,2,6,5,8,3,4,7,1
-2.11377,-0.72595,0.5767,-1.10313,-0.09759,-0.09913,0.00198,-0.05824,8,10,7,9,6,5,3,2,4,1
-0.87518,1.45353,-0.6929,1.37769,-0.09759,-0.09913,0.52122,-0.52792,9,10,2,8,5,6,3,4,7,1
-0.43803,-0.96812,-0.23123,0.42914,-0.09759,10.87141,0.52122,-0.52792,3,4,5,6,7,8,2,9,1,10
-1.38519,-1.53317,0.69212,0.5021,-0.09759,-0.09913,0.34814,0.50538,7,10,8,9,6,4,3,2,5,1
-0.07374,-1.53317,-0.11581,0.64803,-0.09759,-0.09913,0.17506,0.12964,8,10,5,9,7,4,3,2,6,1
-0.87518,-1.04884,0.69212,-0.37348,-0.09759,-0.09913,-0.1711,-0.52792,8,10,3,9,7,6,4,2,5,1
-0.80232,-0.80667,0.34587,2.98292,-0.09759,-0.09913,-0.51725,-0.52792,7,10,6,9,4,8,1,3,5,2
-1.8952,-1.291,2.19257,-0.59238,-0.09759,-0.09913,0.34814,-0.52792,6,10,5,9,7,8,3,2,4,1
-0.07374,-0.56451,0.11503,-0.9572,-0.09759,-0.09913,-0.51725,-0.52792,8,10,2,9,7,5,4,3,6,1
0.29055,-0.96812,0.23045,-0.59238,-0.09759,-0.09913,-0.34418,-0.52792,8,10,2,9,7,6,4,3,5,1
-0.51089,0.5656,0.34587,1.96141,-0.09759,-0.09913,0.52122,-0.24611,8,10,3,9,5,7,2,4,6,1
-0.1466,1.13065,1.26922,-0.22755,-0.09759,-0.09913,1.73277,-0.52792,8,10,2,7,5,9,4,3,6,1
-1.38519,0.40415,0.23045,-0.66534,-0.09759,-0.09913,0.34814,-0.52792,8,10,2,9,7,5,4,3,6,1
-1.31233,0.5656,-0.00039,-0.81127,-0.09759,-0.09913,0.52122,-0.52792,8,10,2,9,7,5,4,3,6,1
-1.31233,-0.64523,0.23045,-0.15458,-0.09759,-0.09913,1.73277,-0.52792,8,10,3,9,7,5,4,2,6,1
0.65484,0.00054,0.23045,0.13728,-0.09759,-0.09913,0.86738,-0.24611,9,10,2,6,5,8,3,4,7,1
-0.94804,-0.64523,0.11503,-1.10313,-0.09759,-0.09913,1.21354,-0.52792,8,10,3,9,7,5,4,2,6,1
1.82057,1.61498,-1.38541,0.06431,-0.09759,-0.09913,-0.1711,-0.52792,9,10,2,1,4,6,5,7,8,3
0.80056,1.77642,-2.19334,0.5021,-0.09759,-0.09913,1.04046,-0.52792,9,10,3,1,4,5,6,7,8,2
-0.43803,-0.64523,1.1538,-0.37348,-0.09759,-0.09913,1.21354,-0.52792,7,10,2,9,6,8,4,3,5,1
0.14483,0.08127,0.11503,2.03438,-0.09759,-0.09913,0.86738,-0.05824,9,10,3,7,5,8,2,4,6,1
0.94627,0.48487,-0.57748,2.32624,-0.09759,-0.09913,0.17506,-0.52792,9,10,2,1,5,8,4,6,7,3
0.14483,0.48487,0.46129,1.96141,-0.09759,-0.09913,-0.86341,-0.52792,8,10,1,7,5,9,3,4,6,2
0.58198,0.64632,0.92296,1.66955,-0.09759,-0.09913,-0.1711,-0.15217,8,10,2,5,6,9,3,4,7,1
1.602,0.9692,-1.84709,0.21024,-0.09759,-0.09913,1.04046,0.0357,9,10,3,1,4,5,6,7,8,2
1.602,0.88848,-1.50083,0.28321,-0.09759,-0.09913,1.21354,-0.52792,9,10,2,1,4,6,5,7,8,3
-0.29232,-0.56451,-1.38541,0.5021,-0.09759,-0.09913,-0.34418,0.0357,8,10,3,9,6,2,4,5,7,1
0.50912,0.5656,-0.6929,0.79396,-0.09759,-0.09913,0.34814,-0.24611,9,10,2,3,5,7,4,6,8,1
-0.58375,-1.53317,1.38464,-1.03017,-0.09759,-0.09913,-1.72881,-0.52792,6,10,3,9,7,8,4,2,5,1
-0.07374,-0.32234,-0.57748,1.37769,-0.09759,-0.09913,0.34814,-0.52792,9,10,2,8,5,6,3,4,7,1
-0.58375,0.64632,-1.03916,2.83699,-0.09759,-0.09913,-0.69033,-0.15217,9,10,5,6,3,8,1,4,7,2
0.65484,0.88848,-1.84709,-0.30051,-0.09759,-0.09913,0.17506,-0.52792,9,10,2,3,5,4,6,7,8,1
0.14483,2.18003,-1.38541,0.57507,-0.09759,-0.09913,0.17506,-0.52792,9,10,1,3,5,4,6,7,8,2
-0.00088,0.16199,1.1538,1.81548,-0.09759,-0.09913,-0.34418,-0.52792,7,10,2,8,5,9,3,4,6,1
-0.07374,0.80776,-0.80832,2.18031,-0.09759,-0.09913,-2.42112,-0.52792,8,10,1,4,5,9,3,6,7,2
-0.00088,-0.72595,-0.6929,1.74251,-0.09759,-0.09913,-1.38265,-0.52792,8,10,2,9,5,7,3,4,6,1
-0.00088,-0.80667,0.69212,3.20182,-0.09759,-0.09913,0.00198,-0.52792,7,10,6,8,4,9,1,3,5,2
-0.94804,0.64632,-0.6929,1.81548,-0.09759,-0.09913,-1.03649,-0.52792,8,10,2,9,5,7,3,4,6,1
0.36341,-0.40306,-0.57748,2.03438,-0.09759,-0.09913,0.00198,-0.52792,9,10,3,7,5,8,2,4,6,1
1.2377,1.45353,-0.46206,0.21024,-0.09759,-0.09913,-0.69033,-0.52792,9,10,1,3,5,8,4,6,7,2
0.21769,0.08127,-0.46206,0.13728,-0.09759,-0.09913,-0.34418,-0.52792,9,10,2,8,6,5,3,4,7,1
-1.09376,1.29209,-0.11581,-0.37348,-0.09759,-0.09913,0.6943,-0.24611,8,10,2,9,6,5,4,3,7,1
0.14483,-0.80667,1.1538,-1.03017,-0.09759,-0.09913,0.86738,-0.52792,7,10,3,9,6,8,4,2,5,1
1.96629,2.34147,0.92296,-0.22755,-0.09759,-0.09913,-0.34418,-0.52792,9,10,1,3,4,8,5,6,7,2
-0.21946,-0.32234,1.03838,1.66955,-0.09759,-0.09913,1.04046,-0.52792,7,10,3,9,6,8,2,4,5,1
1.67485,2.66436,-0.80832,0.28321,-0.09759,-0.09913,0.86738,-0.52792,9,10,1,2,4,6,5,7,8,3
2.03914,1.93786,0.92296,-0.08162,10.24695,-0.09913,0.52122,-0.52792,3,1,6,7,2,5,8,4,9,10
1.45628,1.21137,0.46129,0.13728,-0.09759,-0.09913,1.73277,1.16294,7,10,9,1,5,6,4,3,8,2
-0.21946,0.32343,-1.50083,-0.88424,-0.09759,-0.09913,0.00198,-0.52792,9,10,2,7,6,3,4,5,8,1
0.43627,0.16199,-0.23123,-0.66534,-0.09759,-0.09913,-0.69033,-0.52792,9,10,2,7,6,5,4,3,8,1
0.50912,-0.72595,1.03838,-0.15458,-0.09759,-0.09913,-1.72881,-0.52792,7,10,2,9,5,8,4,3,6,1
0.43627,-0.72595,0.92296,-0.37348,-0.09759,-0.09913,-1.38265,-0.52792,7,10,2,9,6,8,4,3,5,1
0.58198,0.48487,-0.57748,-1.03017,-0.09759,-0.09913,0.17506,-0.52792,9,10,2,3,7,6,4,5,8,1
0.21769,-0.96812,1.84631,-0.08162,-0.09759,-0.09913,-1.20957,-0.52792,7,10,2,9,6,8,4,3,5,1
-1.16661,-1.12956,0.46129,-1.10313,-0.09759,-0.09913,-2.42112,-0.62186,6,10,3,9,5,8,4,2,7,1
1.38342,0.88848,-1.38541,0.06431,-0.09759,-0.09913,0.34814,-0.52792,9,10,1,3,4,5,6,7,8,2
-0.94804,0.24271,1.1538,-0.51941,-0.09759,6.50963,-1.38265,-0.52792,3,4,5,6,7,8,2,9,1,10
-0.65661,-0.40306,0.34587,-0.66534,-0.09759,-0.09913,0.17506,-0.24611,8,10,2,9,7,5,4,3,6,1
-1.38519,-0.32234,0.46129,1.88844,-0.09759,-0.09913,0.00198,0.59932,7,10,8,9,4,6,3,2,5,1
-1.0209,-1.04884,-1.96251,-0.88424,-0.09759,-0.09913,1.21354,0.31751,7,10,8,9,5,2,4,3,6,1
2.33058,2.26075,-0.11581,-0.22755,-0.09759,-0.09913,-0.69033,-0.52792,9,10,1,2,4,8,5,7,6,3
2.33058,2.01858,0.46129,-0.22755,-0.09759,-0.09913,-0.69033,-0.52792,9,10,1,2,4,8,5,6,7,3
-0.65661,0.08127,0.92296,-0.81127,-0.09759,-0.09913,-0.86341,-0.05824,8,10,3,9,6,7,4,2,5,1
-0.87518,0.08127,2.88508,-0.66534,-0.09759,-0.09913,0.86738,-0.52792,5,10,4,9,6,8,2,3,7,1
-0.87518,0.08127,2.88508,-0.66534,-0.09759,-0.09913,0.86738,-0.52792,5,10,4,9,6,8,2,3,7,1
0.21769,-0.48379,0.11503,0.5021,-0.09759,-0.09913,0.34814,-0.52792,8,10,2,9,7,6,3,4,5,1
-0.29232,0.32343,2.4234,-0.81127,-0.09759,-0.09913,1.55969,-0.52792,6,10,2,9,5,8,3,4,7,1
-0.72947,0.48487,-0.23123,-0.88424,-0.09759,-0.09913,-0.51725,-0.52792,8,10,2,9,7,5,4,3,6,1
0.21769,0.24271,1.1538,-0.9572,-0.09759,-0.09913,-0.1711,-0.52792,7,10,2,9,6,8,4,3,5,1
-0.58375,0.5656,2.53882,-0.30051,-0.09759,-0.09913,1.21354,-0.52792,6,10,2,9,5,8,3,4,7,1
-0.36517,-1.85605,0.80754,0.721,-0.09759,-0.09913,0.34814,-0.90367,8,10,4,9,7,6,3,2,5,1
-2.18663,-1.93677,0.23045,-0.88424,-0.09759,-0.09913,0.52122,1.53869,5,10,9,8,6,3,4,2,7,1
0.07197,0.24271,0.5767,-0.88424,-0.09759,-0.09913,0.17506,-0.52792,8,10,2,9,6,7,4,3,5,1
-0.43803,1.45353,-0.57748,1.81548,-0.09759,-0.09913,0.34814,1.25688,7,10,9,4,6,5,3,2,8,1
-1.67662,-0.88739,1.84631,-1.10313,-0.09759,-0.09913,-1.03649,-0.52792,6,10,4,9,7,8,3,2,5,1
0.36341,-0.64523,-1.84709,0.28321,-0.09759,-0.09913,0.34814,-0.52792,9,10,2,7,5,3,4,6,8,1
-1.16661,-0.64523,-2.30876,-0.22755,-0.09759,-0.09913,0.52122,-0.52792,8,10,4,9,5,2,3,6,7,1
-0.43803,0.24271,0.23045,-0.22755,-0.09759,10.87141,0.17506,-0.52792,3,4,5,6,7,8,2,9,1,10
0.65484,0.64632,0.69212,-0.37348,-0.09759,-0.09913,0.6943,0.50538,9,10,7,4,5,8,3,2,6,1
-0.80232,-1.77533,-0.46206,-1.03017,-0.09759,-0.09913,-1.55573,-0.52792,8,10,3,9,7,4,5,2,6,1
0.43627,-0.56451,0.46129,-0.73831,-0.09759,-0.09913,0.00198,-0.52792,8,10,2,9,6,7,4,3,5,1
-1.0209,1.45353,-1.38541,-1.32203,-0.09759,-0.09913,0.52122,-0.24611,9,10,3,8,5,2,4,6,7,1
-1.67662,-1.12956,1.1538,0.5021,-0.09759,-0.09913,-2.24804,0.31751,4,10,7,9,5,8,3,2,6,1
-1.09376,-0.80667,1.03838,-0.30051,-0.09759,-0.09913,-0.51725,0.88113,5,10,8,9,7,4,3,2,6,1
-0.58375,-1.45244,-0.00039,-0.37348,-0.09759,-0.09913,0.17506,-0.52792,8,10,3,9,7,5,4,2,6,1
-1.96805,-2.4211,0.34587,-0.44645,-0.09759,-0.09913,-1.03649,-0.52792,8,10,6,9,7,3,5,2,4,1
0.36341,0.32343,0.69212,-0.30051,-0.09759,-0.09913,0.00198,0.88113,8,10,9,5,6,4,3,2,7,1
-1.0209,-2.09822,-0.11581,-0.73831,-0.09759,-0.09913,0.17506,-0.52792,8,10,6,9,7,3,4,2,5,1
-0.87518,-0.1609,1.03838,-0.30051,-0.09759,-0.09913,-0.69033,-0.52792,8,10,2,9,6,7,4,3,5,1
2.18486,-0.32234,-0.00039,-0.81127,-0.09759,-0.09913,0.52122,-0.52792,9,10,2,3,4,8,6,5,7,1
0.7277,0.48487,-0.34665,-0.44645,-0.09759,-0.09913,0.00198,0.97507,8,10,9,2,6,4,5,3,7,1
-0.65661,-2.09822,0.46129,-0.00865,-0.09759,-0.09913,-1.55573,-0.52792,8,10,3,9,7,6,4,2,5,1
-0.21946,1.21137,0.46129,2.6181,-0.09759,-0.09913,0.52122,0.78719,7,10,9,4,5,8,1,3,6,2
-0.51089,-0.88739,0.46129,-0.88424,-0.09759,-0.09913,-0.51725,-0.52792,8,10,3,9,7,6,4,2,5,1
-0.00088,0.08127,0.23045,-1.24906,-0.09759,-0.09913,-0.34418,-0.24611,8,10,2,9,7,6,4,3,5,1
0.21769,0.88848,0.23045,-0.37348,-0.09759,-0.09913,0.86738,0.22357,9,10,2,5,6,7,4,3,8,1
0.29055,-0.64523,-1.03916,-0.73831,-0.09759,-0.09913,0.34814,-0.52792,9,10,2,8,6,3,4,5,7,1
-0.29232,-1.21028,0.34587,-0.73831,-0.09759,-0.09913,0.17506,0.12964,8,10,6,9,7,4,3,2,5,1
-0.29232,-0.56451,-0.11581,3.85851,-0.09759,-0.09913,-0.1711,3.32349,3,10,9,4,7,5,2,1,8,6
0.07197,0.40415,-1.73167,-0.73831,-0.09759,-0.09913,0.17506,1.8205,7,10,9,4,6,2,5,3,8,1
0.43627,0.16199,0.5767,-0.51941,-0.09759,-0.09913,0.6943,-0.52792,9,10,2,8,6,7,4,3,5,1
0.80056,-1.61389,1.03838,-1.03017,-0.09759,-0.09913,-0.1711,-0.05824,8,10,4,9,6,7,3,2,5,1
-0.94804,0.24271,-0.46206,-0.22755,-0.09759,-0.09913,-0.51725,-0.52792,8,10,2,9,7,4,5,3,6,1
2.40343,0.64632,-1.96251,-1.61389,-0.09759,-0.09913,0.52122,-0.52792,9,10,3,1,4,5,6,7,8,2
-0.80232,-0.40306,0.34587,-0.59238,-0.09759,-0.09913,0.6943,-0.52792,8,10,2,9,7,5,4,3,6,1
0.14483,0.32343,-0.00039,-0.37348,-0.09759,-0.09913,-0.34418,0.22357,9,10,3,8,6,5,4,2,7,1
-1.09376,-0.88739,0.80754,-1.10313,-0.09759,-0.09913,-0.34418,-0.52792,8,10,4,9,7,6,3,2,5,1
-1.0209,-0.08018,-2.30876,-0.30051,-0.09759,-0.09913,0.34814,0.31751,8,10,6,9,4,2,3,5,7,1
2.03914,1.61498,-2.07793,-0.22755,-0.09759,-0.09913,0.52122,-0.52792,9,10,3,1,4,5,6,7,8,2
0.36341,-0.32234,0.34587,-1.10313,-0.09759,-0.09913,0.34814,1.91444,5,10,9,6,7,3,4,1,8,2
-0.36517,0.48487,0.46129,0.42914,-0.09759,-0.09913,1.21354,-0.52792,8,10,2,9,6,7,3,4,5,1
-0.36517,0.48487,0.34587,0.42914,-0.09759,-0.09913,1.21354,-0.52792,8,10,2,9,5,7,3,4,6,1
-1.5309,-0.56451,-1.15458,-0.81127,-0.09759,-0.09913,0.52122,-0.52792,8,10,4,9,6,2,5,3,7,1
0.14483,2.01858,-1.50083,-0.88424,-0.09759,-0.09913,-0.69033,-0.52792,9,10,2,3,5,4,6,7,8,1
1.52914,0.48487,-1.27,0.06431,-0.09759,-0.09913,0.34814,-0.52792,9,10,1,3,4,6,5,7,8,2
0.58198,0.80776,-0.80832,-1.03017,-0.09759,-0.09913,0.86738,-0.52792,9,10,2,3,6,5,4,7,8,1
0.29055,1.21137,-0.11581,0.57507,-0.09759,-0.09913,0.34814,-0.52792,9,10,1,3,6,7,4,5,8,2
0.50912,0.72704,-0.6929,-0.73831,-0.09759,-0.09913,0.34814,-0.52792,9,10,2,3,7,5,4,6,8,1
0.65484,0.64632,-0.46206,-0.51941,-0.09759,-0.09913,1.04046,-0.05824,9,10,2,3,7,6,4,5,8,1
3.05916,0.88848,-1.15458,-0.30051,-0.09759,-0.09913,0.6943,-0.52792,9,10,1,2,4,8,5,7,6,3
0.36341,0.48487,-0.57748,-0.88424,-0.09759,-0.09913,0.6943,-0.52792,9,10,2,6,7,4,3,5,8,1
0.94627,0.88848,-1.03916,-0.30051,-0.09759,-0.09913,0.17506,-0.52792,9,10,2,3,6,4,5,7,8,1
0.58198,0.24271,-1.38541,-0.59238,-0.09759,-0.09913,0.34814,-0.52792,9,10,2,4,6,3,5,7,8,1
-1.0209,-0.32234,-0.80832,-0.51941,-0.09759,-0.09913,-0.34418,-0.52792,8,10,2,9,7,3,5,4,6,1
-1.31233,-0.24162,0.5767,-1.03017,-0.09759,-0.09913,0.34814,-0.52792,8,10,3,9,7,6,4,2,5,1
-1.16661,-0.96812,-0.57748,-0.51941,-0.09759,-0.09913,0.17506,-0.52792,8,10,4,9,7,2,5,3,6,1
0.87341,0.64632,-0.46206,-0.9572,-0.09759,-0.09913,0.52122,-0.52792,9,10,2,3,6,7,4,5,8,1
0.21769,1.45353,-0.92374,-0.51941,-0.09759,-0.09913,0.52122,-0.52792,9,10,2,3,6,4,5,7,8,1
1.67485,0.40415,-1.03916,-0.73831,-0.09759,-0.09913,-0.69033,-0.52792,9,10,1,3,4,6,5,7,8,2
0.36341,-0.32234,-0.46206,0.35617,-0.09759,-0.09913,1.38661,1.91444,6,10,9,4,7,3,5,1,8,2
-1.09376,0.80776,-0.34665,-0.9572,-0.09759,-0.09913,0.34814,1.44475,6,10,9,8,5,3,4,2,7,1
1.96629,2.42219,0.11503,1.01286,10.24695,-0.09913,0.6943,-0.52792,3,1,6,7,2,5,8,4,9,10
1.96629,2.98724,-0.34665,0.79396,-0.09759,-0.09913,-0.34418,-0.52792,9,10,1,2,4,8,5,7,6,3
-1.09376,-0.32234,-0.11581,-0.81127,10.24695,-0.09913,0.86738,0.69326,3,1,6,7,2,5,8,4,9,10
-0.51089,0.08127,-0.23123,-0.88424,-0.09759,-0.09913,0.00198,-0.52792,8,10,2,9,7,5,4,3,6,1
0.50912,0.88848,-0.57748,-0.00865,-0.09759,-0.09913,0.00198,-0.52792,9,10,1,3,7,5,4,6,8,2
0.94627,0.9692,-0.92374,-1.03017,-0.09759,-0.09913,0.34814,-0.24611,9,10,2,3,6,4,5,7,8,1
-1.82234,-0.80667,0.11503,-0.59238,-0.09759,-0.09913,0.00198,-0.05824,8,10,6,9,7,3,4,2,5,1
0.43627,0.9692,0.34587,-0.15458,-0.09759,-0.09913,1.21354,-0.52792,9,10,2,5,6,8,3,4,7,1
0.58198,0.80776,0.11503,-0.15458,-0.09759,-0.09913,0.52122,-0.52792,9,10,1,3,6,8,4,5,7,2
1.52914,0.72704,0.34587,-0.81127,-0.09759,-0.09913,-0.1711,0.50538,9,10,6,2,5,8,4,3,7,1
-0.29232,-1.21028,-1.96251,-0.66534,-0.09759,-0.09913,0.86738,-0.52792,8,10,3,9,6,2,4,5,7,1
0.29055,0.40415,-0.92374,-0.30051,-0.09759,-0.09913,-0.34418,-0.52792,9,10,2,5,7,3,4,6,8,1
-0.80232,-0.48379,-2.5396,-1.03017,-0.09759,-0.09913,-0.69033,-0.05824,8,10,6,9,3,2,4,5,7,1
-1.23947,-0.48379,-0.11581,-1.32203,-0.09759,-0.09913,-0.34418,2.00837,4,10,9,8,6,3,5,1,7,2
2.25772,2.58363,-1.03916,0.721,-0.09759,-0.09913,-1.90189,-0.52792,9,10,1,2,4,8,5,6,7,3
1.38342,0.80776,0.11503,-0.9572,-0.09759,10.87141,0.34814,-0.52792,3,4,5,6,7,8,2,9,1,10
-0.29232,-0.1609,-0.6929,-0.37348,-0.09759,-0.09913,0.86738,-0.52792,8,10,2,9,6,3,5,4,7,1
-1.09376,-1.12956,0.80754,-0.66534,-0.09759,-0.09913,0.34814,-0.52792,8,10,4,9,7,6,3,2,5,1
1.74771,1.77642,-0.34665,-0.08162,-0.09759,-0.09913,1.21354,-0.52792,9,10,1,2,4,8,5,6,7,3
0.29055,0.5656,0.23045,-0.51941,-0.09759,-0.09913,1.55969,3.69923,4,10,9,2,7,3,6,1,8,5
-0.58375,0.16199,-1.15458,-0.66534,-0.09759,-0.09913,0.00198,-0.15217,8,10,3,9,6,2,4,5,7,1
2.9863,2.18003,-1.84709,1.52362,-0.09759,-0.09913,0.34814,0.31751,9,10,4,1,3,6,5,7,8,2
2.25772,3.22941,-1.27,1.08583,-0.09759,-0.09913,0.52122,-0.52792,9,10,2,1,4,7,5,8,6,3
-0.36517,-0.80667,0.69212,-0.88424,-0.09759,-0.09913,0.6943,-0.52792,8,10,3,9,7,6,4,2,5,1
-0.21946,-0.24162,0.92296,-0.73831,-0.09759,-0.09913,-0.1711,0.0357,8,10,4,9,6,7,3,2,5,1
-0.65661,-0.88739,0.11503,1.88844,-0.09759,-0.09913,-0.1711,-0.52792,8,10,4,9,6,7,2,3,5,1
-0.94804,-1.291,-2.07793,-0.30051,-0.09759,-0.09913,1.04046,-0.52792,8,10,5,9,6,2,4,3,7,1
1.38342,0.80776,-0.00039,0.35617,-0.09759,-0.09913,0.86738,-0.52792,9,10,1,3,5,8,4,6,7,2
-1.09376,0.48487,-1.61625,0.28321,-0.09759,-0.09913,0.52122,-0.24611,8,10,3,9,5,2,4,6,7,1
2.47629,1.29209,-1.61625,3.78554,-0.09759,-0.09913,-0.1711,2.10231,6,10,9,1,3,7,2,4,8,5
0.07197,0.64632,0.46129,0.21024,-0.09759,-0.09913,0.52122,-0.52792,9,10,2,8,6,7,3,4,5,1
-0.94804,-0.56451,1.38464,0.06431,-0.09759,-0.09913,-0.34418,-0.52792,7,10,3,9,6,8,4,2,5,1
0.36341,1.29209,0.80754,0.42914,-0.09759,-0.09913,1.21354,0.59932,9,10,7,4,5,8,3,2,6,1
-0.1466,-1.21028,-0.92374,-0.37348,-0.09759,-0.09913,1.21354,-0.52792,8,10,2,9,6,3,5,4,7,1
0.87341,0.64632,0.23045,-0.81127,-0.09759,-0.09913,0.34814,0.12964,9,10,2,3,6,8,5,4,7,1
0.43627,0.72704,0.34587,-0.73831,-0.09759,-0.09913,-4.49807,1.35082,4,10,9,3,5,7,6,1,8,2
-0.43803,0.08127,-1.50083,-0.81127,-0.09759,-0.09913,0.17506,-0.52792,9,10,3,8,6,2,4,5,7,1
-0.43803,-0.48379,-0.11581,-0.81127,-0.09759,-0.09913,-0.69033,-0.05824,8,10,3,9,7,5,4,2,6,1
-0.00088,0.00054,-0.23123,-0.66534,-0.09759,-0.09913,-0.51725,-0.15217,9,10,2,8,7,5,4,3,6,1
0.7277,0.80776,-0.11581,0.28321,-0.09759,-0.09913,0.52122,-0.52792,9,10,1,3,6,8,4,5,7,2
-0.07374,-0.32234,-1.84709,-0.37348,-0.09759,-0.09913,0.86738,-0.52792,9,10,3,7,5,2,4,6,8,1
-1.09376,1.45353,0.80754,1.01286,-0.09759,-0.09913,0.52122,0.78719,7,10,9,8,4,5,3,2,6,1
1.45628,1.53425,-0.80832,0.5021,-0.09759,-0.09913,1.38661,-0.52792,9,10,1,2,4,7,5,6,8,3
-1.96805,-1.61389,0.92296,-0.30051,-0.09759,-0.09913,-0.34418,-0.05824,8,10,6,9,7,5,3,2,4,1
-0.36517,-0.64523,0.23045,-0.44645,-0.09759,-0.09913,0.00198,-0.24611,8,10,2,9,7,5,4,3,6,1
0.07197,-1.21028,-0.46206,-0.81127,-0.09759,-0.09913,0.17506,1.35082,5,10,9,8,6,3,4,2,7,1
-0.58375,-0.88739,-0.34665,-0.9572,-0.09759,-0.09913,0.00198,-0.05824,8,10,5,9,7,3,4,2,6,1
-1.31233,-0.96812,0.23045,-0.44645,-0.09759,-0.09913,0.34814,0.0357,8,10,6,9,7,4,3,2,5,1
0.65484,1.21137,0.23045,0.28321,-0.09759,-0.09913,-0.69033,0.31751,9,10,3,2,6,8,4,5,7,1
-0.65661,0.16199,-1.03916,-1.10313,-0.09759,-0.09913,0.6943,0.69326,7,10,9,8,5,2,4,3,6,1
-0.94804,-1.37172,-0.00039,-1.03017,-0.09759,-0.09913,0.17506,2.47806,4,10,9,8,6,2,5,1,7,3
-0.36517,0.48487,-0.11581,-0.66534,-0.09759,-0.09913,0.34814,-0.52792,8,10,2,9,7,5,4,3,6,1
0.43627,0.32343,1.03838,-0.88424,-0.09759,-0.09913,0.34814,-0.05824,9,10,2,7,6,8,4,3,5,1
-1.38519,-1.53317,0.46129,-0.59238,-0.09759,-0.09913,0.34814,0.12964,7,10,8,9,6,4,3,2,5,1
-1.67662,0.08127,-0.34665,0.64803,-0.09759,-0.09913,-0.1711,0.0357,8,10,5,9,7,4,3,2,6,1
0.29055,0.48487,0.80754,-0.59238,-0.09759,-0.09913,-0.86341,-0.24611,9,10,2,7,6,8,4,3,5,1
-2.4052,-0.96812,-0.57748,-1.24906,-0.09759,-0.09913,0.6943,-0.05824,7,10,8,9,6,3,4,2,5,1
-0.51089,0.08127,0.46129,-0.81127,-0.09759,-0.09913,-0.86341,-0.15217,8,10,2,9,7,6,4,3,5,1
0.7277,-0.80667,1.03838,-0.59238,-0.09759,-0.09913,-0.34418,-0.52792,7,10,2,9,6,8,4,3,5,1
2.9863,1.53425,0.80754,1.37769,-0.09759,-0.09913,1.04046,-0.52792,8,10,1,2,4,9,5,7,6,3
-0.87518,-0.24162,0.34587,-1.03017,-0.09759,-0.09913,-0.34418,-0.52792,8,10,3,9,7,5,4,2,6,1
0.65484,-0.56451,0.23045,-0.51941,-0.09759,-0.09913,0.86738,-0.05824,9,10,2,8,5,7,4,3,6,1
1.01913,0.24271,-0.57748,-0.9572,-0.09759,-0.09913,0.52122,-0.52792,9,10,2,3,6,7,4,5,8,1
-0.07374,-1.53317,-1.84709,-0.9572,-0.09759,-0.09913,0.34814,-0.52792,8,10,3,9,6,2,5,4,7,1
0.14483,0.08127,0.11503,-1.03017,-0.09759,-0.09913,0.17506,1.16294,7,10,9,5,6,3,4,2,8,1
-0.07374,-0.56451,-0.23123,-0.81127,-0.09759,-0.09913,0.86738,-0.24611,8,10,2,9,7,5,4,3,6,1
-0.07374,-0.24162,0.23045,-0.73831,-0.09759,-0.09913,0.52122,0.0357,8,10,3,9,7,5,4,2,6,1
-0.1466,-0.88739,-0.11581,-0.59238,-0.09759,-0.09913,0.17506,-0.52792,8,10,2,9,7,5,4,3,6,1
-0.43803,-1.291,0.5767,-0.59238,-0.09759,-0.09913,0.34814,-0.52792,8,10,3,9,7,6,4,2,5,1
-0.51089,0.32343,0.92296,-0.73831,-0.09759,-0.09913,0.00198,0.78719,7,10,9,8,5,4,3,2,6,1
-0.07374,-0.64523,0.46129,-0.66534,-0.09759,-0.09913,0.00198,0.78719,7,10,9,8,6,4,3,2,5,1
-1.16661,1.29209,0.11503,-0.73831,-0.09759,-0.09913,-0.51725,0.50538,7,10,8,9,5,4,3,2,6,1
-2.18663,-1.291,-1.96251,-1.1761,-0.09759,-0.09913,-0.34418,0.31751,7,10,8,9,4,2,5,3,6,1
1.74771,0.24271,-0.00039,-1.32203,-0.09759,-0.09913,0.86738,0.31751,9,10,6,2,4,8,5,3,7,1
1.38342,-0.1609,-1.38541,-0.81127,-0.09759,-0.09913,0.86738,-0.52792,9,10,2,3,4,5,6,7,8,1
-1.45805,0.00054,-0.34665,-1.10313,-0.09759,-0.09913,-0.69033,-0.52792,8,10,3,9,7,4,5,2,6,1
-0.43803,0.08127,-0.23123,0.86693,-0.09759,-0.09913,0.34814,-0.52792,8,10,2,9,7,5,3,4,6,1
-1.38519,-0.40306,-0.00039,-0.66534,-0.09759,-0.09913,-0.1711,-0.52792,8,10,3,9,7,4,5,2,6,1
0.36341,-0.72595,0.69212,-0.37348,-0.09759,-0.09913,0.34814,-0.52792,8,10,2,9,6,7,4,3,5,1
-0.72947,-1.291,0.23045,-0.66534,-0.09759,-0.09913,-0.51725,2.19625,4,10,9,8,6,3,5,1,7,2
-0.72947,-0.1609,-0.00039,-0.66534,-0.09759,-0.09913,0.6943,2.10231,5,10,9,7,6,3,4,1,8,2
0.58198,-0.1609,0.69212,-1.1761,-0.09759,-0.09913,-0.69033,-0.24611,9,10,2,8,6,7,4,3,5,1
0.58198,-0.1609,0.69212,-1.03017,-0.09759,-0.09913,-0.69033,-0.24611,9,10,2,8,6,7,4,3,5,1
0.58198,-0.40306,-0.23123,-0.15458,-0.09759,-0.09913,0.34814,0.88113,8,10,9,6,5,3,4,2,7,1
0.58198,-0.72595,0.11503,-0.00865,-0.09759,-0.09913,0.17506,0.88113,7,10,9,8,5,4,3,2,6,1
-0.65661,0.80776,0.34587,0.21024,-0.09759,-0.09913,-0.51725,1.44475,5,10,9,7,6,4,3,2,8,1
1.38342,0.00054,-0.11581,1.15879,-0.09759,-0.09913,-0.1711,-0.52792,9,10,1,3,5,8,4,6,7,2
-0.87518,-0.08018,1.26922,-0.9572,-0.09759,-0.09913,0.6943,-0.52792,7,10,3,9,6,8,4,2,5,1
0.7277,-0.1609,-0.6929,1.88844,-0.09759,-0.09913,0.6943,3.32349,4,10,9,2,7,3,5,1,8,6
-0.21946,-0.08018,1.50005,-0.66534,-0.09759,-0.09913,-3.28652,-0.15217,6,10,1,8,5,9,4,3,7,2
-1.60376,0.08127,0.5767,-1.10313,-0.09759,-0.09913,-0.69033,-0.52792,8,10,3,9,7,6,4,2,5,1
0.43627,0.5656,1.50005,0.9399,10.24695,-0.09913,1.55969,1.16294,3,1,6,7,2,5,8,4,9,10
-2.11377,-0.96812,-0.11581,-0.73831,-0.09759,-0.09913,0.17506,1.63263,5,10,9,8,6,3,4,2,7,1
-0.29232,0.5656,0.80754,-0.81127,-0.09759,-0.09913,0.34814,-0.15217,8,10,2,9,6,7,4,3,5,1
-0.51089,-0.64523,0.46129,-0.30051,-0.09759,-0.09913,1.21354,0.50538,7,10,8,9,6,4,3,2,5,1
0.50912,0.72704,-0.00039,2.32624,-0.09759,-0.09913,0.52122,-0.52792,9,10,2,4,5,8,3,6,7,1
-0.1466,-1.291,-0.34665,-0.88424,-0.09759,-0.09913,-0.51725,-0.15217,8,10,3,9,7,4,5,2,6,1
-1.09376,-0.80667,0.34587,-0.59238,-0.09759,-0.09913,-1.38265,0.97507,5,10,9,8,6,4,3,2,7,1
-0.21946,-0.40306,0.34587,2.6181,-0.09759,-0.09913,-0.69033,-0.52792,7,10,4,8,5,9,1,3,6,2
0.21769,-0.56451,-0.34665,-0.81127,-0.09759,-0.09913,1.38661,-0.52792,8,10,2,9,6,5,4,3,7,1
-0.29232,-0.40306,0.69212,-0.73831,-0.09759,-0.09913,1.04046,-0.52792,8,10,2,9,7,6,4,3,5,1
-0.43803,-0.64523,1.38464,-0.88424,-0.09759,-0.09913,0.86738,0.88113,4,10,9,8,6,5,3,2,7,1
-0.94804,-1.291,0.92296,-0.15458,-0.09759,-0.09913,-1.03649,-0.90367,8,10,4,9,7,6,3,2,5,1
-0.94804,-1.291,0.92296,-0.15458,-0.09759,-0.09913,-1.03649,-0.90367,8,10,4,9,7,6,3,2,5,1
-0.80232,-0.88739,0.5767,1.88844,-0.09759,-0.09913,-2.24804,-1.09154,6,10,4,9,5,8,3,2,7,1
-0.80232,-0.88739,0.5767,1.88844,-0.09759,-0.09913,-2.24804,-1.09154,6,10,4,9,5,8,3,2,7,1
-0.1466,-0.32234,-1.38541,0.21024,-0.09759,-0.09913,0.52122,-0.52792,9,10,2,8,6,3,4,5,7,1
-0.1466,0.5656,-0.00039,-1.24906,-0.09759,-0.09913,0.34814,1.35082,7,10,9,5,6,3,4,2,8,1
0.80056,0.5656,-0.57748,-0.37348,-0.09759,-0.09913,0.00198,1.35082,7,10,9,2,6,4,5,3,8,1
0.43627,-0.48379,0.69212,-0.51941,-0.09759,-0.09913,0.6943,-0.52792,8,10,2,9,6,7,4,3,5,1
0.07197,1.04992,-2.30876,0.64803,-0.09759,-0.09913,0.52122,-0.05824,9,10,3,2,5,4,6,7,8,1
0.21769,1.45353,-1.84709,1.15879,-0.09759,-0.09913,0.6943,-0.05824,9,10,3,2,5,6,4,7,8,1
-0.94804,-2.25966,1.61547,0.64803,-0.09759,-0.09913,-0.51725,-0.52792,7,10,4,9,6,8,3,2,5,1
0.07197,-0.1609,0.92296,-0.30051,-0.09759,-0.09913,0.00198,0.0357,8,10,2,9,6,7,4,3,5,1
-0.07374,-1.04884,1.03838,-0.66534,-0.09759,-0.09913,0.17506,-0.52792,8,10,2,9,6,7,4,3,5,1
0.07197,-0.1609,0.92296,-0.30051,-0.09759,-0.09913,0.00198,0.0357,8,10,2,9,6,7,4,3,5,1
0.21769,0.24271,0.34587,-0.66534,-0.09759,-0.09913,-0.1711,0.88113,8,10,9,6,5,4,3,2,7,1
-1.5309,1.45353,-0.34665,-0.00865,-0.09759,-0.09913,-0.51725,0.88113,7,10,9,8,5,3,4,2,6,1
-0.00088,-0.40306,-0.11581,-0.81127,-0.09759,-0.09913,0.86738,1.44475,5,10,9,7,6,3,4,2,8,1
-1.23947,-1.77533,-2.19334,-0.15458,-0.09759,-0.09913,0.52122,-0.52792,8,10,6,9,5,2,4,3,7,1
2.54915,2.8258,-2.30876,0.35617,-0.09759,-0.09913,0.86738,1.35082,8,10,9,1,3,4,5,6,7,2
-0.51089,-0.88739,0.11503,0.13728,-0.09759,-0.09913,-1.72881,-0.52792,8,10,2,9,6,7,4,3,5,1
0.80056,0.32343,-0.11581,-0.73831,-0.09759,-0.09913,0.6943,1.35082,7,10,9,3,6,4,5,2,8,1
-1.16661,-1.21028,1.26922,-0.51941,-0.09759,-0.09913,0.34814,-0.24611,8,10,4,9,7,6,3,2,5,1
0.36341,0.24271,0.69212,0.21024,-0.09759,-0.09913,-0.34418,-0.52792,9,10,2,7,6,8,3,4,5,1
1.16485,0.9692,0.23045,-0.66534,-0.09759,-0.09913,-0.1711,-0.52792,9,10,1,3,6,8,4,5,7,2
-0.43803,-0.72595,0.92296,-0.44645,-0.09759,-0.09913,1.21354,-0.24611,8,10,3,9,6,7,4,2,5,1
-0.94804,0.9692,-1.84709,-0.08162,-0.09759,-0.09913,0.17506,-0.52792,9,10,2,8,5,3,4,6,7,1
-0.36517,0.48487,0.11503,2.76403,-0.09759,-0.09913,0.6943,-0.52792,8,10,3,7,5,9,1,4,6,2
-0.87518,-0.32234,0.23045,3.56665,-0.09759,-0.09913,0.00198,-0.15217,6,10,7,9,4,8,1,3,5,2
0.80056,0.32343,-0.11581,-0.51941,-0.09759,-0.09913,0.6943,1.8205,6,10,9,3,7,4,5,2,8,1
-0.43803,0.24271,0.23045,0.79396,-0.09759,-0.09913,0.00198,-0.52792,8,10,2,9,6,7,3,4,5,1
-0.43803,0.24271,0.23045,0.79396,-0.09759,-0.09913,0.00198,-0.52792,8,10,2,9,6,7,3,4,5,1
-1.31233,-1.291,1.26922,-0.66534,-0.09759,-0.09913,0.34814,0.41145,6,10,8,9,7,5,3,2,4,1
-1.16661,-1.291,1.26922,-0.59238,-0.09759,-0.09913,0.34814,0.41145,6,10,8,9,7,5,3,2,4,1
0.07197,1.45353,-0.11581,2.3992,-0.09759,-0.09913,0.6943,-0.05824,9,10,3,4,5,8,2,6,7,1
-0.65661,-1.61389,-0.11581,0.13728,-0.09759,-0.09913,0.6943,-0.52792,8,10,3,9,7,5,4,2,6,1
-0.65661,-0.56451,-0.00039,0.13728,-0.09759,-0.09913,0.00198,-0.52792,8,10,2,9,7,5,4,3,6,1
-1.45805,0.00054,-1.84709,-0.00865,-0.09759,-0.09913,0.17506,-0.52792,8,10,3,9,6,2,4,5,7,1
-0.07374,-0.80667,-1.84709,-0.00865,-0.09759,-0.09913,0.00198,-0.52792,9,10,3,8,5,2,4,6,7,1
-1.16661,-0.80667,-2.30876,-0.22755,-0.09759,-0.09913,0.17506,-0.52792,8,10,4,9,5,2,3,6,7,1
-0.51089,-0.48379,-2.30876,-0.59238,-0.09759,-0.09913,0.17506,-0.52792,8,10,3,9,5,2,4,6,7,1
-0.51089,-0.40306,-1.50083,-1.03017,-0.09759,-0.09913,-0.34418,-0.52792,8,10,3,9,6,2,4,5,7,1
-0.36517,0.5656,-2.30876,-0.66534,-0.09759,-0.09913,0.17506,-0.52792,9,10,3,7,4,2,5,6,8,1
-0.36517,0.5656,-2.30876,-0.66534,-0.09759,-0.09913,0.17506,-0.52792,9,10,3,7,4,2,5,6,8,1
-0.58375,-0.48379,-1.96251,-0.66534,-0.09759,-0.09913,0.6943,-0.05824,8,10,6,9,5,2,3,4,7,1
0.14483,0.00054,0.34587,-1.1761,-0.09759,-0.09913,-0.34418,-0.52792,8,10,2,9,7,6,4,3,5,1
0.21769,0.48487,-0.11581,1.45065,-0.09759,-0.09913,0.34814,-0.52792,9,10,2,5,6,8,3,4,7,1
-0.36517,0.32343,0.46129,2.6181,-0.09759,-0.09913,0.52122,-0.52792,7,10,3,8,5,9,1,4,6,2
0.07197,-0.56451,1.50005,-0.59238,-0.09759,-0.09913,0.34814,-0.52792,7,10,2,9,6,8,4,3,5,1
0.07197,0.16199,-0.23123,1.74251,-0.09759,-0.09913,0.17506,-0.52792,9,10,2,7,5,8,3,4,6,1
0.36341,-0.08018,-0.00039,1.45065,-0.09759,-0.09913,0.34814,-0.24611,9,10,2,7,5,8,3,4,6,1
-0.00088,-0.32234,0.23045,-0.73831,-0.09759,-0.09913,0.34814,-0.15217,8,10,2,9,7,5,4,3,6,1
-0.00088,0.24271,-0.57748,1.30472,-0.09759,-0.09913,-0.1711,-0.52792,9,10,2,8,5,6,3,4,7,1
-0.36517,0.72704,0.34587,3.49368,-0.09759,-0.09913,-0.51725,-0.24611,8,10,6,7,4,9,1,3,5,2
0.50912,0.88848,0.5767,2.98292,-0.09759,-0.09913,-0.34418,-0.52792,8,10,3,4,5,9,1,6,7,2
0.29055,-0.40306,1.38464,-0.9572,-0.09759,-0.09913,0.34814,-0.15217,7,10,2,9,6,8,4,3,5,1
1.2377,0.08127,0.34587,0.13728,-0.09759,-0.09913,0.17506,-0.52792,9,10,1,4,6,8,3,5,7,2
-1.09376,-0.08018,-0.34665,-0.30051,-0.09759,-0.09913,0.00198,0.0357,8,10,5,9,7,3,4,2,6,1
-0.21946,1.04992,1.84631,1.37769,-0.09759,-0.09913,-2.24804,-1.56122,5,10,6,7,4,9,3,2,8,1
0.07197,-1.291,-0.80832,-0.59238,-0.09759,-0.09913,-0.34418,-0.24611,8,10,2,9,6,3,5,4,7,1
0.43627,-0.40306,1.03838,-0.88424,-0.09759,-0.09913,0.17506,-0.15217,8,10,2,9,6,7,4,3,5,1
-0.36517,-0.96812,1.03838,-0.59238,-0.09759,-0.09913,-1.03649,1.63263,4,10,9,8,6,5,3,1,7,2
-0.51089,0.08127,1.1538,-0.08162,-0.09759,-0.09913,0.86738,-0.52792,8,10,2,9,6,7,4,3,5,1
-0.21946,0.72704,-0.80832,-0.9572,-0.09759,-0.09913,1.04046,0.22357,9,10,5,7,6,2,4,3,8,1
-0.72947,-0.40306,-0.92374,-0.66534,-0.09759,-0.09913,0.6943,-0.15217,8,10,4,9,6,2,5,3,7,1
2.84058,2.50291,-1.61625,3.27479,-0.09759,-0.09913,0.86738,3.32349,7,10,9,1,3,6,4,2,8,5
0.58198,0.40415,0.23045,-0.30051,-0.09759,-0.09913,-1.03649,-0.52792,9,10,1,5,6,8,4,3,7,2
0.65484,0.5656,-0.46206,-0.88424,-0.09759,-0.09913,0.34814,-0.52792,9,10,2,3,7,6,4,5,8,1
-0.07374,-0.72595,-2.07793,-0.37348,-0.09759,-0.09913,0.00198,0.41145,9,10,8,6,5,2,3,4,7,1
-1.09376,0.24271,-1.73167,0.5021,-0.09759,-0.09913,0.00198,0.41145,8,10,7,9,5,2,3,4,6,1
-0.58375,-1.45244,1.26922,-0.9572,-0.09759,-0.09913,-6.22886,-0.05824,4,10,1,8,5,9,6,2,7,3
-0.00088,-0.32234,-0.92374,0.42914,-0.09759,-0.09913,1.04046,2.57199,5,10,9,4,7,2,6,1,8,3
1.31056,0.00054,-0.80832,0.06431,-0.09759,-0.09913,1.90585,-0.52792,9,10,2,3,4,7,5,6,8,1
-0.00088,-0.40306,-0.11581,0.28321,-0.09759,-0.09913,-0.51725,1.16294,6,10,9,8,5,3,4,2,7,1
-0.29232,-0.72595,-0.00039,1.30472,-0.09759,-0.09913,0.52122,-0.52792,8,10,2,9,6,7,3,4,5,1
-1.31233,-1.12956,-1.84709,-0.51941,-0.09759,-0.09913,0.86738,-0.15217,8,10,6,9,5,2,4,3,7,1
-0.72947,0.08127,-0.92374,-0.9572,-0.09759,-0.09913,-0.86341,-0.24611,8,10,2,9,6,3,5,4,7,1
1.45628,1.85714,-1.50083,0.79396,-0.09759,-0.09913,-0.34418,0.31751,9,10,3,1,4,6,5,7,8,2
2.25772,2.09931,-2.07793,0.79396,-0.09759,-0.09913,0.17506,-0.52792,9,10,2,1,4,6,5,7,8,3
1.09199,0.88848,-1.27,0.28321,-0.09759,-0.09913,1.21354,0.0357,9,10,3,2,4,6,5,7,8,1
-0.21946,-0.56451,-1.73167,0.42914,-0.09759,-0.09913,0.6943,-0.52792,9,10,2,8,5,3,4,6,7,1
-0.58375,-2.0175,1.1538,-0.88424,-0.09759,-0.09913,-0.86341,-0.52792,6,10,4,9,7,8,3,2,5,1
-1.96805,-1.291,-1.03916,0.13728,-0.09759,-0.09913,0.00198,-0.05824,8,10,7,9,6,2,4,3,5,1
2.54915,0.48487,-1.96251,0.86693,10.24695,-0.09913,0.86738,-0.24611,3,1,6,7,2,5,8,4,9,10
-1.16661,-1.53317,1.1538,0.79396,-0.09759,-0.09913,0.00198,0.22357,6,10,8,9,5,7,3,2,4,1
0.65484,0.24271,-0.34665,-0.00865,-0.09759,-0.09913,0.52122,0.31751,9,10,5,2,7,6,4,3,8,1
1.2377,1.04992,-1.84709,1.08583,-0.09759,-0.09913,1.73277,0.50538,9,10,7,1,3,5,4,6,8,2
1.45628,1.85714,-1.38541,0.721,-0.09759,-0.09913,0.6943,-0.52792,9,10,2,1,4,6,5,7,8,3
0.29055,0.08127,0.46129,1.88844,-0.09759,-0.09913,-0.51725,-0.24611,8,10,2,7,5,9,3,4,6,1
0.21769,0.00054,0.46129,2.18031,-0.09759,-0.09913,-0.1711,1.25688,6,10,9,4,5,7,2,3,8,1
2.47629,1.04992,-1.38541,-0.22755,-0.09759,-0.09913,0.52122,-0.52792,9,10,2,1,4,6,5,8,7,3
2.84058,2.18003,-1.61625,0.57507,-0.09759,-0.09913,-1.03649,-0.52792,9,10,2,1,4,6,5,8,7,3
-0.1466,-0.56451,-0.57748,-0.66534,-0.09759,-0.09913,-0.34418,0.88113,7,10,9,8,5,3,4,2,6,1
-1.0209,-1.21028,-0.34665,-0.30051,-0.09759,-0.09913,-1.03649,0.31751,7,10,8,9,6,3,4,2,5,1
0.50912,-0.08018,-0.23123,-0.73831,-0.09759,-0.09913,0.17506,-0.52792,9,10,2,8,6,5,4,3,7,1
-0.51089,0.16199,0.34587,1.88844,10.24695,-0.09913,-0.1711,-0.52792,3,1,6,7,2,5,8,4,9,10
-0.87518,-0.08018,0.46129,5.39078,-0.09759,-0.09913,0.00198,-0.05824,6,10,8,7,2,9,1,3,4,5
-0.51089,-1.45244,0.69212,0.06431,-0.09759,-0.09913,-0.51725,-0.05824,8,10,4,9,7,6,3,2,5,1
2.47629,2.98724,-0.57748,2.03438,-0.09759,-0.09913,-3.80575,-0.52792,8,10,1,2,3,9,5,6,7,4
-1.67662,0.48487,0.69212,-0.59238,-0.09759,-0.09913,0.34814,-0.52792,8,10,3,9,7,6,4,2,5,1
2.84058,2.58363,1.1538,1.66955,-0.09759,-0.09913,0.86738,-0.52792,8,10,1,2,4,9,5,7,6,3
2.62201,3.39085,-0.00039,0.79396,10.24695,-0.09913,0.52122,0.41145,3,1,6,7,2,5,8,4,9,10
-0.94804,0.40415,-2.42418,0.42914,-0.09759,-0.09913,0.17506,-0.52792,9,10,3,8,5,2,4,6,7,1
2.69487,2.66436,0.80754,0.721,-0.09759,-0.09913,-2.42112,-0.52792,8,10,1,2,4,9,5,6,7,3
-0.51089,-0.40306,0.46129,-0.88424,-0.09759,-0.09913,0.00198,0.31751,8,10,7,9,6,4,3,2,5,1
0.14483,-0.1609,0.46129,0.13728,-0.09759,-0.09913,0.6943,-0.52792,8,10,2,9,6,7,3,4,5,1
1.96629,0.80776,-0.92374,0.5021,-0.09759,-0.09913,1.21354,-0.52792,9,10,1,2,4,7,5,6,8,3
1.89343,1.93786,0.69212,0.57507,-0.09759,-0.09913,0.17506,0.22357,9,10,3,1,4,8,5,6,7,2
0.58198,2.09931,-1.15458,0.79396,-0.09759,-0.09913,0.6943,0.22357,9,10,3,2,4,6,5,7,8,1
3.20487,0.80776,-1.96251,1.66955,-0.09759,-0.09913,0.6943,-0.52792,9,10,2,1,4,8,5,7,6,3
-1.0209,-0.48379,0.80754,-0.59238,-0.09759,-0.09913,-1.38265,-0.52792,8,10,2,9,6,7,4,3,5,1
-0.58375,0.08127,-1.27,-0.30051,-0.09759,-0.09913,-0.1711,-0.15217,8,10,3,9,6,2,4,5,7,1
0.14483,-0.1609,0.92296,2.10734,-0.09759,-0.09913,-0.34418,-0.52792,7,10,3,8,5,9,2,4,6,1
-0.58375,-1.45244,-0.23123,-0.73831,-0.09759,-0.09913,0.86738,-0.52792,8,10,4,9,7,3,5,2,6,1
-0.51089,-0.96812,0.11503,-0.15458,-0.09759,-0.09913,-0.69033,0.50538,7,10,8,9,6,4,3,2,5,1
-0.1466,0.5656,0.23045,2.54513,-0.09759,-0.09913,0.17506,-0.52792,8,10,3,7,5,9,1,4,6,2
2.40343,0.24271,0.23045,-0.44645,-0.09759,-0.09913,-0.34418,-0.24611,9,10,1,3,4,8,5,6,7,2
-1.0209,-1.291,-0.46206,-0.51941,-0.09759,-0.09913,0.34814,-0.52792,8,10,4,9,7,3,5,2,6,1
0.07197,-0.56451,-0.34665,-0.51941,-0.09759,-0.09913,0.34814,0.88113,7,10,9,8,5,3,4,2,6,1
0.29055,0.32343,-0.11581,-0.88424,-0.09759,-0.09913,1.04046,-0.52792,9,10,2,8,6,5,4,3,7,1
-0.43803,-0.72595,-0.6929,-0.9572,-0.09759,-0.09913,-0.1711,1.35082,6,10,9,8,5,3,4,2,7,1
0.14483,0.9692,0.46129,-0.51941,-0.09759,-0.09913,0.00198,-0.52792,9,10,2,7,6,8,3,4,5,1
-0.29232,-0.80667,-1.38541,-0.59238,-0.09759,-0.09913,-0.1711,-0.52792,8,10,3,9,6,2,5,4,7,1
1.31056,0.00054,0.5767,2.83699,-0.09759,-0.09913,-0.69033,0.31751,8,10,7,3,5,9,1,4,6,2
0.21769,-0.48379,-0.34665,-0.30051,-0.09759,-0.09913,0.52122,-0.52792,9,10,2,8,7,5,4,3,6,1
-0.1466,-0.1609,-0.00039,1.52362,-0.09759,-0.09913,0.86738,-0.52792,8,10,2,9,5,7,3,4,6,1
-0.29232,-2.90543,-1.61625,-0.37348,-0.09759,-0.09913,0.00198,-0.24611,8,10,6,9,5,2,4,3,7,1
-0.00088,-0.40306,-0.23123,-0.66534,-0.09759,-0.09913,0.00198,-0.15217,8,10,2,9,7,5,4,3,6,1
-0.43803,0.24271,-0.80832,-0.66534,-0.09759,-0.09913,0.6943,4.45073,3,10,9,4,7,2,6,1,8,5
-0.29232,-0.24162,-0.46206,-0.73831,-0.09759,-0.09913,0.17506,-0.52792,8,10,2,9,7,4,5,3,6,1
0.14483,-0.08018,0.80754,2.25327,-0.09759,-0.09913,0.17506,-0.52792,8,10,3,7,5,9,2,4,6,1
0.87341,1.13065,0.69212,-0.44645,-0.09759,-0.09913,-0.34418,0.50538,9,10,6,2,5,8,4,3,7,1
-0.29232,-1.45244,0.92296,-0.66534,-0.09759,-0.09913,1.90585,-0.24611,7,10,3,9,6,8,4,2,5,1
2.03914,-0.1609,-0.34665,0.28321,-0.09759,-0.09913,0.52122,1.8205,7,10,9,1,6,4,5,3,8,2
-0.07374,0.9692,1.73089,-0.59238,-0.09759,-0.09913,-0.69033,1.44475,4,10,9,6,5,7,3,2,8,1
-0.00088,-1.291,1.38464,-0.51941,-0.09759,-0.09913,1.21354,-0.52792,7,10,3,9,6,8,4,2,5,1
-0.80232,-1.04884,-1.96251,-0.22755,-0.09759,-0.09913,0.52122,-0.15217,8,10,5,9,6,2,3,4,7,1
-0.80232,-1.04884,0.69212,-0.81127,-0.09759,-0.09913,0.00198,-0.05824,8,10,4,9,7,6,3,2,5,1
-1.23947,-1.04884,0.46129,0.13728,-0.09759,-0.09913,0.52122,-0.05824,8,10,4,9,7,5,3,2,6,1
-0.80232,-1.04884,-1.96251,-0.22755,-0.09759,-0.09913,0.34814,-0.15217,8,10,5,9,6,2,3,4,7,1
-1.23947,-0.96812,0.34587,-0.00865,-0.09759,-0.09913,0.34814,-0.05824,8,10,4,9,7,5,3,2,6,1
-0.1466,0.08127,0.80754,-0.15458,-0.09759,-0.09913,0.00198,-0.52792,8,10,2,9,6,7,4,3,5,1
-0.00088,0.9692,0.46129,2.90996,-0.09759,-0.09913,-0.1711,-0.52792,8,10,3,6,5,9,1,4,7,2
-0.21946,0.32343,0.46129,1.59658,-0.09759,-0.09913,0.52122,-0.15217,9,10,2,8,5,7,3,4,6,1
1.602,0.64632,-0.92374,0.13728,-0.09759,-0.09913,-0.34418,-0.52792,9,10,1,3,4,6,5,7,8,2
-0.65661,-0.72595,0.11503,-0.51941,-0.09759,-0.09913,1.21354,-0.52792,8,10,2,9,7,5,4,3,6,1
2.25772,1.21137,0.23045,1.08583,-0.09759,-0.09913,1.21354,-0.15217,9,10,1,2,4,8,5,6,7,3
-0.00088,-0.08018,0.23045,-0.44645,-0.09759,-0.09913,-1.20957,2.29018,4,10,9,6,7,3,5,1,8,2
-2.33234,-0.1609,-0.46206,-1.03017,-0.09759,-0.09913,-8.65196,-0.24611,3,10,1,7,4,9,6,2,8,5
-1.74948,-0.96812,0.23045,0.721,-0.09759,-0.09913,-0.34418,2.66593,4,10,9,8,6,2,5,1,7,3
0.21769,0.08127,0.11503,-1.10313,-0.09759,-0.09913,-0.1711,1.25688,7,10,9,5,6,3,4,2,8,1
0.58198,-0.08018,-0.00039,1.08583,-0.09759,-0.09913,1.21354,-0.52792,9,10,2,6,5,8,3,4,7,1
0.87341,0.80776,-0.34665,-0.73831,-0.09759,-0.09913,0.52122,-0.52792,9,10,2,3,6,7,4,5,8,1
1.31056,0.64632,0.11503,-0.51941,-0.09759,10.87141,0.6943,-0.52792,3,4,5,6,7,8,2,9,1,10
-0.72947,0.16199,0.34587,1.88844,-0.09759,-0.09913,0.17506,-0.52792,8,10,3,9,6,7,2,4,5,1
0.07197,-0.24162,-1.03916,1.30472,-0.09759,-0.09913,0.00198,-0.52792,9,10,2,8,6,4,3,5,7,1
1.602,0.48487,-1.15458,-0.00865,-0.09759,-0.09913,0.17506,-0.15217,9,10,2,3,4,6,5,7,8,1
-0.07374,-0.48379,-0.57748,-0.30051,-0.09759,-0.09913,0.17506,-0.52792,8,10,2,9,7,3,5,4,6,1
-1.31233,-0.24162,0.5767,-0.08162,-0.09759,-0.09913,-0.1711,-0.52792,8,10,2,9,7,6,4,3,5,1
-0.29232,0.5656,0.23045,0.13728,-0.09759,-0.09913,0.34814,-0.52792,9,10,2,8,7,6,3,4,5,1
0.21769,-0.1609,-0.57748,1.30472,-0.09759,-0.09913,-0.1711,-0.05824,9,10,2,8,5,6,3,4,7,1
-0.07374,-0.1609,-0.46206,2.69106,-0.09759,-0.09913,0.34814,-0.52792,9,10,3,7,5,8,1,4,6,2
1.45628,0.24271,-0.92374,-0.30051,-0.09759,-0.09913,0.17506,0.0357,9,10,2,3,4,6,5,7,8,1
1.31056,1.45353,-0.11581,-0.81127,-0.09759,-0.09913,0.52122,-0.52792,9,10,1,3,4,8,5,6,7,2
-0.21946,0.80776,-1.73167,-0.37348,-0.09759,-0.09913,0.34814,-0.52792,9,10,2,6,5,3,4,7,8,1
0.36341,-0.08018,-0.57748,-0.59238,-0.09759,-0.09913,-0.1711,-0.52792,9,10,2,8,6,5,3,4,7,1
-0.72947,0.24271,1.26922,-0.37348,-0.09759,-0.09913,-0.34418,0.50538,6,10,8,9,5,7,3,2,4,1
0.50912,-0.48379,-0.92374,-0.44645,-0.09759,-0.09913,0.6943,-0.52792,9,10,2,8,6,3,4,5,7,1
-0.72947,-0.24162,-0.23123,-0.59238,-0.09759,-0.09913,-0.69033,-0.52792,8,10,2,9,7,5,4,3,6,1
-1.16661,0.32343,0.46129,-0.9572,-0.09759,-0.09913,0.34814,-0.52792,8,10,2,9,7,6,4,3,5,1
-0.51089,2.66436,0.5767,-0.44645,-0.09759,-0.09913,-0.51725,1.16294,8,10,9,5,6,4,3,2,7,1
0.36341,1.21137,-0.00039,0.13728,-0.09759,-0.09913,0.86738,-0.52792,9,10,1,3,6,7,4,5,8,2
-1.5309,-0.32234,0.46129,0.06431,-0.09759,-0.09913,-0.1711,-0.52792,8,10,3,9,7,6,4,2,5,1
-0.29232,-0.64523,1.1538,-0.37348,-0.09759,-0.09913,-1.72881,-0.52792,7,10,2,9,6,8,4,3,5,1
2.18486,2.50291,0.5767,0.64803,-0.09759,-0.09913,-1.38265,-0.52792,9,10,1,2,4,8,5,6,7,3
2.112,1.93786,-0.11581,0.5021,-0.09759,-0.09913,-0.34418,-0.52792,9,10,1,2,4,8,5,7,6,3
-0.36517,-0.1609,1.50005,2.98292,-0.09759,-0.09913,-0.34418,-0.52792,7,10,5,8,4,9,1,3,6,2
1.16485,0.16199,0.23045,1.30472,-0.09759,-0.09913,1.04046,-0.05824,9,10,2,3,6,8,4,5,7,1
-0.00088,-0.08018,1.03838,1.52362,-0.09759,-0.09913,-0.1711,0.78719,6,10,9,8,4,7,2,3,5,1
0.29055,0.16199,0.46129,-0.44645,-0.09759,-0.09913,0.86738,-0.24611,9,10,2,8,6,7,4,3,5,1
-0.94804,-1.53317,0.34587,-0.73831,-0.09759,-0.09913,0.52122,1.53869,5,10,9,8,6,3,4,2,7,1
-0.51089,-0.88739,1.03838,-0.9572,-0.09759,-0.09913,-1.55573,1.44475,4,10,9,8,6,5,3,1,7,2
-0.1466,-0.24162,0.46129,2.10734,-0.09759,-0.09913,0.17506,3.51136,2,10,9,4,7,3,5,1,8,6
0.7277,0.72704,-0.57748,-0.22755,-0.09759,-0.09913,0.86738,-0.52792,9,10,2,3,5,7,4,6,8,1
-0.36517,1.85714,-0.34665,2.83699,-0.09759,-0.09913,0.6943,1.44475,7,10,9,2,5,6,1,4,8,3
1.16485,0.32343,-0.11581,-0.73831,-0.09759,-0.09913,0.6943,0.78719,8,10,9,2,6,5,4,3,7,1
-0.29232,0.40415,1.26922,-0.9572,-0.09759,-0.09913,-0.51725,-0.52792,7,10,2,9,6,8,4,3,5,1
-0.58375,0.00054,0.34587,-0.30051,-0.09759,10.87141,0.00198,-0.52792,3,4,5,6,7,8,2,9,1,10
1.16485,1.29209,-2.07793,2.03438,-0.09759,-0.09913,0.17506,-0.52792,9,10,3,1,4,6,5,7,8,2
1.74771,0.48487,-1.73167,0.721,-0.09759,-0.09913,0.17506,-0.24611,9,10,3,1,4,6,5,7,8,2
2.84058,0.16199,-1.03916,-0.00865,-0.09759,-0.09913,0.34814,0.31751,9,10,3,2,4,7,5,6,8,1
1.2377,0.08127,0.46129,-0.37348,-0.09759,-0.09913,-1.20957,0.22357,9,10,2,4,6,8,5,3,7,1
0.58198,-0.32234,-0.46206,0.57507,-0.09759,-0.09913,0.00198,1.44475,7,10,9,5,6,3,4,2,8,1
-0.72947,1.45353,-0.00039,4.0774,-0.09759,-0.09913,-1.03649,0.78719,7,10,9,5,3,8,1,2,6,4
0.65484,0.5656,-0.80832,-0.00865,-0.09759,-0.09913,0.17506,-0.52792,9,10,2,3,6,5,4,7,8,1
-0.80232,-1.61389,0.69212,-1.03017,-0.09759,-0.09913,0.52122,0.97507,5,10,9,8,7,4,3,2,6,1
0.7277,0.9692,0.46129,1.01286,-0.09759,-0.09913,0.00198,-0.52792,9,10,1,4,6,8,3,5,7,2
-1.0209,-0.80667,0.34587,1.59658,-0.09759,-0.09913,-0.34418,-0.52792,8,10,4,9,6,7,2,3,5,1
0.07197,-0.64523,0.69212,0.86693,-0.09759,-0.09913,-0.69033,-0.52792,8,10,2,9,6,7,3,4,5,1
-0.65661,0.32343,0.92296,-0.44645,-0.09759,-0.09913,0.34814,-0.52792,8,10,2,9,6,7,4,3,5,1
0.50912,-0.80667,1.38464,0.28321,-0.09759,-0.09913,-0.34418,-1.56122,6,10,8,9,5,7,3,2,4,1
0.14483,0.00054,1.03838,0.35617,-0.09759,-0.09913,0.00198,-0.52792,8,10,2,9,6,7,3,4,5,1
-0.58375,0.24271,0.34587,2.76403,-0.09759,-0.09913,-0.51725,-0.52792,7,10,4,8,5,9,1,3,6,2
-0.00088,-0.32234,1.61547,0.721,-0.09759,-0.09913,-0.1711,-0.52792,7,10,2,9,6,8,3,4,5,1
0.7277,0.08127,1.1538,0.86693,-0.09759,10.87141,0.34814,-0.34005,3,4,5,6,7,8,2,9,1,10
-0.36517,-0.96812,1.61547,-0.88424,-0.09759,-0.09913,0.6943,-0.52792,7,10,4,9,6,8,3,2,5,1
0.7277,0.5656,1.61547,1.88844,-0.09759,-0.09913,-0.51725,0.0357,8,10,3,6,5,9,2,4,7,1
0.21769,-0.64523,0.92296,0.21024,-0.09759,-0.09913,0.00198,-0.52792,8,10,2,9,6,7,4,3,5,1
-0.65661,0.16199,0.34587,1.08583,-0.09759,-0.09913,-1.90189,0.50538,6,10,7,9,4,8,3,2,5,1
-0.36517,-0.56451,1.50005,1.01286,-0.09759,-0.09913,1.55969,-1.56122,4,10,8,9,5,7,3,2,6,1
-0.43803,-0.48379,1.96173,0.64803,-0.09759,-0.09913,-0.34418,-0.15217,7,10,4,9,6,8,2,3,5,1
0.58198,0.16199,1.26922,0.5021,-0.09759,-0.09913,-2.07496,-1.56122,6,10,7,5,4,9,3,2,8,1
0.50912,0.88848,0.5767,0.06431,-0.09759,-0.09913,-1.03649,-0.62186,9,10,1,5,6,8,3,4,7,2
0.50912,0.64632,0.92296,0.64803,-0.09759,-0.09913,-0.1711,-0.52792,9,10,1,5,6,8,3,4,7,2
1.01913,1.13065,0.69212,-0.37348,-0.09759,-0.09913,0.00198,-0.52792,9,10,1,3,6,8,4,5,7,2
0.43627,0.00054,1.26922,1.66955,-0.09759,-0.09913,-0.69033,0.0357,8,10,3,7,5,9,2,4,6,1
0.7277,-0.32234,1.03838,-0.73831,-0.09759,-0.09913,-0.1711,-0.52792,7,10,2,9,6,8,4,3,5,1
-1.0209,-0.96812,0.69212,1.30472,-0.09759,-0.09913,-0.34418,-0.52792,8,10,4,9,6,7,3,2,5,1
0.21769,0.16199,1.26922,0.64803,-0.09759,-0.09913,0.00198,-0.52792,7,10,2,8,6,9,3,4,5,1
0.87341,0.72704,0.46129,1.52362,-0.09759,-0.09913,-0.69033,-0.52792,8,10,1,4,6,9,3,5,7,2
0.36341,0.00054,1.1538,0.35617,-0.09759,-0.09913,-0.69033,-0.05824,7,10,2,8,6,9,3,4,5,1
0.58198,0.24271,0.80754,1.45065,-0.09759,-0.09913,0.17506,-0.05824,8,10,2,6,5,9,3,4,7,1
1.09199,0.24271,0.5767,1.88844,-0.09759,-0.09913,-0.51725,-0.05824,8,10,2,4,6,9,3,5,7,1
-0.87518,0.32343,0.46129,1.08583,-0.09759,-0.09913,0.17506,-0.52792,8,10,2,9,6,7,3,4,5,1
0.58198,0.24271,-0.00039,1.96141,-0.09759,-0.09913,-0.51725,0.31751,9,10,6,3,5,8,2,4,7,1
0.80056,-0.32234,0.11503,0.79396,-0.09759,-0.09913,0.17506,-0.52792,9,10,2,7,5,8,3,4,6,1
0.36341,0.72704,-0.34665,2.76403,-0.09759,-0.09913,0.6943,0.50538,8,10,9,3,4,7,1,5,6,2
0.29055,1.13065,-0.00039,-0.9572,-0.09759,-0.09913,-0.1711,-0.52792,9,10,2,5,6,7,3,4,8,1
-0.72947,1.93786,-0.11581,-0.73831,-0.09759,-0.09913,0.17506,-0.52792,9,10,2,8,6,5,4,3,7,1
1.89343,2.09931,-1.73167,0.06431,-0.09759,-0.09913,-1.03649,-0.52792,9,10,2,1,4,6,5,7,8,3
0.07197,0.48487,0.11503,1.15879,-0.09759,-0.09913,0.52122,0.78719,8,10,9,4,5,6,3,2,7,1
-0.51089,-1.45244,-0.00039,0.21024,-0.09759,-0.09913,0.00198,-0.52792,8,10,2,9,7,5,4,3,6,1
-0.07374,-0.48379,-0.57748,2.10734,-0.09759,-0.09913,-0.34418,-0.52792,9,10,3,8,5,7,2,4,6,1
-1.31233,-0.40306,-0.6929,-0.44645,-0.09759,-0.09913,0.86738,0.50538,7,10,8,9,5,2,4,3,6,1
0.07197,0.80776,0.11503,-0.00865,-0.09759,-0.09913,0.6943,-0.52792,9,10,2,8,5,6,3,4,7,1
-0.07374,-0.32234,-0.92374,1.45065,-0.09759,-0.09913,0.86738,-0.52792,9,10,2,8,5,6,3,4,7,1
-0.00088,0.48487,-0.11581,2.54513,-0.09759,-0.09913,0.00198,-0.52792,9,10,3,6,5,8,1,4,7,2
0.07197,-0.1609,0.11503,1.23176,-0.09759,-0.09913,-0.1711,-0.52792,9,10,2,8,6,7,3,4,5,1
0.14483,-0.96812,1.38464,-1.03017,-0.09759,-0.09913,-1.55573,0.0357,7,10,4,9,6,8,3,2,5,1
0.21769,-0.80667,0.80754,-1.03017,-0.09759,-0.09913,0.52122,0.41145,7,10,8,9,6,5,3,2,4,1
0.07197,0.48487,1.38464,-0.15458,-0.09759,-0.09913,0.34814,2.19625,4,10,9,6,7,5,3,1,8,2
0.94627,0.80776,-0.00039,0.06431,-0.09759,-0.09913,0.86738,-0.52792,9,10,1,3,6,8,4,5,7,2
-0.29232,-0.48379,0.34587,0.35617,-0.09759,-0.09913,-0.34418,-0.52792,8,10,2,9,7,6,4,3,5,1
0.58198,0.5656,0.46129,3.12885,-0.09759,-0.09913,0.6943,-0.52792,8,10,4,3,5,9,1,6,7,2
0.80056,0.72704,-0.34665,1.66955,-0.09759,-0.09913,0.6943,-0.52792,9,10,1,3,5,8,4,6,7,2
0.94627,-0.24162,0.69212,-1.03017,-0.09759,-0.09913,0.00198,-0.52792,9,10,2,7,6,8,4,3,5,1
0.36341,0.24271,0.46129,1.01286,-0.09759,-0.09913,-0.34418,-0.52792,9,10,1,7,6,8,3,4,5,2
-0.65661,-0.24162,0.92296,2.6181,-0.09759,-0.09913,0.00198,-0.52792,7,10,4,9,5,8,1,3,6,2
-0.43803,0.24271,0.34587,0.79396,-0.09759,-0.09913,0.17506,-0.52792,8,10,2,9,6,7,3,4,5,1
0.50912,-0.80667,-0.23123,-0.15458,-0.09759,-0.09913,0.86738,-0.52792,8,10,2,9,6,5,4,3,7,1
-0.29232,-0.32234,0.69212,-1.03017,-0.09759,-0.09913,0.86738,-0.52792,8,10,2,9,7,6,4,3,5,1
-0.21946,-0.32234,0.5767,0.13728,-0.09759,-0.09913,-1.03649,1.72656,5,10,9,7,6,4,3,1,8,2
-0.80232,-1.21028,-0.11581,-0.66534,-0.09759,-0.09913,-0.1711,-0.52792,8,10,3,9,7,4,5,2,6,1
0.58198,-0.96812,-1.15458,-0.37348,-0.09759,-0.09913,0.00198,-0.52792,9,10,2,8,6,3,4,5,7,1
0.21769,-0.72595,-0.00039,-0.15458,10.24695,-0.09913,-0.51725,-0.52792,3,1,6,7,2,5,8,4,9,10
-0.51089,-0.80667,-0.00039,-0.59238,-0.09759,-0.09913,0.00198,0.0357,8,10,5,9,7,4,3,2,6,1
-0.65661,0.72704,-0.46206,-0.51941,-0.09759,-0.09913,-2.42112,-0.52792,8,10,1,9,5,6,4,3,7,2
0.58198,0.48487,0.23045,-0.08162,-0.09759,-0.09913,1.21354,0.69326,8,10,9,3,5,6,4,2,7,1
0.07197,1.21137,0.34587,-0.51941,-0.09759,-0.09913,-0.1711,-0.52792,9,10,2,5,7,8,3,4,6,1
2.25772,2.34147,-2.07793,0.79396,-0.09759,-0.09913,-1.55573,-0.52792,9,10,2,1,4,6,5,7,8,3
-0.43803,-0.72595,-2.42418,-0.37348,-0.09759,-0.09913,-0.1711,-0.52792,8,10,3,9,5,2,4,6,7,1
-0.07374,0.80776,0.5767,-0.66534,-0.09759,-0.09913,-1.03649,-0.52792,9,10,2,8,6,7,4,3,5,1
0.43627,1.04992,0.23045,-0.44645,-0.09759,-0.09913,-2.76728,-0.15217,8,10,1,4,6,9,5,3,7,2
-0.58375,-1.77533,0.80754,-0.59238,-0.09759,-0.09913,-1.38265,-0.52792,8,10,3,9,6,7,4,2,5,1
0.07197,-0.32234,0.46129,1.08583,-0.09759,-0.09913,0.52122,-0.52792,8,10,2,9,6,7,3,4,5,1
0.7277,0.08127,0.23045,1.37769,-0.09759,-0.09913,0.00198,-0.05824,9,10,2,5,6,8,3,4,7,1
-0.94804,-0.72595,-0.57748,-0.88424,-0.09759,-0.09913,-0.51725,-0.52792,8,10,4,9,7,3,5,2,6,1
-0.94804,0.08127,0.80754,1.01286,-0.09759,-0.09913,-0.34418,-0.05824,8,10,4,9,6,7,2,3,5,1
-1.0209,-0.88739,0.5767,-0.00865,-0.09759,-0.09913,-0.1711,-0.52792,8,10,3,9,7,6,4,2,5,1
-0.00088,-1.12956,0.34587,1.08583,-0.09759,-0.09913,0.86738,0.78719,7,10,9,8,5,4,3,2,6,1
0.65484,0.64632,-1.27,1.88844,-0.09759,-0.09913,0.00198,0.31751,9,10,6,2,4,7,3,5,8,1
2.03914,1.04992,0.34587,-0.9572,-0.09759,-0.09913,0.6943,-0.52792,9,10,1,3,4,8,5,6,7,2
-0.21946,0.72704,-1.50083,0.35617,-0.09759,-0.09913,0.17506,0.78719,8,10,9,5,6,2,3,4,7,1
-0.1466,0.9692,0.23045,0.28321,-0.09759,-0.09913,0.17506,0.88113,8,10,9,5,6,4,3,2,7,1
0.21769,0.88848,0.11503,1.66955,-0.09759,-0.09913,0.6943,-0.05824,9,10,2,4,6,8,3,5,7,1
-0.1466,0.32343,0.34587,2.47217,-0.09759,-0.09913,0.52122,0.31751,8,10,7,6,4,9,1,3,5,2
-1.23947,-0.32234,0.34587,0.21024,-0.09759,-0.09913,0.00198,2.57199,4,10,9,7,6,2,5,1,8,3
-1.0209,-0.48379,0.11503,-0.66534,-0.09759,-0.09913,1.73277,-0.80973,8,10,3,9,7,5,4,2,6,1
-0.80232,-1.291,2.07715,0.28321,-0.09759,-0.09913,0.00198,0.12964,6,10,5,9,7,8,3,2,4,1
-2.84235,-0.72595,1.96173,-0.9572,-0.09759,-0.09913,-0.86341,0.12964,5,10,8,9,6,7,3,2,4,1
-0.72947,0.24271,-0.6929,-0.59238,-0.09759,-0.09913,0.6943,0.31751,8,10,7,9,5,2,4,3,6,1
-0.21946,0.00054,0.5767,-0.51941,-0.09759,-0.09913,2.07893,-0.52792,8,10,2,9,5,7,4,3,6,1
-1.09376,0.00054,-0.6929,0.06431,-0.09759,-0.09913,0.17506,-0.52792,8,10,2,9,7,3,5,4,6,1
-1.0209,-1.61389,-0.00039,-0.51941,-0.09759,-0.09913,0.86738,0.22357,7,10,8,9,6,3,4,2,5,1
-0.07374,-0.48379,0.11503,-0.59238,-0.09759,-0.09913,0.34814,-0.05824,8,10,2,9,7,5,4,3,6,1
-1.09376,-0.48379,0.46129,-0.00865,-0.09759,-0.09913,0.34814,-0.15217,8,10,3,9,7,5,4,2,6,1
-0.51089,-1.77533,0.34587,0.57507,-0.09759,-0.09913,0.86738,2.75987,4,10,9,7,6,2,5,1,8,3
-1.23947,-0.1609,0.5767,-0.73831,-0.09759,-0.09913,0.52122,4.45073,3,10,9,5,7,2,6,1,8,4
-0.36517,-2.34038,-0.11581,-0.15458,-0.09759,-0.09913,-0.69033,0.31751,7,10,8,9,6,3,4,2,5,1
-0.43803,-1.291,1.26922,-0.9572,-0.09759,-0.09913,-0.1711,-0.15217,7,10,4,9,6,8,3,2,5,1
2.69487,-0.24162,1.1538,1.52362,-0.09759,-0.09913,1.55969,-0.52792,8,10,1,3,4,9,5,6,7,2
-1.45805,0.40415,0.92296,-0.73831,-0.09759,-0.09913,1.90585,0.0357,7,10,4,9,5,8,3,2,6,1
-1.5309,-1.291,0.5767,-0.15458,-0.09759,-0.09913,0.17506,-0.52792,8,10,4,9,7,6,3,2,5,1
1.82057,1.37281,0.11503,0.21024,-0.09759,-0.09913,0.34814,0.78719,9,10,8,1,4,6,5,3,7,2
-0.21946,-0.24162,-0.00039,-0.81127,-0.09759,-0.09913,0.00198,1.91444,5,10,9,7,6,3,4,1,8,2
0.07197,-1.291,-0.11581,-0.73831,-0.09759,-0.09913,0.52122,-0.62186,8,10,2,9,7,5,4,3,6,1
1.01913,2.09931,0.11503,-0.59238,-0.09759,-0.09913,-0.69033,-0.52792,9,10,1,3,5,8,4,6,7,2
-0.36517,-0.72595,0.92296,1.59658,-0.09759,-0.09913,0.52122,3.41742,2,10,9,6,7,3,4,1,8,5
2.91344,0.32343,1.03838,-0.44645,-0.09759,-0.09913,-0.34418,-0.52792,8,10,1,3,4,9,5,6,7,2
2.76773,0.72704,0.46129,0.9399,-0.09759,-0.09913,-1.55573,0.22357,8,10,2,1,4,9,5,6,7,3
1.45628,0.08127,-0.34665,-0.15458,-0.09759,-0.09913,0.52122,-0.24611,9,10,2,3,5,8,4,6,7,1
-1.82234,-1.12956,0.92296,0.28321,-0.09759,-0.09913,1.38661,0.31751,7,10,8,9,6,5,3,2,4,1
1.38342,0.9692,-0.11581,-1.90575,10.24695,-0.09913,-0.51725,-0.52792,3,1,6,7,2,5,8,4,9,10
2.40343,0.5656,-0.92374,2.25327,-0.09759,-0.09913,0.00198,0.41145,9,10,5,1,3,8,4,6,7,2
-0.51089,-0.96812,-1.38541,-1.03017,-0.09759,-0.09913,0.00198,-0.52792,8,10,3,9,6,2,5,4,7,1
2.03914,1.21137,-1.15458,-0.73831,-0.09759,-0.09913,2.25201,-0.52792,9,10,3,1,4,7,5,6,8,2
0.14483,1.13065,-1.84709,-0.73831,-0.09759,-0.09913,1.21354,-0.52792,9,10,2,3,5,4,6,7,8,1
1.82057,1.29209,1.61547,0.9399,-0.09759,-0.09913,-0.69033,0.41145,8,10,3,2,6,9,4,5,7,1
-0.65661,-0.08018,0.92296,-0.30051,-0.09759,-0.09913,0.34814,-0.52792,8,10,2,9,6,7,4,3,5,1
0.58198,0.08127,0.69212,-0.73831,-0.09759,-0.09913,-2.76728,-0.52792,7,10,1,6,5,9,4,3,8,2
-0.1466,-0.08018,-0.57748,-0.22755,-0.09759,-0.09913,0.17506,-0.52792,9,10,2,8,6,3,4,5,7,1
-0.80232,-0.64523,-0.11581,-1.1761,-0.09759,-0.09913,-0.1711,3.51136,3,10,9,6,7,2,5,1,8,4
-1.38519,-0.64523,-0.23123,-0.66534,-0.09759,-0.09913,-0.1711,2.38412,4,10,9,8,6,2,5,1,7,3
-0.80232,-1.77533,0.46129,-0.88424,-0.09759,-0.09913,1.55969,-0.52792,8,10,4,9,7,5,3,2,6,1
1.89343,1.37281,-1.50083,-0.30051,-0.09759,-0.09913,0.6943,-0.52792,9,10,2,1,4,5,6,7,8,3
-0.07374,-1.85605,0.80754,-0.59238,-0.09759,10.87141,0.6943,-0.52792,3,4,5,6,7,8,2,9,1,10
-1.60376,-0.1609,0.69212,-0.73831,-0.09759,-0.09913,-0.34418,-0.15217,8,10,4,9,7,6,3,2,5,1
1.38342,-0.88739,0.23045,-1.03017,-0.09759,-0.09913,-2.07496,0.69326,6,10,9,5,4,8,3,2,7,1
1.01913,0.16199,-0.00039,-0.00865,-0.09759,-0.09913,0.17506,0.31751,9,10,3,2,6,7,5,4,8,1
0.43627,-0.1609,-0.00039,0.28321,-0.09759,-0.09913,0.17506,-0.52792,9,10,2,8,7,6,3,4,5,1
-0.00088,0.00054,0.46129,-0.73831,-0.09759,-0.09913,-0.1711,-0.52792,8,10,2,9,7,6,4,3,5,1
-0.21946,-0.56451,1.03838,0.06431,-0.09759,-0.09913,0.86738,-0.52792,8,10,2,9,6,7,4,3,5,1
1.31056,0.72704,-0.6929,1.66955,-0.09759,-0.09913,-1.72881,-0.15217,9,10,1,2,5,8,4,6,7,3
-0.00088,0.08127,0.80754,0.06431,-0.09759,-0.09913,-0.34418,-0.52792,8,10,2,9,6,7,3,4,5,1
-0.36517,-0.32234,1.26922,-0.44645,-0.09759,-0.09913,2.07893,-0.52792,7,10,2,9,5,8,4,3,6,1
0.21769,0.08127,-1.61625,-0.9572,-0.09759,-0.09913,0.34814,-0.52792,9,10,2,7,5,3,4,6,8,1
0.7277,0.32343,0.46129,1.96141,-0.09759,-0.09913,0.34814,-0.05824,8,10,3,4,6,9,2,5,7,1
-0.07374,0.16199,0.34587,3.20182,-0.09759,-0.09913,0.17506,-0.52792,8,10,5,7,4,9,1,3,6,2
-0.07374,-0.40306,0.34587,-0.73831,-0.09759,-0.09913,-0.1711,0.31751,8,10,7,9,6,4,3,2,5,1
0.07197,-0.32234,0.80754,-0.08162,-0.09759,-0.09913,0.52122,-0.52792,8,10,2,9,6,7,4,3,5,1
-0.07374,-0.40306,-0.46206,-0.59238,-0.09759,-0.09913,-0.1711,0.31751,8,10,7,9,5,3,4,2,6,1
0.14483,-0.32234,0.11503,-0.59238,-0.09759,-0.09913,0.00198,-0.52792,8,10,2,9,7,5,4,3,6,1
0.36341,0.72704,0.23045,-1.1761,-0.09759,-0.09913,0.52122,-0.52792,9,10,2,5,6,8,3,4,7,1
-0.80232,0.64632,-0.00039,-1.1761,-0.09759,-0.09913,0.17506,-0.24611,8,10,2,9,7,5,4,3,6,1
1.45628,2.74508,-0.11581,0.13728,10.24695,-0.09913,1.38661,-0.52792,3,1,6,7,2,5,8,4,9,10
-1.23947,-0.96812,-0.57748,-0.51941,-0.09759,-0.09913,0.6943,0.88113,7,10,9,8,5,3,4,2,6,1
0.80056,-0.32234,-0.6929,1.52362,-0.09759,-0.09913,0.00198,0.88113,8,10,9,4,5,6,2,3,7,1
-0.65661,-0.1609,-1.38541,-0.9572,-0.09759,-0.09913,0.17506,0.69326,7,10,9,8,5,2,4,3,6,1
-0.94804,-0.64523,1.1538,-0.9572,-0.09759,-0.09913,0.17506,-0.52792,8,10,4,9,7,6,3,2,5,1
-0.36517,0.64632,1.03838,1.30472,-0.09759,-0.09913,1.04046,-0.52792,7,10,2,9,5,8,3,4,6,1
1.74771,3.14869,-2.07793,-0.15458,-0.09759,-0.09913,0.6943,0.41145,9,10,4,1,3,5,6,7,8,2
-1.60376,-0.32234,-2.77044,-0.59238,-0.09759,-0.09913,-1.90189,-0.52792,7,10,4,9,3,2,5,6,8,1
0.07197,-0.32234,-0.11581,-0.37348,-0.09759,-0.09913,0.86738,-0.52792,8,10,2,9,7,5,4,3,6,1
2.18486,2.58363,0.80754,-0.00865,-0.09759,-0.09913,1.21354,-0.05824,9,10,1,2,4,8,5,6,7,3
-0.29232,-0.08018,-0.57748,0.13728,-0.09759,-0.09913,0.86738,-0.52792,8,10,2,9,6,5,3,4,7,1
-0.72947,-1.12956,0.5767,-0.81127,-0.09759,-0.09913,0.52122,-0.52792,8,10,3,9,7,6,4,2,5,1
1.2377,-0.32234,0.92296,0.28321,-0.09759,-0.09913,1.21354,-0.05824,8,10,2,6,5,9,3,4,7,1
-0.00088,-1.45244,-0.11581,1.66955,-0.09759,-0.09913,-0.34418,0.41145,7,10,8,9,4,5,2,3,6,1
-0.36517,0.24271,-0.34665,1.23176,-0.09759,-0.09913,0.00198,-0.05824,9,10,2,8,6,5,3,4,7,1
1.82057,0.80776,-0.80832,0.64803,-0.09759,-0.09913,-0.86341,-0.05824,9,10,1,2,4,8,5,6,7,3
0.43627,1.45353,0.23045,0.9399,-0.09759,-0.09913,-2.42112,-0.52792,8,10,1,3,6,9,4,5,7,2
-0.1466,-0.40306,1.03838,0.64803,-0.09759,-0.09913,0.86738,0.22357,7,10,4,9,6,8,3,2,5,1
-1.74948,-1.77533,1.1538,-0.44645,-0.09759,-0.09913,0.6943,0.31751,6,10,8,9,7,5,3,2,4,1
0.65484,-0.40306,0.92296,-0.37348,-0.09759,-0.09913,-0.1711,-0.52792,8,10,2,9,6,7,4,3,5,1
-0.1466,0.16199,-0.11581,0.64803,-0.09759,6.50963,0.17506,-0.52792,3,4,5,6,7,8,2,9,1,10
0.65484,0.64632,-0.34665,2.54513,-0.09759,-0.09913,-1.03649,0.22357,8,10,6,2,4,9,1,5,7,3
-0.00088,0.5656,1.38464,-0.08162,-0.09759,-0.09913,0.17506,-0.52792,7,10,2,9,6,8,3,4,5,1
0.50912,-0.08018,-0.00039,-0.44645,-0.09759,-0.09913,0.17506,0.0357,9,10,2,8,6,5,4,3,7,1
0.87341,-0.56451,-0.11581,0.21024,-0.09759,-0.09913,0.00198,-0.05824,9,10,2,8,5,6,3,4,7,1
-0.36517,-0.72595,-0.11581,-0.88424,10.24695,-0.09913,0.52122,0.22357,3,1,6,7,2,5,8,4,9,10
-0.21946,-0.08018,1.1538,-0.81127,-0.09759,-0.09913,-2.07496,-0.52792,7,10,2,9,5,8,4,3,6,1
-0.65661,-0.1609,0.46129,-0.15458,-0.09759,-0.09913,-2.24804,2.19625,3,10,9,7,6,4,5,1,8,2
-0.29232,-0.32234,0.34587,-0.22755,-0.09759,-0.09913,0.17506,-0.52792,8,10,2,9,7,6,4,3,5,1
-0.1466,-0.64523,-0.23123,-0.51941,-0.09759,-0.09913,1.38661,-0.52792,8,10,2,9,6,5,4,3,7,1
-0.51089,-0.40306,0.34587,-0.51941,-0.09759,-0.09913,1.04046,-0.52792,8,10,2,9,7,5,4,3,6,1
-1.60376,-1.12956,0.5767,-0.81127,-0.09759,-0.09913,1.21354,-0.52792,8,10,4,9,7,6,3,2,5,1
-0.1466,-0.32234,0.92296,-0.00865,-0.09759,-0.09913,-1.03649,-0.52792,7,10,2,9,6,8,4,3,5,1
1.74771,1.77642,-0.00039,0.13728,-0.09759,-0.09913,0.00198,-0.05824,9,10,1,2,4,8,5,6,7,3
1.74771,1.77642,-0.00039,0.13728,-0.09759,-0.09913,-0.1711,-0.05824,9,10,1,2,4,8,5,6,7,3
-0.87518,0.9692,0.23045,-0.88424,-0.09759,-0.09913,0.52122,-0.52792,8,10,2,9,7,5,4,3,6,1
1.96629,1.77642,-0.23123,-0.00865,-0.09759,-0.09913,0.17506,-0.52792,9,10,1,2,4,8,5,7,6,3
-0.43803,-0.64523,0.80754,-0.30051,-0.09759,-0.09913,0.00198,-0.24611,8,10,2,9,7,6,4,3,5,1
1.74771,1.93786,0.11503,0.06431,-0.09759,-0.09913,0.00198,-0.52792,9,10,1,2,4,8,5,6,7,3
-0.80232,2.50291,-1.73167,0.13728,-0.09759,-0.09913,0.17506,1.63263,7,10,9,4,5,2,6,3,8,1
0.21769,0.32343,-0.80832,-0.59238,-0.09759,-0.09913,0.52122,0.31751,9,10,7,5,6,2,4,3,8,1
-0.87518,-0.40306,-1.50083,-0.51941,-0.09759,-0.09913,0.34814,0.22357,8,10,6,9,5,2,4,3,7,1
-0.72947,-1.04884,0.46129,-0.9572,-0.09759,-0.09913,-0.34418,-0.52792,8,10,3,9,7,6,4,2,5,1
-1.38519,-1.61389,-1.84709,-0.51941,-0.09759,-0.09913,0.86738,0.22357,7,10,8,9,5,2,4,3,6,1
-0.00088,-0.64523,0.80754,1.66955,-0.09759,-0.09913,-0.34418,-0.05824,7,10,4,9,6,8,2,3,5,1
0.65484,0.88848,0.11503,2.6181,-0.09759,-0.09913,0.17506,0.97507,7,10,9,1,5,8,2,4,6,3
-0.36517,-0.80667,-0.80832,-0.30051,-0.09759,-0.09913,0.17506,1.91444,5,10,9,7,6,3,4,1,8,2
-0.21946,0.32343,0.34587,3.71258,-0.09759,-0.09913,0.34814,0.78719,7,10,9,5,4,8,1,2,6,3
1.96629,2.26075,0.11503,0.13728,-0.09759,-0.09913,-2.94036,-0.52792,8,10,1,2,4,9,6,5,7,3
1.74771,1.6957,0.23045,0.28321,-0.09759,-0.09913,-3.97883,-0.52792,7,10,1,2,4,9,6,5,8,3
1.96629,1.85714,0.11503,0.06431,-0.09759,-0.09913,-2.76728,-0.52792,8,10,1,2,4,9,6,5,7,3
-0.21946,0.88848,-0.00039,-0.22755,-0.09759,-0.09913,-0.1711,-0.52792,9,10,2,8,7,5,3,4,6,1
2.03914,1.53425,-0.6929,-0.00865,-0.09759,-0.09913,0.6943,-0.52792,9,10,1,2,4,8,5,6,7,3
-0.07374,0.80776,-2.30876,0.57507,-0.09759,-0.09913,0.00198,1.44475,7,10,9,3,6,2,5,4,8,1
-1.67662,0.48487,-2.30876,-0.88424,-0.09759,-0.09913,0.34814,1.069,6,10,9,8,4,2,5,3,7,1
-0.72947,-0.88739,-1.96251,-0.66534,-0.09759,-0.09913,0.17506,0.31751,7,10,8,9,5,2,4,3,6,1
0.36341,0.08127,0.46129,-0.44645,-0.09759,-0.09913,1.04046,-0.52792,9,10,2,8,6,7,4,3,5,1
3.27773,1.6957,-2.65502,0.9399,-0.09759,-0.09913,-3.28652,-0.52792,9,10,2,1,4,8,5,6,7,3
3.42345,1.6957,-2.42418,1.15879,-0.09759,-0.09913,-2.5942,-0.52792,9,10,2,1,4,8,5,6,7,3
-0.43803,-0.56451,-1.84709,-0.37348,-0.09759,-0.09913,0.86738,1.16294,6,10,9,7,5,2,4,3,8,1
-0.80232,-0.08018,-2.30876,-0.51941,-0.09759,-0.09913,0.34814,0.31751,8,10,6,9,4,2,3,5,7,1
-0.87518,-0.1609,0.11503,-0.9572,-0.09759,-0.09913,0.00198,0.41145,7,10,8,9,6,4,3,2,5,1
-0.94804,0.08127,-1.27,-0.59238,-0.09759,-0.09913,0.17506,-0.05824,8,10,3,9,6,2,5,4,7,1
-1.67662,-0.08018,-1.61625,-0.00865,-0.09759,-0.09913,-0.1711,-0.15217,8,10,4,9,6,2,5,3,7,1
-0.07374,-0.1609,0.23045,-0.44645,-0.09759,-0.09913,0.86738,-0.52792,8,10,2,9,7,5,4,3,6,1
-1.0209,-0.88739,0.46129,-0.73831,-0.09759,-0.09913,0.00198,0.0357,8,10,6,9,7,4,3,2,5,1
0.29055,0.24271,-0.23123,-0.88424,-0.09759,-0.09913,-0.1711,0.50538,9,10,8,5,6,4,3,2,7,1
-0.94804,-0.1609,-0.00039,-0.00865,-0.09759,-0.09913,0.34814,1.069,6,10,9,8,5,3,4,2,7,1
-1.82234,-0.88739,-0.00039,-0.22755,-0.09759,-0.09913,0.00198,0.0357,8,10,6,9,7,3,4,2,5,1
-0.07374,1.6957,0.46129,-0.9572,-0.09759,-0.09913,1.38661,-0.52792,9,10,2,5,6,8,4,3,7,1
0.43627,0.00054,0.69212,-0.00865,-0.09759,-0.09913,0.52122,-0.05824,9,10,2,8,6,7,4,3,5,1
-0.65661,0.24271,-1.03916,-0.81127,-0.09759,-0.09913,0.6943,-0.24611,8,10,2,9,6,3,5,4,7,1
-0.00088,-0.40306,0.34587,-0.37348,-0.09759,-0.09913,-3.80575,-0.52792,6,10,1,8,5,9,4,3,7,2
-0.29232,-1.04884,-0.23123,0.721,-0.09759,-0.09913,-0.34418,-0.52792,8,10,2,9,7,5,4,3,6,1
1.16485,0.40415,-1.84709,-0.44645,-0.09759,-0.09913,2.07893,-0.52792,9,10,3,2,4,5,6,7,8,1
-0.58375,1.21137,0.92296,0.57507,-0.09759,-0.09913,0.00198,-0.52792,8,10,2,9,6,7,3,4,5,1
-0.36517,-0.24162,0.34587,-0.81127,-0.09759,-0.09913,0.34814,-0.05824,8,10,3,9,7,5,4,2,6,1
-0.58375,-1.77533,0.11503,-0.22755,-0.09759,-0.09913,0.52122,-0.05824,8,10,5,9,7,4,3,2,6,1
0.07197,-0.1609,-0.46206,0.21024,-0.09759,-0.09913,0.6943,-0.52792,9,10,2,8,6,5,3,4,7,1
1.82057,1.53425,-0.23123,-0.9572,-0.09759,-0.09913,1.21354,1.16294,8,10,9,1,4,6,5,3,7,2
1.38342,1.61498,-0.00039,0.28321,-0.09759,-0.09913,0.6943,-0.52792,9,10,1,3,5,8,4,6,7,2
0.94627,0.40415,0.34587,1.81548,-0.09759,-0.09913,0.86738,-0.52792,8,10,1,4,6,9,3,5,7,2
0.36341,1.04992,0.46129,-0.73831,-0.09759,-0.09913,-0.86341,-0.05824,9,10,2,5,6,8,4,3,7,1
-0.29232,0.9692,0.46129,-0.08162,-0.09759,-0.09913,-0.69033,-0.52792,9,10,2,8,6,7,3,4,5,1
0.21769,0.72704,-0.23123,-0.88424,-0.09759,-0.09913,0.17506,-0.52792,9,10,2,6,7,5,3,4,8,1
-0.58375,0.24271,0.80754,-0.66534,-0.09759,-0.09913,-0.1711,-0.52792,8,10,2,9,6,7,4,3,5,1
0.14483,-0.32234,0.69212,-0.44645,-0.09759,-0.09913,0.00198,-0.52792,8,10,2,9,6,7,4,3,5,1
0.21769,-0.56451,0.80754,-0.15458,-0.09759,-0.09913,-1.90189,0.0357,7,10,2,9,5,8,4,3,6,1
-1.23947,-1.21028,0.69212,-0.51941,-0.09759,-0.09913,0.00198,-0.52792,8,10,4,9,7,6,3,2,5,1
-0.36517,-0.1609,0.69212,2.18031,-0.09759,-0.09913,-0.51725,-0.52792,7,10,3,9,6,8,2,4,5,1
0.43627,-0.1609,-0.00039,-0.66534,-0.09759,-0.09913,0.17506,-0.15217,9,10,2,8,7,5,4,3,6,1
1.96629,0.5656,-0.57748,-0.66534,-0.09759,-0.09913,0.52122,-0.52792,9,10,1,3,4,8,5,6,7,2
0.43627,0.72704,0.46129,-0.59238,-0.09759,-0.09913,-0.34418,1.72656,6,10,9,3,7,4,5,2,8,1
-1.23947,-0.88739,0.23045,-1.24906,-0.09759,-0.09913,-0.51725,0.0357,8,10,6,9,7,4,3,2,5,1
-0.1466,-0.72595,0.46129,0.9399,-0.09759,-0.09913,0.17506,-0.52792,8,10,2,9,6,7,3,4,5,1
-1.45805,-1.61389,-0.46206,0.42914,-0.09759,-0.09913,-0.86341,-0.52792,8,10,4,9,7,3,5,2,6,1
-0.87518,-1.93677,1.1538,-1.1761,-0.09759,-0.09913,-0.34418,1.53869,5,10,9,8,6,4,3,1,7,2
1.31056,-0.88739,-0.00039,-0.81127,-0.09759,-0.09913,-0.34418,0.88113,8,10,9,6,5,4,3,2,7,1
0.87341,-0.72595,0.23045,-0.66534,-0.09759,-0.09913,-0.34418,-0.52792,9,10,2,8,6,7,4,3,5,1
0.14483,-1.04884,-0.23123,-0.9572,-0.09759,-0.09913,0.86738,-0.52792,8,10,2,9,7,5,4,3,6,1
-1.31233,-0.1609,-0.11581,-0.66534,-0.09759,-0.09913,-0.51725,-0.52792,8,10,2,9,7,5,4,3,6,1
-1.16661,-1.21028,0.92296,-0.44645,-0.09759,-0.09913,-0.69033,0.41145,6,10,8,9,7,5,3,2,4,1
-1.23947,-2.34038,0.34587,-0.81127,10.24695,-0.09913,0.34814,2.10231,3,2,6,7,1,5,8,4,9,10
-0.07374,-0.40306,0.80754,-0.15458,-0.09759,-0.09913,-0.51725,0.97507,5,10,9,8,6,4,3,2,7,1
-0.72947,-1.77533,-0.23123,-1.46796,-0.09759,-0.09913,-0.1711,1.35082,5,10,9,8,6,3,4,2,7,1
0.07197,-0.88739,0.69212,-0.08162,-0.09759,-0.09913,0.17506,0.50538,7,10,8,9,6,4,3,2,5,1
-0.36517,-0.40306,0.23045,-0.66534,-0.09759,-0.09913,0.6943,-0.52792,8,10,2,9,7,5,4,3,6,1
-1.60376,0.08127,0.5767,-0.51941,-0.09759,-0.09913,1.21354,-0.52792,8,10,3,9,7,6,4,2,5,1
0.07197,0.08127,0.69212,0.13728,-0.09759,-0.09913,0.6943,-0.05824,8,10,2,9,6,7,4,3,5,1
-0.1466,0.48487,-0.11581,0.42914,-0.09759,-0.09913,0.00198,-0.52792,9,10,2,8,7,5,3,4,6,1
0.65484,-0.32234,-0.23123,1.45065,-0.09759,-0.09913,-0.1711,-0.52792,9,10,2,6,5,8,3,4,7,1
0.07197,-0.32234,-1.15458,2.83699,-0.09759,-0.09913,-0.1711,-0.52792,9,10,4,6,3,8,1,5,7,2
-0.94804,-0.48379,0.11503,2.18031,-0.09759,-0.09913,0.00198,0.97507,6,10,9,8,4,5,3,2,7,1
2.25772,0.40415,-1.73167,0.57507,-0.09759,-0.09913,0.17506,-0.52792,9,10,2,1,4,6,5,7,8,3
0.21769,-0.40306,0.34587,-0.59238,-0.09759,-0.09913,-1.38265,-0.52792,8,10,2,9,6,7,4,3,5,1
-0.36517,-1.85605,-0.00039,0.5021,-0.09759,-0.09913,0.52122,-0.15217,8,10,4,9,7,5,3,2,6,1
-1.0209,-1.37172,-1.38541,-0.81127,-0.09759,-0.09913,0.86738,0.78719,6,10,9,8,5,2,4,3,7,1
-0.1466,0.00054,0.69212,-1.10313,-0.09759,-0.09913,-2.94036,-0.52792,6,10,1,8,5,9,4,3,7,2
-1.09376,-0.24162,0.34587,-0.51941,-0.09759,-0.09913,-0.34418,-0.52792,8,10,2,9,7,5,4,3,6,1
-0.1466,-0.1609,0.69212,-0.59238,-0.09759,-0.09913,1.38661,-0.52792,8,10,2,9,6,7,4,3,5,1
0.7277,0.72704,-0.34665,1.52362,-0.09759,-0.09913,0.52122,-0.52792,9,10,1,3,5,8,4,6,7,2
-0.36517,0.24271,0.11503,1.15879,-0.09759,-0.09913,0.34814,-0.52792,8,10,2,9,6,7,3,4,5,1
-1.5309,-0.80667,-1.03916,1.59658,-0.09759,-0.09913,0.52122,0.22357,7,10,8,9,5,4,2,3,6,1
0.58198,0.24271,-1.96251,-0.00865,-0.09759,-0.09913,0.17506,-0.52792,9,10,2,4,5,3,6,7,8,1
-0.29232,-0.56451,-0.00039,-0.15458,-0.09759,-0.09913,-0.34418,0.31751,8,10,6,9,7,4,3,2,5,1
-0.51089,-0.32234,-0.00039,-0.37348,-0.09759,-0.09913,-0.1711,0.59932,7,10,8,9,6,4,3,2,5,1
0.80056,0.40415,0.11503,-0.00865,-0.09759,-0.09913,0.34814,-0.52792,9,10,1,4,6,8,3,5,7,2
-0.00088,0.9692,0.23045,0.28321,-0.09759,-0.09913,1.04046,-0.52792,9,10,2,6,5,8,3,4,7,1
-0.07374,-0.40306,0.46129,1.01286,-0.09759,-0.09913,0.86738,-0.52792,8,10,2,9,6,7,3,4,5,1
1.01913,0.24271,1.03838,-0.88424,-0.09759,-0.09913,0.52122,-0.52792,8,10,2,5,6,9,3,4,7,1
0.50912,0.80776,0.46129,-0.66534,-0.09759,-0.09913,0.34814,-0.52792,9,10,2,5,6,8,3,4,7,1
-0.87518,-1.53317,1.03838,-0.51941,-0.09759,-0.09913,-0.69033,-0.52792,8,10,3,9,7,6,4,2,5,1
1.31056,0.24271,-0.6929,0.35617,-0.09759,-0.09913,0.17506,-0.52792,9,10,1,3,5,7,4,6,8,2
-1.8952,-0.72595,-0.34665,-0.73831,-0.09759,-0.09913,0.17506,0.97507,7,10,8,9,5,3,4,2,6,1
0.80056,-0.88739,0.34587,-0.88424,-0.09759,-0.09913,-1.20957,-0.15217,8,10,2,9,5,7,4,3,6,1
-0.80232,-2.74399,1.03838,-1.32203,-0.09759,-0.09913,0.17506,-0.05824,7,10,8,9,6,5,3,2,4,1
-1.23947,-1.77533,-0.00039,1.01286,-0.09759,-0.09913,-0.69033,3.13561,3,10,9,7,6,2,5,1,8,4
0.07197,0.40415,0.69212,-0.59238,-0.09759,-0.09913,0.00198,0.97507,7,10,9,6,5,4,3,2,8,1
-0.80232,-0.48379,0.46129,-0.15458,-0.09759,-0.09913,0.17506,2.00837,5,10,9,8,6,3,4,1,7,2
-0.51089,-0.1609,0.34587,-0.59238,-0.09759,-0.09913,-0.69033,-0.52792,8,10,2,9,7,6,4,3,5,1
-0.21946,-0.56451,-0.23123,-0.73831,-0.09759,-0.09913,-0.69033,-0.05824,8,10,2,9,7,5,4,3,6,1
0.14483,0.00054,0.11503,-0.44645,-0.09759,-0.09913,0.17506,-0.52792,9,10,2,8,7,5,4,3,6,1
-1.23947,-1.77533,0.23045,-0.81127,-0.09759,-0.09913,0.17506,5.48403,3,10,9,4,7,2,5,1,8,6
-1.0209,-0.1609,-0.00039,-0.9572,-0.09759,-0.09913,-0.1711,3.04168,3,10,9,6,7,2,5,1,8,4
-0.36517,0.32343,-0.11581,0.21024,-0.09759,-0.09913,-0.1711,-0.24611,8,10,2,9,7,5,3,4,6,1
0.36341,0.72704,0.34587,-0.81127,-0.09759,-0.09913,-0.1711,-0.52792,9,10,2,5,7,8,3,4,6,1
-1.38519,-0.88739,0.5767,0.13728,-0.09759,-0.09913,-0.69033,0.31751,7,10,8,9,6,4,3,2,5,1
-0.51089,-0.72595,0.11503,0.57507,-0.09759,-0.09913,-0.1711,0.0357,8,10,4,9,7,5,3,2,6,1
1.01913,0.00054,0.34587,-1.1761,-0.09759,-0.09913,0.17506,-0.52792,9,10,2,5,7,8,4,3,6,1
-0.65661,0.16199,0.69212,-0.00865,-0.09759,-0.09913,-0.34418,0.41145,8,10,7,9,6,4,3,2,5,1
-0.1466,-0.24162,1.03838,1.08583,-0.09759,-0.09913,1.04046,-0.05824,7,10,3,9,6,8,2,4,5,1
-0.07374,-0.08018,0.11503,0.21024,-0.09759,-0.09913,0.34814,4.07498,3,10,9,4,7,2,6,1,8,5
-0.65661,0.16199,0.11503,-0.30051,-0.09759,-0.09913,0.34814,1.53869,5,10,9,8,6,3,4,2,7,1
0.07197,0.88848,-0.00039,-0.22755,-0.09759,-0.09913,0.34814,3.13561,5,10,9,3,7,2,6,1,8,4
0.65484,-0.24162,0.11503,1.96141,-0.09759,-0.09913,0.52122,-0.15217,9,10,3,6,5,8,2,4,7,1
-0.72947,0.80776,-0.00039,-0.73831,-0.09759,-0.09913,0.17506,-0.52792,8,10,2,9,7,5,4,3,6,1
0.29055,0.24271,0.34587,-0.66534,-0.09759,-0.09913,0.17506,1.069,7,10,9,5,6,4,3,2,8,1
0.80056,-0.32234,0.46129,-1.10313,-0.09759,-0.09913,-0.51725,-0.52792,9,10,2,8,6,7,4,3,5,1
1.16485,0.40415,0.46129,-0.59238,-0.09759,-0.09913,-1.20957,-0.52792,9,10,1,3,6,8,5,4,7,2
0.21769,-0.32234,0.46129,0.79396,-0.09759,-0.09913,0.17506,0.22357,8,10,4,9,6,7,2,3,5,1
-0.65661,-0.72595,-0.80832,2.54513,-0.09759,-0.09913,0.52122,-0.52792,8,10,5,9,4,7,2,3,6,1
0.58198,-1.53317,1.1538,-1.03017,-0.09759,-0.09913,-0.51725,0.50538,6,10,8,9,5,7,3,2,4,1
-0.07374,1.37281,-0.00039,0.13728,-0.09759,-0.09913,-1.20957,-0.52792,9,10,1,5,6,8,3,4,7,2
-0.43803,-1.37172,0.5767,-0.73831,-0.09759,-0.09913,-0.1711,-0.52792,8,10,3,9,7,6,4,2,5,1
-0.43803,-0.40306,0.34587,-0.51941,-0.09759,-0.09913,-1.55573,0.0357,8,10,3,9,6,7,4,2,5,1
0.50912,0.40415,0.23045,-0.73831,-0.09759,-0.09913,-0.1711,1.069,7,10,9,4,6,5,3,2,8,1
-0.36517,1.29209,-1.27,-1.10313,-0.09759,-0.09913,0.6943,-0.52792,9,10,2,7,5,3,4,6,8,1
-1.31233,-0.08018,0.34587,0.13728,-0.09759,-0.09913,0.00198,2.10231,5,10,9,8,6,3,4,1,7,2
-1.09376,-0.64523,0.69212,0.13728,-0.09759,-0.09913,-0.51725,-0.52792,8,10,2,9,7,6,4,3,5,1
-0.29232,-0.72595,0.92296,-1.1761,-0.09759,-0.09913,-0.34418,-0.52792,8,10,3,9,6,7,4,2,5,1
0.50912,0.08127,0.92296,-0.30051,-0.09759,-0.09913,0.17506,-0.52792,9,10,2,7,6,8,3,4,5,1
-0.21946,-0.24162,0.46129,-0.51941,-0.09759,-0.09913,0.17506,0.50538,7,10,8,9,6,4,3,2,5,1
-1.16661,0.64632,-0.00039,-0.00865,-0.09759,-0.09913,0.17506,-0.52792,8,10,2,9,7,5,4,3,6,1
0.36341,-0.40306,0.92296,-0.08162,-0.09759,-0.09913,-0.1711,-0.52792,8,10,2,9,6,7,4,3,5,1
-0.72947,1.29209,-1.84709,-0.37348,-0.09759,-0.09913,0.34814,-0.15217,9,10,3,7,4,2,5,6,8,1
-0.58375,-2.34038,1.03838,0.28321,-0.09759,-0.09913,-0.51725,-0.05824,8,10,4,9,7,6,3,2,5,1
0.7277,-0.1609,-0.46206,0.42914,-0.09759,-0.09913,-1.72881,0.50538,9,10,6,4,5,7,3,2,8,1
1.01913,-0.48379,0.11503,0.64803,-0.09759,-0.09913,0.52122,-0.52792,9,10,2,7,5,8,3,4,6,1
-1.09376,-0.80667,-0.6929,-0.08162,-0.09759,-0.09913,0.52122,2.75987,4,10,9,7,6,2,5,1,8,3
0.36341,-0.96812,1.61547,1.15879,-0.09759,-0.09913,-0.51725,-0.52792,7,10,2,9,6,8,3,4,5,1
-0.36517,-0.56451,-0.00039,-0.08162,-0.09759,-0.09913,-0.51725,-0.52792,8,10,2,9,7,5,4,3,6,1
-0.21946,0.24271,-0.23123,1.81548,-0.09759,-0.09913,0.6943,-0.52792,9,10,2,8,5,7,3,4,6,1
-0.36517,-0.08018,0.80754,-0.08162,-0.09759,-0.09913,-0.34418,-0.52792,8,10,2,9,6,7,4,3,5,1
-0.36517,0.16199,-0.00039,-1.03017,-0.09759,-0.09913,1.73277,-0.52792,8,10,2,9,6,5,4,3,7,1
0.43627,0.08127,-2.07793,1.66955,-0.09759,-0.09913,-0.34418,-0.52792,9,10,2,4,5,6,3,7,8,1
-0.94804,0.64632,-0.00039,-0.30051,-0.09759,-0.09913,-0.51725,-0.52792,8,10,2,9,7,5,4,3,6,1
-0.21946,-0.40306,0.11503,0.5021,-0.09759,-0.09913,-0.69033,-0.15217,8,10,2,9,7,6,4,3,5,1
-0.00088,-1.12956,1.61547,0.79396,-0.09759,-0.09913,-2.24804,0.50538,4,10,6,9,5,8,3,2,7,1
-0.51089,-0.48379,1.61547,-0.51941,-0.09759,-0.09913,-2.07496,0.50538,4,10,7,9,5,8,3,2,6,1
-0.87518,-0.80667,1.03838,-0.08162,-0.09759,-0.09913,-1.03649,-0.52792,7,10,2,9,6,8,4,3,5,1
-0.80232,-0.88739,1.03838,-0.08162,-0.09759,-0.09913,-0.86341,-0.52792,7,10,3,9,6,8,4,2,5,1
0.29055,0.40415,0.69212,-0.88424,-0.09759,-0.09913,0.00198,-0.24611,9,10,2,8,6,7,4,3,5,1
-0.36517,0.00054,0.80754,0.21024,-0.09759,-0.09913,-1.03649,-1.56122,7,10,8,9,5,6,3,2,4,1
-0.36517,0.00054,0.80754,0.21024,-0.09759,-0.09913,-1.03649,-1.56122,7,10,8,9,5,6,3,2,4,1
0.80056,-0.96812,0.80754,0.721,-0.09759,-0.09913,-1.03649,-0.62186,7,10,2,9,6,8,3,4,5,1
0.80056,-0.96812,0.80754,0.721,-0.09759,-0.09913,-1.03649,-0.62186,7,10,2,9,6,8,3,4,5,1
-0.51089,-1.37172,0.46129,0.79396,-0.09759,-0.09913,-2.07496,-1.09154,7,10,4,9,5,8,3,2,6,1
-0.51089,-1.37172,0.46129,0.79396,-0.09759,-0.09913,-2.07496,-1.09154,7,10,4,9,5,8,3,2,6,1
0.07197,-0.88739,0.92296,-0.51941,-0.09759,-0.09913,-0.51725,-0.52792,8,10,2,9,6,7,4,3,5,1
1.602,0.08127,0.23045,-1.32203,-0.09759,-0.09913,0.6943,-0.52792,9,10,2,3,6,8,4,5,7,1
-1.09376,-0.72595,0.34587,0.06431,-0.09759,-0.09913,-0.51725,0.12964,8,10,5,9,7,4,3,2,6,1
0.43627,-0.08018,0.46129,-0.81127,-0.09759,-0.09913,0.00198,0.69326,8,10,9,7,5,4,3,2,6,1
0.50912,-1.04884,-0.80832,0.06431,-0.09759,-0.09913,0.52122,0.0357,9,10,2,8,6,3,5,4,7,1
0.50912,-0.08018,1.26922,-0.00865,-0.09759,-0.09913,0.34814,-0.52792,7,10,2,9,6,8,3,4,5,1
-0.1466,-0.40306,1.50005,-0.51941,-0.09759,-0.09913,1.38661,-0.52792,7,10,2,9,6,8,4,3,5,1
-1.16661,-0.1609,-0.34665,-0.51941,-0.09759,-0.09913,0.00198,0.22357,8,10,7,9,6,3,4,2,5,1
0.29055,0.5656,0.5767,-0.59238,-0.09759,-0.09913,0.00198,-0.52792,9,10,2,7,6,8,3,4,5,1
-0.87518,-0.48379,0.5767,1.30472,-0.09759,-0.09913,-0.51725,2.19625,5,10,9,8,6,4,3,1,7,2
-0.72947,-1.61389,0.80754,-0.9572,-0.09759,-0.09913,-0.69033,-0.52792,8,10,4,9,7,6,3,2,5,1
-1.67662,-1.53317,0.5767,-0.9572,-0.09759,-0.09913,0.00198,-0.52792,8,10,6,9,7,5,3,2,4,1
0.14483,-0.32234,0.69212,-0.08162,-0.09759,-0.09913,0.34814,-0.52792,8,10,2,9,6,7,4,3,5,1
-0.43803,0.00054,0.5767,-0.15458,-0.09759,-0.09913,-0.34418,-0.52792,8,10,2,9,7,6,4,3,5,1
-1.16661,-0.24162,-0.23123,0.42914,-0.09759,-0.09913,-1.38265,-0.52792,8,10,2,9,7,5,4,3,6,1
-0.00088,0.48487,1.50005,-0.08162,-0.09759,-0.09913,-1.38265,-0.52792,7,10,2,8,5,9,4,3,6,1
-0.29232,0.24271,-0.34665,0.79396,-0.09759,-0.09913,0.17506,0.78719,8,10,9,7,5,4,3,2,6,1
-1.38519,0.80776,1.73089,-0.59238,-0.09759,-0.09913,-0.69033,-0.52792,7,10,2,9,6,8,4,3,5,1
0.50912,-0.64523,1.50005,-0.30051,-0.09759,-0.09913,3.1174,0.41145,5,10,6,8,4,9,3,2,7,1
-0.94804,-0.40306,0.34587,-0.88424,-0.09759,-0.09913,-0.1711,-0.52792,8,10,3,9,7,5,4,2,6,1
-0.87518,-0.96812,0.46129,-0.15458,-0.09759,-0.09913,0.6943,-0.52792,8,10,3,9,7,6,4,2,5,1
-1.0209,-0.08018,0.5767,-0.37348,-0.09759,-0.09913,0.86738,0.50538,7,10,8,9,6,4,3,2,5,1
-1.5309,-0.80667,-0.00039,-0.73831,-0.09759,-0.09913,0.17506,0.59932,7,10,8,9,6,3,4,2,5,1
-0.94804,-1.61389,0.11503,-0.81127,-0.09759,-0.09913,1.38661,-0.15217,8,10,5,9,7,4,3,2,6,1
-1.09376,-1.37172,-0.23123,1.15879,-0.09759,-0.09913,-0.51725,1.44475,5,10,9,8,6,3,4,1,7,2
-0.29232,-1.21028,2.19257,-0.59238,-0.09759,-0.09913,-3.4596,-0.24611,5,10,3,9,6,8,4,2,7,1
-0.29232,-1.21028,2.19257,-0.59238,-0.09759,-0.09913,-3.4596,-0.24611,5,10,3,9,6,8,4,2,7,1
0.50912,-0.56451,0.23045,0.28321,-0.09759,-0.09913,-2.24804,-1.56122,5,10,6,7,4,9,3,2,8,1
0.50912,-0.56451,0.23045,0.28321,-0.09759,-0.09913,-2.24804,-1.56122,5,10,6,7,4,9,3,2,8,1
0.65484,0.08127,-0.23123,-1.03017,-0.09759,-0.09913,0.6943,0.31751,9,10,7,4,6,5,3,2,8,1
0.65484,0.08127,-0.23123,-1.03017,-0.09759,-0.09913,0.6943,0.31751,9,10,7,4,6,5,3,2,8,1
0.80056,0.24271,1.03838,-0.66534,-0.09759,-0.09913,-1.03649,0.0357,8,10,2,6,5,9,4,3,7,1
0.80056,-0.1609,0.69212,-0.51941,-0.09759,-0.09913,0.52122,0.31751,9,10,4,7,5,8,3,2,6,1
0.80056,-0.1609,0.69212,-0.51941,-0.09759,-0.09913,0.52122,0.31751,9,10,4,7,5,8,3,2,6,1
-0.43803,0.48487,0.23045,-0.59238,-0.09759,-0.09913,0.00198,-1.56122,7,10,9,8,6,4,3,2,5,1
-1.0209,0.48487,0.23045,-0.59238,-0.09759,-0.09913,-0.86341,-1.09154,8,10,4,9,7,5,3,2,6,1
-0.94804,-0.48379,1.61547,1.59658,-0.09759,-0.09913,-2.42112,-0.05824,6,10,4,9,5,8,3,2,7,1
1.602,-1.04884,1.50005,0.86693,-0.09759,-0.09913,-1.72881,-1.27941,7,10,4,8,5,9,3,2,6,1
1.602,-1.04884,1.50005,0.86693,-0.09759,-0.09913,-1.72881,-1.27941,7,10,4,8,5,9,3,2,6,1
-0.43803,-1.12956,1.61547,1.37769,-0.09759,-0.09913,0.52122,-1.56122,4,10,8,9,6,7,3,2,5,1
0.58198,-0.40306,0.5767,0.06431,-0.09759,-0.09913,-0.34418,-1.56122,7,10,9,8,6,4,3,2,5,1
0.94627,1.13065,-0.57748,-0.00865,-0.09759,-0.09913,-1.20957,-0.52792,9,10,1,3,5,7,4,6,8,2
0.94627,1.13065,-0.57748,-0.00865,-0.09759,-0.09913,-1.20957,-0.52792,9,10,1,3,5,7,4,6,8,2
-0.51089,-1.37172,1.96173,-1.03017,-0.09759,-0.09913,-0.86341,-0.43398,6,10,4,9,7,8,3,2,5,1
-0.51089,-1.37172,1.96173,-1.03017,-0.09759,-0.09913,-1.20957,-0.43398,6,10,4,9,7,8,3,2,5,1
0.58198,-0.48379,-0.00039,-0.00865,-0.09759,-0.09913,0.34814,-0.52792,9,10,2,8,7,5,3,4,6,1
-0.87518,-0.56451,0.34587,-0.30051,-0.09759,-0.09913,-0.34418,-1.56122,6,10,8,9,7,4,3,2,5,1
-0.72947,-0.40306,1.26922,0.21024,-0.09759,-0.09913,-1.03649,-0.52792,7,10,2,9,6,8,4,3,5,1
-0.72947,-0.40306,1.26922,0.21024,-0.09759,-0.09913,-1.03649,-0.52792,7,10,2,9,6,8,4,3,5,1
-1.16661,-1.291,1.73089,1.01286,-0.09759,-0.09913,-3.11344,-1.09154,5,10,4,9,6,8,3,2,7,1
-1.16661,-1.291,1.73089,1.01286,-0.09759,-0.09913,-3.11344,-1.09154,5,10,4,9,6,8,3,2,7,1
-0.51089,-2.25966,3.34675,3.85851,-0.09759,-0.09913,-4.84423,-2.59453,3,10,9,7,4,8,2,1,6,5
-1.09376,-2.34038,5.77055,3.93147,-0.09759,-0.09913,-6.40194,-2.50059,2,10,8,6,5,9,3,1,7,4
-1.09376,-2.34038,5.77055,3.93147,-0.09759,-0.09913,-6.40194,-2.50059,2,10,8,6,5,9,3,1,7,4
0.43627,-1.21028,-0.34665,1.08583,-0.09759,-0.09913,0.00198,-0.52792,8,10,2,9,5,6,3,4,7,1
0.43627,-1.21028,-0.34665,0.64803,-0.09759,-0.09913,0.34814,-0.52792,8,10,2,9,7,5,3,4,6,1
0.29055,-0.48379,0.5767,1.59658,-0.09759,-0.09913,-0.51725,-0.52792,7,10,2,9,6,8,3,4,5,1
-1.09376,-0.88739,0.69212,-0.44645,-0.09759,-0.09913,-0.1711,1.25688,5,10,9,8,6,4,3,2,7,1
-0.1466,-0.32234,0.92296,-0.73831,-0.09759,-0.09913,-0.86341,-0.52792,8,10,2,9,6,7,4,3,5,1
-0.1466,0.40415,-0.23123,-1.1761,-0.09759,-0.09913,0.86738,-0.52792,9,10,2,8,6,5,4,3,7,1
1.16485,0.80776,0.23045,-0.51941,-0.09759,-0.09913,3.29048,-0.52792,7,10,1,3,5,9,6,4,8,2
1.38342,0.32343,0.5767,-0.22755,-0.09759,-0.09913,3.9828,-0.52792,7,10,1,3,5,9,6,4,8,2
1.67485,0.80776,-0.34665,-0.44645,-0.09759,-0.09913,3.80972,-0.52792,7,10,1,3,4,9,6,5,8,2
2.03914,2.58363,0.69212,-0.37348,-0.09759,-0.09913,3.29048,-0.52792,8,10,1,2,4,9,6,5,7,3
-0.58375,-0.08018,-0.11581,0.721,-0.09759,-0.09913,1.21354,-0.15217,8,10,2,9,6,5,3,4,7,1
-0.43803,0.9692,0.34587,0.06431,-0.09759,-0.09913,-0.1711,-0.52792,9,10,2,8,7,6,3,4,5,1
0.43627,0.88848,0.23045,-0.51941,-0.09759,-0.09913,0.34814,0.41145,9,10,5,4,7,6,3,2,8,1
-0.21946,0.48487,-0.46206,1.74251,-0.09759,-0.09913,0.17506,-0.52792,9,10,2,8,5,7,3,4,6,1
-0.29232,-1.37172,-0.57748,-0.30051,-0.09759,-0.09913,-1.55573,0.88113,6,10,9,8,5,3,4,2,7,1
0.14483,-0.56451,1.26922,-0.30051,-0.09759,-0.09913,-0.86341,-0.52792,7,10,2,9,6,8,4,3,5,1
0.14483,-0.56451,1.26922,-0.30051,-0.09759,-0.09913,-0.86341,-0.52792,7,10,2,9,6,8,4,3,5,1
-1.31233,-0.48379,0.46129,-0.37348,-0.09759,-0.09913,-1.72881,-0.80973,8,10,3,9,6,7,4,2,5,1
-1.31233,-0.48379,0.46129,-0.37348,-0.09759,-0.09913,-1.72881,-0.80973,8,10,3,9,6,7,4,2,5,1
-0.1466,-0.72595,0.23045,0.5021,-0.09759,-0.09913,0.17506,-0.15217,8,10,2,9,7,6,4,3,5,1
-0.29232,-0.88739,0.46129,-0.30051,-0.09759,-0.09913,-0.34418,-0.24611,8,10,2,9,7,6,4,3,5,1
-0.29232,-0.88739,0.46129,-0.30051,-0.09759,-0.09913,-0.34418,-0.24611,8,10,2,9,7,6,4,3,5,1
-0.58375,0.00054,1.61547,-0.9572,-0.09759,-0.09913,-0.1711,-0.52792,7,10,3,9,6,8,4,2,5,1
-0.29232,0.32343,1.03838,1.08583,-0.09759,-0.09913,0.52122,-0.62186,7,10,2,9,6,8,3,4,5,1
-0.29232,0.32343,1.03838,1.08583,-0.09759,-0.09913,0.52122,-0.62186,7,10,2,9,6,8,3,4,5,1
-0.80232,1.21137,0.80754,-0.51941,-0.09759,-0.09913,-1.03649,-0.24611,8,10,2,9,6,7,4,3,5,1
-0.80232,1.21137,0.80754,-0.51941,-0.09759,-0.09913,-1.20957,-0.24611,8,10,2,9,6,7,4,3,5,1
-0.87518,0.00054,0.23045,1.30472,-0.09759,-0.09913,0.6943,-1.56122,7,10,8,9,5,4,3,2,6,1
-0.87518,0.00054,0.23045,1.30472,-0.09759,-0.09913,0.6943,-1.56122,7,10,8,9,5,4,3,2,6,1
0.07197,0.16199,0.92296,-0.66534,-0.09759,-0.09913,-0.51725,0.0357,8,10,2,9,6,7,4,3,5,1
0.50912,-0.1609,0.46129,-0.30051,-0.09759,-0.09913,0.00198,-1.56122,8,10,9,7,6,4,3,2,5,1
-0.00088,0.00054,1.38464,-0.22755,-0.09759,-0.09913,-2.5942,-1.56122,4,10,6,8,5,9,3,2,7,1
-0.65661,-0.08018,1.73089,0.13728,-0.09759,-0.09913,1.55969,2.75987,3,10,9,7,6,5,4,1,8,2
0.21769,0.5656,1.1538,0.721,-0.09759,-0.09913,0.00198,-0.52792,8,10,2,7,6,9,3,4,5,1
0.21769,0.5656,1.1538,0.721,-0.09759,-0.09913,0.00198,-0.52792,8,10,2,7,6,9,3,4,5,1
-0.94804,-1.61389,1.38464,1.23176,-0.09759,-0.09913,-1.03649,1.069,4,10,9,8,5,7,3,2,6,1
-0.94804,-1.61389,1.38464,1.23176,-0.09759,-0.09913,-1.03649,1.069,4,10,9,8,5,7,3,2,6,1
0.7277,0.5656,0.23045,-0.88424,-0.09759,-0.09913,-0.69033,1.91444,6,10,9,3,7,4,5,1,8,2
-0.58375,-0.96812,0.23045,0.21024,-0.09759,-0.09913,-1.38265,-0.52792,8,10,2,9,7,6,4,3,5,1
-0.65661,-0.32234,0.92296,-1.32203,-0.09759,-0.09913,0.17506,0.0357,8,10,5,9,7,6,3,2,4,1
-0.07374,-0.80667,0.92296,-0.22755,-0.09759,-0.09913,-0.51725,-0.05824,8,10,3,9,6,7,4,2,5,1
-0.94804,-1.04884,0.11503,0.86693,-0.09759,-0.09913,-1.03649,-0.52792,8,10,2,9,7,6,4,3,5,1
0.50912,0.00054,-1.15458,-1.32203,-0.09759,-0.09913,-0.51725,-0.52792,9,10,2,6,7,3,4,5,8,1
0.07197,-0.80667,-0.00039,0.13728,-0.09759,-0.09913,-0.34418,-0.05824,8,10,2,9,7,5,4,3,6,1
-1.16661,-2.0175,0.5767,0.13728,-0.09759,-0.09913,0.17506,2.00837,4,10,9,8,6,3,5,1,7,2
1.96629,2.90652,-0.6929,0.06431,-0.09759,-0.09913,-0.34418,-0.52792,9,10,1,2,4,7,5,8,6,3
0.65484,0.32343,0.34587,-0.88424,-0.09759,-0.09913,-0.34418,-0.52792,9,10,2,5,7,8,4,3,6,1
-0.00088,-0.1609,-0.23123,-0.22755,-0.09759,-0.09913,0.52122,3.79317,3,10,9,4,7,2,6,1,8,5
-0.80232,4.03662,-1.38541,1.08583,-0.09759,-0.09913,0.00198,-0.05824,9,10,2,6,3,4,5,7,8,1
0.43627,-0.64523,0.23045,-0.88424,-0.09759,-0.09913,0.17506,-0.52792,8,10,2,9,7,6,4,3,5,1
-0.80232,-0.32234,-1.96251,-0.59238,-0.09759,-0.09913,0.52122,-0.52792,8,10,3,9,5,2,4,6,7,1
0.14483,0.32343,-0.34665,1.66955,-0.09759,-0.09913,0.6943,-0.52792,9,10,2,6,5,8,3,4,7,1
-0.29232,-0.08018,0.5767,-0.59238,-0.09759,-0.09913,1.04046,-0.52792,8,10,2,9,7,6,4,3,5,1
0.43627,1.21137,-0.11581,2.18031,-0.09759,-0.09913,-0.1711,-0.52792,9,10,1,4,5,8,3,6,7,2
0.21769,0.08127,0.5767,2.25327,-0.09759,-0.09913,-0.69033,-0.52792,8,10,3,7,5,9,1,4,6,2
0.29055,1.13065,-1.15458,2.18031,-0.09759,-0.09913,0.17506,-0.52792,9,10,2,3,5,7,4,6,8,1
-0.21946,0.64632,-0.34665,1.88844,-0.09759,-0.09913,0.6943,-0.52792,9,10,2,7,5,8,3,4,6,1
-0.29232,-0.64523,0.11503,-0.73831,-0.09759,-0.09913,1.04046,-0.52792,8,10,2,9,7,5,4,3,6,1
0.7277,0.08127,-0.11581,-0.59238,-0.09759,-0.09913,0.52122,0.97507,8,10,9,3,6,5,4,2,7,1
2.54915,1.29209,-0.11581,-0.59238,-0.09759,-0.09913,0.17506,-0.52792,9,10,1,2,4,8,5,7,6,3
0.36341,0.16199,-0.6929,-0.44645,-0.09759,-0.09913,1.04046,-0.52792,9,10,2,7,6,4,3,5,8,1
-0.07374,-0.96812,0.69212,-1.24906,-0.09759,-0.09913,-0.69033,-0.52792,8,10,3,9,6,7,4,2,5,1
-0.87518,-0.80667,0.34587,-1.03017,-0.09759,-0.09913,0.86738,-0.52792,8,10,3,9,7,5,4,2,6,1
0.36341,0.40415,0.23045,-0.9572,-0.09759,-0.09913,0.52122,-0.24611,9,10,2,8,6,7,4,3,5,1
-0.29232,-0.48379,0.92296,-0.66534,-0.09759,-0.09913,0.86738,-0.52792,8,10,2,9,6,7,4,3,5,1
-1.16661,-0.32234,0.23045,-0.51941,-0.09759,-0.09913,0.52122,-0.15217,8,10,3,9,7,5,4,2,6,1
0.58198,0.48487,-0.46206,-0.88424,-0.09759,-0.09913,0.17506,-0.52792,9,10,2,3,7,6,4,5,8,1
-0.29232,-0.24162,-0.6929,-0.59238,10.24695,-0.09913,-0.69033,-0.52792,3,1,6,7,2,5,8,4,9,10
-0.43803,1.6957,-0.00039,-0.37348,-0.09759,-0.09913,0.6943,-0.05824,9,10,2,8,6,5,3,4,7,1
0.43627,-0.08018,-2.07793,-0.30051,-0.09759,-0.09913,0.00198,-0.52792,9,10,2,4,5,3,6,7,8,1
-0.65661,-0.08018,-0.34665,-1.24906,-0.09759,-0.09913,-0.1711,-0.52792,8,10,2,9,7,5,4,3,6,1
-0.43803,0.08127,0.34587,0.28321,-0.09759,-0.09913,0.52122,-0.52792,8,10,2,9,7,6,4,3,5,1
0.29055,0.08127,0.69212,-0.81127,-0.09759,-0.09913,0.6943,0.31751,9,10,4,8,5,7,3,2,6,1
0.07197,0.08127,-2.07793,0.06431,-0.09759,-0.09913,0.6943,-0.52792,9,10,2,6,5,3,4,7,8,1
-0.29232,-0.96812,0.11503,-0.44645,-0.09759,-0.09913,0.17506,-0.52792,8,10,2,9,7,5,4,3,6,1
0.36341,1.77642,-1.73167,-0.00865,-0.09759,-0.09913,-0.1711,-0.52792,9,10,2,3,5,4,6,7,8,1
0.29055,-0.48379,-1.73167,-0.51941,-0.09759,-0.09913,0.17506,-0.05824,9,10,3,7,5,2,4,6,8,1
1.09199,1.29209,-1.50083,-1.03017,-0.09759,-0.09913,0.34814,-0.05824,9,10,3,2,5,4,6,7,8,1
-0.65661,-0.80667,0.69212,-0.66534,-0.09759,-0.09913,1.04046,-0.52792,8,10,3,9,7,6,4,2,5,1
-0.80232,1.6957,-1.38541,-0.88424,-0.09759,-0.09913,0.00198,-0.52792,9,10,2,8,5,3,4,6,7,1
-0.94804,-0.64523,-0.46206,-0.81127,-0.09759,-0.09913,0.17506,0.31751,7,10,8,9,6,3,4,2,5,1
0.65484,0.40415,0.80754,-0.59238,-0.09759,-0.09913,0.17506,-0.52792,9,10,2,6,7,8,3,4,5,1
-0.1466,0.08127,-0.00039,-0.15458,-0.09759,-0.09913,0.6943,0.97507,6,10,9,8,5,3,4,2,7,1
-0.80232,-1.61389,1.50005,-0.44645,-0.09759,-0.09913,-1.20957,1.8205,4,10,9,8,6,5,3,1,7,2
-0.21946,0.16199,0.46129,-0.08162,-0.09759,-0.09913,0.6943,0.12964,8,10,3,9,7,5,4,2,6,1
1.96629,2.58363,-1.15458,0.721,-0.09759,-0.09913,-2.07496,-0.52792,9,10,1,2,4,8,5,6,7,3
0.14483,0.40415,-1.27,-1.24906,10.24695,-0.09913,0.86738,-0.24611,3,1,6,7,2,5,8,4,9,10
-0.58375,-1.77533,-1.96251,-0.22755,-0.09759,-0.09913,-1.90189,-0.15217,8,10,4,9,6,2,5,3,7,1
-0.21946,-1.04884,-0.46206,0.13728,-0.09759,-0.09913,0.34814,6.70521,3,9,10,4,7,2,5,1,8,6
-0.1466,0.00054,-0.34665,0.21024,-0.09759,-0.09913,-0.69033,-0.05824,9,10,2,8,6,5,4,3,7,1
-1.45805,-1.37172,0.5767,-1.03017,-0.09759,-0.09913,0.52122,0.97507,5,10,8,9,7,3,4,2,6,1
-0.07374,-0.08018,0.23045,-0.59238,-0.09759,-0.09913,0.17506,-0.24611,8,10,2,9,7,5,4,3,6,1
0.29055,0.72704,0.80754,0.57507,-0.09759,-0.09913,-0.1711,-0.52792,9,10,1,7,6,8,3,4,5,2
1.45628,2.26075,0.34587,-0.15458,-0.09759,-0.09913,-0.34418,-0.52792,9,10,1,3,4,8,5,6,7,2
2.54915,1.53425,-1.84709,0.35617,-0.09759,-0.09913,1.21354,0.22357,9,10,3,1,4,6,5,7,8,2
0.43627,0.72704,-0.57748,-0.81127,-0.09759,-0.09913,0.6943,-0.52792,9,10,2,3,7,5,4,6,8,1
-0.21946,0.48487,0.34587,1.30472,-0.09759,-0.09913,0.52122,-0.52792,9,10,2,8,5,7,3,4,6,1
0.21769,-0.08018,-0.34665,-0.37348,-0.09759,-0.09913,0.52122,-0.52792,9,10,2,8,6,5,3,4,7,1
1.45628,0.5656,-1.84709,-0.51941,-0.09759,-0.09913,0.52122,-0.05824,9,10,3,2,4,5,6,7,8,1
-0.58375,-0.56451,1.96173,3.20182,-0.09759,-0.09913,-1.38265,-0.24611,5,10,7,8,4,9,1,3,6,2
-0.21946,-0.48379,0.34587,-0.59238,-0.09759,-0.09913,-0.51725,0.12964,8,10,4,9,7,5,3,2,6,1
-0.72947,-0.08018,0.34587,-0.22755,-0.09759,-0.09913,-1.03649,-0.15217,8,10,2,9,7,6,4,3,5,1
-0.36517,1.21137,0.11503,-0.66534,-0.09759,-0.09913,-0.1711,-0.52792,9,10,2,8,7,5,4,3,6,1
-0.58375,-0.64523,0.5767,0.35617,-0.09759,-0.09913,-1.20957,-0.52792,8,10,2,9,6,7,4,3,5,1
-0.36517,-0.72595,0.34587,1.66955,-0.09759,-0.09913,-0.1711,0.31751,8,10,7,9,5,6,2,3,4,1
-0.58375,-1.77533,-0.11581,-0.30051,-0.09759,-0.09913,0.86738,0.59932,7,10,8,9,6,3,4,2,5,1
-0.21946,0.00054,-0.34665,-0.30051,-0.09759,-0.09913,0.52122,1.63263,5,10,9,6,7,3,4,2,8,1
-1.23947,-0.64523,0.5767,-0.22755,-0.09759,-0.09913,0.34814,1.44475,5,10,9,8,6,3,4,2,7,1
0.43627,0.40415,0.80754,-0.81127,-0.09759,-0.09913,0.6943,-0.24611,9,10,2,7,6,8,4,3,5,1
-0.94804,-0.24162,-0.11581,-1.03017,-0.09759,-0.09913,-0.51725,0.31751,7,10,8,9,6,3,4,2,5,1
-1.31233,0.80776,-0.23123,-0.9572,-0.09759,-0.09913,0.52122,-0.52792,8,10,2,9,7,4,5,3,6,1
-0.87518,-0.64523,-2.19334,0.64803,-0.09759,-0.09913,0.34814,-0.52792,8,10,3,9,5,2,4,6,7,1
-0.29232,0.48487,0.69212,-0.08162,-0.09759,-0.09913,-1.20957,-0.52792,8,10,2,9,6,7,4,3,5,1
-0.21946,0.40415,0.80754,-0.66534,-0.09759,-0.09913,0.34814,3.6053,3,10,9,4,7,2,6,1,8,5
-0.94804,0.40415,0.23045,-0.9572,-0.09759,-0.09913,-1.38265,4.92041,3,10,9,4,7,2,5,1,8,6
-0.29232,-0.1609,-1.38541,-0.30051,-0.09759,-0.09913,-1.90189,1.63263,7,10,9,6,5,3,4,2,8,1
2.18486,1.53425,0.34587,0.5021,-0.09759,-0.09913,0.17506,-0.52792,9,10,1,2,4,8,5,7,6,3
0.14483,1.21137,-1.61625,0.79396,-0.09759,-0.09913,0.34814,0.59932,9,10,8,2,5,3,4,6,7,1
-2.25949,-2.74399,2.07715,0.721,-0.09759,-0.09913,-0.1711,-0.62186,5,10,7,9,6,8,3,2,4,1
1.01913,-1.53317,0.34587,-0.81127,-0.09759,-0.09913,0.52122,0.31751,8,10,7,9,6,5,3,2,4,1
-0.72947,-0.56451,-1.61625,0.5021,-0.09759,-0.09913,0.17506,-0.52792,8,10,3,9,6,2,4,5,7,1
-0.21946,0.48487,0.11503,-0.44645,-0.09759,-0.09913,0.34814,2.94774,4,10,9,5,7,2,6,1,8,3
-0.72947,2.01858,-0.6929,-1.03017,-0.09759,-0.09913,-0.1711,-0.52792,9,10,2,8,6,3,4,5,7,1
-0.1466,0.40415,0.92296,-0.59238,-0.09759,-0.09913,-2.07496,3.88711,2,10,9,4,7,3,6,1,8,5
0.50912,0.08127,-1.84709,-0.9572,-0.09759,-0.09913,0.52122,-0.05824,9,10,3,4,5,2,6,7,8,1
-1.96805,-1.04884,-2.07793,-0.9572,-0.09759,-0.09913,0.52122,-0.52792,8,10,6,9,4,2,5,3,7,1
0.29055,0.00054,0.11503,-0.00865,-0.09759,-0.09913,0.34814,-0.52792,9,10,2,8,7,6,3,4,5,1
0.7277,1.13065,0.69212,0.721,-0.09759,-0.09913,-0.69033,-0.05824,9,10,1,3,6,8,4,5,7,2
-1.67662,-0.72595,-3.00128,-0.44645,-0.09759,-0.09913,-0.1711,-0.52792,8,10,6,9,3,2,4,5,7,1
-1.82234,-1.21028,-3.23211,-0.59238,-0.09759,-0.09913,-0.69033,-0.52792,7,10,6,9,3,2,4,5,8,1
-0.80232,-0.40306,0.11503,0.21024,-0.09759,-0.09913,0.6943,-0.52792,8,10,2,9,7,5,4,3,6,1
-1.23947,-0.24162,0.5767,-0.15458,-0.09759,-0.09913,-0.86341,3.69923,3,10,9,6,7,2,5,1,8,4
-0.94804,-0.80667,-1.38541,-0.59238,-0.09759,-0.09913,0.17506,-0.52792,8,10,3,9,6,2,5,4,7,1
-0.51089,-0.24162,-0.34665,-0.59238,-0.09759,-0.09913,-0.51725,-0.52792,8,10,2,9,7,5,4,3,6,1
1.16485,-0.56451,0.80754,2.47217,-0.09759,-0.09913,-5.36346,0.50538,7,10,4,3,2,9,5,1,8,6
0.36341,-0.80667,1.38464,-0.30051,-0.09759,-0.09913,-2.24804,0.0357,6,10,2,9,5,8,4,3,7,1
-1.23947,-0.32234,1.1538,-0.59238,-0.09759,-0.09913,0.17506,-0.15217,8,10,4,9,7,6,3,2,5,1
0.07197,0.00054,0.46129,-1.10313,-0.09759,-0.09913,1.73277,-0.52792,8,10,2,9,5,7,4,3,6,1
0.29055,0.80776,0.80754,-0.66534,-0.09759,-0.09913,-1.03649,-0.52792,9,10,2,7,5,8,4,3,6,1
-0.36517,0.5656,-1.38541,0.13728,-0.09759,-0.09913,0.52122,0.31751,9,10,6,7,5,2,3,4,8,1
0.36341,0.5656,0.11503,-1.39499,-0.09759,-0.09913,0.86738,-0.52792,9,10,2,5,6,8,4,3,7,1
0.29055,-0.24162,0.92296,1.01286,-0.09759,-0.09913,-0.69033,-0.05824,7,10,2,9,6,8,3,4,5,1
-1.0209,-1.45244,0.5767,0.06431,-0.09759,-0.09913,-0.51725,1.44475,5,10,9,8,6,3,4,2,7,1
-0.29232,-0.72595,-0.57748,-0.22755,-0.09759,-0.09913,-0.34418,-0.52792,8,10,2,9,7,4,5,3,6,1
-0.72947,-0.88739,1.1538,-0.22755,-0.09759,-0.09913,0.34814,0.31751,7,10,8,9,6,5,3,2,4,1
0.14483,-0.24162,0.92296,-0.59238,-0.09759,-0.09913,-2.76728,-1.56122,4,10,6,8,5,9,3,2,7,1
0.14483,-0.24162,0.92296,-0.59238,-0.09759,-0.09913,-2.76728,-1.56122,4,10,6,8,5,9,3,2,7,1
-0.00088,-0.40306,0.11503,-0.51941,-0.09759,-0.09913,0.52122,-0.24611,8,10,2,9,7,5,4,3,6,1
0.50912,0.40415,0.11503,-0.59238,-0.09759,-0.09913,0.17506,1.44475,7,10,9,3,6,4,5,2,8,1
-0.43803,-0.56451,-0.46206,0.13728,-0.09759,-0.09913,-0.86341,0.12964,8,10,4,9,6,5,3,2,7,1
-0.29232,0.00054,-0.00039,0.13728,-0.09759,-0.09913,0.00198,0.88113,7,10,9,8,5,4,3,2,6,1
1.16485,1.21137,0.46129,1.01286,-0.09759,-0.09913,0.17506,-0.52792,9,10,1,3,5,8,4,6,7,2
1.96629,1.85714,-0.11581,1.45065,-0.09759,-0.09913,-2.07496,-0.52792,8,10,1,2,4,9,5,6,7,3
-0.87518,0.64632,-0.46206,-0.37348,-0.09759,-0.09913,0.34814,-0.52792,8,10,2,9,7,3,5,4,6,1
-1.31233,1.45353,0.11503,-0.73831,-0.09759,10.87141,0.86738,-0.52792,3,4,5,6,7,8,2,9,1,10
-1.67662,-0.32234,0.23045,-0.66534,-0.09759,-0.09913,-0.1711,1.53869,5,10,9,8,6,3,4,2,7,1
0.14483,-0.40306,-0.57748,-0.9572,-0.09759,-0.09913,-0.34418,-0.52792,9,10,2,8,6,4,5,3,7,1
-0.94804,-1.69461,-0.57748,-0.81127,-0.09759,-0.09913,-0.1711,-0.52792,8,10,5,9,7,3,4,2,6,1
-0.94804,-0.1609,1.96173,0.79396,-0.09759,-0.09913,1.04046,3.22955,2,10,9,7,6,4,5,1,8,3
-0.43803,0.72704,0.46129,-0.59238,-0.09759,-0.09913,-0.1711,-0.52792,8,10,2,9,7,6,4,3,5,1
-0.1466,1.21137,-1.61625,-0.15458,-0.09759,-0.09913,0.6943,0.31751,9,10,7,3,5,2,4,6,8,1
0.65484,-0.08018,-0.57748,-0.30051,-0.09759,-0.09913,-0.86341,0.31751,9,10,4,6,7,5,3,2,8,1
1.67485,0.16199,1.03838,-0.08162,-0.09759,-0.09913,0.17506,-0.52792,8,10,1,4,6,9,3,5,7,2
-0.00088,-0.56451,-0.00039,-0.66534,-0.09759,-0.09913,-0.69033,1.8205,5,10,9,7,6,3,4,1,8,2
-1.96805,-2.98616,0.11503,-0.73831,-0.09759,-0.09913,0.52122,2.19625,4,10,9,8,6,3,5,1,7,2
-0.07374,0.80776,0.46129,0.64803,-0.09759,-0.09913,0.52122,1.72656,6,10,9,5,7,4,3,1,8,2
0.14483,-1.53317,0.69212,-0.73831,-0.09759,-0.09913,0.86738,-0.52792,8,10,3,9,7,6,4,2,5,1
-0.07374,-0.1609,0.11503,-0.37348,-0.09759,-0.09913,0.52122,-0.52792,8,10,2,9,7,5,4,3,6,1
-0.07374,0.80776,-0.92374,-0.59238,-0.09759,-0.09913,1.38661,0.0357,9,10,2,6,7,3,4,5,8,1
0.7277,0.9692,0.46129,-1.10313,-0.09759,-0.09913,0.17506,-0.52792,9,10,2,3,6,8,4,5,7,1
0.36341,-0.24162,0.34587,-0.44645,-0.09759,-0.09913,-1.72881,-0.52792,8,10,1,9,5,7,4,3,6,2
-0.21946,-1.45244,0.11503,-0.15458,-0.09759,-0.09913,0.6943,-0.05824,8,10,3,9,7,5,4,2,6,1
0.21769,-2.0175,1.03838,0.06431,-0.09759,-0.09913,-0.86341,-0.15217,7,10,3,9,6,8,4,2,5,1
-1.38519,0.00054,0.46129,0.42914,-0.09759,-0.09913,0.52122,0.31751,8,10,7,9,6,4,3,2,5,1
-1.82234,-1.37172,-0.23123,-0.59238,-0.09759,-0.09913,-1.38265,0.50538,7,10,8,9,6,3,4,2,5,1
0.36341,-0.32234,-0.34665,-0.81127,-0.09759,-0.09913,-0.51725,-0.52792,9,10,2,8,6,5,4,3,7,1
0.80056,0.00054,1.26922,-0.37348,-0.09759,-0.09913,0.86738,2.47806,4,10,9,3,7,6,5,1,8,2
-0.00088,0.16199,0.11503,-0.30051,-0.09759,-0.09913,-0.69033,0.88113,8,10,9,6,5,4,3,2,7,1
0.87341,-1.37172,-0.11581,-0.15458,-0.09759,-0.09913,0.17506,1.35082,6,10,9,7,5,3,4,2,8,1
0.43627,0.16199,-0.46206,-0.66534,-0.09759,-0.09913,-0.1711,4.26285,4,10,9,3,7,2,6,1,8,5
0.14483,0.48487,0.5767,-0.73831,-0.09759,-0.09913,0.52122,1.069,7,10,9,5,6,4,3,2,8,1
0.21769,-0.1609,0.11503,-0.59238,-0.09759,-0.09913,0.34814,-0.05824,9,10,2,8,7,5,4,3,6,1
0.07197,-0.1609,0.11503,-0.51941,-0.09759,-0.09913,0.17506,-0.05824,8,10,2,9,7,5,4,3,6,1
0.07197,-0.1609,0.11503,-0.00865,-0.09759,-0.09913,0.17506,-0.05824,8,10,2,9,7,5,4,3,6,1
0.21769,-0.1609,0.11503,-0.59238,-0.09759,-0.09913,0.17506,-0.05824,9,10,2,8,7,5,4,3,6,1
0.7277,-0.32234,0.11503,-1.1761,-0.09759,-0.09913,-0.34418,0.31751,9,10,6,8,5,4,3,2,7,1
0.7277,-0.32234,0.11503,-1.1761,-0.09759,-0.09913,-0.34418,0.31751,9,10,6,8,5,4,3,2,7,1
-0.43803,-0.88739,1.50005,-1.10313,-0.09759,-0.09913,-0.1711,-0.15217,7,10,4,9,6,8,3,2,5,1
0.07197,0.00054,-0.11581,1.37769,-0.09759,-0.09913,-0.34418,-0.52792,9,10,2,8,5,7,3,4,6,1
-0.36517,-0.40306,0.11503,0.28321,-0.09759,-0.09913,-0.34418,1.53869,5,10,9,8,6,3,4,2,7,1
-0.87518,-0.64523,-0.34665,-1.03017,-0.09759,-0.09913,-0.51725,2.38412,4,10,9,7,6,2,5,1,8,3
-2.25949,1.29209,1.1538,-0.88424,-0.09759,-0.09913,-5.19039,-0.24611,5,10,1,9,4,8,6,2,7,3
-0.65661,-0.64523,-3.11669,-0.73831,-0.09759,-0.09913,-1.72881,-0.52792,7,10,4,8,3,2,5,6,9,1
-1.82234,-0.64523,-3.34753,-0.88424,-0.09759,-0.09913,-1.55573,-0.52792,7,10,6,9,3,2,4,5,8,1
1.45628,0.64632,0.34587,0.9399,-0.09759,-0.09913,1.55969,-0.52792,9,10,1,3,5,8,4,6,7,2
-0.07374,-1.53317,-0.80832,-0.15458,-0.09759,-0.09913,0.6943,-0.52792,8,10,2,9,6,3,5,4,7,1
-0.29232,-0.72595,-0.80832,-0.59238,-0.09759,-0.09913,0.6943,-0.52792,8,10,2,9,6,3,5,4,7,1
2.40343,2.50291,-0.57748,0.86693,-0.09759,-0.09913,-1.72881,-0.15217,9,10,1,2,4,8,5,6,7,3
-0.87518,0.08127,0.69212,-0.37348,-0.09759,-0.09913,-0.34418,0.31751,8,10,6,9,7,4,3,2,5,1
-1.31233,-1.12956,-2.5396,0.86693,-0.09759,-0.09913,0.00198,1.16294,6,10,9,8,5,2,4,3,7,1
-0.72947,1.21137,-1.38541,-0.66534,-0.09759,-0.09913,1.21354,-0.52792,9,10,2,8,5,3,4,6,7,1
-1.0209,-1.04884,1.50005,-0.08162,-0.09759,-0.09913,-3.4596,-0.52792,5,10,2,9,6,8,4,3,7,1
-0.07374,0.40415,-1.03916,-0.51941,-0.09759,-0.09913,-0.34418,0.31751,9,10,6,7,5,2,4,3,8,1
-1.45805,-0.40306,0.5767,-0.51941,-0.09759,-0.09913,0.52122,1.16294,5,10,9,8,6,3,4,2,7,1
2.76773,1.77642,-2.07793,0.28321,-0.09759,-0.09913,0.34814,0.50538,9,10,4,1,3,5,6,7,8,2
-0.43803,-0.80667,0.34587,-0.51941,-0.09759,-0.09913,-0.34418,-0.05824,8,10,3,9,7,5,4,2,6,1
-0.36517,0.5656,0.23045,-0.37348,-0.09759,-0.09913,0.6943,0.97507,7,10,9,8,5,4,3,2,6,1
-0.29232,0.88848,-1.38541,0.64803,-0.09759,-0.09913,-0.1711,-0.52792,9,10,2,7,5,3,4,6,8,1
0.36341,-0.72595,1.96173,2.54513,-0.09759,-0.09913,-0.1711,-1.27941,5,10,7,8,4,9,1,3,6,2
-1.60376,-2.58255,2.53882,-0.00865,-0.09759,-0.09913,-0.1711,-0.24611,5,10,7,9,6,8,3,2,4,1
1.16485,1.21137,0.34587,-0.66534,-0.09759,-0.09913,-0.51725,3.6053,4,10,9,2,7,3,6,1,8,5
-1.0209,0.00054,-1.27,-0.22755,-0.09759,-0.09913,0.00198,-0.52792,8,10,3,9,6,2,5,4,7,1
-0.1466,0.32343,0.69212,0.21024,-0.09759,-0.09913,0.17506,1.44475,5,10,9,7,6,4,3,2,8,1
-1.23947,-1.04884,-0.11581,-0.30051,-0.09759,-0.09913,0.86738,-0.52792,8,10,3,9,7,4,5,2,6,1
0.58198,-0.56451,-2.07793,-1.10313,-0.09759,-0.09913,-0.1711,-0.52792,9,10,3,6,4,2,5,7,8,1
0.58198,1.13065,-0.92374,0.28321,-0.09759,-0.09913,0.6943,-0.52792,9,10,1,3,6,5,4,7,8,2
1.74771,2.58363,-0.46206,-0.15458,-0.09759,-0.09913,0.00198,0.31751,9,10,3,1,4,7,5,6,8,2
1.74771,2.58363,-0.46206,-0.15458,-0.09759,-0.09913,-0.34418,-0.52792,9,10,1,2,4,8,5,7,6,3
1.82057,2.09931,0.92296,-0.30051,-0.09759,-0.09913,-0.1711,-0.52792,9,10,1,3,4,8,5,6,7,2
0.58198,-1.04884,0.92296,-0.73831,-0.09759,-0.09913,0.17506,-0.52792,8,10,2,9,6,7,4,3,5,1
-0.80232,-0.88739,1.73089,-0.73831,-0.09759,-0.09913,-0.86341,-0.52792,6,10,4,9,7,8,3,2,5,1
0.07197,0.72704,0.5767,-0.37348,-0.09759,-0.09913,0.34814,-0.52792,9,10,2,8,6,7,3,4,5,1
-0.65661,-1.21028,1.1538,-0.30051,-0.09759,-0.09913,1.04046,4.82647,2,10,9,4,7,3,6,1,8,5
-0.51089,-1.77533,-1.03916,0.42914,-0.09759,-0.09913,0.34814,-0.52792,8,10,3,9,6,2,5,4,7,1
-0.65661,-0.08018,0.5767,-0.9572,-0.09759,-0.09913,0.86738,-0.52792,8,10,2,9,7,6,4,3,5,1
-1.96805,-1.69461,-0.46206,-1.90575,-0.09759,-0.09913,-1.20957,0.31751,7,10,8,9,6,3,4,2,5,1
-1.82234,-0.1609,-0.57748,0.42914,-0.09759,-0.09913,-1.72881,-0.52792,8,10,2,9,6,5,4,3,7,1
-0.87518,-1.291,0.5767,1.30472,-0.09759,-0.09913,-0.34418,-0.15217,8,10,4,9,6,7,3,2,5,1
0.80056,0.32343,0.46129,0.86693,-0.09759,-0.09913,0.6943,0.12964,9,10,2,5,6,8,3,4,7,1
-0.1466,-2.66327,-1.50083,0.5021,-0.09759,-0.09913,-1.03649,0.78719,7,10,8,9,5,2,4,3,6,1
-0.21946,-0.24162,-0.00039,-0.51941,-0.09759,-0.09913,0.17506,-0.15217,8,10,2,9,7,5,4,3,6,1
0.36341,-0.96812,0.23045,-0.73831,-0.09759,-0.09913,-0.1711,3.41742,3,10,9,5,7,2,6,1,8,4
-0.65661,-0.88739,1.26922,-0.66534,-0.09759,-0.09913,0.00198,3.13561,2,10,9,7,6,3,5,1,8,4
-0.65661,0.48487,0.34587,-0.73831,-0.09759,-0.09913,0.86738,-0.15217,8,10,2,9,7,5,4,3,6,1
2.03914,1.85714,-2.65502,0.13728,-0.09759,-0.09913,1.04046,-0.52792,9,10,3,1,4,5,6,7,8,2
-1.38519,0.08127,-1.38541,-0.59238,-0.09759,-0.09913,-0.69033,0.31751,8,10,7,9,5,2,4,3,6,1
0.94627,1.13065,-0.11581,-0.44645,-0.09759,-0.09913,0.34814,-0.24611,9,10,2,3,6,7,4,5,8,1
-1.38519,-0.80667,-2.19334,-0.66534,-0.09759,-0.09913,0.34814,-0.52792,8,10,6,9,5,2,3,4,7,1
-0.43803,1.21137,-0.11581,-0.73831,-0.09759,-0.09913,-0.34418,0.31751,9,10,5,8,6,4,3,2,7,1
-0.1466,-0.48379,-0.46206,0.79396,-0.09759,-0.09913,-0.69033,0.78719,7,10,9,8,5,4,3,2,6,1
-0.00088,-0.08018,-0.46206,-0.30051,-0.09759,-0.09913,0.52122,-0.24611,9,10,2,8,6,5,4,3,7,1
0.87341,-0.64523,-0.34665,-0.73831,-0.09759,-0.09913,0.34814,-0.52792,9,10,2,8,6,5,4,3,7,1
-0.00088,-0.40306,0.23045,-0.59238,-0.09759,-0.09913,0.34814,-0.52792,8,10,2,9,7,5,4,3,6,1
0.65484,0.08127,-0.34665,-0.37348,-0.09759,-0.09913,-0.51725,-0.52792,9,10,2,5,7,6,3,4,8,1
-0.80232,-0.24162,-0.11581,-0.44645,-0.09759,-0.09913,0.52122,-0.15217,8,10,2,9,7,5,4,3,6,1
-0.07374,-0.1609,0.23045,-0.15458,-0.09759,-0.09913,0.00198,-0.52792,8,10,2,9,7,6,4,3,5,1
0.65484,-0.1609,-0.11581,1.15879,-0.09759,-0.09913,0.34814,-0.52792,9,10,2,6,5,8,3,4,7,1
0.50912,-1.21028,-0.00039,1.23176,-0.09759,-0.09913,0.52122,-0.52792,8,10,2,9,6,7,3,4,5,1
0.80056,0.16199,-0.00039,1.30472,-0.09759,-0.09913,0.52122,-0.52792,9,10,1,4,6,8,3,5,7,2
-0.07374,0.08127,0.23045,-0.9572,-0.09759,-0.09913,0.17506,0.50538,7,10,9,8,5,4,3,2,6,1
-0.36517,-0.80667,0.69212,-0.81127,-0.09759,-0.09913,0.34814,-0.52792,8,10,3,9,7,6,4,2,5,1
0.94627,-0.56451,-0.23123,-1.10313,-0.09759,-0.09913,0.17506,-0.52792,9,10,2,8,6,5,4,3,7,1
0.94627,-0.56451,-0.23123,-1.10313,-0.09759,-0.09913,0.17506,-0.52792,9,10,2,8,6,5,4,3,7,1
0.14483,-0.40306,0.34587,0.57507,-0.09759,-0.09913,0.34814,1.53869,5,10,9,7,6,4,3,2,8,1
0.29055,-0.1609,0.5767,0.5021,-0.09759,-0.09913,0.86738,1.16294,7,10,9,6,5,4,3,2,8,1
0.36341,2.34147,-0.57748,-0.08162,-0.09759,-0.09913,0.17506,-0.52792,9,10,1,3,5,6,4,7,8,2
0.58198,0.08127,1.50005,-0.44645,-0.09759,-0.09913,0.00198,1.35082,4,10,9,5,6,7,3,2,8,1
0.94627,0.64632,0.80754,-1.1761,-0.09759,-0.09913,0.34814,0.50538,9,10,8,3,5,7,4,2,6,1
0.29055,1.37281,0.69212,-0.81127,-0.09759,-0.09913,1.21354,0.50538,9,10,8,4,5,6,3,2,7,1
-0.65661,0.72704,1.73089,-0.88424,-0.09759,-0.09913,-0.1711,0.50538,6,10,8,9,4,7,3,2,5,1
-0.21946,-0.96812,-0.00039,-0.81127,-0.09759,-0.09913,-0.1711,1.8205,5,10,9,8,6,3,4,1,7,2
-1.23947,-2.66327,0.23045,-0.9572,-0.09759,-0.09913,0.17506,4.45073,3,10,9,7,6,2,5,1,8,4
-0.58375,0.00054,1.03838,-0.66534,-0.09759,-0.09913,0.17506,-0.52792,8,10,2,9,6,7,4,3,5,1
0.29055,0.40415,0.5767,1.01286,-0.09759,-0.09913,0.52122,-0.52792,9,10,2,7,5,8,3,4,6,1
-1.38519,-1.53317,0.80754,-0.81127,-0.09759,-0.09913,0.00198,-0.52792,8,10,5,9,7,6,3,2,4,1
-0.87518,-0.64523,-0.00039,-0.51941,-0.09759,-0.09913,-1.03649,-0.52792,8,10,2,9,7,5,4,3,6,1
-1.23947,-1.12956,1.38464,-0.00865,-0.09759,-0.09913,0.86738,-0.52792,7,10,4,9,6,8,3,2,5,1
-0.87518,-0.64523,-0.00039,-0.51941,-0.09759,-0.09913,-1.03649,-0.52792,8,10,2,9,7,5,4,3,6,1
-0.21946,0.48487,0.92296,-0.51941,-0.09759,-0.09913,-1.03649,3.41742,3,10,9,4,7,2,6,1,8,5
-1.31233,-1.45244,0.23045,-0.59238,-0.09759,-0.09913,-0.34418,0.59932,7,10,8,9,6,3,4,2,5,1
-1.60376,-1.85605,-0.00039,-0.88424,-0.09759,-0.09913,0.00198,0.0357,7,10,8,9,6,3,4,2,5,1
-0.65661,-0.32234,0.80754,-0.08162,-0.09759,-0.09913,1.21354,0.97507,5,10,9,8,6,4,3,2,7,1
-0.43803,0.32343,0.11503,-0.73831,-0.09759,-0.09913,1.38661,-0.52792,8,10,2,9,6,5,4,3,7,1
-0.43803,0.40415,0.11503,-0.73831,-0.09759,-0.09913,1.73277,-0.52792,8,10,2,9,5,6,4,3,7,1
1.96629,1.61498,-0.6929,0.21024,-0.09759,-0.09913,1.04046,-0.52792,9,10,1,2,4,8,5,6,7,3
-0.72947,0.48487,0.34587,-0.81127,-0.09759,-0.09913,-0.1711,-0.52792,8,10,2,9,7,6,4,3,5,1
2.112,2.34147,-0.92374,-0.00865,-0.09759,-0.09913,1.73277,-0.52792,9,10,2,1,4,7,5,6,8,3
2.18486,2.66436,-0.80832,-0.15458,-0.09759,-0.09913,0.6943,-0.52792,9,10,2,1,4,7,5,8,6,3
0.58198,0.40415,0.11503,-0.9572,-0.09759,-0.09913,0.34814,-0.52792,9,10,2,5,6,8,3,4,7,1
0.36341,1.53425,0.11503,-1.03017,-0.09759,-0.09913,0.17506,-0.52792,9,10,2,3,6,8,4,5,7,1
-0.21946,-0.32234,0.34587,-1.03017,-0.09759,-0.09913,0.17506,-0.24611,8,10,2,9,7,6,4,3,5,1
0.50912,-1.69461,1.50005,-0.30051,-0.09759,-0.09913,-0.1711,-0.05824,7,10,4,9,6,8,3,2,5,1
0.14483,-0.08018,1.03838,-0.37348,-0.09759,-0.09913,-0.51725,-0.52792,8,10,2,9,6,7,4,3,5,1
-0.65661,-0.64523,0.34587,-0.66534,-0.09759,-0.09913,-0.34418,2.8538,4,10,9,6,7,2,5,1,8,3
-0.36517,-1.12956,-0.00039,-0.51941,-0.09759,-0.09913,0.52122,3.98104,3,10,9,5,7,2,6,1,8,4
0.21769,0.08127,0.46129,-0.37348,-0.09759,-0.09913,-0.86341,-0.52792,9,10,2,8,6,7,4,3,5,1
-0.07374,0.00054,-0.92374,1.23176,-0.09759,-0.09913,0.00198,0.78719,8,10,9,6,5,4,2,3,7,1
-0.43803,-0.08018,-0.11581,0.06431,-0.09759,-0.09913,0.34814,-0.52792,8,10,2,9,7,5,4,3,6,1
-1.82234,-1.93677,0.34587,-0.66534,-0.09759,-0.09913,-0.86341,-0.52792,8,10,6,9,7,4,3,2,5,1
-0.07374,-0.32234,0.46129,-0.59238,-0.09759,-0.09913,-2.5942,-0.52792,6,10,1,9,5,8,4,3,7,2
-0.58375,-1.04884,0.46129,-0.66534,-0.09759,-0.09913,0.17506,-0.52792,8,10,3,9,7,6,4,2,5,1
-0.58375,-0.40306,2.88508,-0.37348,-0.09759,-0.09913,-0.34418,-0.52792,5,10,4,9,6,8,2,3,7,1
-0.80232,-0.40306,2.88508,-0.66534,-0.09759,-0.09913,0.17506,-0.52792,5,10,4,9,6,8,2,3,7,1
0.94627,0.32343,0.34587,0.06431,-0.09759,-0.09913,-0.1711,-0.52792,9,10,1,4,6,8,3,5,7,2
0.29055,-0.56451,-0.23123,0.06431,-0.09759,-0.09913,-1.03649,1.25688,6,10,9,7,5,3,4,2,8,1
-0.72947,-0.48379,-0.00039,-0.9572,-0.09759,-0.09913,0.34814,1.069,5,10,9,8,6,3,4,2,7,1
0.36341,-0.88739,-1.27,1.52362,-0.09759,-0.09913,0.00198,5.20222,4,10,9,3,7,2,5,1,8,6
0.65484,-0.1609,-1.03916,1.96141,-0.09759,-0.09913,-0.34418,2.66593,6,10,9,2,7,3,5,1,8,4
-0.07374,-0.96812,-0.11581,-0.81127,-0.09759,-0.09913,0.52122,-0.24611,8,10,2,9,7,5,4,3,6,1
0.21769,-0.40306,0.23045,0.21024,-0.09759,-0.09913,0.86738,0.97507,6,10,9,8,5,4,3,2,7,1
0.87341,0.80776,0.46129,-0.30051,-0.09759,-0.09913,0.6943,-0.05824,9,10,2,3,6,8,4,5,7,1
-1.23947,-0.32234,0.34587,-1.03017,-0.09759,-0.09913,0.00198,-0.05824,8,10,5,9,7,4,3,2,6,1
0.50912,-1.12956,0.11503,-0.08162,-0.09759,-0.09913,0.6943,-0.24611,8,10,2,9,7,5,4,3,6,1
-0.36517,2.09931,0.11503,-0.08162,-0.09759,-0.09913,1.55969,-0.52792,9,10,2,6,5,7,3,4,8,1
-0.1466,-0.48379,0.11503,-0.15458,-0.09759,-0.09913,-0.1711,-0.52792,8,10,2,9,7,5,4,3,6,1
0.65484,1.13065,-0.6929,-0.00865,-0.09759,-0.09913,0.00198,-0.52792,9,10,1,3,6,5,4,7,8,2
2.112,0.48487,0.34587,-0.51941,-0.09759,-0.09913,-0.51725,0.69326,9,10,8,2,4,7,5,3,6,1
-0.00088,0.00054,-0.23123,0.57507,-0.09759,-0.09913,0.34814,-0.05824,9,10,2,8,6,5,3,4,7,1
2.112,0.9692,-1.73167,0.64803,-0.09759,-0.09913,1.73277,0.0357,9,10,3,1,4,6,5,7,8,2
0.14483,0.00054,1.1538,-0.44645,-0.09759,-0.09913,0.34814,-0.52792,8,10,2,9,6,7,4,3,5,1
0.65484,-0.32234,0.80754,-0.66534,-0.09759,-0.09913,0.34814,-0.52792,8,10,2,9,6,7,4,3,5,1
0.21769,-0.64523,0.34587,-0.51941,-0.09759,-0.09913,-0.51725,-0.52792,8,10,2,9,7,6,4,3,5,1
0.65484,-0.32234,0.5767,-0.66534,-0.09759,-0.09913,0.34814,-0.24611,9,10,2,8,6,7,4,3,5,1
0.80056,1.85714,-0.00039,2.32624,-0.09759,-0.09913,0.00198,-0.52792,9,10,2,1,5,8,4,6,7,3
-0.00088,-0.56451,0.69212,-0.66534,-0.09759,-0.09913,-2.5942,-0.52792,6,10,1,9,5,8,4,3,7,2
-1.0209,0.16199,1.26922,0.5021,-0.09759,-0.09913,0.34814,0.88113,4,10,9,8,5,6,3,2,7,1
1.16485,0.32343,0.34587,-0.66534,-0.09759,-0.09913,0.6943,-0.52792,9,10,2,3,6,8,4,5,7,1
0.14483,0.08127,-0.23123,-1.03017,-0.09759,-0.09913,0.6943,0.31751,9,10,7,8,5,4,3,2,6,1
0.43627,-0.32234,0.11503,-0.08162,-0.09759,-0.09913,0.6943,-0.52792,9,10,2,8,7,6,4,3,5,1
-0.21946,-0.32234,-0.11581,0.06431,-0.09759,-0.09913,1.55969,-0.52792,8,10,2,9,6,5,4,3,7,1
-0.00088,-0.32234,-0.11581,0.06431,-0.09759,-0.09913,1.73277,-0.52792,8,10,2,9,5,6,4,3,7,1
-0.51089,-0.1609,-1.61625,-0.00865,-0.09759,-0.09913,0.34814,-0.52792,8,10,3,9,6,2,4,5,7,1
-0.00088,-0.48379,0.80754,0.13728,-0.09759,-0.09913,1.21354,-0.52792,8,10,2,9,6,7,4,3,5,1
-0.29232,-0.24162,1.38464,0.28321,-0.09759,-0.09913,-2.07496,-0.52792,7,10,2,9,5,8,4,3,6,1
0.65484,1.61498,-0.46206,-0.51941,-0.09759,-0.09913,0.6943,1.53869,7,10,9,1,6,4,5,3,8,2
-2.25949,-0.72595,0.5767,-0.9572,-0.09759,-0.09913,0.34814,-0.24611,8,10,6,9,7,5,3,2,4,1
-1.67662,-0.56451,-0.00039,-0.9572,-0.09759,-0.09913,0.6943,0.31751,7,10,8,9,6,3,4,2,5,1
-0.58375,-0.32234,-0.6929,-0.66534,-0.09759,-0.09913,0.17506,1.35082,6,10,9,8,5,3,4,2,7,1
-0.07374,-1.12956,-0.34665,0.13728,-0.09759,-0.09913,1.04046,2.47806,4,10,9,6,7,2,5,1,8,3
-0.58375,0.08127,-1.96251,-0.73831,-0.09759,-0.09913,0.6943,-0.52792,9,10,3,8,5,2,4,6,7,1
-1.16661,-0.64523,-0.23123,-0.51941,-0.09759,-0.09913,-0.69033,0.31751,7,10,8,9,6,3,4,2,5,1
0.7277,0.5656,1.50005,-0.30051,-0.09759,-0.09913,0.00198,2.00837,5,10,9,3,7,6,4,1,8,2
0.21769,-0.48379,0.46129,1.88844,-0.09759,-0.09913,-0.1711,0.97507,5,10,9,8,4,7,2,3,6,1
-0.1466,-0.88739,0.69212,-0.22755,-0.09759,-0.09913,1.73277,-0.52792,8,10,2,9,6,7,4,3,5,1
0.43627,-0.08018,-0.34665,-0.9572,-0.09759,-0.09913,0.34814,-0.52792,9,10,2,8,6,5,4,3,7,1
-0.21946,0.72704,0.69212,-1.24906,-0.09759,-0.09913,0.00198,-0.52792,8,10,2,9,6,7,4,3,5,1
-0.72947,-1.77533,0.92296,1.30472,-0.09759,-0.09913,-1.55573,-0.52792,7,10,4,9,6,8,3,2,5,1
0.29055,-1.21028,0.5767,-0.51941,-0.09759,-0.09913,-3.4596,-0.52792,6,10,1,9,5,8,4,3,7,2
-0.00088,-0.24162,-0.57748,-0.88424,-0.09759,-0.09913,0.52122,0.41145,9,10,7,8,5,3,4,2,6,1
0.36341,-0.08018,1.1538,-0.59238,-0.09759,-0.09913,0.17506,-0.52792,7,10,2,9,6,8,4,3,5,1
0.36341,-0.48379,-0.00039,-1.24906,-0.09759,-0.09913,0.86738,-0.52792,8,10,2,9,7,5,4,3,6,1
1.16485,-1.04884,1.1538,-0.08162,-0.09759,-0.09913,3.29048,-0.52792,6,10,2,8,5,9,4,3,7,1
0.07197,-0.08018,-0.23123,2.10734,-0.09759,-0.09913,0.34814,2.8538,5,10,9,2,7,3,4,1,8,6
-1.0209,0.08127,0.11503,-0.66534,-0.09759,-0.09913,0.34814,-0.52792,8,10,2,9,7,5,4,3,6,1
1.31056,1.45353,-1.73167,-0.73831,-0.09759,-0.09913,2.07893,-0.52792,9,10,3,1,4,5,6,7,8,2
-0.43803,-1.21028,0.5767,-0.88424,-0.09759,-0.09913,0.34814,-0.52792,8,10,3,9,7,6,4,2,5,1
1.67485,0.72704,-1.73167,-0.81127,-0.09759,-0.09913,0.6943,-0.52792,9,10,3,2,4,5,6,7,8,1
0.7277,-1.04884,0.23045,-0.81127,-0.09759,-0.09913,0.86738,-0.15217,8,10,2,9,6,7,4,3,5,1
1.01913,0.88848,0.69212,-0.81127,-0.09759,-0.09913,0.6943,-0.52792,9,10,2,3,6,8,4,5,7,1
-0.1466,0.64632,0.92296,-1.03017,-0.09759,-0.09913,-0.1711,-0.52792,8,10,2,9,6,7,4,3,5,1
1.09199,0.64632,0.34587,-0.37348,-0.09759,-0.09913,0.17506,-0.52792,9,10,1,3,6,8,4,5,7,2
-0.1466,-0.08018,-0.11581,-0.00865,-0.09759,-0.09913,-1.90189,-0.05824,8,10,2,9,5,6,4,3,7,1
0.50912,0.32343,-2.07793,-0.81127,-0.09759,-0.09913,0.34814,-0.24611,9,10,2,4,5,3,6,7,8,1
-0.72947,-1.12956,-2.07793,-0.73831,-0.09759,-0.09913,0.17506,-0.05824,8,10,6,9,5,2,4,3,7,1
-0.00088,0.40415,0.23045,-0.73831,-0.09759,-0.09913,0.17506,0.31751,9,10,5,8,6,4,3,2,7,1
1.09199,1.04992,-0.34665,-0.30051,-0.09759,-0.09913,0.34814,-0.05824,9,10,2,3,5,7,4,6,8,1
-0.65661,-0.1609,0.11503,-0.44645,-0.09759,-0.09913,0.17506,-0.52792,8,10,2,9,7,5,4,3,6,1
-1.82234,-0.80667,0.46129,-0.73831,-0.09759,-0.09913,-1.20957,-0.52792,8,10,3,9,7,6,4,2,5,1
0.94627,0.48487,0.23045,-0.37348,-0.09759,-0.09913,0.00198,-0.52792,9,10,1,3,6,8,4,5,7,2
0.43627,1.45353,-0.92374,0.721,-0.09759,-0.09913,-0.1711,-0.52792,9,10,1,3,5,6,4,7,8,2
0.50912,-0.24162,-0.23123,-0.66534,-0.09759,-0.09913,0.34814,-0.15217,9,10,2,8,6,5,4,3,7,1
-0.29232,0.16199,0.11503,-0.9572,-0.09759,-0.09913,-0.51725,-0.52792,8,10,2,9,7,5,4,3,6,1
-0.00088,-0.80667,0.80754,-0.66534,-0.09759,-0.09913,1.55969,-0.52792,8,10,2,9,6,7,4,3,5,1
2.03914,1.6957,-1.73167,-0.08162,-0.09759,-0.09913,-0.1711,-0.52792,9,10,2,1,4,5,6,7,8,3
1.01913,0.48487,0.23045,-0.66534,-0.09759,-0.09913,0.6943,1.8205,6,10,9,3,7,4,5,2,8,1
3.64202,2.42219,-2.42418,0.721,-0.09759,-0.09913,0.34814,-0.52792,9,10,2,1,4,6,5,8,7,3
0.07197,-0.88739,0.69212,2.10734,-0.09759,-0.09913,-0.69033,3.41742,2,10,9,5,7,3,4,1,8,6
1.38342,1.29209,-1.61625,-1.24906,-0.09759,-0.09913,1.04046,-0.52792,9,10,3,2,4,5,6,7,8,1
-0.72947,-0.40306,-0.57748,-0.81127,-0.09759,-0.09913,0.52122,1.91444,5,10,9,7,6,3,4,1,8,2
-0.07374,0.24271,-1.61625,-0.81127,-0.09759,-0.09913,0.34814,-0.05824,9,10,3,7,5,2,4,6,8,1
-0.80232,1.04992,-1.03916,0.06431,-0.09759,-0.09913,-0.1711,-0.52792,9,10,2,8,6,3,4,5,7,1
-0.36517,0.08127,-0.80832,-0.30051,-0.09759,-0.09913,1.21354,-0.52792,9,10,2,8,6,3,5,4,7,1
1.96629,2.26075,-2.65502,0.79396,-0.09759,-0.09913,-0.1711,-0.52792,9,10,2,1,4,6,5,7,8,3
2.76773,2.01858,-1.03916,0.721,-0.09759,-0.09913,-1.20957,-0.52792,9,10,1,2,4,8,5,7,6,3
-0.07374,-0.08018,-1.15458,-0.44645,-0.09759,-0.09913,-0.34418,-0.15217,9,10,2,8,6,3,4,5,7,1
0.50912,0.24271,1.1538,0.13728,-0.09759,-0.09913,0.34814,1.63263,5,10,9,4,7,6,3,2,8,1
0.21769,0.16199,-0.11581,0.06431,-0.09759,-0.09913,0.17506,-0.52792,9,10,2,8,7,5,3,4,6,1
-0.00088,-0.24162,0.69212,0.35617,-0.09759,-0.09913,1.04046,-0.15217,8,10,2,9,6,7,4,3,5,1
1.52914,2.34147,-1.03916,0.86693,-0.09759,-0.09913,0.6943,-0.52792,9,10,2,1,4,6,5,7,8,3
-1.23947,-0.08018,-0.46206,-0.30051,-0.09759,-0.09913,0.52122,0.50538,7,10,8,9,5,3,4,2,6,1
-0.21946,-0.72595,-0.46206,-0.59238,-0.09759,-0.09913,0.52122,-0.52792,8,10,2,9,7,4,5,3,6,1
-0.36517,-0.88739,-0.46206,0.21024,-0.09759,-0.09913,-1.38265,-0.52792,8,10,2,9,6,5,4,3,7,1
0.65484,0.48487,-0.00039,1.59658,-0.09759,-0.09913,-0.69033,-0.52792,9,10,1,4,6,8,3,5,7,2
-1.31233,-1.61389,0.80754,0.86693,-0.09759,-0.09913,0.00198,-0.24611,8,10,4,9,7,6,3,2,5,1
-1.74948,-1.61389,-1.50083,-0.81127,-0.09759,-0.09913,0.52122,-0.24611,8,10,7,9,5,2,4,3,6,1
-1.60376,-0.72595,-0.46206,-0.59238,-0.09759,-0.09913,-0.51725,1.069,6,10,9,8,5,3,4,2,7,1
-0.36517,0.00054,-0.80832,-0.73831,-0.09759,-0.09913,0.34814,0.0357,8,10,4,9,6,2,5,3,7,1
-1.8952,-2.0175,0.80754,0.13728,-0.09759,-0.09913,0.17506,-1.56122,6,10,8,9,7,4,3,2,5,1
-0.29232,0.88848,0.5767,0.21024,-0.09759,-0.09913,-0.1711,-0.52792,9,10,2,8,6,7,3,4,5,1
0.29055,-0.48379,-1.38541,-0.30051,-0.09759,-0.09913,0.6943,0.22357,9,10,6,7,5,2,3,4,8,1
-2.04091,0.24271,-1.61625,-0.30051,-0.09759,-0.09913,0.6943,0.31751,7,10,8,9,5,2,4,3,6,1
-1.82234,-0.72595,-0.34665,-0.88424,-0.09759,-0.09913,1.04046,3.79317,3,10,9,7,6,2,5,1,8,4
-0.51089,-0.72595,-1.50083,-0.59238,-0.09759,-0.09913,0.6943,0.31751,8,10,7,9,5,2,4,3,6,1
-0.72947,-0.48379,-0.34665,-0.08162,-0.09759,-0.09913,0.6943,2.66593,4,10,9,6,7,2,5,1,8,3
-0.29232,0.72704,-1.38541,-1.03017,-0.09759,-0.09913,0.00198,-0.52792,9,10,2,7,6,3,4,5,8,1
2.18486,2.58363,-1.15458,0.35617,-0.09759,-0.09913,1.21354,-0.24611,9,10,2,1,4,6,5,7,8,3
-1.5309,-0.88739,-0.46206,0.721,-0.09759,-0.09913,0.17506,-0.52792,8,10,3,9,7,4,5,2,6,1
-0.72947,-0.80667,-0.80832,-0.51941,-0.09759,10.87141,-0.34418,-0.52792,3,4,5,6,7,8,2,9,1,10
0.50912,0.16199,-0.46206,-0.44645,-0.09759,10.87141,0.34814,1.25688,3,4,5,6,7,8,2,9,1,10
-0.51089,0.80776,-1.15458,-1.03017,-0.09759,-0.09913,-0.1711,0.12964,9,10,5,8,6,2,4,3,7,1
0.43627,1.6957,-0.34665,-0.37348,-0.09759,-0.09913,0.34814,-0.52792,9,10,1,3,5,7,4,6,8,2
1.09199,0.9692,-2.77044,0.5021,-0.09759,-0.09913,0.86738,-0.52792,9,10,3,2,4,5,6,7,8,1
1.96629,1.61498,-1.50083,-1.03017,-0.09759,-0.09913,-0.1711,-0.15217,9,10,3,1,4,5,6,7,8,2
-0.21946,0.88848,-2.07793,0.06431,-0.09759,-0.09913,0.00198,0.22357,9,10,6,3,5,2,4,7,8,1
1.52914,0.08127,-0.11581,-0.22755,-0.09759,-0.09913,-3.4596,0.41145,7,10,3,2,5,9,6,4,8,1
0.65484,-0.1609,-0.11581,1.66955,-0.09759,-0.09913,-2.42112,0.41145,7,10,6,4,5,9,2,3,8,1
0.58198,1.04992,0.23045,3.20182,-0.09759,-0.09913,-0.69033,-0.52792,8,10,4,2,5,9,1,6,7,3
-1.45805,1.45353,-1.03916,-0.66534,-0.09759,-0.09913,0.17506,-0.52792,8,10,2,9,6,3,5,4,7,1
1.74771,1.85714,-2.07793,-0.44645,-0.09759,-0.09913,0.86738,-0.52792,9,10,3,1,4,5,6,7,8,2
0.36341,-1.21028,-1.61625,0.21024,-0.09759,-0.09913,0.17506,-0.52792,9,10,2,8,6,3,4,5,7,1
-1.09376,-1.45244,-2.19334,-0.73831,-0.09759,-0.09913,1.04046,-0.52792,8,10,6,9,5,2,4,3,7,1
1.2377,0.88848,-1.27,-0.15458,-0.09759,-0.09913,0.17506,-0.52792,9,10,1,3,4,5,6,7,8,2
1.38342,0.5656,-1.27,-0.51941,-0.09759,-0.09913,-0.34418,1.069,8,10,9,1,5,3,6,4,7,2
-0.21946,-0.72595,0.34587,0.06431,-0.09759,-0.09913,-0.51725,-0.24611,8,10,2,9,7,6,4,3,5,1
-0.80232,0.48487,-1.84709,-0.59238,-0.09759,-0.09913,-0.1711,-0.52792,9,10,3,8,5,2,4,6,7,1
0.07197,-0.96812,-0.92374,-0.37348,-0.09759,-0.09913,-0.69033,0.59932,7,10,9,8,5,2,4,3,6,1
-1.31233,-0.40306,-1.27,-0.88424,-0.09759,-0.09913,-0.86341,-0.52792,8,10,4,9,6,2,5,3,7,1
1.82057,1.85714,-1.73167,0.5021,-0.09759,-0.09913,-0.1711,0.0357,9,10,3,1,4,6,5,7,8,2
0.29055,0.32343,0.69212,-0.59238,-0.09759,-0.09913,-0.69033,0.12964,9,10,2,8,6,7,4,3,5,1
1.52914,1.13065,-0.92374,0.13728,-0.09759,-0.09913,-1.20957,-0.52792,9,10,1,2,4,7,5,6,8,3
-1.60376,-0.1609,-1.61625,-0.73831,-0.09759,-0.09913,0.52122,-0.52792,8,10,4,9,6,2,5,3,7,1
0.58198,-0.48379,-0.57748,0.42914,-0.09759,-0.09913,0.34814,0.88113,8,10,9,5,6,3,4,2,7,1
0.14483,1.21137,-1.61625,-0.00865,-0.09759,-0.09913,-1.03649,-0.52792,9,10,2,3,6,4,5,7,8,1
1.01913,-0.48379,0.69212,-0.81127,-0.09759,-0.09913,1.04046,-0.52792,9,10,2,7,5,8,4,3,6,1
-0.1466,0.64632,-0.34665,-0.66534,-0.09759,-0.09913,0.52122,4.35679,4,10,9,3,7,2,6,1,8,5
-0.58375,1.6957,-0.57748,-0.81127,-0.09759,-0.09913,-0.34418,-0.52792,9,10,2,8,6,3,4,5,7,1
-0.87518,-1.04884,-1.61625,-0.88424,-0.09759,-0.09913,0.6943,-0.52792,8,10,5,9,6,2,4,3,7,1
-0.72947,-0.80667,-0.6929,0.79396,-0.09759,-0.09913,0.52122,-0.24611,8,10,2,9,6,5,3,4,7,1
-0.87518,0.48487,-1.38541,-0.73831,-0.09759,-0.09913,0.52122,-0.52792,8,10,3,9,6,2,4,5,7,1
2.18486,2.34147,-0.80832,-0.08162,-0.09759,-0.09913,0.34814,-0.52792,9,10,1,2,4,7,5,8,6,3
0.94627,1.21137,-0.92374,-0.59238,-0.09759,-0.09913,0.6943,-0.05824,9,10,3,2,4,5,6,7,8,1
-0.21946,-0.80667,1.50005,-0.51941,-0.09759,-0.09913,0.34814,0.41145,5,10,8,9,6,7,3,2,4,1
2.40343,3.55229,-2.07793,-0.37348,-0.09759,-0.09913,0.17506,-0.52792,9,10,2,1,4,5,6,8,7,3
0.80056,2.09931,-2.30876,-0.73831,-0.09759,-0.09913,-0.86341,1.25688,7,10,9,1,4,3,6,5,8,2
-1.23947,-0.96812,-0.34665,-0.88424,-0.09759,-0.09913,0.17506,1.8205,5,10,9,8,6,3,4,1,7,2
-0.87518,1.37281,-1.96251,-0.66534,-0.09759,-0.09913,0.17506,-0.52792,9,10,3,7,4,2,5,6,8,1
-0.80232,-1.37172,-1.96251,-0.22755,-0.09759,-0.09913,-0.51725,-0.52792,8,10,3,9,6,2,5,4,7,1
-0.00088,1.04992,-0.57748,-0.9572,-0.09759,-0.09913,-0.86341,0.41145,9,10,7,5,6,3,4,2,8,1
-2.18663,0.80776,-0.00039,0.21024,-0.09759,-0.09913,0.17506,-0.52792,8,10,2,9,7,5,4,3,6,1
-1.5309,-1.93677,-0.80832,-0.66534,-0.09759,-0.09913,0.86738,0.22357,7,10,8,9,6,2,4,3,5,1
0.07197,-0.32234,-1.03916,0.721,-0.09759,-0.09913,-0.1711,-0.52792,9,10,2,8,6,4,3,5,7,1
3.05916,1.29209,0.23045,-0.22755,-0.09759,-0.09913,0.52122,-0.52792,9,10,1,3,4,8,6,7,5,2
-0.07374,0.48487,-1.50083,-0.44645,-0.09759,-0.09913,0.52122,-0.52792,9,10,2,7,5,3,4,6,8,1
2.62201,2.26075,-1.84709,-0.81127,-0.09759,-0.09913,0.52122,-0.52792,9,10,2,1,4,5,6,8,7,3
-0.87518,-0.48379,0.80754,-0.88424,-0.09759,-0.09913,0.52122,2.29018,4,10,9,8,6,3,5,1,7,2
1.602,1.85714,-1.03916,0.13728,-0.09759,-0.09913,-1.03649,-0.52792,9,10,1,2,4,6,5,7,8,3
2.18486,1.85714,-0.34665,-0.51941,-0.09759,-0.09913,-0.1711,-0.52792,9,10,1,2,4,8,5,7,6,3
-0.07374,0.40415,-1.73167,-0.22755,-0.09759,-0.09913,1.21354,-0.52792,9,10,2,6,5,3,4,7,8,1
0.94627,1.6957,-0.6929,1.96141,-0.09759,-0.09913,0.34814,-0.52792,9,10,2,1,5,8,4,6,7,3
0.7277,1.45353,-2.30876,0.06431,-0.09759,-0.09913,0.86738,-0.52792,9,10,3,2,5,4,6,7,8,1
-0.72947,-0.56451,-0.11581,-0.66534,-0.09759,-0.09913,0.17506,0.78719,7,10,9,8,5,3,4,2,6,1
2.33058,1.04992,-0.34665,-0.59238,-0.09759,-0.09913,0.00198,-0.52792,9,10,1,2,4,8,5,7,6,3
1.96629,1.45353,-1.73167,-0.51941,-0.09759,-0.09913,0.52122,1.44475,7,10,9,1,4,3,6,5,8,2
0.07197,0.72704,-0.46206,-0.9572,-0.09759,-0.09913,-0.34418,-0.52792,9,10,2,7,6,5,3,4,8,1
0.14483,-0.32234,-1.84709,-0.44645,-0.09759,-0.09913,0.17506,-0.24611,9,10,3,7,5,2,4,6,8,1
-0.21946,0.00054,1.1538,2.69106,-0.09759,-0.09913,-2.07496,-1.09154,6,10,5,8,4,9,1,3,7,2
-1.16661,-2.09822,0.11503,-0.81127,-0.09759,-0.09913,0.6943,1.16294,5,10,9,8,6,3,4,2,7,1
-1.09376,-1.69461,-0.46206,-0.88424,-0.09759,-0.09913,0.6943,3.6053,3,10,9,7,6,2,5,1,8,4
0.58198,1.37281,-0.11581,-0.73831,-0.09759,-0.09913,-0.51725,0.0357,9,10,2,3,6,7,4,5,8,1
2.54915,2.8258,-2.30876,0.35617,-0.09759,-0.09913,0.86738,1.35082,8,10,9,1,3,4,5,6,7,2
-1.0209,-0.1609,1.26922,-0.00865,-0.09759,-0.09913,0.00198,-1.09154,7,10,4,9,6,8,3,2,5,1
-0.65661,-2.0175,1.03838,1.30472,-0.09759,-0.09913,1.73277,3.88711,2,10,9,6,7,3,5,1,8,4
-1.45805,-1.04884,-1.15458,1.37769,-0.09759,-0.09913,-0.34418,1.25688,6,10,9,8,5,3,4,2,7,1
0.50912,0.72704,-0.11581,4.36926,-0.09759,-0.09913,-0.51725,-0.52792,8,10,7,2,3,9,1,5,6,4
-0.87518,-0.80667,-1.27,-0.51941,-0.09759,-0.09913,-0.69033,3.22955,3,10,9,6,7,2,5,1,8,4
1.96629,1.93786,-1.50083,0.21024,-0.09759,-0.09913,-0.86341,-0.52792,9,10,2,1,4,6,5,7,8,3
-0.21946,-0.96812,0.92296,-0.51941,-0.09759,-0.09913,1.21354,-0.52792,8,10,2,9,6,7,4,3,5,1
-0.00088,0.88848,-0.6929,-0.44645,-0.09759,-0.09913,-0.1711,-0.52792,9,10,2,6,7,3,4,5,8,1
-0.65661,-0.40306,-0.46206,-0.22755,-0.09759,-0.09913,0.00198,3.98104,3,10,9,4,7,2,6,1,8,5
-0.29232,0.9692,-0.46206,2.03438,-0.09759,-0.09913,0.17506,-0.05824,9,10,3,6,5,8,2,4,7,1
1.74771,2.01858,-0.57748,1.30472,-0.09759,-0.09913,0.34814,-0.52792,9,10,2,1,4,8,5,7,6,3
0.14483,0.24271,0.92296,3.12885,-0.09759,-0.09913,0.00198,-0.52792,8,10,4,7,5,9,1,3,6,2
-0.65661,-0.24162,-0.00039,-0.88424,-0.09759,-0.09913,0.52122,0.88113,7,10,9,8,5,3,4,2,6,1
-1.82234,-0.80667,0.23045,-0.81127,-0.09759,-0.09913,1.04046,0.0357,8,10,7,9,6,3,4,2,5,1
0.58198,0.48487,-1.38541,0.9399,-0.09759,-0.09913,0.6943,2.75987,6,10,9,1,7,3,5,2,8,4
-1.31233,-1.69461,-2.42418,-1.32203,-0.09759,-0.09913,0.34814,-0.52792,8,10,6,9,4,2,5,3,7,1
-0.87518,-0.1609,0.80754,0.28321,-0.09759,-0.09913,-1.55573,-1.56122,4,10,8,9,5,7,3,2,6,1
-0.80232,0.64632,-0.34665,-0.59238,-0.09759,-0.09913,-0.34418,-0.52792,8,10,2,9,7,5,4,3,6,1
-0.87518,-0.24162,-0.34665,-0.59238,-0.09759,-0.09913,-1.03649,-0.15217,8,10,2,9,7,5,4,3,6,1
0.94627,0.5656,-0.00039,1.59658,-0.09759,-0.09913,0.17506,-0.52792,9,10,1,3,5,8,4,6,7,2
0.07197,-0.40306,1.38464,-0.08162,-0.09759,-0.09913,1.55969,-0.52792,7,10,2,9,5,8,4,3,6,1
0.65484,1.37281,0.46129,-0.51941,-0.09759,-0.09913,-0.34418,3.04168,5,10,9,2,7,3,6,1,8,4
0.7277,0.88848,0.46129,-1.10313,-0.09759,-0.09913,-0.69033,-0.52792,9,10,2,3,6,8,4,5,7,1
-0.1466,0.88848,0.80754,-0.66534,-0.09759,-0.09913,-0.86341,-0.52792,9,10,2,8,6,7,4,3,5,1
1.52914,0.00054,-0.00039,-0.59238,-0.09759,-0.09913,-0.69033,-0.52792,9,10,1,3,6,8,4,5,7,2
0.80056,-0.1609,0.46129,-0.08162,-0.09759,-0.09913,0.00198,-0.52792,9,10,2,7,6,8,3,4,5,1
-0.87518,-1.45244,1.61547,1.08583,-0.09759,-0.09913,-1.03649,-1.56122,4,10,8,9,6,7,3,2,5,1
-0.87518,-0.80667,1.84631,0.64803,-0.09759,-0.09913,-1.20957,-1.56122,4,10,8,9,6,7,3,2,5,1
2.25772,0.9692,-0.80832,-0.66534,-0.09759,-0.09913,0.52122,-0.52792,9,10,1,2,4,8,5,6,7,3
-0.21946,-0.56451,1.26922,1.01286,-0.09759,-0.09913,-0.34418,1.8205,4,10,9,8,6,5,3,1,7,2
1.2377,0.5656,-1.61625,-0.51941,-0.09759,-0.09913,1.04046,-0.52792,9,10,2,3,4,5,6,7,8,1
-0.51089,-0.80667,1.1538,-0.73831,-0.09759,-0.09913,0.52122,1.069,5,10,9,8,6,4,3,2,7,1
1.09199,0.32343,0.46129,-0.9572,-0.09759,-0.09913,0.52122,-0.52792,9,10,2,3,6,8,4,5,7,1
