,data,tau_x_score,prediction_time,buckets_per_rank,algo
0,PLR-REAL-Political,0.6182389937106918,1.5665070984071077,6.0,ST-GBR-EPSI(0.0)
1,PLR-REAL-Political,0.5716981132075472,0.8246843245673904,6.0,ST-GBR-EPSI(0.0)
2,PLR-REAL-Political,0.6025157232704402,0.7296355475590052,6.0,ST-GBR-EPSI(0.0)
3,PLR-REAL-Political,0.5650793650793651,0.7548790705836085,6.0,ST-GBR-EPSI(0.0)
4,PLR-REAL-Political,0.6031746031746031,0.7627319719098351,6.0,ST-GBR-EPSI(0.0)
5,PLR-REAL-Political,0.6,0.8250880594922381,6.0,ST-GBR-EPSI(0.0)
6,PLR-REAL-Political,0.6304761904761905,0.7587001808622463,6.0,ST-GBR-EPSI(0.0)
7,PLR-REAL-Political,0.5403174603174603,0.8380047535919379,6.0,ST-GBR-EPSI(0.0)
8,PLR-REAL-Political,0.6196825396825396,0.8404828711456519,6.0,ST-GBR-EPSI(0.0)
9,PLR-REAL-Political,0.6031746031746031,0.8401647547551592,6.0,ST-GBR-EPSI(0.0)
10,PLR-REAL-Political,0.5666666666666667,0.7597109007556023,6.0,ST-GBR-EPSI(0.0)
11,PLR-REAL-Political,0.5817610062893082,0.7602222413982417,6.0,ST-GBR-EPSI(0.0)
12,PLR-REAL-Political,0.6345911949685534,0.8392382118780641,6.0,ST-GBR-EPSI(0.0)
13,PLR-REAL-Political,0.6101587301587301,0.8257059182251458,6.0,ST-GBR-EPSI(0.0)
14,PLR-REAL-Political,0.6025396825396825,0.8376499816367896,6.0,ST-GBR-EPSI(0.0)
15,PLR-REAL-Political,0.584126984126984,0.7579279742796362,6.0,ST-GBR-EPSI(0.0)
16,PLR-REAL-Political,0.584126984126984,0.788654632129522,6.0,ST-GBR-EPSI(0.0)
17,PLR-REAL-Political,0.6088888888888888,0.8332552212623954,6.0,ST-GBR-EPSI(0.0)
18,PLR-REAL-Political,0.5968253968253969,0.8180846365383841,6.0,ST-GBR-EPSI(0.0)
19,PLR-REAL-Political,0.5936507936507935,0.7644656633996911,6.0,ST-GBR-EPSI(0.0)
20,PLR-REAL-Political,0.5811320754716982,0.7726406094623736,6.0,ST-GBR-EPSI(0.0)
21,PLR-REAL-Political,0.5830188679245283,0.8405837751981453,6.0,ST-GBR-EPSI(0.0)
22,PLR-REAL-Political,0.6056603773584904,0.8856365536216783,6.0,ST-GBR-EPSI(0.0)
23,PLR-REAL-Political,0.553015873015873,0.8361036790576521,6.0,ST-GBR-EPSI(0.0)
24,PLR-REAL-Political,0.6368253968253967,0.7834596172297028,6.0,ST-GBR-EPSI(0.0)
25,PLR-REAL-Political,0.5942857142857143,0.8397115880640111,6.0,ST-GBR-EPSI(0.0)
26,PLR-REAL-Political,0.6019047619047618,0.8250328045025177,6.0,ST-GBR-EPSI(0.0)
27,PLR-REAL-Political,0.6285714285714286,0.8340274824217943,6.0,ST-GBR-EPSI(0.0)
28,PLR-REAL-Political,0.5898412698412698,0.8305287153560444,6.0,ST-GBR-EPSI(0.0)
29,PLR-REAL-Political,0.5993650793650792,0.8314258007935016,6.0,ST-GBR-EPSI(0.0)
30,PLR-REAL-Political,0.5547169811320753,0.8196733221125183,6.0,ST-GBR-EPSI(0.0)
31,PLR-REAL-Political,0.5968553459119498,0.7746790862972993,6.0,ST-GBR-EPSI(0.0)
32,PLR-REAL-Political,0.5918238993710692,0.7769563682530655,6.0,ST-GBR-EPSI(0.0)
33,PLR-REAL-Political,0.5873015873015873,0.8310574779172282,6.0,ST-GBR-EPSI(0.0)
34,PLR-REAL-Political,0.5739682539682539,0.8149504035375327,6.0,ST-GBR-EPSI(0.0)
35,PLR-REAL-Political,0.5917460317460317,0.833036410499343,6.0,ST-GBR-EPSI(0.0)
36,PLR-REAL-Political,0.6196825396825396,0.7866016991732581,6.0,ST-GBR-EPSI(0.0)
37,PLR-REAL-Political,0.6012698412698413,0.7574673369232098,6.0,ST-GBR-EPSI(0.0)
38,PLR-REAL-Political,0.593015873015873,0.826173439655671,6.0,ST-GBR-EPSI(0.0)
39,PLR-REAL-Political,0.6292063492063493,0.7621104694272566,6.0,ST-GBR-EPSI(0.0)
40,PLR-REAL-Political,0.6194968553459118,0.8394074626394921,6.0,ST-GBR-EPSI(0.0)
41,PLR-REAL-Political,0.5968553459119497,0.8488432488320792,6.0,ST-GBR-EPSI(0.0)
42,PLR-REAL-Political,0.5786163522012578,0.8351112698859618,6.0,ST-GBR-EPSI(0.0)
43,PLR-REAL-Political,0.591111111111111,0.8371194906731645,6.0,ST-GBR-EPSI(0.0)
44,PLR-REAL-Political,0.5606349206349206,0.8276063891004479,6.0,ST-GBR-EPSI(0.0)
45,PLR-REAL-Political,0.5917460317460317,0.8281743809759061,6.0,ST-GBR-EPSI(0.0)
46,PLR-REAL-Political,0.5942857142857143,0.8216608449962088,6.0,ST-GBR-EPSI(0.0)
47,PLR-REAL-Political,0.6323809523809523,0.8415241153588412,6.0,ST-GBR-EPSI(0.0)
48,PLR-REAL-Political,0.586031746031746,0.8363846068928723,6.0,ST-GBR-EPSI(0.0)
49,PLR-REAL-Political,0.6120634920634921,0.8240305597594705,6.0,ST-GBR-EPSI(0.0)
50,PLR-REAL-Political,0.6427672955974842,0.831854071579567,5.566037735849057,ST-GBR-EPSI(0.01)
51,PLR-REAL-Political,0.6,0.8087514663613717,5.4245283018867925,ST-GBR-EPSI(0.01)
52,PLR-REAL-Political,0.620754716981132,0.744413659300382,5.59433962264151,ST-GBR-EPSI(0.01)
53,PLR-REAL-Political,0.5866666666666667,0.749198925966284,5.504761904761905,ST-GBR-EPSI(0.01)
54,PLR-REAL-Political,0.6234920634920633,0.7540751142094924,5.666666666666667,ST-GBR-EPSI(0.01)
55,PLR-REAL-Political,0.6165079365079363,0.7430345025083825,5.571428571428571,ST-GBR-EPSI(0.01)
56,PLR-REAL-Political,0.648888888888889,0.7191659032449523,5.514285714285714,ST-GBR-EPSI(0.01)
57,PLR-REAL-Political,0.5568253968253969,0.7219479879001044,5.580952380952381,ST-GBR-EPSI(0.01)
58,PLR-REAL-Political,0.638095238095238,0.8333705551680993,5.457142857142857,ST-GBR-EPSI(0.01)
59,PLR-REAL-Political,0.6253968253968253,0.7161277505007719,5.571428571428571,ST-GBR-EPSI(0.01)
60,PLR-REAL-Political,0.5842767295597484,0.7654007825433448,5.59433962264151,ST-GBR-EPSI(0.01)
61,PLR-REAL-Political,0.6113207547169811,0.7219144222613034,5.518867924528302,ST-GBR-EPSI(0.01)
62,PLR-REAL-Political,0.6534591194968552,0.8259824542423814,5.518867924528302,ST-GBR-EPSI(0.01)
63,PLR-REAL-Political,0.6215873015873016,0.8315003793531555,5.6761904761904765,ST-GBR-EPSI(0.01)
64,PLR-REAL-Political,0.6228571428571428,0.720061572948212,5.542857142857143,ST-GBR-EPSI(0.01)
65,PLR-REAL-Political,0.6057142857142856,0.7430661333705016,5.542857142857143,ST-GBR-EPSI(0.01)
66,PLR-REAL-Political,0.6057142857142856,0.7490277507811971,5.561904761904762,ST-GBR-EPSI(0.01)
67,PLR-REAL-Political,0.6355555555555555,0.818295793293914,5.514285714285714,ST-GBR-EPSI(0.01)
68,PLR-REAL-Political,0.6133333333333334,0.7448801911148052,5.552380952380952,ST-GBR-EPSI(0.01)
69,PLR-REAL-Political,0.6234920634920635,0.7590583963958548,5.561904761904762,ST-GBR-EPSI(0.01)
70,PLR-REAL-Political,0.5968553459119498,0.7141448145130987,5.622641509433962,ST-GBR-EPSI(0.01)
71,PLR-REAL-Political,0.59937106918239,0.8203635483707118,5.650943396226415,ST-GBR-EPSI(0.01)
72,PLR-REAL-Political,0.6264150943396226,0.7748982219670554,5.613207547169812,ST-GBR-EPSI(0.01)
73,PLR-REAL-Political,0.5777777777777777,0.8295377722839616,5.504761904761905,ST-GBR-EPSI(0.01)
74,PLR-REAL-Political,0.6514285714285715,0.7563442515819305,5.619047619047619,ST-GBR-EPSI(0.01)
75,PLR-REAL-Political,0.6146031746031746,0.8338338785375994,5.523809523809524,ST-GBR-EPSI(0.01)
76,PLR-REAL-Political,0.6177777777777778,0.8082923183341483,5.628571428571429,ST-GBR-EPSI(0.01)
77,PLR-REAL-Political,0.6342857142857142,0.7601029222244579,5.733333333333333,ST-GBR-EPSI(0.01)
78,PLR-REAL-Political,0.6076190476190476,0.8309445655605925,5.552380952380952,ST-GBR-EPSI(0.01)
79,PLR-REAL-Political,0.6165079365079366,0.7579956122264068,5.609523809523809,ST-GBR-EPSI(0.01)
80,PLR-REAL-Political,0.5754716981132075,0.8195153552587692,5.584905660377358,ST-GBR-EPSI(0.01)
81,PLR-REAL-Political,0.6125786163522011,0.7481186436420553,5.632075471698113,ST-GBR-EPSI(0.01)
82,PLR-REAL-Political,0.6081761006289308,0.7557265105760582,5.509433962264151,ST-GBR-EPSI(0.01)
83,PLR-REAL-Political,0.6057142857142855,0.8229090077485426,5.580952380952381,ST-GBR-EPSI(0.01)
84,PLR-REAL-Political,0.5961904761904763,0.8161084645014927,5.580952380952381,ST-GBR-EPSI(0.01)
85,PLR-REAL-Political,0.6107936507936507,0.7519410120000811,5.571428571428571,ST-GBR-EPSI(0.01)
86,PLR-REAL-Political,0.6355555555555555,0.7500596544264059,5.609523809523809,ST-GBR-EPSI(0.01)
87,PLR-REAL-Political,0.6273015873015874,0.7721613129261025,5.466666666666667,ST-GBR-EPSI(0.01)
88,PLR-REAL-Political,0.6158730158730159,0.7351053973334442,5.533333333333333,ST-GBR-EPSI(0.01)
89,PLR-REAL-Political,0.6463492063492063,0.7573211320608803,5.6761904761904765,ST-GBR-EPSI(0.01)
90,PLR-REAL-Political,0.6364779874213835,0.8196012944761388,5.622641509433962,ST-GBR-EPSI(0.01)
91,PLR-REAL-Political,0.6113207547169811,0.8466764519309553,5.547169811320755,ST-GBR-EPSI(0.01)
92,PLR-REAL-Political,0.5981132075471698,0.8279755458608681,5.5754716981132075,ST-GBR-EPSI(0.01)
93,PLR-REAL-Political,0.6050793650793651,0.7671808095376123,5.6380952380952385,ST-GBR-EPSI(0.01)
94,PLR-REAL-Political,0.5752380952380952,0.8293961994428801,5.647619047619048,ST-GBR-EPSI(0.01)
95,PLR-REAL-Political,0.6088888888888889,0.8269833143225901,5.619047619047619,ST-GBR-EPSI(0.01)
96,PLR-REAL-Political,0.6165079365079366,0.8338433711544269,5.580952380952381,ST-GBR-EPSI(0.01)
97,PLR-REAL-Political,0.646984126984127,0.8163550785217475,5.609523809523809,ST-GBR-EPSI(0.01)
98,PLR-REAL-Political,0.6146031746031746,0.8390865388859577,5.390476190476191,ST-GBR-EPSI(0.01)
99,PLR-REAL-Political,0.6355555555555554,0.728391350381136,5.647619047619048,ST-GBR-EPSI(0.01)
100,PLR-REAL-Political,0.6880503144654089,0.8411204614247556,4.6415094339622645,ST-GBR-EPSI(0.03)
101,PLR-REAL-Political,0.6402515723270439,0.8204885282568094,4.7075471698113205,ST-GBR-EPSI(0.03)
102,PLR-REAL-Political,0.6534591194968553,0.730012067538288,4.933962264150943,ST-GBR-EPSI(0.03)
103,PLR-REAL-Political,0.6273015873015874,0.7543404846830686,4.761904761904762,ST-GBR-EPSI(0.03)
104,PLR-REAL-Political,0.6577777777777778,0.7556096558988912,4.942857142857143,ST-GBR-EPSI(0.03)
105,PLR-REAL-Political,0.6457142857142858,0.7639961474955237,4.933333333333334,ST-GBR-EPSI(0.03)
106,PLR-REAL-Political,0.6914285714285715,0.8274229184258385,4.904761904761905,ST-GBR-EPSI(0.03)
107,PLR-REAL-Political,0.5974603174603175,0.7327243644414082,4.838095238095238,ST-GBR-EPSI(0.03)
108,PLR-REAL-Political,0.6742857142857142,0.8243390030617033,4.8,ST-GBR-EPSI(0.03)
109,PLR-REAL-Political,0.659047619047619,0.7371978486570983,4.914285714285715,ST-GBR-EPSI(0.03)
110,PLR-REAL-Political,0.6144654088050315,0.7599344066066233,4.80188679245283,ST-GBR-EPSI(0.03)
111,PLR-REAL-Political,0.6534591194968553,0.7539543077242468,4.726415094339623,ST-GBR-EPSI(0.03)
112,PLR-REAL-Political,0.6792452830188678,0.744216236142893,4.9245283018867925,ST-GBR-EPSI(0.03)
113,PLR-REAL-Political,0.6584126984126983,0.8515937776464759,4.895238095238096,ST-GBR-EPSI(0.03)
114,PLR-REAL-Political,0.6615873015873016,0.7794553128378396,4.742857142857143,ST-GBR-EPSI(0.03)
115,PLR-REAL-Political,0.6533333333333333,0.7412408771172616,4.685714285714286,ST-GBR-EPSI(0.03)
116,PLR-REAL-Political,0.6342857142857142,0.7257267422579925,4.895238095238096,ST-GBR-EPSI(0.03)
117,PLR-REAL-Political,0.6596825396825396,0.7290837562914851,4.838095238095238,ST-GBR-EPSI(0.03)
118,PLR-REAL-Political,0.6495238095238095,0.7582686860218617,4.819047619047619,ST-GBR-EPSI(0.03)
119,PLR-REAL-Political,0.6603174603174604,0.7520491427265146,4.8,ST-GBR-EPSI(0.03)
120,PLR-REAL-Political,0.6528301886792454,0.756794962235246,4.773584905660377,ST-GBR-EPSI(0.03)
121,PLR-REAL-Political,0.6415094339622642,0.8223287270496696,4.830188679245283,ST-GBR-EPSI(0.03)
122,PLR-REAL-Political,0.6685534591194968,0.725516246616619,4.783018867924528,ST-GBR-EPSI(0.03)
123,PLR-REAL-Political,0.627936507936508,0.835553349482779,4.723809523809524,ST-GBR-EPSI(0.03)
124,PLR-REAL-Political,0.6850793650793651,0.7467542422255613,4.809523809523809,ST-GBR-EPSI(0.03)
125,PLR-REAL-Political,0.6495238095238095,0.8286106877238609,4.809523809523809,ST-GBR-EPSI(0.03)
126,PLR-REAL-Political,0.6457142857142857,0.7419647905343054,4.933333333333334,ST-GBR-EPSI(0.03)
127,PLR-REAL-Political,0.6596825396825396,0.7419386703830078,4.980952380952381,ST-GBR-EPSI(0.03)
128,PLR-REAL-Political,0.6406349206349207,0.8339814263097375,4.895238095238096,ST-GBR-EPSI(0.03)
129,PLR-REAL-Political,0.6533333333333334,0.7468458499167829,4.771428571428571,ST-GBR-EPSI(0.03)
130,PLR-REAL-Political,0.6144654088050314,0.7572621492864746,4.8584905660377355,ST-GBR-EPSI(0.03)
131,PLR-REAL-Political,0.6440251572327045,0.7294754546006923,4.8584905660377355,ST-GBR-EPSI(0.03)
132,PLR-REAL-Political,0.6446540880503143,0.7637144050072613,4.773584905660377,ST-GBR-EPSI(0.03)
133,PLR-REAL-Political,0.6412698412698413,0.7467957733941116,4.923809523809524,ST-GBR-EPSI(0.03)
134,PLR-REAL-Political,0.6368253968253967,0.8300992828365411,4.704761904761905,ST-GBR-EPSI(0.03)
135,PLR-REAL-Political,0.6482539682539682,0.7553375239147021,4.942857142857143,ST-GBR-EPSI(0.03)
136,PLR-REAL-Political,0.6628571428571429,0.735522446654702,4.895238095238096,ST-GBR-EPSI(0.03)
137,PLR-REAL-Political,0.6692063492063492,0.7510964319031657,4.685714285714286,ST-GBR-EPSI(0.03)
138,PLR-REAL-Political,0.6641269841269841,0.7186633937684413,4.771428571428571,ST-GBR-EPSI(0.03)
139,PLR-REAL-Political,0.6920634920634922,0.8216917182616491,4.828571428571428,ST-GBR-EPSI(0.03)
140,PLR-REAL-Political,0.6798742138364781,0.8303430039267626,4.915094339622642,ST-GBR-EPSI(0.03)
141,PLR-REAL-Political,0.6509433962264151,0.8429612904042701,4.839622641509434,ST-GBR-EPSI(0.03)
142,PLR-REAL-Political,0.6415094339622641,0.8255815222942259,4.849056603773585,ST-GBR-EPSI(0.03)
143,PLR-REAL-Political,0.6438095238095237,0.7418431920190043,4.876190476190477,ST-GBR-EPSI(0.03)
144,PLR-REAL-Political,0.6184126984126984,0.8278910760859389,4.895238095238096,ST-GBR-EPSI(0.03)
145,PLR-REAL-Political,0.638095238095238,0.8346159729897191,4.9714285714285715,ST-GBR-EPSI(0.03)
146,PLR-REAL-Political,0.6558730158730158,0.8337329584924063,4.771428571428571,ST-GBR-EPSI(0.03)
147,PLR-REAL-Political,0.6895238095238095,0.7498513697833024,4.809523809523809,ST-GBR-EPSI(0.03)
148,PLR-REAL-Political,0.6539682539682539,0.8385819609682109,4.685714285714286,ST-GBR-EPSI(0.03)
149,PLR-REAL-Political,0.6819047619047619,0.7591942732528378,4.857142857142857,ST-GBR-EPSI(0.03)
150,PLR-REAL-Political,0.7012578616352201,0.8473794068642742,4.113207547169812,ST-GBR-EPSI(0.05)
151,PLR-REAL-Political,0.6748427672955974,0.8190072739449363,4.1415094339622645,ST-GBR-EPSI(0.05)
152,PLR-REAL-Political,0.6867924528301886,0.7207685792348018,4.254716981132075,ST-GBR-EPSI(0.05)
153,PLR-REAL-Political,0.6615873015873016,0.7489308980204151,4.247619047619048,ST-GBR-EPSI(0.05)
154,PLR-REAL-Political,0.6768253968253969,0.7148753071943315,4.380952380952381,ST-GBR-EPSI(0.05)
155,PLR-REAL-Political,0.6685714285714286,0.7434581508049302,4.266666666666667,ST-GBR-EPSI(0.05)
156,PLR-REAL-Political,0.7111111111111111,0.8297445569471892,4.4,ST-GBR-EPSI(0.05)
157,PLR-REAL-Political,0.6292063492063492,0.7421459763606227,4.171428571428572,ST-GBR-EPSI(0.05)
158,PLR-REAL-Political,0.7085714285714285,0.7504319825707468,4.295238095238095,ST-GBR-EPSI(0.05)
159,PLR-REAL-Political,0.6761904761904762,0.7300857621105253,4.247619047619048,ST-GBR-EPSI(0.05)
160,PLR-REAL-Political,0.6647798742138364,0.7609139727160967,4.150943396226415,ST-GBR-EPSI(0.05)
161,PLR-REAL-Political,0.6880503144654089,0.743493167049614,4.0754716981132075,ST-GBR-EPSI(0.05)
162,PLR-REAL-Political,0.708805031446541,0.7548257552046954,4.311320754716981,ST-GBR-EPSI(0.05)
163,PLR-REAL-Political,0.6806349206349207,0.7425325313208437,4.266666666666667,ST-GBR-EPSI(0.05)
164,PLR-REAL-Political,0.6787301587301587,0.7396724229896936,4.057142857142857,ST-GBR-EPSI(0.05)
165,PLR-REAL-Political,0.673015873015873,0.7452127662842689,4.171428571428572,ST-GBR-EPSI(0.05)
166,PLR-REAL-Political,0.6920634920634919,0.7209408201400391,4.076190476190476,ST-GBR-EPSI(0.05)
167,PLR-REAL-Political,0.6946031746031747,0.7375006541606863,4.180952380952381,ST-GBR-EPSI(0.05)
168,PLR-REAL-Political,0.685079365079365,0.7445324425672765,4.276190476190476,ST-GBR-EPSI(0.05)
169,PLR-REAL-Political,0.6863492063492063,0.7505292651688692,4.180952380952381,ST-GBR-EPSI(0.05)
170,PLR-REAL-Political,0.6836477987421385,0.7476777798344003,4.19811320754717,ST-GBR-EPSI(0.05)
171,PLR-REAL-Political,0.6899371069182391,0.82270236773613,4.1415094339622645,ST-GBR-EPSI(0.05)
172,PLR-REAL-Political,0.6937106918238993,0.729297069897904,4.2075471698113205,ST-GBR-EPSI(0.05)
173,PLR-REAL-Political,0.666031746031746,0.7562206874685683,4.142857142857143,ST-GBR-EPSI(0.05)
174,PLR-REAL-Political,0.7111111111111111,0.757204859247664,4.190476190476191,ST-GBR-EPSI(0.05)
175,PLR-REAL-Political,0.6926984126984127,0.7486774286977523,4.190476190476191,ST-GBR-EPSI(0.05)
176,PLR-REAL-Political,0.6787301587301587,0.7421799897767601,4.247619047619048,ST-GBR-EPSI(0.05)
177,PLR-REAL-Political,0.669206349206349,0.7543259172809662,4.304761904761905,ST-GBR-EPSI(0.05)
178,PLR-REAL-Political,0.673015873015873,0.8079488637102092,4.3238095238095235,ST-GBR-EPSI(0.05)
179,PLR-REAL-Political,0.6933333333333334,0.7385212209284328,4.20952380952381,ST-GBR-EPSI(0.05)
180,PLR-REAL-Political,0.6503144654088049,0.7312557614030227,4.235849056603773,ST-GBR-EPSI(0.05)
181,PLR-REAL-Political,0.6842767295597484,0.7237230648742485,4.169811320754717,ST-GBR-EPSI(0.05)
182,PLR-REAL-Political,0.6874213836477987,0.7506907071565226,4.169811320754717,ST-GBR-EPSI(0.05)
183,PLR-REAL-Political,0.6730158730158731,0.7555379313427815,4.228571428571429,ST-GBR-EPSI(0.05)
184,PLR-REAL-Political,0.6704761904761904,0.8268502603224698,4.123809523809523,ST-GBR-EPSI(0.05)
185,PLR-REAL-Political,0.6882539682539681,0.737315212578839,4.257142857142857,ST-GBR-EPSI(0.05)
186,PLR-REAL-Political,0.6882539682539682,0.7574615489274023,4.285714285714286,ST-GBR-EPSI(0.05)
187,PLR-REAL-Political,0.7034920634920634,0.7457381675613466,4.085714285714285,ST-GBR-EPSI(0.05)
188,PLR-REAL-Political,0.6926984126984127,0.7229938833117197,4.20952380952381,ST-GBR-EPSI(0.05)
189,PLR-REAL-Political,0.718095238095238,0.7367608262391743,4.161904761904762,ST-GBR-EPSI(0.05)
190,PLR-REAL-Political,0.7018867924528301,0.8202646865988322,4.311320754716981,ST-GBR-EPSI(0.05)
191,PLR-REAL-Political,0.6779874213836478,0.8333434550097816,4.19811320754717,ST-GBR-EPSI(0.05)
192,PLR-REAL-Political,0.6823899371069182,0.7591410272282548,4.216981132075472,ST-GBR-EPSI(0.05)
193,PLR-REAL-Political,0.6869841269841269,0.7428999555589327,4.2,ST-GBR-EPSI(0.05)
194,PLR-REAL-Political,0.6628571428571428,0.7221111942024019,4.2,ST-GBR-EPSI(0.05)
195,PLR-REAL-Political,0.6634920634920634,0.8217334826273572,4.390476190476191,ST-GBR-EPSI(0.05)
196,PLR-REAL-Political,0.6939682539682539,0.7516919506109266,4.190476190476191,ST-GBR-EPSI(0.05)
197,PLR-REAL-Political,0.7085714285714285,0.7467209291955152,4.219047619047619,ST-GBR-EPSI(0.05)
198,PLR-REAL-Political,0.6825396825396826,0.820779852342169,4.104761904761904,ST-GBR-EPSI(0.05)
199,PLR-REAL-Political,0.6996825396825397,0.7524464004915264,4.228571428571429,ST-GBR-EPSI(0.05)
200,PLR-REAL-Political,0.710691823899371,0.8001597446621586,3.660377358490566,ST-GBR-EPSI(0.07)
201,PLR-REAL-Political,0.6981132075471698,0.8071372452320701,3.556603773584906,ST-GBR-EPSI(0.07)
202,PLR-REAL-Political,0.6861635220125786,0.7550120532991307,3.7264150943396226,ST-GBR-EPSI(0.07)
203,PLR-REAL-Political,0.6895238095238094,0.756658281579148,3.6857142857142855,ST-GBR-EPSI(0.07)
204,PLR-REAL-Political,0.693968253968254,0.7469695253888833,3.8285714285714287,ST-GBR-EPSI(0.07)
205,PLR-REAL-Political,0.6971428571428572,0.7641632847828548,3.6476190476190475,ST-GBR-EPSI(0.07)
206,PLR-REAL-Political,0.7352380952380952,0.8211207529213816,3.6857142857142855,ST-GBR-EPSI(0.07)
207,PLR-REAL-Political,0.662222222222222,0.7493959499006577,3.580952380952381,ST-GBR-EPSI(0.07)
208,PLR-REAL-Political,0.72,0.7519920549595198,3.780952380952381,ST-GBR-EPSI(0.07)
209,PLR-REAL-Political,0.7066666666666667,0.7558372793738425,3.704761904761905,ST-GBR-EPSI(0.07)
210,PLR-REAL-Political,0.6823899371069182,0.7546826247685687,3.7264150943396226,ST-GBR-EPSI(0.07)
211,PLR-REAL-Political,0.710062893081761,0.7520713564578646,3.669811320754717,ST-GBR-EPSI(0.07)
212,PLR-REAL-Political,0.7125786163522011,0.7798943290891891,3.669811320754717,ST-GBR-EPSI(0.07)
213,PLR-REAL-Political,0.6971428571428573,0.7239468114637009,3.657142857142857,ST-GBR-EPSI(0.07)
214,PLR-REAL-Political,0.7073015873015873,0.7615940511553883,3.5428571428571427,ST-GBR-EPSI(0.07)
215,PLR-REAL-Political,0.6933333333333335,0.7591905139448495,3.6857142857142855,ST-GBR-EPSI(0.07)
216,PLR-REAL-Political,0.7034920634920634,0.7268155718566355,3.657142857142857,ST-GBR-EPSI(0.07)
217,PLR-REAL-Political,0.7225396825396825,0.7559246994839369,3.657142857142857,ST-GBR-EPSI(0.07)
218,PLR-REAL-Political,0.6965079365079365,0.7522514110814537,3.676190476190476,ST-GBR-EPSI(0.07)
219,PLR-REAL-Political,0.7034920634920636,0.7453603179105128,3.723809523809524,ST-GBR-EPSI(0.07)
220,PLR-REAL-Political,0.6905660377358491,0.7507327524820235,3.641509433962264,ST-GBR-EPSI(0.07)
221,PLR-REAL-Political,0.69811320754717,0.835412615470842,3.641509433962264,ST-GBR-EPSI(0.07)
222,PLR-REAL-Political,0.7056603773584905,0.747291327800697,3.7358490566037736,ST-GBR-EPSI(0.07)
223,PLR-REAL-Political,0.6971428571428571,0.7723477029815016,3.7714285714285714,ST-GBR-EPSI(0.07)
224,PLR-REAL-Political,0.7377777777777778,0.7637505807831455,3.657142857142857,ST-GBR-EPSI(0.07)
225,PLR-REAL-Political,0.7142857142857142,0.7572194075473914,3.5714285714285716,ST-GBR-EPSI(0.07)
226,PLR-REAL-Political,0.6914285714285714,0.7501791042313973,3.704761904761905,ST-GBR-EPSI(0.07)
227,PLR-REAL-Political,0.6812698412698414,0.749841752220548,3.657142857142857,ST-GBR-EPSI(0.07)
228,PLR-REAL-Political,0.6984126984126985,0.8321262521413811,3.7523809523809524,ST-GBR-EPSI(0.07)
229,PLR-REAL-Political,0.7092063492063492,0.7443944918509112,3.638095238095238,ST-GBR-EPSI(0.07)
230,PLR-REAL-Political,0.6874213836477987,0.7600151181913286,3.6037735849056602,ST-GBR-EPSI(0.07)
231,PLR-REAL-Political,0.6962264150943396,0.7564612205461742,3.69811320754717,ST-GBR-EPSI(0.07)
232,PLR-REAL-Political,0.7088050314465408,0.7554139622592586,3.5660377358490565,ST-GBR-EPSI(0.07)
233,PLR-REAL-Political,0.6844444444444444,0.7324008137535819,3.742857142857143,ST-GBR-EPSI(0.07)
234,PLR-REAL-Political,0.6895238095238095,0.8239888626561273,3.6666666666666665,ST-GBR-EPSI(0.07)
235,PLR-REAL-Political,0.7041269841269842,0.7548377053181244,3.676190476190476,ST-GBR-EPSI(0.07)
236,PLR-REAL-Political,0.6933333333333334,0.7567700591179646,3.7523809523809524,ST-GBR-EPSI(0.07)
237,PLR-REAL-Political,0.7155555555555555,0.7550633499586578,3.6476190476190475,ST-GBR-EPSI(0.07)
238,PLR-REAL-Political,0.704126984126984,0.7609639940114393,3.657142857142857,ST-GBR-EPSI(0.07)
239,PLR-REAL-Political,0.7377777777777776,0.7542506071407674,3.638095238095238,ST-GBR-EPSI(0.07)
240,PLR-REAL-Political,0.722012578616352,0.8342399741511447,3.7358490566037736,ST-GBR-EPSI(0.07)
241,PLR-REAL-Political,0.6987421383647798,0.8357411397948343,3.707547169811321,ST-GBR-EPSI(0.07)
242,PLR-REAL-Political,0.70062893081761,0.7646497108916572,3.6037735849056602,ST-GBR-EPSI(0.07)
243,PLR-REAL-Political,0.7111111111111111,0.7513041457682861,3.5904761904761906,ST-GBR-EPSI(0.07)
244,PLR-REAL-Political,0.6907936507936507,0.7622526767315569,3.6952380952380954,ST-GBR-EPSI(0.07)
245,PLR-REAL-Political,0.6965079365079363,0.8335009297083685,3.8190476190476192,ST-GBR-EPSI(0.07)
246,PLR-REAL-Political,0.7123809523809523,0.728250304376733,3.580952380952381,ST-GBR-EPSI(0.07)
247,PLR-REAL-Political,0.7206349206349205,0.7418233002972326,3.7523809523809524,ST-GBR-EPSI(0.07)
248,PLR-REAL-Political,0.711111111111111,0.7477164478691843,3.6095238095238096,ST-GBR-EPSI(0.07)
249,PLR-REAL-Political,0.7066666666666667,0.7426432772363541,3.676190476190476,ST-GBR-EPSI(0.07)
250,PLR-REAL-Political,0.708805031446541,0.8096507697394586,3.358490566037736,ST-GBR-EPSI(0.09)
251,PLR-REAL-Political,0.7056603773584906,0.8197673104206247,3.1792452830188678,ST-GBR-EPSI(0.09)
252,PLR-REAL-Political,0.6811320754716982,0.7358825711689756,3.2358490566037736,ST-GBR-EPSI(0.09)
253,PLR-REAL-Political,0.7015873015873015,0.729603153174251,3.257142857142857,ST-GBR-EPSI(0.09)
254,PLR-REAL-Political,0.6965079365079365,0.7622605096700702,3.4,ST-GBR-EPSI(0.09)
255,PLR-REAL-Political,0.7085714285714286,0.7515402397271376,3.1904761904761907,ST-GBR-EPSI(0.09)
256,PLR-REAL-Political,0.7282539682539682,0.76785094203071,3.2666666666666666,ST-GBR-EPSI(0.09)
257,PLR-REAL-Political,0.6704761904761904,0.7239905109075523,3.219047619047619,ST-GBR-EPSI(0.09)
258,PLR-REAL-Political,0.7307936507936508,0.7617229968955174,3.219047619047619,ST-GBR-EPSI(0.09)
259,PLR-REAL-Political,0.723174603174603,0.7437726347448245,3.1142857142857143,ST-GBR-EPSI(0.09)
260,PLR-REAL-Political,0.7056603773584905,0.7454202967888164,3.2264150943396226,ST-GBR-EPSI(0.09)
261,PLR-REAL-Political,0.710062893081761,0.7523560033030133,3.3773584905660377,ST-GBR-EPSI(0.09)
262,PLR-REAL-Political,0.7352201257861635,0.740198554100803,3.2547169811320753,ST-GBR-EPSI(0.09)
263,PLR-REAL-Political,0.7066666666666667,0.7631296515850231,3.1619047619047618,ST-GBR-EPSI(0.09)
264,PLR-REAL-Political,0.7149206349206348,0.7561785156034481,3.1142857142857143,ST-GBR-EPSI(0.09)
265,PLR-REAL-Political,0.685079365079365,0.7463684300397202,3.2,ST-GBR-EPSI(0.09)
266,PLR-REAL-Political,0.6977777777777777,0.7172138640912266,3.2095238095238097,ST-GBR-EPSI(0.09)
267,PLR-REAL-Political,0.7282539682539682,0.7551347489791701,3.2095238095238097,ST-GBR-EPSI(0.09)
268,PLR-REAL-Political,0.7092063492063492,0.7588478860920291,3.219047619047619,ST-GBR-EPSI(0.09)
269,PLR-REAL-Political,0.718095238095238,0.7613699750324232,3.2095238095238097,ST-GBR-EPSI(0.09)
270,PLR-REAL-Political,0.7157232704402514,0.7431201846670153,3.19811320754717,ST-GBR-EPSI(0.09)
271,PLR-REAL-Political,0.7000000000000001,0.8117648424374941,3.2169811320754715,ST-GBR-EPSI(0.09)
272,PLR-REAL-Political,0.7132075471698114,0.7150050252332689,3.339622641509434,ST-GBR-EPSI(0.09)
273,PLR-REAL-Political,0.7244444444444444,0.7282945007155308,3.2,ST-GBR-EPSI(0.09)
274,PLR-REAL-Political,0.7168253968253968,0.7319205443915767,3.2,ST-GBR-EPSI(0.09)
275,PLR-REAL-Political,0.7428571428571429,0.7290912532409661,3.2095238095238097,ST-GBR-EPSI(0.09)
276,PLR-REAL-Political,0.6965079365079364,0.7353813904973024,3.2095238095238097,ST-GBR-EPSI(0.09)
277,PLR-REAL-Political,0.6787301587301587,0.7511756481784079,3.2,ST-GBR-EPSI(0.09)
278,PLR-REAL-Political,0.7034920634920636,0.7451057276963179,3.276190476190476,ST-GBR-EPSI(0.09)
279,PLR-REAL-Political,0.7244444444444444,0.7235894659962092,3.219047619047619,ST-GBR-EPSI(0.09)
280,PLR-REAL-Political,0.7018867924528301,0.7474983179819438,3.1132075471698113,ST-GBR-EPSI(0.09)
281,PLR-REAL-Political,0.6893081761006289,0.769664052212317,3.2547169811320753,ST-GBR-EPSI(0.09)
282,PLR-REAL-Political,0.7144654088050313,0.7665228785085261,3.188679245283019,ST-GBR-EPSI(0.09)
283,PLR-REAL-Political,0.6920634920634919,0.7154334845873028,3.295238095238095,ST-GBR-EPSI(0.09)
284,PLR-REAL-Political,0.7022222222222224,0.826509530708421,3.1809523809523808,ST-GBR-EPSI(0.09)
285,PLR-REAL-Political,0.7212698412698412,0.749165514038143,3.257142857142857,ST-GBR-EPSI(0.09)
286,PLR-REAL-Political,0.7047619047619049,0.7502206400831856,3.2666666666666666,ST-GBR-EPSI(0.09)
287,PLR-REAL-Political,0.7187301587301587,0.7423328313835498,3.257142857142857,ST-GBR-EPSI(0.09)
288,PLR-REAL-Political,0.7104761904761906,0.748105127790502,3.3047619047619046,ST-GBR-EPSI(0.09)
289,PLR-REAL-Political,0.7371428571428571,0.737810317718497,3.3047619047619046,ST-GBR-EPSI(0.09)
290,PLR-REAL-Political,0.7132075471698114,0.7558641452047358,3.30188679245283,ST-GBR-EPSI(0.09)
291,PLR-REAL-Political,0.7069182389937108,0.8157885390010657,3.2641509433962264,ST-GBR-EPSI(0.09)
292,PLR-REAL-Political,0.7125786163522011,0.7344900596554153,3.1792452830188678,ST-GBR-EPSI(0.09)
293,PLR-REAL-Political,0.7149206349206351,0.7496836871952194,3.123809523809524,ST-GBR-EPSI(0.09)
294,PLR-REAL-Political,0.7047619047619046,0.7557078796189034,3.2476190476190476,ST-GBR-EPSI(0.09)
295,PLR-REAL-Political,0.7079365079365079,0.8331531345350605,3.2,ST-GBR-EPSI(0.09)
296,PLR-REAL-Political,0.725079365079365,0.7573506647653745,3.2,ST-GBR-EPSI(0.09)
297,PLR-REAL-Political,0.7155555555555556,0.721017150772924,3.2666666666666666,ST-GBR-EPSI(0.09)
298,PLR-REAL-Political,0.7238095238095238,0.7217810744120912,3.1904761904761907,ST-GBR-EPSI(0.09)
299,PLR-REAL-Political,0.723174603174603,0.7447481503923056,3.1523809523809523,ST-GBR-EPSI(0.09)
300,PLR-REAL-Political,0.6842767295597484,0.7172221467068294,2.6320754716981134,ST-GBR-EPSI(0.12)
301,PLR-REAL-Political,0.6987421383647798,0.8330549984768134,2.660377358490566,ST-GBR-EPSI(0.12)
302,PLR-REAL-Political,0.6597484276729558,0.7541107292033113,2.6792452830188678,ST-GBR-EPSI(0.12)
303,PLR-REAL-Political,0.7053968253968254,0.7474568569988015,2.7523809523809524,ST-GBR-EPSI(0.12)
304,PLR-REAL-Political,0.6914285714285715,0.7554576086940772,2.6095238095238096,ST-GBR-EPSI(0.12)
305,PLR-REAL-Political,0.6793650793650793,0.7612361534596414,2.619047619047619,ST-GBR-EPSI(0.12)
306,PLR-REAL-Political,0.7104761904761906,0.7692488270698106,2.619047619047619,ST-GBR-EPSI(0.12)
307,PLR-REAL-Political,0.6685714285714286,0.7526756580456718,2.6095238095238096,ST-GBR-EPSI(0.12)
308,PLR-REAL-Political,0.7066666666666666,0.7503507205126918,2.638095238095238,ST-GBR-EPSI(0.12)
309,PLR-REAL-Political,0.7161904761904763,0.7599761402792822,2.638095238095238,ST-GBR-EPSI(0.12)
310,PLR-REAL-Political,0.6886792452830188,0.7947383500052592,2.6037735849056602,ST-GBR-EPSI(0.12)
311,PLR-REAL-Political,0.6735849056603773,0.7624918334115167,2.6037735849056602,ST-GBR-EPSI(0.12)
312,PLR-REAL-Political,0.711949685534591,0.7849897289904482,2.7452830188679247,ST-GBR-EPSI(0.12)
313,PLR-REAL-Political,0.6596825396825398,0.7581233107386054,2.5904761904761906,ST-GBR-EPSI(0.12)
314,PLR-REAL-Political,0.6907936507936507,0.7276808997280182,2.619047619047619,ST-GBR-EPSI(0.12)
315,PLR-REAL-Political,0.6812698412698412,0.7581827227772383,2.5428571428571427,ST-GBR-EPSI(0.12)
316,PLR-REAL-Political,0.7003174603174601,0.7419269807243521,2.657142857142857,ST-GBR-EPSI(0.12)
317,PLR-REAL-Political,0.7009523809523809,0.7551931795567522,2.5714285714285716,ST-GBR-EPSI(0.12)
318,PLR-REAL-Political,0.6971428571428572,0.7524099102025505,2.657142857142857,ST-GBR-EPSI(0.12)
319,PLR-REAL-Political,0.7047619047619048,0.7516390838286084,2.6476190476190475,ST-GBR-EPSI(0.12)
320,PLR-REAL-Political,0.6861635220125786,0.7515253491300279,2.5849056603773586,ST-GBR-EPSI(0.12)
321,PLR-REAL-Political,0.6861635220125786,0.8298935988028917,2.5660377358490565,ST-GBR-EPSI(0.12)
322,PLR-REAL-Political,0.6836477987421384,0.7253874401983993,2.69811320754717,ST-GBR-EPSI(0.12)
323,PLR-REAL-Political,0.7453968253968255,0.7342134428624,2.6952380952380954,ST-GBR-EPSI(0.12)
324,PLR-REAL-Political,0.7022222222222224,0.7668724954097081,2.676190476190476,ST-GBR-EPSI(0.12)
325,PLR-REAL-Political,0.7219047619047618,0.7790906586676554,2.6285714285714286,ST-GBR-EPSI(0.12)
326,PLR-REAL-Political,0.6742857142857142,0.838391833241801,2.5238095238095237,ST-GBR-EPSI(0.12)
327,PLR-REAL-Political,0.6495238095238095,0.7584876679470265,2.6285714285714286,ST-GBR-EPSI(0.12)
328,PLR-REAL-Political,0.6831746031746032,0.7520832463177017,2.638095238095238,ST-GBR-EPSI(0.12)
329,PLR-REAL-Political,0.7104761904761906,0.7284128050052792,2.6476190476190475,ST-GBR-EPSI(0.12)
330,PLR-REAL-Political,0.6849056603773584,0.7583115436308504,2.5754716981132075,ST-GBR-EPSI(0.12)
331,PLR-REAL-Political,0.6691823899371068,0.7605511005442928,2.6320754716981134,ST-GBR-EPSI(0.12)
332,PLR-REAL-Political,0.7018867924528301,0.7537563080982347,2.6792452830188678,ST-GBR-EPSI(0.12)
333,PLR-REAL-Political,0.6730158730158731,0.7447942487659689,2.6952380952380954,ST-GBR-EPSI(0.12)
334,PLR-REAL-Political,0.707936507936508,0.7544748467218515,2.657142857142857,ST-GBR-EPSI(0.12)
335,PLR-REAL-Political,0.7092063492063492,0.7521815182264161,2.657142857142857,ST-GBR-EPSI(0.12)
336,PLR-REAL-Political,0.6990476190476191,0.7525304244085507,2.5904761904761906,ST-GBR-EPSI(0.12)
337,PLR-REAL-Political,0.7104761904761904,0.756828391745083,2.6,ST-GBR-EPSI(0.12)
338,PLR-REAL-Political,0.6806349206349207,0.7549838563524558,2.6,ST-GBR-EPSI(0.12)
339,PLR-REAL-Political,0.7104761904761904,0.7504188875320034,2.6857142857142855,ST-GBR-EPSI(0.12)
340,PLR-REAL-Political,0.6817610062893081,0.7657027703801955,2.6132075471698113,ST-GBR-EPSI(0.12)
341,PLR-REAL-Political,0.6949685534591196,0.8282001192507767,2.707547169811321,ST-GBR-EPSI(0.12)
342,PLR-REAL-Political,0.7100628930817608,0.7545372324913935,2.660377358490566,ST-GBR-EPSI(0.12)
343,PLR-REAL-Political,0.7092063492063492,0.7667075581984405,2.657142857142857,ST-GBR-EPSI(0.12)
344,PLR-REAL-Political,0.6831746031746033,0.7592842531043175,2.619047619047619,ST-GBR-EPSI(0.12)
345,PLR-REAL-Political,0.686984126984127,0.8345638898258196,2.657142857142857,ST-GBR-EPSI(0.12)
346,PLR-REAL-Political,0.7130158730158731,0.7416085859000788,2.657142857142857,ST-GBR-EPSI(0.12)
347,PLR-REAL-Political,0.6857142857142857,0.7337469334574831,2.676190476190476,ST-GBR-EPSI(0.12)
348,PLR-REAL-Political,0.7244444444444444,0.746709866927887,2.6476190476190475,ST-GBR-EPSI(0.12)
349,PLR-REAL-Political,0.7034920634920634,0.7485367911184714,2.6,ST-GBR-EPSI(0.12)
350,PLR-REAL-Political,0.6578616352201256,0.7502264684252351,2.30188679245283,ST-GBR-EPSI(0.14)
351,PLR-REAL-Political,0.6742138364779875,0.81493928633609,2.3207547169811322,ST-GBR-EPSI(0.14)
352,PLR-REAL-Political,0.6163522012578616,0.7585457371172347,2.3679245283018866,ST-GBR-EPSI(0.14)
353,PLR-REAL-Political,0.6673015873015873,0.7136889918915396,2.3904761904761904,ST-GBR-EPSI(0.14)
354,PLR-REAL-Political,0.6558730158730158,0.7558362770001339,2.3142857142857145,ST-GBR-EPSI(0.14)
355,PLR-REAL-Political,0.6444444444444445,0.7837272231809358,2.276190476190476,ST-GBR-EPSI(0.14)
356,PLR-REAL-Political,0.6584126984126983,0.7530413067433038,2.2666666666666666,ST-GBR-EPSI(0.14)
357,PLR-REAL-Political,0.6622222222222222,0.7297523939623759,2.342857142857143,ST-GBR-EPSI(0.14)
358,PLR-REAL-Political,0.6812698412698412,0.7483440679067302,2.3714285714285714,ST-GBR-EPSI(0.14)
359,PLR-REAL-Political,0.6933333333333334,0.7302603775033971,2.3047619047619046,ST-GBR-EPSI(0.14)
360,PLR-REAL-Political,0.6698113207547169,0.7584656918649388,2.311320754716981,ST-GBR-EPSI(0.14)
361,PLR-REAL-Political,0.6635220125786162,0.756505688016736,2.311320754716981,ST-GBR-EPSI(0.14)
362,PLR-REAL-Political,0.6761006289308177,0.7472338484993628,2.330188679245283,ST-GBR-EPSI(0.14)
363,PLR-REAL-Political,0.6304761904761905,0.7536191041401874,2.342857142857143,ST-GBR-EPSI(0.14)
364,PLR-REAL-Political,0.678095238095238,0.7530251490714706,2.323809523809524,ST-GBR-EPSI(0.14)
365,PLR-REAL-Political,0.6628571428571428,0.7505477622342497,2.2285714285714286,ST-GBR-EPSI(0.14)
366,PLR-REAL-Political,0.6603174603174604,0.7200744304529093,2.238095238095238,ST-GBR-EPSI(0.14)
367,PLR-REAL-Political,0.6723809523809523,0.74460275697914,2.3142857142857145,ST-GBR-EPSI(0.14)
368,PLR-REAL-Political,0.6526984126984127,0.7612703684834443,2.342857142857143,ST-GBR-EPSI(0.14)
369,PLR-REAL-Political,0.6717460317460319,0.7288633372001041,2.3333333333333335,ST-GBR-EPSI(0.14)
370,PLR-REAL-Political,0.669182389937107,0.74062645462855,2.358490566037736,ST-GBR-EPSI(0.14)
371,PLR-REAL-Political,0.6591194968553459,0.8242944862272178,2.311320754716981,ST-GBR-EPSI(0.14)
372,PLR-REAL-Political,0.6427672955974844,0.7366171150853604,2.30188679245283,ST-GBR-EPSI(0.14)
373,PLR-REAL-Political,0.7136507936507935,0.7343326109969052,2.3333333333333335,ST-GBR-EPSI(0.14)
374,PLR-REAL-Political,0.6692063492063492,0.7380981268662331,2.3523809523809525,ST-GBR-EPSI(0.14)
375,PLR-REAL-Political,0.6857142857142857,0.774948536386047,2.3047619047619046,ST-GBR-EPSI(0.14)
376,PLR-REAL-Political,0.6577777777777778,0.8125843253071964,2.276190476190476,ST-GBR-EPSI(0.14)
377,PLR-REAL-Political,0.6234920634920633,0.7500429060454902,2.295238095238095,ST-GBR-EPSI(0.14)
378,PLR-REAL-Political,0.6526984126984127,0.7489799775368234,2.3047619047619046,ST-GBR-EPSI(0.14)
379,PLR-REAL-Political,0.6749206349206348,0.7545275796148088,2.361904761904762,ST-GBR-EPSI(0.14)
380,PLR-REAL-Political,0.6383647798742139,0.7391577694522092,2.1792452830188678,ST-GBR-EPSI(0.14)
381,PLR-REAL-Political,0.640251572327044,0.766095256654167,2.330188679245283,ST-GBR-EPSI(0.14)
382,PLR-REAL-Political,0.6823899371069182,0.7237384245454134,2.3867924528301887,ST-GBR-EPSI(0.14)
383,PLR-REAL-Political,0.6304761904761905,0.7376158847018555,2.219047619047619,ST-GBR-EPSI(0.14)
384,PLR-REAL-Political,0.6812698412698412,0.7479328306379821,2.3142857142857145,ST-GBR-EPSI(0.14)
385,PLR-REAL-Political,0.6869841269841269,0.7632177379436114,2.419047619047619,ST-GBR-EPSI(0.14)
386,PLR-REAL-Political,0.6812698412698411,0.7425143024322585,2.361904761904762,ST-GBR-EPSI(0.14)
387,PLR-REAL-Political,0.6907936507936507,0.7371553497148049,2.323809523809524,ST-GBR-EPSI(0.14)
388,PLR-REAL-Political,0.6577777777777776,0.7518281101987334,2.342857142857143,ST-GBR-EPSI(0.14)
389,PLR-REAL-Political,0.6679365079365078,0.7538689075373062,2.3523809523809525,ST-GBR-EPSI(0.14)
390,PLR-REAL-Political,0.6635220125786163,0.7443700209045918,2.2452830188679247,ST-GBR-EPSI(0.14)
391,PLR-REAL-Political,0.6628930817610063,0.8173013900665158,2.3867924528301887,ST-GBR-EPSI(0.14)
392,PLR-REAL-Political,0.680503144654088,0.7550531876082677,2.339622641509434,ST-GBR-EPSI(0.14)
393,PLR-REAL-Political,0.6825396825396826,0.7469254471688442,2.3333333333333335,ST-GBR-EPSI(0.14)
394,PLR-REAL-Political,0.6603174603174602,0.7500354906218324,2.2285714285714286,ST-GBR-EPSI(0.14)
395,PLR-REAL-Political,0.6546031746031746,0.8294578517968847,2.2857142857142856,ST-GBR-EPSI(0.14)
396,PLR-REAL-Political,0.6425396825396825,0.7461097494626797,2.2285714285714286,ST-GBR-EPSI(0.14)
397,PLR-REAL-Political,0.6571428571428571,0.7517471725016157,2.342857142857143,ST-GBR-EPSI(0.14)
398,PLR-REAL-Political,0.6825396825396824,0.7564283245453367,2.323809523809524,ST-GBR-EPSI(0.14)
399,PLR-REAL-Political,0.6711111111111111,0.7416419810145378,2.2857142857142856,ST-GBR-EPSI(0.14)
400,PLR-REAL-Political,0.6383647798742139,0.7868342610985086,1.990566037735849,ST-GBR-EPSI(0.16)
401,PLR-REAL-Political,0.6452830188679246,0.830732392909722,2.1037735849056602,ST-GBR-EPSI(0.16)
402,PLR-REAL-Political,0.5893081761006289,0.7537800721585565,2.0849056603773586,ST-GBR-EPSI(0.16)
403,PLR-REAL-Political,0.6399999999999999,0.7362544923489047,2.1619047619047618,ST-GBR-EPSI(0.16)
404,PLR-REAL-Political,0.6038095238095238,0.744264201293643,2.0,ST-GBR-EPSI(0.16)
405,PLR-REAL-Political,0.5980952380952381,0.7512916132276171,2.019047619047619,ST-GBR-EPSI(0.16)
406,PLR-REAL-Political,0.6063492063492063,0.7616289856178151,2.066666666666667,ST-GBR-EPSI(0.16)
407,PLR-REAL-Political,0.6196825396825398,0.7400196557912118,2.142857142857143,ST-GBR-EPSI(0.16)
408,PLR-REAL-Political,0.6076190476190476,0.808162733855283,2.0476190476190474,ST-GBR-EPSI(0.16)
409,PLR-REAL-Political,0.6653968253968253,0.7469003116187174,2.057142857142857,ST-GBR-EPSI(0.16)
410,PLR-REAL-Political,0.6088050314465409,0.7571298729870569,2.0377358490566038,ST-GBR-EPSI(0.16)
411,PLR-REAL-Political,0.6188679245283019,0.7343291226473652,2.0754716981132075,ST-GBR-EPSI(0.16)
412,PLR-REAL-Political,0.6320754716981132,0.7726472305652773,2.0754716981132075,ST-GBR-EPSI(0.16)
413,PLR-REAL-Political,0.579047619047619,0.732914678723578,2.0285714285714285,ST-GBR-EPSI(0.16)
414,PLR-REAL-Political,0.6266666666666666,0.7287553272719189,2.0761904761904764,ST-GBR-EPSI(0.16)
415,PLR-REAL-Political,0.6577777777777778,0.7635841807091117,2.066666666666667,ST-GBR-EPSI(0.16)
416,PLR-REAL-Political,0.6273015873015874,0.7276716156351473,2.0285714285714285,ST-GBR-EPSI(0.16)
417,PLR-REAL-Political,0.6355555555555555,0.7385665220045949,2.038095238095238,ST-GBR-EPSI(0.16)
418,PLR-REAL-Political,0.6190476190476191,0.752268445176751,2.066666666666667,ST-GBR-EPSI(0.16)
419,PLR-REAL-Political,0.64,0.7489113412953006,2.1142857142857143,ST-GBR-EPSI(0.16)
420,PLR-REAL-Political,0.6352201257861636,0.760693525905286,2.0849056603773586,ST-GBR-EPSI(0.16)
421,PLR-REAL-Political,0.6100628930817611,0.8373544618135312,2.0849056603773586,ST-GBR-EPSI(0.16)
422,PLR-REAL-Political,0.5911949685534591,0.7367731338241957,2.009433962264151,ST-GBR-EPSI(0.16)
423,PLR-REAL-Political,0.6685714285714285,0.7323562045856332,2.0952380952380953,ST-GBR-EPSI(0.16)
424,PLR-REAL-Political,0.6228571428571428,0.7486490821115473,2.066666666666667,ST-GBR-EPSI(0.16)
425,PLR-REAL-Political,0.6425396825396825,0.722278489792065,2.0476190476190474,ST-GBR-EPSI(0.16)
426,PLR-REAL-Political,0.622222222222222,0.8341037253892774,2.038095238095238,ST-GBR-EPSI(0.16)
427,PLR-REAL-Political,0.5650793650793651,0.7622351528212082,2.0095238095238095,ST-GBR-EPSI(0.16)
428,PLR-REAL-Political,0.6146031746031746,0.764449362216825,2.085714285714286,ST-GBR-EPSI(0.16)
429,PLR-REAL-Political,0.6336507936507937,0.7459302299867986,2.123809523809524,ST-GBR-EPSI(0.16)
430,PLR-REAL-Political,0.6220125786163524,0.7744404751000341,2.047169811320755,ST-GBR-EPSI(0.16)
431,PLR-REAL-Political,0.6169811320754717,0.7580295723767857,2.047169811320755,ST-GBR-EPSI(0.16)
432,PLR-REAL-Political,0.6157232704402515,0.7310353449301675,2.1037735849056602,ST-GBR-EPSI(0.16)
433,PLR-REAL-Political,0.6126984126984126,0.755731937843507,1.9904761904761905,ST-GBR-EPSI(0.16)
434,PLR-REAL-Political,0.6533333333333333,0.7306577379370527,2.0761904761904764,ST-GBR-EPSI(0.16)
435,PLR-REAL-Political,0.636190476190476,0.75808250825395,2.066666666666667,ST-GBR-EPSI(0.16)
436,PLR-REAL-Political,0.6260317460317459,0.734449863422538,2.057142857142857,ST-GBR-EPSI(0.16)
437,PLR-REAL-Political,0.6222222222222222,0.7505267083152956,2.057142857142857,ST-GBR-EPSI(0.16)
438,PLR-REAL-Political,0.5834920634920635,0.7515508839191347,2.0095238095238095,ST-GBR-EPSI(0.16)
439,PLR-REAL-Political,0.6260317460317459,0.7614802494555682,2.085714285714286,ST-GBR-EPSI(0.16)
440,PLR-REAL-Political,0.6113207547169811,0.7582736130199552,2.018867924528302,ST-GBR-EPSI(0.16)
441,PLR-REAL-Political,0.6232704402515723,0.7441835998030644,2.1226415094339623,ST-GBR-EPSI(0.16)
442,PLR-REAL-Political,0.6257861635220127,0.7529666510586557,2.056603773584906,ST-GBR-EPSI(0.16)
443,PLR-REAL-Political,0.6393650793650792,0.7527005586664532,2.0761904761904764,ST-GBR-EPSI(0.16)
444,PLR-REAL-Political,0.627936507936508,0.7656085428590619,2.0285714285714285,ST-GBR-EPSI(0.16)
445,PLR-REAL-Political,0.5777777777777778,0.8180288453055656,1.9714285714285715,ST-GBR-EPSI(0.16)
446,PLR-REAL-Political,0.6101587301587301,0.8215878960143811,2.0476190476190474,ST-GBR-EPSI(0.16)
447,PLR-REAL-Political,0.6158730158730159,0.753747253749045,2.1333333333333333,ST-GBR-EPSI(0.16)
448,PLR-REAL-Political,0.6361904761904762,0.7526473277853785,2.123809523809524,ST-GBR-EPSI(0.16)
449,PLR-REAL-Political,0.6399999999999999,0.7477478451811362,2.085714285714286,ST-GBR-EPSI(0.16)
450,PLR-REAL-Political,0.5955974842767295,0.7357187437257117,1.8773584905660377,ST-GBR-EPSI(0.18)
451,PLR-REAL-Political,0.5962264150943396,0.721537370160527,1.8679245283018868,ST-GBR-EPSI(0.18)
452,PLR-REAL-Political,0.5685534591194968,0.7307791706923861,1.8113207547169812,ST-GBR-EPSI(0.18)
453,PLR-REAL-Political,0.6139682539682539,0.7154897288154027,1.9523809523809523,ST-GBR-EPSI(0.18)
454,PLR-REAL-Political,0.5587301587301587,0.7440047809680909,1.8095238095238095,ST-GBR-EPSI(0.18)
455,PLR-REAL-Political,0.5441269841269841,0.7660342705162905,1.838095238095238,ST-GBR-EPSI(0.18)
456,PLR-REAL-Political,0.5282539682539683,0.762007791747862,1.7714285714285714,ST-GBR-EPSI(0.18)
457,PLR-REAL-Political,0.580952380952381,0.7368222565668319,1.8952380952380952,ST-GBR-EPSI(0.18)
458,PLR-REAL-Political,0.5530158730158731,0.7235913097459473,1.8476190476190477,ST-GBR-EPSI(0.18)
459,PLR-REAL-Political,0.6196825396825396,0.7387611712671678,1.8476190476190477,ST-GBR-EPSI(0.18)
460,PLR-REAL-Political,0.5547169811320755,0.7510499998926379,1.830188679245283,ST-GBR-EPSI(0.18)
461,PLR-REAL-Political,0.5691823899371069,0.7492647155428609,1.8773584905660377,ST-GBR-EPSI(0.18)
462,PLR-REAL-Political,0.5515723270440251,0.7490825405949135,1.7924528301886793,ST-GBR-EPSI(0.18)
463,PLR-REAL-Political,0.5092063492063492,0.7308886074895252,1.8285714285714285,ST-GBR-EPSI(0.18)
464,PLR-REAL-Political,0.5752380952380953,0.7187050437343491,1.8285714285714285,ST-GBR-EPSI(0.18)
465,PLR-REAL-Political,0.6234920634920635,0.7541869498270857,1.9047619047619047,ST-GBR-EPSI(0.18)
466,PLR-REAL-Political,0.5726984126984127,0.7269119600276582,1.8571428571428572,ST-GBR-EPSI(0.18)
467,PLR-REAL-Political,0.5923809523809525,0.7499914311624818,1.8666666666666667,ST-GBR-EPSI(0.18)
468,PLR-REAL-Political,0.5752380952380952,0.7521291514370537,1.8857142857142857,ST-GBR-EPSI(0.18)
469,PLR-REAL-Political,0.5917460317460317,0.7546838958478445,1.9238095238095239,ST-GBR-EPSI(0.18)
470,PLR-REAL-Political,0.5490566037735849,0.7503484367324564,1.820754716981132,ST-GBR-EPSI(0.18)
471,PLR-REAL-Political,0.5735849056603775,0.8333610683410368,1.8584905660377358,ST-GBR-EPSI(0.18)
472,PLR-REAL-Political,0.5553459119496855,0.72166098478806,1.8018867924528301,ST-GBR-EPSI(0.18)
473,PLR-REAL-Political,0.6076190476190476,0.7432734531743843,1.8952380952380952,ST-GBR-EPSI(0.18)
474,PLR-REAL-Political,0.5466666666666666,0.7567150850096994,1.8285714285714285,ST-GBR-EPSI(0.18)
475,PLR-REAL-Political,0.5866666666666667,0.7166451064817724,1.8571428571428572,ST-GBR-EPSI(0.18)
476,PLR-REAL-Political,0.5885714285714286,0.8215905649868074,1.8666666666666667,ST-GBR-EPSI(0.18)
477,PLR-REAL-Political,0.5047619047619047,0.7480286715511236,1.7904761904761906,ST-GBR-EPSI(0.18)
478,PLR-REAL-Political,0.5638095238095239,0.7574914001261517,1.8,ST-GBR-EPSI(0.18)
479,PLR-REAL-Political,0.5726984126984126,0.754384312359877,1.8571428571428572,ST-GBR-EPSI(0.18)
480,PLR-REAL-Political,0.569811320754717,0.72851529389852,1.8018867924528301,ST-GBR-EPSI(0.18)
481,PLR-REAL-Political,0.5635220125786163,0.7435910693727716,1.8018867924528301,ST-GBR-EPSI(0.18)
482,PLR-REAL-Political,0.589937106918239,0.7467511991471512,1.9433962264150944,ST-GBR-EPSI(0.18)
483,PLR-REAL-Political,0.5663492063492064,0.7416537285341045,1.8285714285714285,ST-GBR-EPSI(0.18)
484,PLR-REAL-Political,0.6304761904761905,0.7527414400752022,1.9238095238095239,ST-GBR-EPSI(0.18)
485,PLR-REAL-Political,0.5688888888888889,0.7436317821723384,1.819047619047619,ST-GBR-EPSI(0.18)
486,PLR-REAL-Political,0.5555555555555556,0.7424145156857282,1.8095238095238095,ST-GBR-EPSI(0.18)
487,PLR-REAL-Political,0.5853968253968254,0.739507710411453,1.9142857142857144,ST-GBR-EPSI(0.18)
488,PLR-REAL-Political,0.5466666666666667,0.7518384536401387,1.8476190476190477,ST-GBR-EPSI(0.18)
489,PLR-REAL-Political,0.5358730158730158,0.7691653169462849,1.8,ST-GBR-EPSI(0.18)
490,PLR-REAL-Political,0.5616352201257861,0.7541443579702006,1.820754716981132,ST-GBR-EPSI(0.18)
491,PLR-REAL-Political,0.5528301886792454,0.7516300368101003,1.8113207547169812,ST-GBR-EPSI(0.18)
492,PLR-REAL-Political,0.5773584905660377,0.7209868576851215,1.849056603773585,ST-GBR-EPSI(0.18)
493,PLR-REAL-Political,0.5606349206349207,0.7246560412029535,1.8,ST-GBR-EPSI(0.18)
494,PLR-REAL-Political,0.580952380952381,0.7494182484897347,1.8761904761904762,ST-GBR-EPSI(0.18)
495,PLR-REAL-Political,0.5428571428571429,0.8136547083607302,1.7904761904761906,ST-GBR-EPSI(0.18)
496,PLR-REAL-Political,0.5688888888888888,0.8217666402018846,1.838095238095238,ST-GBR-EPSI(0.18)
497,PLR-REAL-Political,0.5536507936507936,0.7425669358979219,1.8476190476190477,ST-GBR-EPSI(0.18)
498,PLR-REAL-Political,0.5644444444444445,0.7481798509477323,1.8666666666666667,ST-GBR-EPSI(0.18)
499,PLR-REAL-Political,0.5726984126984127,0.7411256371670856,1.8285714285714285,ST-GBR-EPSI(0.18)
500,PLR-REAL-Political,0.5345911949685535,0.7287698332891467,1.6886792452830188,ST-GBR-EPSI(0.2)
501,PLR-REAL-Political,0.5327044025157233,0.7530876518422722,1.679245283018868,ST-GBR-EPSI(0.2)
502,PLR-REAL-Political,0.5157232704402516,0.733949172559862,1.6226415094339623,ST-GBR-EPSI(0.2)
503,PLR-REAL-Political,0.5390476190476191,0.7319294991101942,1.619047619047619,ST-GBR-EPSI(0.2)
504,PLR-REAL-Political,0.49079365079365084,0.7561860770803228,1.6,ST-GBR-EPSI(0.2)
505,PLR-REAL-Political,0.4914285714285714,0.7354306429253321,1.6666666666666667,ST-GBR-EPSI(0.2)
506,PLR-REAL-Political,0.47111111111111115,0.832719684826994,1.6095238095238096,ST-GBR-EPSI(0.2)
507,PLR-REAL-Political,0.514920634920635,0.7519248734158298,1.6761904761904762,ST-GBR-EPSI(0.2)
508,PLR-REAL-Political,0.5053968253968255,0.7337603234934837,1.7142857142857142,ST-GBR-EPSI(0.2)
509,PLR-REAL-Political,0.5619047619047619,0.7652129735967373,1.6857142857142857,ST-GBR-EPSI(0.2)
510,PLR-REAL-Political,0.510062893081761,0.7561506842341658,1.7075471698113207,ST-GBR-EPSI(0.2)
511,PLR-REAL-Political,0.5044025157232704,0.7586339739291749,1.650943396226415,ST-GBR-EPSI(0.2)
512,PLR-REAL-Political,0.48742138364779874,0.7510382269802812,1.5754716981132075,ST-GBR-EPSI(0.2)
513,PLR-REAL-Political,0.4653968253968254,0.7252831070972874,1.6761904761904762,ST-GBR-EPSI(0.2)
514,PLR-REAL-Political,0.5485714285714285,0.7488990634425762,1.6952380952380952,ST-GBR-EPSI(0.2)
515,PLR-REAL-Political,0.5479365079365079,0.7502840318883646,1.7047619047619047,ST-GBR-EPSI(0.2)
516,PLR-REAL-Political,0.5441269841269841,0.7299870551332076,1.6952380952380952,ST-GBR-EPSI(0.2)
517,PLR-REAL-Political,0.5295238095238096,0.7500926590097343,1.6952380952380952,ST-GBR-EPSI(0.2)
518,PLR-REAL-Political,0.5396825396825398,0.7488933895466526,1.723809523809524,ST-GBR-EPSI(0.2)
519,PLR-REAL-Political,0.5193650793650794,0.7524919641430438,1.6666666666666667,ST-GBR-EPSI(0.2)
520,PLR-REAL-Political,0.5138364779874214,0.7557751450933834,1.6415094339622642,ST-GBR-EPSI(0.2)
521,PLR-REAL-Political,0.529559748427673,0.8219561232211301,1.6981132075471699,ST-GBR-EPSI(0.2)
522,PLR-REAL-Political,0.47106918238993706,0.7389543658865124,1.5943396226415094,ST-GBR-EPSI(0.2)
523,PLR-REAL-Political,0.5752380952380953,0.756513539834177,1.7142857142857142,ST-GBR-EPSI(0.2)
524,PLR-REAL-Political,0.4876190476190476,0.7673233788850036,1.6571428571428573,ST-GBR-EPSI(0.2)
525,PLR-REAL-Political,0.5542857142857143,0.7313547492144947,1.6761904761904762,ST-GBR-EPSI(0.2)
526,PLR-REAL-Political,0.518095238095238,0.8335890413650051,1.6571428571428573,ST-GBR-EPSI(0.2)
527,PLR-REAL-Political,0.44698412698412693,0.7530079088509315,1.6,ST-GBR-EPSI(0.2)
528,PLR-REAL-Political,0.5384126984126983,0.7640620403249407,1.6666666666666667,ST-GBR-EPSI(0.2)
529,PLR-REAL-Political,0.5447619047619047,0.7533644269656949,1.7047619047619047,ST-GBR-EPSI(0.2)
530,PLR-REAL-Political,0.5415094339622641,0.7528642410749047,1.7075471698113207,ST-GBR-EPSI(0.2)
531,PLR-REAL-Political,0.49559748427672956,0.7631188509784751,1.5943396226415094,ST-GBR-EPSI(0.2)
532,PLR-REAL-Political,0.5069182389937107,0.7288474651583495,1.669811320754717,ST-GBR-EPSI(0.2)
533,PLR-REAL-Political,0.5314285714285715,0.7578731683406232,1.6952380952380952,ST-GBR-EPSI(0.2)
534,PLR-REAL-Political,0.5682539682539683,0.7698108527003,1.7047619047619047,ST-GBR-EPSI(0.2)
535,PLR-REAL-Political,0.5053968253968254,0.7538590719107491,1.5809523809523809,ST-GBR-EPSI(0.2)
536,PLR-REAL-Political,0.49460317460317466,0.7445755035762187,1.638095238095238,ST-GBR-EPSI(0.2)
537,PLR-REAL-Political,0.5441269841269841,0.7591855008918719,1.723809523809524,ST-GBR-EPSI(0.2)
538,PLR-REAL-Political,0.5098412698412699,0.7249158650632287,1.6857142857142857,ST-GBR-EPSI(0.2)
539,PLR-REAL-Political,0.488888888888889,0.7381989746065893,1.6095238095238096,ST-GBR-EPSI(0.2)
540,PLR-REAL-Political,0.49811320754716987,0.8162065226309273,1.6415094339622642,ST-GBR-EPSI(0.2)
541,PLR-REAL-Political,0.5176100628930818,0.7742512587132367,1.6320754716981132,ST-GBR-EPSI(0.2)
542,PLR-REAL-Political,0.5314465408805031,0.7356073123485513,1.7075471698113207,ST-GBR-EPSI(0.2)
543,PLR-REAL-Political,0.5244444444444444,0.7241812781945017,1.6476190476190475,ST-GBR-EPSI(0.2)
544,PLR-REAL-Political,0.5263492063492063,0.7581562560353382,1.638095238095238,ST-GBR-EPSI(0.2)
545,PLR-REAL-Political,0.5104761904761905,0.8323536811142696,1.6571428571428573,ST-GBR-EPSI(0.2)
546,PLR-REAL-Political,0.5244444444444445,0.8433825815434824,1.6857142857142857,ST-GBR-EPSI(0.2)
547,PLR-REAL-Political,0.5111111111111111,0.7228766124696391,1.6857142857142857,ST-GBR-EPSI(0.2)
548,PLR-REAL-Political,0.533968253968254,0.724055759931993,1.7619047619047619,ST-GBR-EPSI(0.2)
549,PLR-REAL-Political,0.5117460317460317,0.7269884631040152,1.6095238095238096,ST-GBR-EPSI(0.2)
550,PLR-REAL-Political,0.6069182389937107,1.9351890827030247,6.0,Chain-GBR-RR-EPSI(0.0)
551,PLR-REAL-Political,0.570440251572327,1.9271695733373222,6.0,Chain-GBR-RR-EPSI(0.0)
552,PLR-REAL-Political,0.5811320754716982,1.9313551435794643,6.0,Chain-GBR-RR-EPSI(0.0)
553,PLR-REAL-Political,0.56,1.9308663075612225,6.0,Chain-GBR-RR-EPSI(0.0)
554,PLR-REAL-Political,0.606984126984127,1.9356374067446094,6.0,Chain-GBR-RR-EPSI(0.0)
555,PLR-REAL-Political,0.5873015873015872,1.9426477262626283,6.0,Chain-GBR-RR-EPSI(0.0)
556,PLR-REAL-Political,0.6203174603174602,1.9574267507418914,6.0,Chain-GBR-RR-EPSI(0.0)
557,PLR-REAL-Political,0.539047619047619,1.9321565122369895,6.0,Chain-GBR-RR-EPSI(0.0)
558,PLR-REAL-Political,0.6171428571428571,1.9338935092286123,6.0,Chain-GBR-RR-EPSI(0.0)
559,PLR-REAL-Political,0.5892063492063492,1.949252798169131,6.0,Chain-GBR-RR-EPSI(0.0)
560,PLR-REAL-Political,0.5591194968553459,1.9409290277417932,6.0,Chain-GBR-RR-EPSI(0.0)
561,PLR-REAL-Political,0.570440251572327,1.931356003363221,6.0,Chain-GBR-RR-EPSI(0.0)
562,PLR-REAL-Political,0.6371069182389936,1.9338760954930083,6.0,Chain-GBR-RR-EPSI(0.0)
563,PLR-REAL-Political,0.6025396825396825,1.9351498584464657,6.0,Chain-GBR-RR-EPSI(0.0)
564,PLR-REAL-Political,0.6012698412698412,1.9296885393406313,6.0,Chain-GBR-RR-EPSI(0.0)
565,PLR-REAL-Political,0.584126984126984,1.941475783029703,6.0,Chain-GBR-RR-EPSI(0.0)
566,PLR-REAL-Political,0.5752380952380952,1.928729022460362,6.0,Chain-GBR-RR-EPSI(0.0)
567,PLR-REAL-Political,0.594920634920635,1.9430483909485372,6.0,Chain-GBR-RR-EPSI(0.0)
568,PLR-REAL-Political,0.587936507936508,1.934977773999554,6.0,Chain-GBR-RR-EPSI(0.0)
569,PLR-REAL-Political,0.5949206349206348,1.9354589648737361,6.0,Chain-GBR-RR-EPSI(0.0)
570,PLR-REAL-Political,0.5773584905660377,1.9249772679605337,6.0,Chain-GBR-RR-EPSI(0.0)
571,PLR-REAL-Political,0.5817610062893082,1.9351658015329223,6.0,Chain-GBR-RR-EPSI(0.0)
572,PLR-REAL-Political,0.6069182389937108,1.9382585537445383,6.0,Chain-GBR-RR-EPSI(0.0)
573,PLR-REAL-Political,0.5555555555555555,1.9438431418030364,6.0,Chain-GBR-RR-EPSI(0.0)
574,PLR-REAL-Political,0.6190476190476191,1.9522824861589194,6.0,Chain-GBR-RR-EPSI(0.0)
575,PLR-REAL-Political,0.5828571428571429,1.9428788192396016,6.0,Chain-GBR-RR-EPSI(0.0)
576,PLR-REAL-Political,0.598095238095238,1.9467209634876228,6.0,Chain-GBR-RR-EPSI(0.0)
577,PLR-REAL-Political,0.6171428571428571,1.9440450936982894,6.0,Chain-GBR-RR-EPSI(0.0)
578,PLR-REAL-Political,0.580952380952381,1.9609708472091267,6.0,Chain-GBR-RR-EPSI(0.0)
579,PLR-REAL-Political,0.5828571428571429,1.9674651955210403,6.0,Chain-GBR-RR-EPSI(0.0)
580,PLR-REAL-Political,0.5610062893081761,1.9359136459106352,6.0,Chain-GBR-RR-EPSI(0.0)
581,PLR-REAL-Political,0.5867924528301887,1.9333007747081516,6.0,Chain-GBR-RR-EPSI(0.0)
582,PLR-REAL-Political,0.5779874213836478,1.9478001917773469,6.0,Chain-GBR-RR-EPSI(0.0)
583,PLR-REAL-Political,0.5669841269841269,1.9409531953601906,6.0,Chain-GBR-RR-EPSI(0.0)
584,PLR-REAL-Political,0.5574603174603174,1.9387053479589471,6.0,Chain-GBR-RR-EPSI(0.0)
585,PLR-REAL-Political,0.5828571428571429,1.9332999340949024,6.0,Chain-GBR-RR-EPSI(0.0)
586,PLR-REAL-Political,0.620952380952381,1.9330968945749814,6.0,Chain-GBR-RR-EPSI(0.0)
587,PLR-REAL-Political,0.591111111111111,1.9394835491809748,6.0,Chain-GBR-RR-EPSI(0.0)
588,PLR-REAL-Political,0.6184126984126984,1.9373353375751337,6.0,Chain-GBR-RR-EPSI(0.0)
589,PLR-REAL-Political,0.6114285714285714,1.9347519567847478,6.0,Chain-GBR-RR-EPSI(0.0)
590,PLR-REAL-Political,0.6069182389937107,1.9368183822248615,6.0,Chain-GBR-RR-EPSI(0.0)
591,PLR-REAL-Political,0.5830188679245284,1.952131259359832,6.0,Chain-GBR-RR-EPSI(0.0)
592,PLR-REAL-Political,0.5735849056603775,1.9385024530233605,6.0,Chain-GBR-RR-EPSI(0.0)
593,PLR-REAL-Political,0.5949206349206348,1.9361986274061629,6.0,Chain-GBR-RR-EPSI(0.0)
594,PLR-REAL-Political,0.5479365079365079,1.9571114219587669,6.0,Chain-GBR-RR-EPSI(0.0)
595,PLR-REAL-Political,0.5942857142857143,1.9418159032033995,6.0,Chain-GBR-RR-EPSI(0.0)
596,PLR-REAL-Political,0.587936507936508,1.9359185983464018,6.0,Chain-GBR-RR-EPSI(0.0)
597,PLR-REAL-Political,0.6273015873015874,1.9346065281959222,6.0,Chain-GBR-RR-EPSI(0.0)
598,PLR-REAL-Political,0.5834920634920634,1.951281024459333,6.0,Chain-GBR-RR-EPSI(0.0)
599,PLR-REAL-Political,0.5993650793650793,1.9302740125125506,6.0,Chain-GBR-RR-EPSI(0.0)
600,PLR-REAL-Political,0.630817610062893,1.9367110144221018,5.509433962264151,Chain-GBR-RR-EPSI(0.01)
601,PLR-REAL-Political,0.5943396226415094,1.931319922254682,5.6415094339622645,Chain-GBR-RR-EPSI(0.01)
602,PLR-REAL-Political,0.6075471698113206,1.9277979297751306,5.433962264150943,Chain-GBR-RR-EPSI(0.01)
603,PLR-REAL-Political,0.5784126984126984,1.9356196143958717,5.552380952380952,Chain-GBR-RR-EPSI(0.01)
604,PLR-REAL-Political,0.6222222222222222,1.9336177393359546,5.533333333333333,Chain-GBR-RR-EPSI(0.01)
605,PLR-REAL-Political,0.6082539682539683,1.9393017638726944,5.495238095238095,Chain-GBR-RR-EPSI(0.01)
606,PLR-REAL-Political,0.6419047619047619,1.9406646568013484,5.485714285714286,Chain-GBR-RR-EPSI(0.01)
607,PLR-REAL-Political,0.5574603174603174,1.9317028941560013,5.495238095238095,Chain-GBR-RR-EPSI(0.01)
608,PLR-REAL-Political,0.64,1.9350869010416107,5.514285714285714,Chain-GBR-RR-EPSI(0.01)
609,PLR-REAL-Political,0.6114285714285714,1.9493567266441734,5.561904761904762,Chain-GBR-RR-EPSI(0.01)
610,PLR-REAL-Political,0.5729559748427673,1.938066041990952,5.584905660377358,Chain-GBR-RR-EPSI(0.01)
611,PLR-REAL-Political,0.6018867924528303,1.9414523090927944,5.481132075471698,Chain-GBR-RR-EPSI(0.01)
612,PLR-REAL-Political,0.6503144654088051,1.9303157129862334,5.59433962264151,Chain-GBR-RR-EPSI(0.01)
613,PLR-REAL-Political,0.6190476190476192,1.9377542680262072,5.523809523809524,Chain-GBR-RR-EPSI(0.01)
614,PLR-REAL-Political,0.626031746031746,1.9293132322023097,5.533333333333333,Chain-GBR-RR-EPSI(0.01)
615,PLR-REAL-Political,0.6031746031746033,1.9364629179115533,5.533333333333333,Chain-GBR-RR-EPSI(0.01)
616,PLR-REAL-Political,0.5923809523809523,1.9344290759288432,5.647619047619048,Chain-GBR-RR-EPSI(0.01)
617,PLR-REAL-Political,0.6146031746031746,1.9353773635155374,5.609523809523809,Chain-GBR-RR-EPSI(0.01)
618,PLR-REAL-Political,0.6158730158730159,1.933971806134576,5.619047619047619,Chain-GBR-RR-EPSI(0.01)
619,PLR-REAL-Political,0.6165079365079367,1.9317428481783376,5.561904761904762,Chain-GBR-RR-EPSI(0.01)
620,PLR-REAL-Political,0.6075471698113208,1.927845969298783,5.462264150943396,Chain-GBR-RR-EPSI(0.01)
621,PLR-REAL-Political,0.6025157232704402,1.9358790557196834,5.632075471698113,Chain-GBR-RR-EPSI(0.01)
622,PLR-REAL-Political,0.6371069182389937,1.944528034948187,5.4245283018867925,Chain-GBR-RR-EPSI(0.01)
623,PLR-REAL-Political,0.5860317460317459,1.9376055915577355,5.466666666666667,Chain-GBR-RR-EPSI(0.01)
624,PLR-REAL-Political,0.6355555555555557,1.9659475587612685,5.6,Chain-GBR-RR-EPSI(0.01)
625,PLR-REAL-Political,0.5968253968253968,1.9501544807717333,5.6380952380952385,Chain-GBR-RR-EPSI(0.01)
626,PLR-REAL-Political,0.6184126984126983,1.9541069461532925,5.561904761904762,Chain-GBR-RR-EPSI(0.01)
627,PLR-REAL-Political,0.6412698412698413,1.944958114755667,5.561904761904762,Chain-GBR-RR-EPSI(0.01)
628,PLR-REAL-Political,0.5942857142857142,1.9497865418964755,5.647619047619048,Chain-GBR-RR-EPSI(0.01)
629,PLR-REAL-Political,0.6038095238095238,1.9716863847007582,5.504761904761905,Chain-GBR-RR-EPSI(0.01)
630,PLR-REAL-Political,0.5823899371069182,1.9461816020188216,5.537735849056604,Chain-GBR-RR-EPSI(0.01)
631,PLR-REAL-Political,0.6012578616352201,1.9402162144561574,5.622641509433962,Chain-GBR-RR-EPSI(0.01)
632,PLR-REAL-Political,0.6,1.9491755396175903,5.509433962264151,Chain-GBR-RR-EPSI(0.01)
633,PLR-REAL-Political,0.5784126984126984,1.9458022860685151,5.619047619047619,Chain-GBR-RR-EPSI(0.01)
634,PLR-REAL-Political,0.5815873015873015,1.931159088663121,5.504761904761905,Chain-GBR-RR-EPSI(0.01)
635,PLR-REAL-Political,0.6006349206349206,1.9475088491314523,5.533333333333333,Chain-GBR-RR-EPSI(0.01)
636,PLR-REAL-Political,0.6330158730158729,1.9368064676427075,5.619047619047619,Chain-GBR-RR-EPSI(0.01)
637,PLR-REAL-Political,0.6177777777777778,1.9427401071164683,5.571428571428571,Chain-GBR-RR-EPSI(0.01)
638,PLR-REAL-Political,0.6311111111111111,1.9407591412894807,5.628571428571429,Chain-GBR-RR-EPSI(0.01)
639,PLR-REAL-Political,0.6298412698412699,1.9532191723531707,5.533333333333333,Chain-GBR-RR-EPSI(0.01)
640,PLR-REAL-Political,0.6194968553459118,1.939483052903497,5.547169811320755,Chain-GBR-RR-EPSI(0.01)
641,PLR-REAL-Political,0.6037735849056604,1.9603798916958846,5.462264150943396,Chain-GBR-RR-EPSI(0.01)
642,PLR-REAL-Political,0.5949685534591195,1.9412925764169846,5.528301886792453,Chain-GBR-RR-EPSI(0.01)
643,PLR-REAL-Political,0.6152380952380951,1.9405803398757724,5.542857142857143,Chain-GBR-RR-EPSI(0.01)
644,PLR-REAL-Political,0.566984126984127,1.9417249782035222,5.552380952380952,Chain-GBR-RR-EPSI(0.01)
645,PLR-REAL-Political,0.6063492063492064,1.9575591569802058,5.609523809523809,Chain-GBR-RR-EPSI(0.01)
646,PLR-REAL-Political,0.6120634920634921,1.9289602333427731,5.580952380952381,Chain-GBR-RR-EPSI(0.01)
647,PLR-REAL-Political,0.6558730158730159,1.948158107941448,5.561904761904762,Chain-GBR-RR-EPSI(0.01)
648,PLR-REAL-Political,0.6076190476190476,1.9451241943075361,5.552380952380952,Chain-GBR-RR-EPSI(0.01)
649,PLR-REAL-Political,0.6215873015873016,1.926400744147736,5.466666666666667,Chain-GBR-RR-EPSI(0.01)
650,PLR-REAL-Political,0.6654088050314466,1.934937113053731,4.735849056603773,Chain-GBR-RR-EPSI(0.03)
651,PLR-REAL-Political,0.639622641509434,1.9285099110683843,4.783018867924528,Chain-GBR-RR-EPSI(0.03)
652,PLR-REAL-Political,0.6396226415094339,1.9366583106299737,4.783018867924528,Chain-GBR-RR-EPSI(0.03)
653,PLR-REAL-Political,0.6196825396825396,1.9326176703608113,4.828571428571428,Chain-GBR-RR-EPSI(0.03)
654,PLR-REAL-Political,0.6653968253968254,1.9602100102862274,4.780952380952381,Chain-GBR-RR-EPSI(0.03)
655,PLR-REAL-Political,0.6711111111111112,1.9357134985970084,4.619047619047619,Chain-GBR-RR-EPSI(0.03)
656,PLR-REAL-Political,0.6749206349206348,1.936766632985796,4.914285714285715,Chain-GBR-RR-EPSI(0.03)
657,PLR-REAL-Political,0.6038095238095237,1.930172187296163,4.685714285714286,Chain-GBR-RR-EPSI(0.03)
658,PLR-REAL-Political,0.6946031746031748,1.9315636415058521,4.723809523809524,Chain-GBR-RR-EPSI(0.03)
659,PLR-REAL-Political,0.6520634920634922,1.9524385960355062,4.695238095238095,Chain-GBR-RR-EPSI(0.03)
660,PLR-REAL-Political,0.609433962264151,1.9331510101970284,4.877358490566038,Chain-GBR-RR-EPSI(0.03)
661,PLR-REAL-Political,0.6459119496855346,1.9342865203795359,4.735849056603773,Chain-GBR-RR-EPSI(0.03)
662,PLR-REAL-Political,0.6679245283018868,1.9400917782750677,4.89622641509434,Chain-GBR-RR-EPSI(0.03)
663,PLR-REAL-Political,0.6596825396825396,1.9301463022834968,4.79047619047619,Chain-GBR-RR-EPSI(0.03)
664,PLR-REAL-Political,0.6799999999999999,1.9345522330419946,4.666666666666667,Chain-GBR-RR-EPSI(0.03)
665,PLR-REAL-Political,0.6463492063492063,1.929360246611958,4.714285714285714,Chain-GBR-RR-EPSI(0.03)
666,PLR-REAL-Political,0.620952380952381,1.939571647585579,4.857142857142857,Chain-GBR-RR-EPSI(0.03)
667,PLR-REAL-Political,0.666031746031746,1.9366818640729067,4.695238095238095,Chain-GBR-RR-EPSI(0.03)
668,PLR-REAL-Political,0.6546031746031746,1.931688684910908,4.904761904761905,Chain-GBR-RR-EPSI(0.03)
669,PLR-REAL-Political,0.6584126984126984,1.9311286071205922,4.723809523809524,Chain-GBR-RR-EPSI(0.03)
670,PLR-REAL-Political,0.6578616352201258,1.9297966641463784,4.660377358490566,Chain-GBR-RR-EPSI(0.03)
671,PLR-REAL-Political,0.6352201257861635,1.9359638475175385,4.830188679245283,Chain-GBR-RR-EPSI(0.03)
672,PLR-REAL-Political,0.6679245283018869,1.9405006101516735,4.716981132075472,Chain-GBR-RR-EPSI(0.03)
673,PLR-REAL-Political,0.6450793650793651,1.9483604182553322,4.59047619047619,Chain-GBR-RR-EPSI(0.03)
674,PLR-REAL-Political,0.6698412698412699,1.943023825195798,4.819047619047619,Chain-GBR-RR-EPSI(0.03)
675,PLR-REAL-Political,0.6476190476190475,1.9476568910809628,4.809523809523809,Chain-GBR-RR-EPSI(0.03)
676,PLR-REAL-Political,0.646984126984127,1.9433542076598052,4.847619047619047,Chain-GBR-RR-EPSI(0.03)
677,PLR-REAL-Political,0.6571428571428571,1.9570120486442486,4.876190476190477,Chain-GBR-RR-EPSI(0.03)
678,PLR-REAL-Political,0.6387301587301587,1.9515530082259545,4.685714285714286,Chain-GBR-RR-EPSI(0.03)
679,PLR-REAL-Political,0.6488888888888888,1.957634515684686,4.704761904761905,Chain-GBR-RR-EPSI(0.03)
680,PLR-REAL-Political,0.6257861635220126,1.9334322681332323,4.745283018867925,Chain-GBR-RR-EPSI(0.03)
681,PLR-REAL-Political,0.6490566037735849,1.9401989347505522,4.849056603773585,Chain-GBR-RR-EPSI(0.03)
682,PLR-REAL-Political,0.6503144654088051,1.9385022618106011,4.613207547169812,Chain-GBR-RR-EPSI(0.03)
683,PLR-REAL-Political,0.6228571428571429,1.9528411260779275,4.79047619047619,Chain-GBR-RR-EPSI(0.03)
684,PLR-REAL-Political,0.627936507936508,1.9336109589282946,4.714285714285714,Chain-GBR-RR-EPSI(0.03)
685,PLR-REAL-Political,0.6412698412698413,1.9442633749901999,4.723809523809524,Chain-GBR-RR-EPSI(0.03)
686,PLR-REAL-Political,0.6660317460317461,1.9370827131769275,4.79047619047619,Chain-GBR-RR-EPSI(0.03)
687,PLR-REAL-Political,0.6666666666666666,1.9594749397912825,4.733333333333333,Chain-GBR-RR-EPSI(0.03)
688,PLR-REAL-Political,0.6685714285714286,1.95217892931644,4.923809523809524,Chain-GBR-RR-EPSI(0.03)
689,PLR-REAL-Political,0.6698412698412699,1.9627240719995704,4.809523809523809,Chain-GBR-RR-EPSI(0.03)
690,PLR-REAL-Political,0.6666666666666666,1.9453695228560897,4.764150943396227,Chain-GBR-RR-EPSI(0.03)
691,PLR-REAL-Political,0.6471698113207547,1.9463089333250563,4.669811320754717,Chain-GBR-RR-EPSI(0.03)
692,PLR-REAL-Political,0.6333333333333334,1.940819467168353,4.716981132075472,Chain-GBR-RR-EPSI(0.03)
693,PLR-REAL-Political,0.6736507936507936,1.9473466158048989,4.695238095238095,Chain-GBR-RR-EPSI(0.03)
694,PLR-REAL-Political,0.6209523809523808,1.9473577487641809,4.695238095238095,Chain-GBR-RR-EPSI(0.03)
695,PLR-REAL-Political,0.6431746031746032,1.944936262078674,4.838095238095238,Chain-GBR-RR-EPSI(0.03)
696,PLR-REAL-Political,0.6673015873015873,1.9350279173439664,4.761904761904762,Chain-GBR-RR-EPSI(0.03)
697,PLR-REAL-Political,0.6946031746031747,1.9333441479289417,4.6380952380952385,Chain-GBR-RR-EPSI(0.03)
698,PLR-REAL-Political,0.6520634920634919,1.9440306560842933,4.761904761904762,Chain-GBR-RR-EPSI(0.03)
699,PLR-REAL-Political,0.6641269841269841,1.929628255452042,4.733333333333333,Chain-GBR-RR-EPSI(0.03)
700,PLR-REAL-Political,0.7037735849056604,1.9299441164061064,4.056603773584905,Chain-GBR-RR-EPSI(0.05)
701,PLR-REAL-Political,0.6723270440251572,1.946392996109311,4.113207547169812,Chain-GBR-RR-EPSI(0.05)
702,PLR-REAL-Political,0.6679245283018866,1.9335348074531509,4.084905660377358,Chain-GBR-RR-EPSI(0.05)
703,PLR-REAL-Political,0.6673015873015873,1.9326967034600029,4.095238095238095,Chain-GBR-RR-EPSI(0.05)
704,PLR-REAL-Political,0.6819047619047619,1.9374691257497207,4.314285714285714,Chain-GBR-RR-EPSI(0.05)
705,PLR-REAL-Political,0.693968253968254,1.9419601686879147,4.104761904761904,Chain-GBR-RR-EPSI(0.05)
706,PLR-REAL-Political,0.7073015873015873,1.9378799615807665,4.266666666666667,Chain-GBR-RR-EPSI(0.05)
707,PLR-REAL-Political,0.6412698412698412,1.9355169268927042,4.085714285714285,Chain-GBR-RR-EPSI(0.05)
708,PLR-REAL-Political,0.7168253968253968,1.9299751071752191,4.20952380952381,Chain-GBR-RR-EPSI(0.05)
709,PLR-REAL-Political,0.6831746031746032,1.9478182907537098,4.0476190476190474,Chain-GBR-RR-EPSI(0.05)
710,PLR-REAL-Political,0.6415094339622641,1.934462516136463,4.235849056603773,Chain-GBR-RR-EPSI(0.05)
711,PLR-REAL-Political,0.6955974842767295,1.9350692246746901,4.0754716981132075,Chain-GBR-RR-EPSI(0.05)
712,PLR-REAL-Political,0.7018867924528303,1.939371720994162,4.339622641509434,Chain-GBR-RR-EPSI(0.05)
713,PLR-REAL-Political,0.6844444444444445,1.9338686027635716,4.085714285714285,Chain-GBR-RR-EPSI(0.05)
714,PLR-REAL-Political,0.7015873015873016,1.9294799688747617,4.0476190476190474,Chain-GBR-RR-EPSI(0.05)
715,PLR-REAL-Political,0.6704761904761904,1.928833178980163,4.0476190476190474,Chain-GBR-RR-EPSI(0.05)
716,PLR-REAL-Political,0.6692063492063492,1.9333327150913358,4.219047619047619,Chain-GBR-RR-EPSI(0.05)
717,PLR-REAL-Political,0.704126984126984,1.9393447990264199,4.066666666666666,Chain-GBR-RR-EPSI(0.05)
718,PLR-REAL-Political,0.6895238095238095,1.9287464978766646,4.238095238095238,Chain-GBR-RR-EPSI(0.05)
719,PLR-REAL-Political,0.6920634920634922,1.9335192731038875,4.076190476190476,Chain-GBR-RR-EPSI(0.05)
720,PLR-REAL-Political,0.6761006289308177,1.9294611408602182,4.113207547169812,Chain-GBR-RR-EPSI(0.05)
721,PLR-REAL-Political,0.6855345911949685,1.9341948485220835,4.084905660377358,Chain-GBR-RR-EPSI(0.05)
722,PLR-REAL-Political,0.689308176100629,1.9445753568028035,4.122641509433962,Chain-GBR-RR-EPSI(0.05)
723,PLR-REAL-Political,0.681904761904762,1.9469891306900573,4.095238095238095,Chain-GBR-RR-EPSI(0.05)
724,PLR-REAL-Political,0.6996825396825397,1.9449965912755636,4.20952380952381,Chain-GBR-RR-EPSI(0.05)
725,PLR-REAL-Political,0.6971428571428572,1.9477504465775786,4.171428571428572,Chain-GBR-RR-EPSI(0.05)
726,PLR-REAL-Political,0.6780952380952381,1.95183728611797,4.238095238095238,Chain-GBR-RR-EPSI(0.05)
727,PLR-REAL-Political,0.6787301587301587,1.9430038797924623,4.180952380952381,Chain-GBR-RR-EPSI(0.05)
728,PLR-REAL-Political,0.6819047619047619,1.9535165377601211,4.038095238095238,Chain-GBR-RR-EPSI(0.05)
729,PLR-REAL-Political,0.6806349206349207,1.9563566282896172,4.190476190476191,Chain-GBR-RR-EPSI(0.05)
730,PLR-REAL-Political,0.6490566037735849,1.929690542488943,4.1415094339622645,Chain-GBR-RR-EPSI(0.05)
731,PLR-REAL-Political,0.6874213836477988,1.9575001003664547,4.188679245283019,Chain-GBR-RR-EPSI(0.05)
732,PLR-REAL-Political,0.6968553459119496,1.9479359885692225,3.8679245283018866,Chain-GBR-RR-EPSI(0.05)
733,PLR-REAL-Political,0.662222222222222,1.959717443192108,4.2,Chain-GBR-RR-EPSI(0.05)
734,PLR-REAL-Political,0.68,1.9344542428580338,4.104761904761904,Chain-GBR-RR-EPSI(0.05)
735,PLR-REAL-Political,0.6717460317460318,1.9508473689206445,4.180952380952381,Chain-GBR-RR-EPSI(0.05)
736,PLR-REAL-Political,0.6876190476190477,1.9364472651733897,4.152380952380953,Chain-GBR-RR-EPSI(0.05)
737,PLR-REAL-Political,0.7041269841269842,1.955823978029865,4.114285714285714,Chain-GBR-RR-EPSI(0.05)
738,PLR-REAL-Political,0.718095238095238,1.9500215383251058,4.085714285714285,Chain-GBR-RR-EPSI(0.05)
739,PLR-REAL-Political,0.7047619047619049,1.9404851022898773,4.114285714285714,Chain-GBR-RR-EPSI(0.05)
740,PLR-REAL-Political,0.691823899371069,1.9410467671298794,4.245283018867925,Chain-GBR-RR-EPSI(0.05)
741,PLR-REAL-Political,0.6937106918238994,1.951968405877319,4.169811320754717,Chain-GBR-RR-EPSI(0.05)
742,PLR-REAL-Political,0.6773584905660377,1.9505256553086512,3.981132075471698,Chain-GBR-RR-EPSI(0.05)
743,PLR-REAL-Political,0.7003174603174604,1.9661888394431242,4.057142857142857,Chain-GBR-RR-EPSI(0.05)
744,PLR-REAL-Political,0.6457142857142857,1.9516419432999708,4.0476190476190474,Chain-GBR-RR-EPSI(0.05)
745,PLR-REAL-Political,0.6647619047619048,1.9475495794768896,4.380952380952381,Chain-GBR-RR-EPSI(0.05)
746,PLR-REAL-Political,0.6920634920634922,1.9350739588429473,4.066666666666666,Chain-GBR-RR-EPSI(0.05)
747,PLR-REAL-Political,0.7085714285714285,1.931332624631249,4.057142857142857,Chain-GBR-RR-EPSI(0.05)
748,PLR-REAL-Political,0.6793650793650793,1.9433087172207646,4.0285714285714285,Chain-GBR-RR-EPSI(0.05)
749,PLR-REAL-Political,0.7041269841269842,1.934263318624825,4.142857142857143,Chain-GBR-RR-EPSI(0.05)
750,PLR-REAL-Political,0.7314465408805033,1.9324975716427886,3.6037735849056602,Chain-GBR-RR-EPSI(0.07)
751,PLR-REAL-Political,0.6918238993710691,1.9375196571756519,3.5,Chain-GBR-RR-EPSI(0.07)
752,PLR-REAL-Political,0.6817610062893081,1.9589960472542676,3.6132075471698113,Chain-GBR-RR-EPSI(0.07)
753,PLR-REAL-Political,0.6844444444444445,1.942442357017023,3.5714285714285716,Chain-GBR-RR-EPSI(0.07)
754,PLR-REAL-Political,0.7034920634920636,1.9379777314544582,3.8095238095238093,Chain-GBR-RR-EPSI(0.07)
755,PLR-REAL-Political,0.7136507936507936,1.943823703808983,3.676190476190476,Chain-GBR-RR-EPSI(0.07)
756,PLR-REAL-Political,0.7219047619047618,1.9397227293423327,3.7523809523809524,Chain-GBR-RR-EPSI(0.07)
757,PLR-REAL-Political,0.6558730158730158,1.9313822559984575,3.6285714285714286,Chain-GBR-RR-EPSI(0.07)
758,PLR-REAL-Political,0.7415873015873017,1.931064747440482,3.6285714285714286,Chain-GBR-RR-EPSI(0.07)
759,PLR-REAL-Political,0.7034920634920634,1.9426623834147894,3.4857142857142858,Chain-GBR-RR-EPSI(0.07)
760,PLR-REAL-Political,0.6767295597484275,1.9303703890334245,3.69811320754717,Chain-GBR-RR-EPSI(0.07)
761,PLR-REAL-Political,0.7182389937106919,1.9299484339061233,3.490566037735849,Chain-GBR-RR-EPSI(0.07)
762,PLR-REAL-Political,0.7182389937106917,1.931016327399893,3.669811320754717,Chain-GBR-RR-EPSI(0.07)
763,PLR-REAL-Political,0.6895238095238095,1.927269327551831,3.619047619047619,Chain-GBR-RR-EPSI(0.07)
764,PLR-REAL-Political,0.7060317460317461,1.9324339861246425,3.4952380952380953,Chain-GBR-RR-EPSI(0.07)
765,PLR-REAL-Political,0.7009523809523809,1.9290190865823107,3.5714285714285716,Chain-GBR-RR-EPSI(0.07)
766,PLR-REAL-Political,0.6806349206349207,1.9309649804584996,3.704761904761905,Chain-GBR-RR-EPSI(0.07)
767,PLR-REAL-Political,0.7098412698412698,1.93403871285982,3.5904761904761906,Chain-GBR-RR-EPSI(0.07)
768,PLR-REAL-Political,0.7003174603174603,1.9311196120679623,3.742857142857143,Chain-GBR-RR-EPSI(0.07)
769,PLR-REAL-Political,0.7117460317460318,1.9346819558489334,3.5714285714285716,Chain-GBR-RR-EPSI(0.07)
770,PLR-REAL-Political,0.6893081761006288,1.9304819701346874,3.6226415094339623,Chain-GBR-RR-EPSI(0.07)
771,PLR-REAL-Political,0.6924528301886792,1.9312675145139733,3.5849056603773586,Chain-GBR-RR-EPSI(0.07)
772,PLR-REAL-Political,0.7018867924528303,1.9570956869138927,3.669811320754717,Chain-GBR-RR-EPSI(0.07)
773,PLR-REAL-Political,0.7053968253968254,1.9339022192882578,3.6095238095238096,Chain-GBR-RR-EPSI(0.07)
774,PLR-REAL-Political,0.7155555555555556,1.934244301240684,3.6095238095238096,Chain-GBR-RR-EPSI(0.07)
775,PLR-REAL-Political,0.7193650793650793,1.9483641146508093,3.6095238095238096,Chain-GBR-RR-EPSI(0.07)
776,PLR-REAL-Political,0.6977777777777777,1.9509853268131578,3.638095238095238,Chain-GBR-RR-EPSI(0.07)
777,PLR-REAL-Political,0.6831746031746031,1.9527014509147034,3.6476190476190475,Chain-GBR-RR-EPSI(0.07)
778,PLR-REAL-Political,0.7047619047619048,1.9413608727054719,3.676190476190476,Chain-GBR-RR-EPSI(0.07)
779,PLR-REAL-Political,0.6952380952380952,1.9569502842785929,3.6666666666666665,Chain-GBR-RR-EPSI(0.07)
780,PLR-REAL-Political,0.6761006289308176,1.9386957541910352,3.641509433962264,Chain-GBR-RR-EPSI(0.07)
781,PLR-REAL-Political,0.6962264150943396,1.9501684413351879,3.6792452830188678,Chain-GBR-RR-EPSI(0.07)
782,PLR-REAL-Political,0.7094339622641508,1.944954895994564,3.481132075471698,Chain-GBR-RR-EPSI(0.07)
783,PLR-REAL-Political,0.6844444444444444,1.9563439436718166,3.5714285714285716,Chain-GBR-RR-EPSI(0.07)
784,PLR-REAL-Political,0.695873015873016,1.9408742220764887,3.552380952380952,Chain-GBR-RR-EPSI(0.07)
785,PLR-REAL-Political,0.6984126984126984,1.9555713005814281,3.7142857142857144,Chain-GBR-RR-EPSI(0.07)
786,PLR-REAL-Political,0.6907936507936507,1.9400024867721632,3.6095238095238096,Chain-GBR-RR-EPSI(0.07)
787,PLR-REAL-Political,0.7136507936507936,1.9572970146572992,3.723809523809524,Chain-GBR-RR-EPSI(0.07)
788,PLR-REAL-Political,0.7295238095238096,1.9570454184843515,3.6476190476190475,Chain-GBR-RR-EPSI(0.07)
789,PLR-REAL-Political,0.7187301587301589,1.9380189444359641,3.533333333333333,Chain-GBR-RR-EPSI(0.07)
790,PLR-REAL-Political,0.721383647798742,1.953647281672167,3.7547169811320753,Chain-GBR-RR-EPSI(0.07)
791,PLR-REAL-Political,0.6937106918238993,1.9640483976516392,3.7547169811320753,Chain-GBR-RR-EPSI(0.07)
792,PLR-REAL-Political,0.6867924528301886,1.9467817461467762,3.5754716981132075,Chain-GBR-RR-EPSI(0.07)
793,PLR-REAL-Political,0.7276190476190475,1.9483393826535997,3.5904761904761906,Chain-GBR-RR-EPSI(0.07)
794,PLR-REAL-Political,0.6653968253968253,1.9471401245419873,3.4952380952380953,Chain-GBR-RR-EPSI(0.07)
795,PLR-REAL-Political,0.6831746031746032,1.9602528322888038,3.8190476190476192,Chain-GBR-RR-EPSI(0.07)
796,PLR-REAL-Political,0.7022222222222222,1.9316908388197211,3.676190476190476,Chain-GBR-RR-EPSI(0.07)
797,PLR-REAL-Political,0.7098412698412698,1.9366913281204023,3.6285714285714286,Chain-GBR-RR-EPSI(0.07)
798,PLR-REAL-Political,0.6926984126984126,1.9387663804762036,3.6,Chain-GBR-RR-EPSI(0.07)
799,PLR-REAL-Political,0.7174603174603175,1.9326948455813684,3.580952380952381,Chain-GBR-RR-EPSI(0.07)
800,PLR-REAL-Political,0.7232704402515723,1.931776384543176,3.150943396226415,Chain-GBR-RR-EPSI(0.09)
801,PLR-REAL-Political,0.70062893081761,1.9280036455100849,3.141509433962264,Chain-GBR-RR-EPSI(0.09)
802,PLR-REAL-Political,0.6805031446540881,1.9378193742994327,3.1226415094339623,Chain-GBR-RR-EPSI(0.09)
803,PLR-REAL-Political,0.6946031746031747,1.9428888242458506,3.2666666666666666,Chain-GBR-RR-EPSI(0.09)
804,PLR-REAL-Political,0.6990476190476189,1.9383236301064157,3.361904761904762,Chain-GBR-RR-EPSI(0.09)
805,PLR-REAL-Political,0.7028571428571428,1.9458061756647975,3.2285714285714286,Chain-GBR-RR-EPSI(0.09)
806,PLR-REAL-Political,0.7142857142857144,1.9391587282210012,3.2666666666666666,Chain-GBR-RR-EPSI(0.09)
807,PLR-REAL-Political,0.6603174603174603,1.9316027896018362,3.257142857142857,Chain-GBR-RR-EPSI(0.09)
808,PLR-REAL-Political,0.7358730158730159,1.9301544784655733,3.142857142857143,Chain-GBR-RR-EPSI(0.09)
809,PLR-REAL-Political,0.7015873015873016,1.9427103065709959,3.1809523809523808,Chain-GBR-RR-EPSI(0.09)
810,PLR-REAL-Political,0.6823899371069182,1.9348045534187506,3.30188679245283,Chain-GBR-RR-EPSI(0.09)
811,PLR-REAL-Political,0.7283018867924529,1.938720002250511,3.0849056603773586,Chain-GBR-RR-EPSI(0.09)
812,PLR-REAL-Political,0.7308176100628929,1.93003111914075,3.19811320754717,Chain-GBR-RR-EPSI(0.09)
813,PLR-REAL-Political,0.6787301587301586,1.925906688423449,3.085714285714286,Chain-GBR-RR-EPSI(0.09)
814,PLR-REAL-Political,0.7123809523809523,1.9303076330168816,3.0761904761904764,Chain-GBR-RR-EPSI(0.09)
815,PLR-REAL-Political,0.7053968253968255,1.9351187267581105,3.123809523809524,Chain-GBR-RR-EPSI(0.09)
816,PLR-REAL-Political,0.7085714285714285,1.9377610795947366,3.1809523809523808,Chain-GBR-RR-EPSI(0.09)
817,PLR-REAL-Political,0.7155555555555555,1.92702724097534,3.142857142857143,Chain-GBR-RR-EPSI(0.09)
818,PLR-REAL-Political,0.7104761904761904,1.930808827197555,3.2,Chain-GBR-RR-EPSI(0.09)
819,PLR-REAL-Political,0.7111111111111111,1.9406788867073965,3.2,Chain-GBR-RR-EPSI(0.09)
820,PLR-REAL-Political,0.6993710691823899,1.9297632446751587,3.188679245283019,Chain-GBR-RR-EPSI(0.09)
821,PLR-REAL-Political,0.7050314465408803,1.930328659586622,3.0283018867924527,Chain-GBR-RR-EPSI(0.09)
822,PLR-REAL-Political,0.7000000000000001,1.9578943797618502,3.2830188679245285,Chain-GBR-RR-EPSI(0.09)
823,PLR-REAL-Political,0.7212698412698412,1.9440792044529136,3.2476190476190476,Chain-GBR-RR-EPSI(0.09)
824,PLR-REAL-Political,0.7200000000000001,1.9420631449152208,3.257142857142857,Chain-GBR-RR-EPSI(0.09)
825,PLR-REAL-Political,0.7301587301587301,1.9591505552093371,3.1142857142857143,Chain-GBR-RR-EPSI(0.09)
826,PLR-REAL-Political,0.6939682539682538,1.9566068757855974,3.1333333333333333,Chain-GBR-RR-EPSI(0.09)
827,PLR-REAL-Political,0.6793650793650793,1.9535514702108454,3.219047619047619,Chain-GBR-RR-EPSI(0.09)
828,PLR-REAL-Political,0.7098412698412698,1.948386086859739,3.2,Chain-GBR-RR-EPSI(0.09)
829,PLR-REAL-Political,0.7307936507936507,1.9532772674810603,3.257142857142857,Chain-GBR-RR-EPSI(0.09)
830,PLR-REAL-Political,0.6905660377358489,1.9387723961233827,3.1792452830188678,Chain-GBR-RR-EPSI(0.09)
831,PLR-REAL-Political,0.6968553459119498,1.9380332201982857,3.2264150943396226,Chain-GBR-RR-EPSI(0.09)
832,PLR-REAL-Political,0.7339622641509435,1.9335756633375027,3.0754716981132075,Chain-GBR-RR-EPSI(0.09)
833,PLR-REAL-Political,0.6914285714285713,1.9518272093627496,3.1619047619047618,Chain-GBR-RR-EPSI(0.09)
834,PLR-REAL-Political,0.7111111111111111,1.9412072636674804,3.0476190476190474,Chain-GBR-RR-EPSI(0.09)
835,PLR-REAL-Political,0.6958730158730159,1.9593997359995945,3.2285714285714286,Chain-GBR-RR-EPSI(0.09)
836,PLR-REAL-Political,0.6914285714285714,1.9339861250137305,3.1619047619047618,Chain-GBR-RR-EPSI(0.09)
837,PLR-REAL-Political,0.7225396825396825,1.9497370133649032,3.1523809523809523,Chain-GBR-RR-EPSI(0.09)
838,PLR-REAL-Political,0.7282539682539682,1.961255146844446,3.2666666666666666,Chain-GBR-RR-EPSI(0.09)
839,PLR-REAL-Political,0.7269841269841271,1.9521438506503317,3.1619047619047618,Chain-GBR-RR-EPSI(0.09)
840,PLR-REAL-Political,0.710691823899371,1.9421735512258647,3.207547169811321,Chain-GBR-RR-EPSI(0.09)
841,PLR-REAL-Political,0.7075471698113207,1.957945862643846,3.2452830188679247,Chain-GBR-RR-EPSI(0.09)
842,PLR-REAL-Political,0.7088050314465408,1.9482717717345752,3.0754716981132075,Chain-GBR-RR-EPSI(0.09)
843,PLR-REAL-Political,0.7238095238095238,1.9468011660872822,3.1619047619047618,Chain-GBR-RR-EPSI(0.09)
844,PLR-REAL-Political,0.6711111111111111,1.945698291228424,3.104761904761905,Chain-GBR-RR-EPSI(0.09)
845,PLR-REAL-Political,0.6799999999999999,1.9627938754402616,3.4380952380952383,Chain-GBR-RR-EPSI(0.09)
846,PLR-REAL-Political,0.7231746031746032,1.9346892030530836,3.1809523809523808,Chain-GBR-RR-EPSI(0.09)
847,PLR-REAL-Political,0.7104761904761904,1.9371992164219964,3.3047619047619046,Chain-GBR-RR-EPSI(0.09)
848,PLR-REAL-Political,0.7047619047619048,1.9408810301330663,3.1333333333333333,Chain-GBR-RR-EPSI(0.09)
849,PLR-REAL-Political,0.7180952380952381,1.9638620314395243,3.2,Chain-GBR-RR-EPSI(0.09)
850,PLR-REAL-Political,0.7012578616352201,1.935674652314444,2.6320754716981134,Chain-GBR-RR-EPSI(0.12)
851,PLR-REAL-Political,0.7025157232704401,1.9362877898606567,2.650943396226415,Chain-GBR-RR-EPSI(0.12)
852,PLR-REAL-Political,0.6289308176100628,1.938341223702974,2.688679245283019,Chain-GBR-RR-EPSI(0.12)
853,PLR-REAL-Political,0.6920634920634922,1.9582520886677857,2.704761904761905,Chain-GBR-RR-EPSI(0.12)
854,PLR-REAL-Political,0.678095238095238,1.9348731432175181,2.638095238095238,Chain-GBR-RR-EPSI(0.12)
855,PLR-REAL-Political,0.6641269841269841,1.943929664043298,2.6285714285714286,Chain-GBR-RR-EPSI(0.12)
856,PLR-REAL-Political,0.6812698412698411,1.9367421087342853,2.619047619047619,Chain-GBR-RR-EPSI(0.12)
857,PLR-REAL-Political,0.6507936507936507,1.9324543358096922,2.5904761904761906,Chain-GBR-RR-EPSI(0.12)
858,PLR-REAL-Political,0.7073015873015873,1.9343732558267215,2.7142857142857144,Chain-GBR-RR-EPSI(0.12)
859,PLR-REAL-Political,0.6990476190476191,1.9472082243430093,2.6095238095238096,Chain-GBR-RR-EPSI(0.12)
860,PLR-REAL-Political,0.6716981132075472,1.9390816383181981,2.660377358490566,Chain-GBR-RR-EPSI(0.12)
861,PLR-REAL-Political,0.70125786163522,1.9354151056360027,2.6132075471698113,Chain-GBR-RR-EPSI(0.12)
862,PLR-REAL-Political,0.6999999999999998,1.934449738505354,2.6226415094339623,Chain-GBR-RR-EPSI(0.12)
863,PLR-REAL-Political,0.6507936507936507,1.9284860938633173,2.552380952380952,Chain-GBR-RR-EPSI(0.12)
864,PLR-REAL-Political,0.6920634920634922,1.9273271137717156,2.5714285714285716,Chain-GBR-RR-EPSI(0.12)
865,PLR-REAL-Political,0.6926984126984127,1.923749396606091,2.619047619047619,Chain-GBR-RR-EPSI(0.12)
866,PLR-REAL-Political,0.7098412698412698,1.9319205616450361,2.619047619047619,Chain-GBR-RR-EPSI(0.12)
867,PLR-REAL-Political,0.6939682539682539,1.926521869275065,2.5714285714285716,Chain-GBR-RR-EPSI(0.12)
868,PLR-REAL-Political,0.6939682539682539,1.929772024533228,2.619047619047619,Chain-GBR-RR-EPSI(0.12)
869,PLR-REAL-Political,0.7047619047619048,1.9521995139870576,2.6952380952380954,Chain-GBR-RR-EPSI(0.12)
870,PLR-REAL-Political,0.6723270440251571,1.9318903618399714,2.5,Chain-GBR-RR-EPSI(0.12)
871,PLR-REAL-Political,0.6805031446540881,1.9331798435577516,2.5849056603773586,Chain-GBR-RR-EPSI(0.12)
872,PLR-REAL-Political,0.6855345911949685,1.9507310467654768,2.707547169811321,Chain-GBR-RR-EPSI(0.12)
873,PLR-REAL-Political,0.7098412698412698,1.9528586282286187,2.6857142857142855,Chain-GBR-RR-EPSI(0.12)
874,PLR-REAL-Political,0.6888888888888889,1.9353747890413382,2.638095238095238,Chain-GBR-RR-EPSI(0.12)
875,PLR-REAL-Political,0.7092063492063491,1.9476893799929136,2.5142857142857142,Chain-GBR-RR-EPSI(0.12)
876,PLR-REAL-Political,0.6882539682539681,1.9542746043094323,2.6,Chain-GBR-RR-EPSI(0.12)
877,PLR-REAL-Political,0.6431746031746032,1.9594085059274724,2.580952380952381,Chain-GBR-RR-EPSI(0.12)
878,PLR-REAL-Political,0.6812698412698412,1.9495880523899802,2.638095238095238,Chain-GBR-RR-EPSI(0.12)
879,PLR-REAL-Political,0.706031746031746,1.9439257450607954,2.6952380952380954,Chain-GBR-RR-EPSI(0.12)
880,PLR-REAL-Political,0.6836477987421384,1.9415925277650947,2.5849056603773586,Chain-GBR-RR-EPSI(0.12)
881,PLR-REAL-Political,0.6792452830188679,1.9397797410354471,2.6226415094339623,Chain-GBR-RR-EPSI(0.12)
882,PLR-REAL-Political,0.7037735849056604,1.9345457981969258,2.641509433962264,Chain-GBR-RR-EPSI(0.12)
883,PLR-REAL-Political,0.6876190476190477,1.9513290151547533,2.6476190476190475,Chain-GBR-RR-EPSI(0.12)
884,PLR-REAL-Political,0.7187301587301588,1.9422445494961162,2.6476190476190475,Chain-GBR-RR-EPSI(0.12)
885,PLR-REAL-Political,0.6850793650793651,1.966340634056784,2.7333333333333334,Chain-GBR-RR-EPSI(0.12)
886,PLR-REAL-Political,0.6895238095238094,1.9454253173098717,2.638095238095238,Chain-GBR-RR-EPSI(0.12)
887,PLR-REAL-Political,0.6958730158730158,1.9422686374511748,2.5619047619047617,Chain-GBR-RR-EPSI(0.12)
888,PLR-REAL-Political,0.706031746031746,1.950861180592493,2.657142857142857,Chain-GBR-RR-EPSI(0.12)
889,PLR-REAL-Political,0.6933333333333335,1.9511196062172282,2.638095238095238,Chain-GBR-RR-EPSI(0.12)
890,PLR-REAL-Political,0.6779874213836478,1.9382575987614843,2.641509433962264,Chain-GBR-RR-EPSI(0.12)
891,PLR-REAL-Political,0.6930817610062894,1.9560490537668003,2.7169811320754715,Chain-GBR-RR-EPSI(0.12)
892,PLR-REAL-Political,0.6987421383647798,1.9474355260981377,2.6037735849056602,Chain-GBR-RR-EPSI(0.12)
893,PLR-REAL-Political,0.7168253968253968,1.947871833151876,2.7142857142857144,Chain-GBR-RR-EPSI(0.12)
894,PLR-REAL-Political,0.6628571428571428,1.9397382533818521,2.619047619047619,Chain-GBR-RR-EPSI(0.12)
895,PLR-REAL-Political,0.6685714285714285,1.9569136723206297,2.657142857142857,Chain-GBR-RR-EPSI(0.12)
896,PLR-REAL-Political,0.6984126984126984,1.939250699703632,2.6285714285714286,Chain-GBR-RR-EPSI(0.12)
897,PLR-REAL-Political,0.6901587301587302,1.937263517598986,2.723809523809524,Chain-GBR-RR-EPSI(0.12)
898,PLR-REAL-Political,0.6876190476190477,1.9532917006401247,2.6,Chain-GBR-RR-EPSI(0.12)
899,PLR-REAL-Political,0.6876190476190475,1.944113559881334,2.638095238095238,Chain-GBR-RR-EPSI(0.12)
900,PLR-REAL-Political,0.6767295597484276,1.9317991306912554,2.339622641509434,Chain-GBR-RR-EPSI(0.14)
901,PLR-REAL-Political,0.6754716981132075,1.9271666491332187,2.330188679245283,Chain-GBR-RR-EPSI(0.14)
902,PLR-REAL-Political,0.6069182389937108,1.9415177237956929,2.292452830188679,Chain-GBR-RR-EPSI(0.14)
903,PLR-REAL-Political,0.6634920634920634,1.9502264754814582,2.4,Chain-GBR-RR-EPSI(0.14)
904,PLR-REAL-Political,0.6520634920634919,1.9330465108326655,2.342857142857143,Chain-GBR-RR-EPSI(0.14)
905,PLR-REAL-Political,0.6457142857142857,1.945323546217384,2.3714285714285714,Chain-GBR-RR-EPSI(0.14)
906,PLR-REAL-Political,0.6374603174603175,1.9400360620575883,2.295238095238095,Chain-GBR-RR-EPSI(0.14)
907,PLR-REAL-Political,0.6387301587301587,1.9353889796449013,2.295238095238095,Chain-GBR-RR-EPSI(0.14)
908,PLR-REAL-Political,0.6673015873015874,1.9392113227546788,2.3523809523809525,Chain-GBR-RR-EPSI(0.14)
909,PLR-REAL-Political,0.6704761904761906,1.9444910585821684,2.3047619047619046,Chain-GBR-RR-EPSI(0.14)
910,PLR-REAL-Political,0.6276729559748427,1.9372663614220367,2.2735849056603774,Chain-GBR-RR-EPSI(0.14)
911,PLR-REAL-Political,0.6666666666666666,1.9312724660848277,2.349056603773585,Chain-GBR-RR-EPSI(0.14)
912,PLR-REAL-Political,0.650943396226415,1.9372188348242756,2.2735849056603774,Chain-GBR-RR-EPSI(0.14)
913,PLR-REAL-Political,0.6241269841269841,1.9325686494939869,2.3333333333333335,Chain-GBR-RR-EPSI(0.14)
914,PLR-REAL-Political,0.6546031746031745,1.9290046292038436,2.3333333333333335,Chain-GBR-RR-EPSI(0.14)
915,PLR-REAL-Political,0.6774603174603174,1.924931392341147,2.276190476190476,Chain-GBR-RR-EPSI(0.14)
916,PLR-REAL-Political,0.6888888888888889,1.9327319016223552,2.3142857142857145,Chain-GBR-RR-EPSI(0.14)
917,PLR-REAL-Political,0.6431746031746032,1.9279927485910258,2.276190476190476,Chain-GBR-RR-EPSI(0.14)
918,PLR-REAL-Political,0.6742857142857143,1.928966132555873,2.295238095238095,Chain-GBR-RR-EPSI(0.14)
919,PLR-REAL-Political,0.6653968253968253,1.9315297805642173,2.361904761904762,Chain-GBR-RR-EPSI(0.14)
920,PLR-REAL-Political,0.6566037735849056,1.928437351186002,2.2830188679245285,Chain-GBR-RR-EPSI(0.14)
921,PLR-REAL-Political,0.6704402515723271,1.9363850533541824,2.3867924528301887,Chain-GBR-RR-EPSI(0.14)
922,PLR-REAL-Political,0.6465408805031445,1.9429443208480122,2.292452830188679,Chain-GBR-RR-EPSI(0.14)
923,PLR-REAL-Political,0.6774603174603174,1.9435856835944425,2.3523809523809525,Chain-GBR-RR-EPSI(0.14)
924,PLR-REAL-Political,0.6476190476190476,1.948401850656836,2.323809523809524,Chain-GBR-RR-EPSI(0.14)
925,PLR-REAL-Political,0.6673015873015873,1.9465487965287316,2.2666666666666666,Chain-GBR-RR-EPSI(0.14)
926,PLR-REAL-Political,0.673015873015873,1.9515329252205706,2.3142857142857145,Chain-GBR-RR-EPSI(0.14)
927,PLR-REAL-Political,0.6253968253968253,1.9537627056462843,2.276190476190476,Chain-GBR-RR-EPSI(0.14)
928,PLR-REAL-Political,0.6457142857142857,1.9490561768671741,2.3714285714285714,Chain-GBR-RR-EPSI(0.14)
929,PLR-REAL-Political,0.6761904761904762,1.939704228095204,2.3333333333333335,Chain-GBR-RR-EPSI(0.14)
930,PLR-REAL-Political,0.6238993710691825,1.9413529365710522,2.2452830188679247,Chain-GBR-RR-EPSI(0.14)
931,PLR-REAL-Political,0.6522012578616352,1.9508177908044333,2.2358490566037736,Chain-GBR-RR-EPSI(0.14)
932,PLR-REAL-Political,0.6767295597484279,1.9430658461430024,2.4245283018867925,Chain-GBR-RR-EPSI(0.14)
933,PLR-REAL-Political,0.6393650793650795,1.9547620085691981,2.3142857142857145,Chain-GBR-RR-EPSI(0.14)
934,PLR-REAL-Political,0.72,1.9327745445845181,2.4095238095238094,Chain-GBR-RR-EPSI(0.14)
935,PLR-REAL-Political,0.6571428571428571,1.9697981368920527,2.380952380952381,Chain-GBR-RR-EPSI(0.14)
936,PLR-REAL-Political,0.6742857142857142,1.9403259307678646,2.3142857142857145,Chain-GBR-RR-EPSI(0.14)
937,PLR-REAL-Political,0.6526984126984127,1.9373480211821252,2.3047619047619046,Chain-GBR-RR-EPSI(0.14)
938,PLR-REAL-Political,0.6596825396825395,1.9572918381962863,2.3142857142857145,Chain-GBR-RR-EPSI(0.14)
939,PLR-REAL-Political,0.6482539682539683,1.9514805635018522,2.3047619047619046,Chain-GBR-RR-EPSI(0.14)
940,PLR-REAL-Political,0.6352201257861635,1.9551992300273757,2.2735849056603774,Chain-GBR-RR-EPSI(0.14)
941,PLR-REAL-Political,0.6666666666666667,1.945011432791922,2.349056603773585,Chain-GBR-RR-EPSI(0.14)
942,PLR-REAL-Political,0.6666666666666667,1.9520389942216185,2.30188679245283,Chain-GBR-RR-EPSI(0.14)
943,PLR-REAL-Political,0.6876190476190477,1.9490122394257279,2.4,Chain-GBR-RR-EPSI(0.14)
944,PLR-REAL-Political,0.646984126984127,1.9439835133205896,2.342857142857143,Chain-GBR-RR-EPSI(0.14)
945,PLR-REAL-Political,0.636190476190476,1.9826908215710282,2.2857142857142856,Chain-GBR-RR-EPSI(0.14)
946,PLR-REAL-Political,0.6482539682539682,1.933339378454146,2.2666666666666666,Chain-GBR-RR-EPSI(0.14)
947,PLR-REAL-Political,0.6546031746031745,1.9500525015860797,2.4095238095238094,Chain-GBR-RR-EPSI(0.14)
948,PLR-REAL-Political,0.6590476190476191,1.9353414605997603,2.3047619047619046,Chain-GBR-RR-EPSI(0.14)
949,PLR-REAL-Political,0.6444444444444444,1.9492925224314468,2.3142857142857145,Chain-GBR-RR-EPSI(0.14)
950,PLR-REAL-Political,0.6163522012578616,1.9578923027232615,2.018867924528302,Chain-GBR-RR-EPSI(0.16)
951,PLR-REAL-Political,0.6377358490566039,1.9348320514347934,2.018867924528302,Chain-GBR-RR-EPSI(0.16)
952,PLR-REAL-Political,0.5817610062893082,1.9306481753396543,2.1037735849056602,Chain-GBR-RR-EPSI(0.16)
953,PLR-REAL-Political,0.6495238095238094,1.935571892188846,2.104761904761905,Chain-GBR-RR-EPSI(0.16)
954,PLR-REAL-Political,0.591111111111111,1.9377297786234722,2.019047619047619,Chain-GBR-RR-EPSI(0.16)
955,PLR-REAL-Political,0.6114285714285714,1.9509464239629464,2.038095238095238,Chain-GBR-RR-EPSI(0.16)
956,PLR-REAL-Political,0.5777777777777777,1.9446173791845933,2.038095238095238,Chain-GBR-RR-EPSI(0.16)
957,PLR-REAL-Political,0.6095238095238096,1.934242215899012,2.038095238095238,Chain-GBR-RR-EPSI(0.16)
958,PLR-REAL-Political,0.6171428571428572,1.9578150611523517,2.085714285714286,Chain-GBR-RR-EPSI(0.16)
959,PLR-REAL-Political,0.6374603174603175,1.9502777766030976,2.057142857142857,Chain-GBR-RR-EPSI(0.16)
960,PLR-REAL-Political,0.5710691823899371,1.9381064832821404,2.0,Chain-GBR-RR-EPSI(0.16)
961,PLR-REAL-Political,0.6389937106918238,1.9362759816785038,2.1226415094339623,Chain-GBR-RR-EPSI(0.16)
962,PLR-REAL-Political,0.5937106918238995,1.937616927325678,1.9622641509433962,Chain-GBR-RR-EPSI(0.16)
963,PLR-REAL-Political,0.5790476190476191,1.9335321628511126,2.0761904761904764,Chain-GBR-RR-EPSI(0.16)
964,PLR-REAL-Political,0.6247619047619047,1.929084089373262,2.1142857142857143,Chain-GBR-RR-EPSI(0.16)
965,PLR-REAL-Political,0.6234920634920635,1.9286086093943162,2.0761904761904764,Chain-GBR-RR-EPSI(0.16)
966,PLR-REAL-Political,0.6450793650793651,1.9334774950509481,2.142857142857143,Chain-GBR-RR-EPSI(0.16)
967,PLR-REAL-Political,0.5917460317460317,1.930448388849481,2.057142857142857,Chain-GBR-RR-EPSI(0.16)
968,PLR-REAL-Political,0.6304761904761905,1.931501208742611,2.085714285714286,Chain-GBR-RR-EPSI(0.16)
969,PLR-REAL-Political,0.6253968253968254,1.9285254094669746,2.104761904761905,Chain-GBR-RR-EPSI(0.16)
970,PLR-REAL-Political,0.6220125786163521,1.9307686051914503,2.047169811320755,Chain-GBR-RR-EPSI(0.16)
971,PLR-REAL-Political,0.6371069182389937,1.941489591095306,2.0660377358490565,Chain-GBR-RR-EPSI(0.16)
972,PLR-REAL-Political,0.5987421383647799,1.9412861504814902,2.047169811320755,Chain-GBR-RR-EPSI(0.16)
973,PLR-REAL-Political,0.6558730158730159,1.9481793615780587,2.1142857142857143,Chain-GBR-RR-EPSI(0.16)
974,PLR-REAL-Political,0.6126984126984126,1.955837675512875,2.066666666666667,Chain-GBR-RR-EPSI(0.16)
975,PLR-REAL-Political,0.6450793650793651,1.9380087554649779,2.0761904761904764,Chain-GBR-RR-EPSI(0.16)
976,PLR-REAL-Political,0.6165079365079366,1.9291527722482629,2.038095238095238,Chain-GBR-RR-EPSI(0.16)
977,PLR-REAL-Political,0.5517460317460318,1.9714360821135652,1.9714285714285715,Chain-GBR-RR-EPSI(0.16)
978,PLR-REAL-Political,0.6482539682539682,1.961353245819123,2.142857142857143,Chain-GBR-RR-EPSI(0.16)
979,PLR-REAL-Political,0.6292063492063492,1.932613839999052,2.0952380952380953,Chain-GBR-RR-EPSI(0.16)
980,PLR-REAL-Political,0.6037735849056604,1.9360366301753433,2.0,Chain-GBR-RR-EPSI(0.16)
981,PLR-REAL-Political,0.5974842767295597,1.9514621319685397,1.971698113207547,Chain-GBR-RR-EPSI(0.16)
982,PLR-REAL-Political,0.630188679245283,1.9391019703511958,2.1320754716981134,Chain-GBR-RR-EPSI(0.16)
983,PLR-REAL-Political,0.6063492063492064,1.9346549471982624,2.1142857142857143,Chain-GBR-RR-EPSI(0.16)
984,PLR-REAL-Political,0.6615873015873016,1.938464988174284,2.123809523809524,Chain-GBR-RR-EPSI(0.16)
985,PLR-REAL-Political,0.6114285714285713,1.9683464633448526,2.085714285714286,Chain-GBR-RR-EPSI(0.16)
986,PLR-REAL-Political,0.6260317460317459,1.9346675687083503,2.057142857142857,Chain-GBR-RR-EPSI(0.16)
987,PLR-REAL-Political,0.6126984126984126,1.9392535168403,2.057142857142857,Chain-GBR-RR-EPSI(0.16)
988,PLR-REAL-Political,0.5961904761904762,1.9455840029511475,2.0476190476190474,Chain-GBR-RR-EPSI(0.16)
989,PLR-REAL-Political,0.6050793650793651,1.9721088724049196,2.0952380952380953,Chain-GBR-RR-EPSI(0.16)
990,PLR-REAL-Political,0.5981132075471698,1.938181673580327,2.0377358490566038,Chain-GBR-RR-EPSI(0.16)
991,PLR-REAL-Political,0.6276729559748428,1.955355192057967,2.0849056603773586,Chain-GBR-RR-EPSI(0.16)
992,PLR-REAL-Political,0.6427672955974842,1.943343489308821,2.1320754716981134,Chain-GBR-RR-EPSI(0.16)
993,PLR-REAL-Political,0.638095238095238,1.9558423515536654,2.0952380952380953,Chain-GBR-RR-EPSI(0.16)
994,PLR-REAL-Political,0.6234920634920635,1.9576347085967347,2.0476190476190474,Chain-GBR-RR-EPSI(0.16)
995,PLR-REAL-Political,0.5746031746031747,1.9622556833770275,1.9714285714285715,Chain-GBR-RR-EPSI(0.16)
996,PLR-REAL-Political,0.6082539682539683,1.9393717337199579,2.0095238095238095,Chain-GBR-RR-EPSI(0.16)
997,PLR-REAL-Political,0.6120634920634921,1.935425445883749,2.1523809523809523,Chain-GBR-RR-EPSI(0.16)
998,PLR-REAL-Political,0.6158730158730158,1.934926504025321,2.0476190476190474,Chain-GBR-RR-EPSI(0.16)
999,PLR-REAL-Political,0.6158730158730159,1.954293823030122,2.057142857142857,Chain-GBR-RR-EPSI(0.16)
1000,PLR-REAL-Political,0.5421383647798742,1.9299629126855664,1.7830188679245282,Chain-GBR-RR-EPSI(0.18)
1001,PLR-REAL-Political,0.5930817610062893,1.9269238321671094,1.8679245283018868,Chain-GBR-RR-EPSI(0.18)
1002,PLR-REAL-Political,0.5471698113207547,1.9320305735871874,1.8867924528301887,Chain-GBR-RR-EPSI(0.18)
1003,PLR-REAL-Political,0.6095238095238095,1.935398011637157,1.8952380952380952,Chain-GBR-RR-EPSI(0.18)
1004,PLR-REAL-Political,0.5288888888888889,1.9347961822032163,1.819047619047619,Chain-GBR-RR-EPSI(0.18)
1005,PLR-REAL-Political,0.5447619047619048,1.9415692871626098,1.8285714285714285,Chain-GBR-RR-EPSI(0.18)
1006,PLR-REAL-Political,0.5244444444444444,1.9425303291433316,1.8476190476190477,Chain-GBR-RR-EPSI(0.18)
1007,PLR-REAL-Political,0.5885714285714285,1.9350195194200606,1.9142857142857144,Chain-GBR-RR-EPSI(0.18)
1008,PLR-REAL-Political,0.5434920634920635,1.9482413299099748,1.8666666666666667,Chain-GBR-RR-EPSI(0.18)
1009,PLR-REAL-Political,0.6057142857142858,1.938992556064358,1.9047619047619047,Chain-GBR-RR-EPSI(0.18)
1010,PLR-REAL-Political,0.5314465408805031,1.9556261605933345,1.8113207547169812,Chain-GBR-RR-EPSI(0.18)
1011,PLR-REAL-Political,0.5616352201257861,1.9369244345483148,1.8679245283018868,Chain-GBR-RR-EPSI(0.18)
1012,PLR-REAL-Political,0.540251572327044,1.9375915359112783,1.7830188679245282,Chain-GBR-RR-EPSI(0.18)
1013,PLR-REAL-Political,0.5377777777777778,1.9333691849496093,1.8476190476190477,Chain-GBR-RR-EPSI(0.18)
1014,PLR-REAL-Political,0.5657142857142856,1.9301956847863317,1.8952380952380952,Chain-GBR-RR-EPSI(0.18)
1015,PLR-REAL-Political,0.5930158730158731,1.9365403513186583,1.8857142857142857,Chain-GBR-RR-EPSI(0.18)
1016,PLR-REAL-Political,0.5733333333333333,1.9384324397871715,1.8095238095238095,Chain-GBR-RR-EPSI(0.18)
1017,PLR-REAL-Political,0.5555555555555556,1.9295454757275532,1.8761904761904762,Chain-GBR-RR-EPSI(0.18)
1018,PLR-REAL-Political,0.5822222222222222,1.931379677886614,1.8952380952380952,Chain-GBR-RR-EPSI(0.18)
1019,PLR-REAL-Political,0.5682539682539683,1.930138794592621,1.838095238095238,Chain-GBR-RR-EPSI(0.18)
1020,PLR-REAL-Political,0.5742138364779874,1.9340134478252076,1.8867924528301887,Chain-GBR-RR-EPSI(0.18)
1021,PLR-REAL-Political,0.6081761006289308,1.9383128094631243,1.9245283018867925,Chain-GBR-RR-EPSI(0.18)
1022,PLR-REAL-Political,0.5679245283018868,1.9307686821276235,1.8679245283018868,Chain-GBR-RR-EPSI(0.18)
1023,PLR-REAL-Political,0.6114285714285713,1.941173661861748,1.8857142857142857,Chain-GBR-RR-EPSI(0.18)
1024,PLR-REAL-Political,0.551111111111111,1.955709289302886,1.8285714285714285,Chain-GBR-RR-EPSI(0.18)
1025,PLR-REAL-Political,0.5923809523809525,1.9342085737451749,1.8761904761904762,Chain-GBR-RR-EPSI(0.18)
1026,PLR-REAL-Political,0.5866666666666668,1.9329725775311921,1.8571428571428572,Chain-GBR-RR-EPSI(0.18)
1027,PLR-REAL-Political,0.5238095238095238,1.9586916780450216,1.819047619047619,Chain-GBR-RR-EPSI(0.18)
1028,PLR-REAL-Political,0.594920634920635,1.9471692555952915,1.8857142857142857,Chain-GBR-RR-EPSI(0.18)
1029,PLR-REAL-Political,0.584126984126984,1.9272159345000421,1.9238095238095239,Chain-GBR-RR-EPSI(0.18)
1030,PLR-REAL-Political,0.5672955974842767,1.929139632857127,1.849056603773585,Chain-GBR-RR-EPSI(0.18)
1031,PLR-REAL-Political,0.5364779874213836,1.9657126161264997,1.7547169811320755,Chain-GBR-RR-EPSI(0.18)
1032,PLR-REAL-Political,0.5849056603773585,1.9384626642685021,1.9622641509433962,Chain-GBR-RR-EPSI(0.18)
1033,PLR-REAL-Political,0.5377777777777779,1.9318837720583266,1.8476190476190477,Chain-GBR-RR-EPSI(0.18)
1034,PLR-REAL-Political,0.6342857142857142,1.9387122570661384,1.9619047619047618,Chain-GBR-RR-EPSI(0.18)
1035,PLR-REAL-Political,0.5549206349206349,1.9689114524284275,1.8,Chain-GBR-RR-EPSI(0.18)
1036,PLR-REAL-Political,0.5752380952380952,1.9457271710380184,1.8571428571428572,Chain-GBR-RR-EPSI(0.18)
1037,PLR-REAL-Political,0.5517460317460318,1.9391953127937516,1.8285714285714285,Chain-GBR-RR-EPSI(0.18)
1038,PLR-REAL-Political,0.5358730158730158,1.954074497216574,1.819047619047619,Chain-GBR-RR-EPSI(0.18)
1039,PLR-REAL-Political,0.5479365079365078,1.980346799609558,1.8761904761904762,Chain-GBR-RR-EPSI(0.18)
1040,PLR-REAL-Political,0.5465408805031446,1.9532366727851793,1.8584905660377358,Chain-GBR-RR-EPSI(0.18)
1041,PLR-REAL-Political,0.5761006289308176,1.9606989317890677,1.849056603773585,Chain-GBR-RR-EPSI(0.18)
1042,PLR-REAL-Political,0.5836477987421383,1.961817577385827,1.8773584905660377,Chain-GBR-RR-EPSI(0.18)
1043,PLR-REAL-Political,0.584126984126984,1.9542239859501624,1.8857142857142857,Chain-GBR-RR-EPSI(0.18)
1044,PLR-REAL-Political,0.584126984126984,1.9513914020102345,1.8666666666666667,Chain-GBR-RR-EPSI(0.18)
1045,PLR-REAL-Political,0.5136507936507937,1.963860386808695,1.7523809523809524,Chain-GBR-RR-EPSI(0.18)
1046,PLR-REAL-Political,0.5688888888888888,1.9442261198310045,1.8095238095238095,Chain-GBR-RR-EPSI(0.18)
1047,PLR-REAL-Political,0.5447619047619047,1.945323210374617,1.9238095238095239,Chain-GBR-RR-EPSI(0.18)
1048,PLR-REAL-Political,0.5561904761904761,1.9410774009529346,1.8571428571428572,Chain-GBR-RR-EPSI(0.18)
1049,PLR-REAL-Political,0.5904761904761905,1.961222354604496,1.9047619047619047,Chain-GBR-RR-EPSI(0.18)
1050,PLR-REAL-Political,0.4823899371069182,1.93277327561147,1.6037735849056605,Chain-GBR-RR-EPSI(0.2)
1051,PLR-REAL-Political,0.540251572327044,1.9285701130507413,1.6886792452830188,Chain-GBR-RR-EPSI(0.2)
1052,PLR-REAL-Political,0.5069182389937107,1.9288828884203337,1.7264150943396226,Chain-GBR-RR-EPSI(0.2)
1053,PLR-REAL-Political,0.5504761904761905,1.9346691726870298,1.6952380952380952,Chain-GBR-RR-EPSI(0.2)
1054,PLR-REAL-Political,0.4450793650793651,1.948004781508431,1.5809523809523809,Chain-GBR-RR-EPSI(0.2)
1055,PLR-REAL-Political,0.4971428571428571,1.9440387666859693,1.6761904761904762,Chain-GBR-RR-EPSI(0.2)
1056,PLR-REAL-Political,0.4647619047619047,1.9360482967070272,1.619047619047619,Chain-GBR-RR-EPSI(0.2)
1057,PLR-REAL-Political,0.5212698412698413,1.9361836281473461,1.7047619047619047,Chain-GBR-RR-EPSI(0.2)
1058,PLR-REAL-Political,0.5180952380952382,1.9385118711892813,1.7142857142857142,Chain-GBR-RR-EPSI(0.2)
1059,PLR-REAL-Political,0.5473015873015873,1.9461600439850513,1.723809523809524,Chain-GBR-RR-EPSI(0.2)
1060,PLR-REAL-Political,0.49496855345911944,1.9371424504179666,1.6603773584905661,Chain-GBR-RR-EPSI(0.2)
1061,PLR-REAL-Political,0.5383647798742138,1.939689087895511,1.7358490566037736,Chain-GBR-RR-EPSI(0.2)
1062,PLR-REAL-Political,0.4830188679245283,1.9404233952551286,1.6037735849056605,Chain-GBR-RR-EPSI(0.2)
1063,PLR-REAL-Political,0.49079365079365084,1.936606461173112,1.723809523809524,Chain-GBR-RR-EPSI(0.2)
1064,PLR-REAL-Political,0.5073015873015873,1.9275905665158197,1.7142857142857142,Chain-GBR-RR-EPSI(0.2)
1065,PLR-REAL-Political,0.5542857142857143,1.9271474759385658,1.723809523809524,Chain-GBR-RR-EPSI(0.2)
1066,PLR-REAL-Political,0.5288888888888889,1.936426288208945,1.6285714285714286,Chain-GBR-RR-EPSI(0.2)
1067,PLR-REAL-Political,0.5498412698412698,1.9304620813696864,1.7714285714285714,Chain-GBR-RR-EPSI(0.2)
1068,PLR-REAL-Political,0.5238095238095238,1.9286652030834057,1.723809523809524,Chain-GBR-RR-EPSI(0.2)
1069,PLR-REAL-Political,0.513015873015873,1.9287290388778924,1.6761904761904762,Chain-GBR-RR-EPSI(0.2)
1070,PLR-REAL-Political,0.5144654088050314,1.9291197961511544,1.6981132075471699,Chain-GBR-RR-EPSI(0.2)
1071,PLR-REAL-Political,0.5484276729559748,1.9357360490935063,1.7547169811320755,Chain-GBR-RR-EPSI(0.2)
1072,PLR-REAL-Political,0.49937106918239,1.9506970785866093,1.679245283018868,Chain-GBR-RR-EPSI(0.2)
1073,PLR-REAL-Political,0.5765079365079365,1.9459342700155886,1.723809523809524,Chain-GBR-RR-EPSI(0.2)
1074,PLR-REAL-Political,0.5098412698412699,1.9370972054601752,1.6857142857142857,Chain-GBR-RR-EPSI(0.2)
1075,PLR-REAL-Political,0.5403174603174603,1.934568924111451,1.7142857142857142,Chain-GBR-RR-EPSI(0.2)
1076,PLR-REAL-Political,0.5276190476190477,1.9498241068413582,1.6857142857142857,Chain-GBR-RR-EPSI(0.2)
1077,PLR-REAL-Political,0.467936507936508,1.944491054750533,1.6952380952380952,Chain-GBR-RR-EPSI(0.2)
1078,PLR-REAL-Political,0.551111111111111,1.936106187929256,1.723809523809524,Chain-GBR-RR-EPSI(0.2)
1079,PLR-REAL-Political,0.5123809523809524,1.9277914296299787,1.6666666666666667,Chain-GBR-RR-EPSI(0.2)
1080,PLR-REAL-Political,0.539622641509434,1.9378718220787212,1.7358490566037736,Chain-GBR-RR-EPSI(0.2)
1081,PLR-REAL-Political,0.5025157232704403,1.9482487513496138,1.650943396226415,Chain-GBR-RR-EPSI(0.2)
1082,PLR-REAL-Political,0.5251572327044025,1.931436699091873,1.7452830188679245,Chain-GBR-RR-EPSI(0.2)
1083,PLR-REAL-Political,0.4946031746031747,1.9284748669301057,1.6857142857142857,Chain-GBR-RR-EPSI(0.2)
1084,PLR-REAL-Political,0.5771428571428572,1.9279720293727907,1.7809523809523808,Chain-GBR-RR-EPSI(0.2)
1085,PLR-REAL-Political,0.5104761904761905,1.9783582730718217,1.6666666666666667,Chain-GBR-RR-EPSI(0.2)
1086,PLR-REAL-Political,0.499047619047619,1.942491708841589,1.638095238095238,Chain-GBR-RR-EPSI(0.2)
1087,PLR-REAL-Political,0.5149206349206349,1.9510185111738647,1.6761904761904762,Chain-GBR-RR-EPSI(0.2)
1088,PLR-REAL-Political,0.47873015873015873,1.9656082622622053,1.6476190476190475,Chain-GBR-RR-EPSI(0.2)
1089,PLR-REAL-Political,0.5238095238095238,1.9780521169978946,1.7523809523809524,Chain-GBR-RR-EPSI(0.2)
1090,PLR-REAL-Political,0.49559748427672956,1.9626479475687597,1.7075471698113207,Chain-GBR-RR-EPSI(0.2)
1091,PLR-REAL-Political,0.538993710691824,1.965213346984892,1.650943396226415,Chain-GBR-RR-EPSI(0.2)
1092,PLR-REAL-Political,0.5345911949685535,1.962348100074377,1.7169811320754718,Chain-GBR-RR-EPSI(0.2)
1093,PLR-REAL-Political,0.5282539682539682,1.954516427793328,1.7047619047619047,Chain-GBR-RR-EPSI(0.2)
1094,PLR-REAL-Political,0.5606349206349206,1.9477942523043408,1.7619047619047619,Chain-GBR-RR-EPSI(0.2)
1095,PLR-REAL-Political,0.48888888888888893,1.9544443035330736,1.6285714285714286,Chain-GBR-RR-EPSI(0.2)
1096,PLR-REAL-Political,0.5212698412698413,1.9363761637613666,1.638095238095238,Chain-GBR-RR-EPSI(0.2)
1097,PLR-REAL-Political,0.48698412698412696,1.9565370239251274,1.6952380952380952,Chain-GBR-RR-EPSI(0.2)
1098,PLR-REAL-Political,0.5155555555555555,1.9495023029525946,1.7428571428571429,Chain-GBR-RR-EPSI(0.2)
1099,PLR-REAL-Political,0.5314285714285714,1.9596065995430505,1.723809523809524,Chain-GBR-RR-EPSI(0.2)
