,data,tau_x_score,prediction_time,buckets_per_rank,algo,percentage
0,LR-REAL-Political,0.2588235294117647,1.2598018064404155,2.3529411764705883,Chain-GBR-PI,0.1
1,LR-REAL-Political,0.18039215686274512,1.2501087357493688,2.588235294117647,Chain-GBR-PI,0.1
2,LR-REAL-Political,0.17647058823529413,1.2648107170500378,2.588235294117647,Chain-GBR-PI,0.1
3,LR-REAL-Political,0.21176470588235294,1.2406058607408759,2.1176470588235294,Chain-GBR-PI,0.1
4,LR-REAL-Political,0.19607843137254902,1.2559016555799956,2.588235294117647,Chain-GBR-PI,0.1
5,LR-REAL-Political,0.2117647058823529,1.2502821305888345,2.235294117647059,Chain-GBR-PI,0.1
6,LR-REAL-Political,0.22745098039215686,1.2657741224039762,2.235294117647059,Chain-GBR-PI,0.1
7,LR-REAL-Political,0.2980392156862745,1.252746577942415,2.2941176470588234,Chain-GBR-PI,0.1
8,LR-REAL-Political,0.3098039215686274,1.2648653172138058,2.5294117647058822,Chain-GBR-PI,0.1
9,LR-REAL-Political,0.3058823529411765,1.2541868250216013,2.6470588235294117,Chain-GBR-PI,0.1
10,LR-REAL-Political,0.2,1.2760216355373457,2.3529411764705883,Chain-GBR-PI,0.1
11,LR-REAL-Political,0.396078431372549,1.278033357283852,2.2941176470588234,Chain-GBR-PI,0.1
12,LR-REAL-Political,0.2313725490196078,1.2726035484650495,2.6470588235294117,Chain-GBR-PI,0.1
13,LR-REAL-Political,0.21176470588235294,1.2612186564986323,2.176470588235294,Chain-GBR-PI,0.1
14,LR-REAL-Political,0.30588235294117644,1.2489978069601562,2.176470588235294,Chain-GBR-PI,0.1
15,LR-REAL-Political,0.23529411764705882,1.2494037502519804,2.411764705882353,Chain-GBR-PI,0.1
16,LR-REAL-Political,0.19999999999999998,1.2586614967324634,1.8823529411764706,Chain-GBR-PI,0.1
17,LR-REAL-Political,0.19607843137254902,1.2533451285037343,2.6470588235294117,Chain-GBR-PI,0.1
18,LR-REAL-Political,0.13725490196078433,1.2586500118421011,2.1176470588235294,Chain-GBR-PI,0.1
19,LR-REAL-Political,0.07058823529411765,1.2547537355053848,2.176470588235294,Chain-GBR-PI,0.1
20,LR-REAL-Political,0.23137254901960783,1.2499444353151667,2.411764705882353,Chain-GBR-PI,0.1
21,LR-REAL-Political,0.14901960784313725,1.2525464101278747,2.5294117647058822,Chain-GBR-PI,0.1
22,LR-REAL-Political,0.2392156862745098,1.2586506111914824,2.2941176470588234,Chain-GBR-PI,0.1
23,LR-REAL-Political,0.2392156862745098,1.260499536770892,2.235294117647059,Chain-GBR-PI,0.1
24,LR-REAL-Political,0.17254901960784316,1.2529478190738723,2.411764705882353,Chain-GBR-PI,0.1
25,LR-REAL-Political,0.30980392156862746,1.253129454079225,2.4705882352941178,Chain-GBR-PI,0.1
26,LR-REAL-Political,0.16862745098039217,1.2642398936532435,2.235294117647059,Chain-GBR-PI,0.1
27,LR-REAL-Political,0.32549019607843144,1.2663224338443853,2.4705882352941178,Chain-GBR-PI,0.1
28,LR-REAL-Political,0.09411764705882353,1.2952532646280805,1.9411764705882353,Chain-GBR-PI,0.1
29,LR-REAL-Political,0.2745098039215686,1.2655920253243302,2.588235294117647,Chain-GBR-PI,0.1
30,LR-REAL-Political,0.33333333333333337,1.2432517090471558,2.3529411764705883,Chain-GBR-PI,0.1
31,LR-REAL-Political,0.08627450980392158,1.2643174010662952,2.3529411764705883,Chain-GBR-PI,0.1
32,LR-REAL-Political,0.27450980392156865,1.2450089366455181,2.176470588235294,Chain-GBR-PI,0.1
33,LR-REAL-Political,0.3176470588235294,1.244737294903667,2.588235294117647,Chain-GBR-PI,0.1
34,LR-REAL-Political,0.13333333333333336,1.2464576106992156,2.235294117647059,Chain-GBR-PI,0.1
35,LR-REAL-Political,0.20392156862745098,1.247463621716279,1.8823529411764706,Chain-GBR-PI,0.1
36,LR-REAL-Political,0.2392156862745098,1.2500248895342756,2.411764705882353,Chain-GBR-PI,0.1
37,LR-REAL-Political,0.1607843137254902,1.258300376391688,2.1176470588235294,Chain-GBR-PI,0.1
38,LR-REAL-Political,0.17647058823529413,1.2603730936456181,2.4705882352941178,Chain-GBR-PI,0.1
39,LR-REAL-Political,0.12549019607843134,1.2609984483164092,2.411764705882353,Chain-GBR-PI,0.1
40,LR-REAL-Political,0.12941176470588237,1.259390318581557,2.1176470588235294,Chain-GBR-PI,0.1
41,LR-REAL-Political,0.2509803921568628,1.2571643527718848,2.0,Chain-GBR-PI,0.1
42,LR-REAL-Political,0.3058823529411765,1.2617873499441523,2.6470588235294117,Chain-GBR-PI,0.1
43,LR-REAL-Political,0.26666666666666666,1.2736551630457185,2.2941176470588234,Chain-GBR-PI,0.1
44,LR-REAL-Political,0.23137254901960785,1.2725599792738733,2.176470588235294,Chain-GBR-PI,0.1
45,LR-REAL-Political,0.19999999999999998,1.2470124689815363,2.0588235294117645,Chain-GBR-PI,0.1
46,LR-REAL-Political,0.16862745098039217,1.248661206834181,2.4705882352941178,Chain-GBR-PI,0.1
47,LR-REAL-Political,0.2901960784313726,1.2572856323098827,2.4705882352941178,Chain-GBR-PI,0.1
48,LR-REAL-Political,0.1450980392156863,1.25146999239002,2.588235294117647,Chain-GBR-PI,0.1
49,LR-REAL-Political,0.2901960784313725,1.2621868618916077,2.176470588235294,Chain-GBR-PI,0.1
50,LR-REAL-Political,0.5882352941176471,1.2316290554213418,3.823529411764706,Chain-GBR-RR,0.1
51,LR-REAL-Political,0.4901960784313725,1.2317190917185303,4.176470588235294,Chain-GBR-RR,0.1
52,LR-REAL-Political,0.5019607843137256,1.2658517996355294,4.294117647058823,Chain-GBR-RR,0.1
53,LR-REAL-Political,0.49803921568627463,1.2340997890104317,4.0,Chain-GBR-RR,0.1
54,LR-REAL-Political,0.5607843137254903,1.2295756323072424,4.470588235294118,Chain-GBR-RR,0.1
55,LR-REAL-Political,0.6274509803921569,1.224106669864042,4.352941176470588,Chain-GBR-RR,0.1
56,LR-REAL-Political,0.5215686274509804,1.2306870092853806,4.294117647058823,Chain-GBR-RR,0.1
57,LR-REAL-Political,0.6156862745098038,1.2434122683587647,4.0588235294117645,Chain-GBR-RR,0.1
58,LR-REAL-Political,0.607843137254902,1.2325683252069906,4.235294117647059,Chain-GBR-RR,0.1
59,LR-REAL-Political,0.47058823529411764,1.247030364332469,4.588235294117647,Chain-GBR-RR,0.1
60,LR-REAL-Political,0.592156862745098,1.2564593553462506,4.411764705882353,Chain-GBR-RR,0.1
61,LR-REAL-Political,0.7411764705882353,1.256756907500008,4.117647058823529,Chain-GBR-RR,0.1
62,LR-REAL-Political,0.6039215686274509,1.2518470781733857,4.117647058823529,Chain-GBR-RR,0.1
63,LR-REAL-Political,0.5725490196078432,1.2437769756614612,3.764705882352941,Chain-GBR-RR,0.1
64,LR-REAL-Political,0.6666666666666666,1.224345750358931,4.0,Chain-GBR-RR,0.1
65,LR-REAL-Political,0.5372549019607843,1.22646114361868,3.9411764705882355,Chain-GBR-RR,0.1
66,LR-REAL-Political,0.5686274509803921,1.2222143755738646,3.8823529411764706,Chain-GBR-RR,0.1
67,LR-REAL-Political,0.4509803921568627,1.2227375057599115,4.117647058823529,Chain-GBR-RR,0.1
68,LR-REAL-Political,0.4235294117647058,1.226263142610352,3.8823529411764706,Chain-GBR-RR,0.1
69,LR-REAL-Political,0.5215686274509803,1.232276129908483,4.294117647058823,Chain-GBR-RR,0.1
70,LR-REAL-Political,0.4901960784313725,1.229716471772462,4.0,Chain-GBR-RR,0.1
71,LR-REAL-Political,0.5333333333333334,1.2294748205059747,4.235294117647059,Chain-GBR-RR,0.1
72,LR-REAL-Political,0.5176470588235293,1.232246949118973,4.294117647058823,Chain-GBR-RR,0.1
73,LR-REAL-Political,0.5647058823529413,1.2350013289210375,4.235294117647059,Chain-GBR-RR,0.1
74,LR-REAL-Political,0.4666666666666667,1.2271067613764621,3.8823529411764706,Chain-GBR-RR,0.1
75,LR-REAL-Political,0.6549019607843137,1.2396156817878208,4.529411764705882,Chain-GBR-RR,0.1
76,LR-REAL-Political,0.4392156862745098,1.2402167754539035,4.117647058823529,Chain-GBR-RR,0.1
77,LR-REAL-Political,0.6980392156862746,1.249535035291841,4.352941176470588,Chain-GBR-RR,0.1
78,LR-REAL-Political,0.4588235294117647,1.277302296575383,3.9411764705882355,Chain-GBR-RR,0.1
79,LR-REAL-Political,0.5490196078431373,1.237218071345336,4.411764705882353,Chain-GBR-RR,0.1
80,LR-REAL-Political,0.6823529411764707,1.2190715555874383,4.235294117647059,Chain-GBR-RR,0.1
81,LR-REAL-Political,0.3058823529411765,1.2196758078742378,4.352941176470588,Chain-GBR-RR,0.1
82,LR-REAL-Political,0.5960784313725491,1.2351519608106463,4.117647058823529,Chain-GBR-RR,0.1
83,LR-REAL-Political,0.6078431372549019,1.224232527442922,4.235294117647059,Chain-GBR-RR,0.1
84,LR-REAL-Political,0.6588235294117648,1.2267389200982033,4.235294117647059,Chain-GBR-RR,0.1
85,LR-REAL-Political,0.6196078431372549,1.2388554303824542,3.9411764705882355,Chain-GBR-RR,0.1
86,LR-REAL-Political,0.5725490196078431,1.2320631388508652,4.235294117647059,Chain-GBR-RR,0.1
87,LR-REAL-Political,0.5254901960784313,1.237598135623073,4.176470588235294,Chain-GBR-RR,0.1
88,LR-REAL-Political,0.5058823529411764,1.2358119743668283,4.0588235294117645,Chain-GBR-RR,0.1
89,LR-REAL-Political,0.5411764705882354,1.2385199941663823,4.235294117647059,Chain-GBR-RR,0.1
90,LR-REAL-Political,0.5647058823529412,1.2314110307966124,4.294117647058823,Chain-GBR-RR,0.1
91,LR-REAL-Political,0.6862745098039216,1.2300772358172471,4.117647058823529,Chain-GBR-RR,0.1
92,LR-REAL-Political,0.5098039215686274,1.2406198964956852,4.176470588235294,Chain-GBR-RR,0.1
93,LR-REAL-Political,0.6274509803921567,1.239816601668736,4.235294117647059,Chain-GBR-RR,0.1
94,LR-REAL-Political,0.4980392156862745,1.2378140430800766,4.0,Chain-GBR-RR,0.1
95,LR-REAL-Political,0.5215686274509803,1.2282090756009076,4.0588235294117645,Chain-GBR-RR,0.1
96,LR-REAL-Political,0.5607843137254902,1.2332569371119833,4.0,Chain-GBR-RR,0.1
97,LR-REAL-Political,0.5215686274509804,1.2304211418084952,4.352941176470588,Chain-GBR-RR,0.1
98,LR-REAL-Political,0.4549019607843137,1.2428338592951318,4.176470588235294,Chain-GBR-RR,0.1
99,LR-REAL-Political,0.7215686274509805,1.2453986773473775,4.176470588235294,Chain-GBR-RR,0.1
100,LR-REAL-Political,0.7294117647058824,1.4794163344550144,4.588235294117647,ST-GBR-RR,0.1
101,LR-REAL-Political,0.596078431372549,0.4994511963842716,4.352941176470588,ST-GBR-RR,0.1
102,LR-REAL-Political,0.7058823529411764,0.49061286514151475,4.294117647058823,ST-GBR-RR,0.1
103,LR-REAL-Political,0.6666666666666666,0.4818977779386821,4.411764705882353,ST-GBR-RR,0.1
104,LR-REAL-Political,0.619607843137255,0.49399071047742876,4.235294117647059,ST-GBR-RR,0.1
105,LR-REAL-Political,0.607843137254902,0.4941368300778466,4.117647058823529,ST-GBR-RR,0.1
106,LR-REAL-Political,0.6627450980392158,0.44468882454643366,4.294117647058823,ST-GBR-RR,0.1
107,LR-REAL-Political,0.7333333333333334,0.4913333300476913,4.705882352941177,ST-GBR-RR,0.1
108,LR-REAL-Political,0.7058823529411765,0.5399100440982144,4.470588235294118,ST-GBR-RR,0.1
109,LR-REAL-Political,0.6431372549019608,0.4985218830938383,4.529411764705882,ST-GBR-RR,0.1
110,LR-REAL-Political,0.7333333333333334,0.5117087818223175,4.294117647058823,ST-GBR-RR,0.1
111,LR-REAL-Political,0.7529411764705882,0.49611266918601915,4.647058823529412,ST-GBR-RR,0.1
112,LR-REAL-Political,0.7411764705882353,0.4926882355687657,4.705882352941177,ST-GBR-RR,0.1
113,LR-REAL-Political,0.6745098039215686,0.594534532115614,4.705882352941177,ST-GBR-RR,0.1
114,LR-REAL-Political,0.6745098039215687,0.5422198109728241,4.529411764705882,ST-GBR-RR,0.1
115,LR-REAL-Political,0.6549019607843137,0.47777424035415395,4.294117647058823,ST-GBR-RR,0.1
116,LR-REAL-Political,0.611764705882353,0.4806393430988572,4.117647058823529,ST-GBR-RR,0.1
117,LR-REAL-Political,0.6000000000000001,0.4862548665707802,4.352941176470588,ST-GBR-RR,0.1
118,LR-REAL-Political,0.5960784313725491,0.49358509522554883,3.9411764705882355,ST-GBR-RR,0.1
119,LR-REAL-Political,0.615686274509804,0.4671331176236221,4.352941176470588,ST-GBR-RR,0.1
120,LR-REAL-Political,0.6941176470588236,0.49588476401067294,4.235294117647059,ST-GBR-RR,0.1
121,LR-REAL-Political,0.6941176470588235,0.5637322429204416,4.235294117647059,ST-GBR-RR,0.1
122,LR-REAL-Political,0.5960784313725489,0.4897193464009359,4.117647058823529,ST-GBR-RR,0.1
123,LR-REAL-Political,0.7450980392156863,0.47149677560549225,4.647058823529412,ST-GBR-RR,0.1
124,LR-REAL-Political,0.6470588235294117,0.4968597522606283,4.352941176470588,ST-GBR-RR,0.1
125,LR-REAL-Political,0.6392156862745098,0.499231187011821,4.588235294117647,ST-GBR-RR,0.1
126,LR-REAL-Political,0.596078431372549,0.492206953436285,4.470588235294118,ST-GBR-RR,0.1
127,LR-REAL-Political,0.807843137254902,0.47684941878768855,4.705882352941177,ST-GBR-RR,0.1
128,LR-REAL-Political,0.6392156862745099,0.4926310217405107,4.294117647058823,ST-GBR-RR,0.1
129,LR-REAL-Political,0.6549019607843137,0.4965384247574968,4.235294117647059,ST-GBR-RR,0.1
130,LR-REAL-Political,0.6666666666666667,0.4695871566614981,4.411764705882353,ST-GBR-RR,0.1
131,LR-REAL-Political,0.5294117647058825,0.47408641645155464,4.117647058823529,ST-GBR-RR,0.1
132,LR-REAL-Political,0.7254901960784315,0.49031697200555574,4.411764705882353,ST-GBR-RR,0.1
133,LR-REAL-Political,0.6941176470588236,0.4926951823275594,4.705882352941177,ST-GBR-RR,0.1
134,LR-REAL-Political,0.7372549019607844,0.48934005952080867,4.352941176470588,ST-GBR-RR,0.1
135,LR-REAL-Political,0.7137254901960786,0.48632430645772584,4.529411764705882,ST-GBR-RR,0.1
136,LR-REAL-Political,0.7058823529411764,0.48746293160835924,4.411764705882353,ST-GBR-RR,0.1
137,LR-REAL-Political,0.6509803921568628,0.48081947528339475,4.588235294117647,ST-GBR-RR,0.1
138,LR-REAL-Political,0.6470588235294118,0.4868825066015943,4.470588235294118,ST-GBR-RR,0.1
139,LR-REAL-Political,0.6901960784313725,0.48893769007689714,4.470588235294118,ST-GBR-RR,0.1
140,LR-REAL-Political,0.6196078431372549,0.49740932647684516,3.9411764705882355,ST-GBR-RR,0.1
141,LR-REAL-Political,0.7137254901960784,0.5055378643318157,4.352941176470588,ST-GBR-RR,0.1
142,LR-REAL-Political,0.5725490196078431,0.5651065515798939,4.470588235294118,ST-GBR-RR,0.1
143,LR-REAL-Political,0.6862745098039216,0.5014707069091354,4.470588235294118,ST-GBR-RR,0.1
144,LR-REAL-Political,0.7176470588235295,0.4977598906185913,4.647058823529412,ST-GBR-RR,0.1
145,LR-REAL-Political,0.6039215686274509,0.48396314234953897,4.411764705882353,ST-GBR-RR,0.1
146,LR-REAL-Political,0.6784313725490196,0.4950166483569564,4.529411764705882,ST-GBR-RR,0.1
147,LR-REAL-Political,0.5843137254901961,0.4823362374840567,4.588235294117647,ST-GBR-RR,0.1
148,LR-REAL-Political,0.6705882352941177,0.5033247100036977,4.294117647058823,ST-GBR-RR,0.1
149,LR-REAL-Political,0.8274509803921568,0.48960619646485987,4.529411764705882,ST-GBR-RR,0.1
150,LR-REAL-Political,0.4156862745098039,1.4552688137657304,3.0588235294117645,ST-GBR-PI,0.1
151,LR-REAL-Political,0.27843137254901956,1.4675300051100892,2.6470588235294117,ST-GBR-PI,0.1
152,LR-REAL-Political,0.4862745098039216,1.3254655577920096,3.411764705882353,ST-GBR-PI,0.1
153,LR-REAL-Political,0.4352941176470588,0.4697404460877559,3.235294117647059,ST-GBR-PI,0.1
154,LR-REAL-Political,0.3607843137254902,0.43686090776120085,3.411764705882353,ST-GBR-PI,0.1
155,LR-REAL-Political,0.2862745098039216,0.5065171474011216,2.764705882352941,ST-GBR-PI,0.1
156,LR-REAL-Political,0.396078431372549,1.3011133189669262,3.0588235294117645,ST-GBR-PI,0.1
157,LR-REAL-Political,0.4784313725490196,0.500607972138263,3.176470588235294,ST-GBR-PI,0.1
158,LR-REAL-Political,0.4117647058823529,0.49429182521217596,3.411764705882353,ST-GBR-PI,0.1
159,LR-REAL-Political,0.35294117647058826,0.5635678293437401,3.235294117647059,ST-GBR-PI,0.1
160,LR-REAL-Political,0.42745098039215684,0.49545158195736533,2.823529411764706,ST-GBR-PI,0.1
161,LR-REAL-Political,0.4901960784313726,0.4853067751584877,2.7058823529411766,ST-GBR-PI,0.1
162,LR-REAL-Political,0.45490196078431366,0.4739714896206601,3.2941176470588234,ST-GBR-PI,0.1
163,LR-REAL-Political,0.39999999999999997,0.557633785528552,2.764705882352941,ST-GBR-PI,0.1
164,LR-REAL-Political,0.4078431372549019,0.4676808661843389,3.235294117647059,ST-GBR-PI,0.1
165,LR-REAL-Political,0.31764705882352945,0.47684654971220264,3.0,ST-GBR-PI,0.1
166,LR-REAL-Political,0.4392156862745098,0.4403998339446251,3.2941176470588234,ST-GBR-PI,0.1
167,LR-REAL-Political,0.38823529411764707,0.5030136112448563,3.2941176470588234,ST-GBR-PI,0.1
168,LR-REAL-Political,0.32941176470588235,0.44569236987290867,3.1176470588235294,ST-GBR-PI,0.1
169,LR-REAL-Political,0.3411764705882353,0.4894960959600166,2.823529411764706,ST-GBR-PI,0.1
170,LR-REAL-Political,0.4470588235294118,0.5647468091619486,3.2941176470588234,ST-GBR-PI,0.1
171,LR-REAL-Political,0.4117647058823529,0.4987184652688257,3.1176470588235294,ST-GBR-PI,0.1
172,LR-REAL-Political,0.3607843137254902,0.443642883779308,2.8823529411764706,ST-GBR-PI,0.1
173,LR-REAL-Political,0.5137254901960785,0.49437939016928373,3.0,ST-GBR-PI,0.1
174,LR-REAL-Political,0.3254901960784313,0.5008162182384017,2.7058823529411766,ST-GBR-PI,0.1
175,LR-REAL-Political,0.3058823529411765,0.5592528944164952,3.3529411764705883,ST-GBR-PI,0.1
176,LR-REAL-Political,0.45098039215686275,0.4913788265875862,3.235294117647059,ST-GBR-PI,0.1
177,LR-REAL-Political,0.45490196078431366,0.4776472162275921,3.0,ST-GBR-PI,0.1
178,LR-REAL-Political,0.29411764705882354,0.5099419109954609,2.5294117647058822,ST-GBR-PI,0.1
179,LR-REAL-Political,0.33725490196078434,0.4464662688381214,3.0588235294117645,ST-GBR-PI,0.1
180,LR-REAL-Political,0.4078431372549019,0.4427882898344374,2.9411764705882355,ST-GBR-PI,0.1
181,LR-REAL-Political,0.34509803921568627,0.4915290327753353,3.4705882352941178,ST-GBR-PI,0.1
182,LR-REAL-Political,0.41568627450980394,0.49300863158322167,3.4705882352941178,ST-GBR-PI,0.1
183,LR-REAL-Political,0.4235294117647059,0.5033197223836025,3.0588235294117645,ST-GBR-PI,0.1
184,LR-REAL-Political,0.40784313725490196,0.44465000036360913,3.0588235294117645,ST-GBR-PI,0.1
185,LR-REAL-Political,0.5176470588235293,0.4670082276196939,3.0,ST-GBR-PI,0.1
186,LR-REAL-Political,0.4196078431372549,0.47964609379789536,3.235294117647059,ST-GBR-PI,0.1
187,LR-REAL-Political,0.36470588235294116,0.49518914518061363,3.2941176470588234,ST-GBR-PI,0.1
188,LR-REAL-Political,0.33725490196078434,0.48627849597560435,2.8823529411764706,ST-GBR-PI,0.1
189,LR-REAL-Political,0.3490196078431373,0.49751737253519474,3.235294117647059,ST-GBR-PI,0.1
190,LR-REAL-Political,0.3411764705882353,0.49033429639696124,3.2941176470588234,ST-GBR-PI,0.1
191,LR-REAL-Political,0.41568627450980394,0.48405738095980816,3.235294117647059,ST-GBR-PI,0.1
192,LR-REAL-Political,0.3568627450980392,0.5006928774704187,3.176470588235294,ST-GBR-PI,0.1
193,LR-REAL-Political,0.4666666666666666,0.5009334882172795,2.823529411764706,ST-GBR-PI,0.1
194,LR-REAL-Political,0.4745098039215686,0.4992922275492855,3.2941176470588234,ST-GBR-PI,0.1
195,LR-REAL-Political,0.3764705882352941,0.4561094602412457,3.235294117647059,ST-GBR-PI,0.1
196,LR-REAL-Political,0.3254901960784314,0.47613631112536703,3.1176470588235294,ST-GBR-PI,0.1
197,LR-REAL-Political,0.30980392156862746,0.4886411437274991,3.176470588235294,ST-GBR-PI,0.1
198,LR-REAL-Political,0.3686274509803922,0.49456594561649614,3.3529411764705883,ST-GBR-PI,0.1
199,LR-REAL-Political,0.4745098039215686,0.4994519031019822,3.0588235294117645,ST-GBR-PI,0.1
200,LR-REAL-Political,0.7176470588235294,0.618734200021799,5.176470588235294,RPC-GB,0.1
201,LR-REAL-Political,0.5254901960784314,0.6258657189186846,4.764705882352941,RPC-GB,0.1
202,LR-REAL-Political,0.6862745098039216,0.6182604725098632,4.588235294117647,RPC-GB,0.1
203,LR-REAL-Political,0.6666666666666667,0.6509512455455448,4.882352941176471,RPC-GB,0.1
204,LR-REAL-Political,0.6705882352941178,0.6030670932842831,5.352941176470588,RPC-GB,0.1
205,LR-REAL-Political,0.6313725490196078,0.6154006574352215,4.764705882352941,RPC-GB,0.1
206,LR-REAL-Political,0.6156862745098038,0.603837862374289,4.352941176470588,RPC-GB,0.1
207,LR-REAL-Political,0.7019607843137255,0.608742974574166,5.352941176470588,RPC-GB,0.1
208,LR-REAL-Political,0.6313725490196078,0.6050679803198552,4.705882352941177,RPC-GB,0.1
209,LR-REAL-Political,0.6980392156862745,0.6059952139063484,5.117647058823529,RPC-GB,0.1
210,LR-REAL-Political,0.7294117647058824,0.6533011432224621,4.705882352941177,RPC-GB,0.1
211,LR-REAL-Political,0.7137254901960784,0.6708410716067106,5.235294117647059,RPC-GB,0.1
212,LR-REAL-Political,0.7529411764705883,0.6184960840117827,4.705882352941177,RPC-GB,0.1
213,LR-REAL-Political,0.7058823529411766,0.6124636224787239,5.176470588235294,RPC-GB,0.1
214,LR-REAL-Political,0.6431372549019608,0.6147710607244502,4.823529411764706,RPC-GB,0.1
215,LR-REAL-Political,0.5607843137254902,0.6259277677338854,4.588235294117647,RPC-GB,0.1
216,LR-REAL-Political,0.588235294117647,0.6291414333500791,4.352941176470588,RPC-GB,0.1
217,LR-REAL-Political,0.6039215686274509,0.6007292847798338,4.823529411764706,RPC-GB,0.1
218,LR-REAL-Political,0.6,0.6066580950425439,4.411764705882353,RPC-GB,0.1
219,LR-REAL-Political,0.6039215686274509,0.6702901596679177,4.588235294117647,RPC-GB,0.1
220,LR-REAL-Political,0.6705882352941177,0.6444800797292811,4.9411764705882355,RPC-GB,0.1
221,LR-REAL-Political,0.6784313725490196,0.6174594055364803,5.0,RPC-GB,0.1
222,LR-REAL-Political,0.5607843137254901,0.6041180873563075,4.764705882352941,RPC-GB,0.1
223,LR-REAL-Political,0.7294117647058823,0.639989871706532,5.0,RPC-GB,0.1
224,LR-REAL-Political,0.5686274509803921,0.632553275608328,4.176470588235294,RPC-GB,0.1
225,LR-REAL-Political,0.6078431372549019,0.662564049798297,4.647058823529412,RPC-GB,0.1
226,LR-REAL-Political,0.5764705882352942,0.6595810057089837,4.352941176470588,RPC-GB,0.1
227,LR-REAL-Political,0.7176470588235294,0.6648825098477085,4.647058823529412,RPC-GB,0.1
228,LR-REAL-Political,0.6313725490196078,0.6369330617427461,4.352941176470588,RPC-GB,0.1
229,LR-REAL-Political,0.6627450980392157,0.616483822898342,4.823529411764706,RPC-GB,0.1
230,LR-REAL-Political,0.611764705882353,0.6407343739090898,4.411764705882353,RPC-GB,0.1
231,LR-REAL-Political,0.5098039215686274,0.590679411204642,4.764705882352941,RPC-GB,0.1
232,LR-REAL-Political,0.6549019607843137,0.6323455276728198,4.352941176470588,RPC-GB,0.1
233,LR-REAL-Political,0.7098039215686275,0.6079054330542739,5.0588235294117645,RPC-GB,0.1
234,LR-REAL-Political,0.6901960784313725,0.6108859484659634,4.588235294117647,RPC-GB,0.1
235,LR-REAL-Political,0.6352941176470589,0.6172282478606941,4.882352941176471,RPC-GB,0.1
236,LR-REAL-Political,0.6784313725490196,0.6536621573614791,4.9411764705882355,RPC-GB,0.1
237,LR-REAL-Political,0.596078431372549,0.6087800929082168,4.647058823529412,RPC-GB,0.1
238,LR-REAL-Political,0.7176470588235295,0.6310038305242744,4.882352941176471,RPC-GB,0.1
239,LR-REAL-Political,0.6666666666666667,0.6124370057813221,4.705882352941177,RPC-GB,0.1
240,LR-REAL-Political,0.6862745098039217,0.6451316370776471,4.764705882352941,RPC-GB,0.1
241,LR-REAL-Political,0.7372549019607844,0.6197968624335309,5.117647058823529,RPC-GB,0.1
242,LR-REAL-Political,0.5725490196078432,0.6412083736127895,4.588235294117647,RPC-GB,0.1
243,LR-REAL-Political,0.6901960784313727,0.6065205920453574,5.0,RPC-GB,0.1
244,LR-REAL-Political,0.6509803921568628,0.6163425932131474,4.411764705882353,RPC-GB,0.1
245,LR-REAL-Political,0.5882352941176471,0.6427827946837544,4.588235294117647,RPC-GB,0.1
246,LR-REAL-Political,0.607843137254902,0.6039754217858679,4.764705882352941,RPC-GB,0.1
247,LR-REAL-Political,0.6039215686274509,0.6375054402446493,4.9411764705882355,RPC-GB,0.1
248,LR-REAL-Political,0.6627450980392158,0.6253649525254631,4.0,RPC-GB,0.1
249,LR-REAL-Political,0.7176470588235295,0.6062225648359902,4.529411764705882,RPC-GB,0.1
250,LR-REAL-Political,0.1568627450980392,1.2522891180689526,2.2941176470588234,Chain-GBR-PI,0.2
251,LR-REAL-Political,0.13333333333333333,1.2501394268596995,2.3529411764705883,Chain-GBR-PI,0.2
252,LR-REAL-Political,0.3215686274509804,1.2559283817488947,2.411764705882353,Chain-GBR-PI,0.2
253,LR-REAL-Political,0.2431372549019608,1.242828736325673,2.176470588235294,Chain-GBR-PI,0.2
254,LR-REAL-Political,0.2235294117647059,1.2598753822182542,2.2941176470588234,Chain-GBR-PI,0.2
255,LR-REAL-Political,0.1215686274509804,1.2953498181390317,2.176470588235294,Chain-GBR-PI,0.2
256,LR-REAL-Political,0.1843137254901961,1.2576186570521675,2.411764705882353,Chain-GBR-PI,0.2
257,LR-REAL-Political,0.34901960784313724,1.265853616514447,1.9411764705882353,Chain-GBR-PI,0.2
258,LR-REAL-Political,0.13725490196078433,1.270595817977848,1.8235294117647058,Chain-GBR-PI,0.2
259,LR-REAL-Political,0.2627450980392157,1.2536796605739722,2.3529411764705883,Chain-GBR-PI,0.2
260,LR-REAL-Political,0.17254901960784313,1.2465783484106054,2.2941176470588234,Chain-GBR-PI,0.2
261,LR-REAL-Political,0.20784313725490197,1.2445506579741075,2.235294117647059,Chain-GBR-PI,0.2
262,LR-REAL-Political,0.2823529411764706,1.2496288665021666,2.588235294117647,Chain-GBR-PI,0.2
263,LR-REAL-Political,0.30196078431372547,1.2469277207025176,2.176470588235294,Chain-GBR-PI,0.2
264,LR-REAL-Political,0.12941176470588237,1.2417448577713905,1.7647058823529411,Chain-GBR-PI,0.2
265,LR-REAL-Political,0.22745098039215683,1.2542981310814074,2.0588235294117645,Chain-GBR-PI,0.2
266,LR-REAL-Political,0.1411764705882353,1.2615379814441166,2.235294117647059,Chain-GBR-PI,0.2
267,LR-REAL-Political,0.19607843137254902,1.261838635633448,2.1176470588235294,Chain-GBR-PI,0.2
268,LR-REAL-Political,0.21568627450980393,1.2472258181839901,2.176470588235294,Chain-GBR-PI,0.2
269,LR-REAL-Political,0.17647058823529413,1.2625905887430444,1.8823529411764706,Chain-GBR-PI,0.2
270,LR-REAL-Political,0.09019607843137255,1.2510641995687537,2.0588235294117645,Chain-GBR-PI,0.2
271,LR-REAL-Political,0.2784313725490196,1.254525757619138,2.411764705882353,Chain-GBR-PI,0.2
272,LR-REAL-Political,0.1843137254901961,1.2781342344749076,2.0,Chain-GBR-PI,0.2
273,LR-REAL-Political,0.17254901960784316,1.2860723273436463,2.0,Chain-GBR-PI,0.2
274,LR-REAL-Political,0.1411764705882353,1.2859585893119538,1.8823529411764706,Chain-GBR-PI,0.2
275,LR-REAL-Political,0.1372549019607843,1.2724740297781358,2.235294117647059,Chain-GBR-PI,0.2
276,LR-REAL-Political,0.196078431372549,1.2647102130986954,2.0588235294117645,Chain-GBR-PI,0.2
277,LR-REAL-Political,0.28235294117647064,1.2613280126058293,2.2941176470588234,Chain-GBR-PI,0.2
278,LR-REAL-Political,0.15686274509803924,1.245191190801757,2.0588235294117645,Chain-GBR-PI,0.2
279,LR-REAL-Political,0.19215686274509802,1.2523914762214947,2.1176470588235294,Chain-GBR-PI,0.2
280,LR-REAL-Political,0.17254901960784316,1.2448733981203646,2.0588235294117645,Chain-GBR-PI,0.2
281,LR-REAL-Political,0.20784313725490194,1.2448593033403943,2.411764705882353,Chain-GBR-PI,0.2
282,LR-REAL-Political,0.2745098039215686,1.2422713245443184,2.1176470588235294,Chain-GBR-PI,0.2
283,LR-REAL-Political,0.23921568627450984,1.2537677623798162,2.176470588235294,Chain-GBR-PI,0.2
284,LR-REAL-Political,0.2156862745098039,1.2493304534440846,2.3529411764705883,Chain-GBR-PI,0.2
285,LR-REAL-Political,0.34117647058823536,1.2467063893329213,2.235294117647059,Chain-GBR-PI,0.2
286,LR-REAL-Political,0.16470588235294117,1.2476849777494952,2.2941176470588234,Chain-GBR-PI,0.2
287,LR-REAL-Political,0.17647058823529413,1.2439896725534196,2.176470588235294,Chain-GBR-PI,0.2
288,LR-REAL-Political,0.08235294117647059,1.256194047844268,1.6470588235294117,Chain-GBR-PI,0.2
289,LR-REAL-Political,0.07843137254901962,1.2782877141265432,2.176470588235294,Chain-GBR-PI,0.2
290,LR-REAL-Political,0.22745098039215683,1.242633929793837,2.411764705882353,Chain-GBR-PI,0.2
291,LR-REAL-Political,0.1843137254901961,1.2483505777212207,2.2941176470588234,Chain-GBR-PI,0.2
292,LR-REAL-Political,0.13725490196078433,1.248267278924939,2.0,Chain-GBR-PI,0.2
293,LR-REAL-Political,0.12941176470588234,1.2519248298625478,2.0,Chain-GBR-PI,0.2
294,LR-REAL-Political,0.30588235294117655,1.2510627092304436,2.4705882352941178,Chain-GBR-PI,0.2
295,LR-REAL-Political,0.18823529411764706,1.256930577035413,2.176470588235294,Chain-GBR-PI,0.2
296,LR-REAL-Political,0.07450980392156864,1.2600688731981882,2.411764705882353,Chain-GBR-PI,0.2
297,LR-REAL-Political,0.19215686274509802,1.2616116641427686,2.235294117647059,Chain-GBR-PI,0.2
298,LR-REAL-Political,0.26666666666666666,1.2574267165987603,2.1176470588235294,Chain-GBR-PI,0.2
299,LR-REAL-Political,0.06274509803921569,1.2692128130547218,1.8823529411764706,Chain-GBR-PI,0.2
300,LR-REAL-Political,0.47058823529411764,1.2478000407226244,4.0,Chain-GBR-RR,0.2
301,LR-REAL-Political,0.3490196078431373,1.2518900239429072,4.0588235294117645,Chain-GBR-RR,0.2
302,LR-REAL-Political,0.5764705882352942,1.2362558153891254,4.235294117647059,Chain-GBR-RR,0.2
303,LR-REAL-Political,0.5333333333333334,1.2171176465395748,4.0588235294117645,Chain-GBR-RR,0.2
304,LR-REAL-Political,0.48235294117647054,1.2310133270107375,4.117647058823529,Chain-GBR-RR,0.2
305,LR-REAL-Political,0.4862745098039215,1.2354574018681848,4.470588235294118,Chain-GBR-RR,0.2
306,LR-REAL-Political,0.4784313725490196,1.263533969411758,4.0,Chain-GBR-RR,0.2
307,LR-REAL-Political,0.6196078431372549,1.2397024219088228,4.294117647058823,Chain-GBR-RR,0.2
308,LR-REAL-Political,0.5529411764705883,1.2414860443034157,4.0588235294117645,Chain-GBR-RR,0.2
309,LR-REAL-Political,0.5176470588235295,1.2307605961182555,4.235294117647059,Chain-GBR-RR,0.2
310,LR-REAL-Political,0.5803921568627451,1.2409796045255193,3.8823529411764706,Chain-GBR-RR,0.2
311,LR-REAL-Political,0.5686274509803921,1.2311303154085234,3.823529411764706,Chain-GBR-RR,0.2
312,LR-REAL-Political,0.5411764705882354,1.2350346313248908,4.352941176470588,Chain-GBR-RR,0.2
313,LR-REAL-Political,0.607843137254902,1.2444421789745344,4.352941176470588,Chain-GBR-RR,0.2
314,LR-REAL-Political,0.4980392156862745,1.2227148881385168,4.0,Chain-GBR-RR,0.2
315,LR-REAL-Political,0.5411764705882354,1.2336492879878718,4.0588235294117645,Chain-GBR-RR,0.2
316,LR-REAL-Political,0.5176470588235293,1.2662443184413286,3.823529411764706,Chain-GBR-RR,0.2
317,LR-REAL-Political,0.4666666666666667,1.2273379022961597,4.0,Chain-GBR-RR,0.2
318,LR-REAL-Political,0.48235294117647065,1.2247624959386805,3.823529411764706,Chain-GBR-RR,0.2
319,LR-REAL-Political,0.38431372549019605,1.2348862257847448,3.6470588235294117,Chain-GBR-RR,0.2
320,LR-REAL-Political,0.396078431372549,1.2406584026088303,4.0588235294117645,Chain-GBR-RR,0.2
321,LR-REAL-Political,0.611764705882353,1.2293464132612135,4.352941176470588,Chain-GBR-RR,0.2
322,LR-REAL-Political,0.5333333333333334,1.237327283804966,4.176470588235294,Chain-GBR-RR,0.2
323,LR-REAL-Political,0.5019607843137255,1.2380788341329878,3.9411764705882355,Chain-GBR-RR,0.2
324,LR-REAL-Political,0.47058823529411764,1.22923796535021,3.5294117647058822,Chain-GBR-RR,0.2
325,LR-REAL-Political,0.47058823529411764,1.2346630658148394,4.117647058823529,Chain-GBR-RR,0.2
326,LR-REAL-Political,0.4352941176470588,1.2369000165278257,4.0588235294117645,Chain-GBR-RR,0.2
327,LR-REAL-Political,0.6941176470588235,1.2388217025644968,4.0588235294117645,Chain-GBR-RR,0.2
328,LR-REAL-Political,0.48235294117647065,1.2224132266609964,4.235294117647059,Chain-GBR-RR,0.2
329,LR-REAL-Political,0.5333333333333333,1.23221343797293,4.0,Chain-GBR-RR,0.2
330,LR-REAL-Political,0.6000000000000001,1.2198328887341825,3.764705882352941,Chain-GBR-RR,0.2
331,LR-REAL-Political,0.45882352941176474,1.2277001917780719,4.176470588235294,Chain-GBR-RR,0.2
332,LR-REAL-Political,0.580392156862745,1.2338400833078396,4.176470588235294,Chain-GBR-RR,0.2
333,LR-REAL-Political,0.5372549019607843,1.229202131760545,4.176470588235294,Chain-GBR-RR,0.2
334,LR-REAL-Political,0.5490196078431373,1.2319394960840377,4.352941176470588,Chain-GBR-RR,0.2
335,LR-REAL-Political,0.592156862745098,1.2282862415007272,3.9411764705882355,Chain-GBR-RR,0.2
336,LR-REAL-Political,0.43529411764705883,1.229935405582628,4.0588235294117645,Chain-GBR-RR,0.2
337,LR-REAL-Political,0.4117647058823529,1.22884531024623,3.588235294117647,Chain-GBR-RR,0.2
338,LR-REAL-Political,0.46274509803921565,1.249974186824465,4.176470588235294,Chain-GBR-RR,0.2
339,LR-REAL-Political,0.4666666666666667,1.243058395314976,3.823529411764706,Chain-GBR-RR,0.2
340,LR-REAL-Political,0.5843137254901961,1.231992048856629,4.176470588235294,Chain-GBR-RR,0.2
341,LR-REAL-Political,0.615686274509804,1.2299562878141763,4.0588235294117645,Chain-GBR-RR,0.2
342,LR-REAL-Political,0.4313725490196078,1.2331505622271,4.235294117647059,Chain-GBR-RR,0.2
343,LR-REAL-Political,0.42745098039215684,1.233841317054423,3.823529411764706,Chain-GBR-RR,0.2
344,LR-REAL-Political,0.5490196078431373,1.2362689166784149,4.235294117647059,Chain-GBR-RR,0.2
345,LR-REAL-Political,0.44313725490196076,1.23357817087066,4.117647058823529,Chain-GBR-RR,0.2
346,LR-REAL-Political,0.36078431372549025,1.2474664814606202,4.0588235294117645,Chain-GBR-RR,0.2
347,LR-REAL-Political,0.5215686274509803,1.2425746704216634,4.235294117647059,Chain-GBR-RR,0.2
348,LR-REAL-Political,0.6000000000000001,1.235472722576625,3.823529411764706,Chain-GBR-RR,0.2
349,LR-REAL-Political,0.5803921568627451,1.2398875156975708,4.470588235294118,Chain-GBR-RR,0.2
350,LR-REAL-Political,0.7490196078431373,0.47957837656767877,4.529411764705882,ST-GBR-RR,0.2
351,LR-REAL-Political,0.5725490196078432,0.4787969297606278,4.352941176470588,ST-GBR-RR,0.2
352,LR-REAL-Political,0.7607843137254902,0.47697091873900305,4.529411764705882,ST-GBR-RR,0.2
353,LR-REAL-Political,0.6196078431372549,0.4467609141929965,4.235294117647059,ST-GBR-RR,0.2
354,LR-REAL-Political,0.6,0.48124814687254436,4.470588235294118,ST-GBR-RR,0.2
355,LR-REAL-Political,0.6666666666666667,0.4925949022731797,4.0588235294117645,ST-GBR-RR,0.2
356,LR-REAL-Political,0.6666666666666669,0.4907325326105986,4.588235294117647,ST-GBR-RR,0.2
357,LR-REAL-Political,0.7411764705882353,0.4758251066618538,4.588235294117647,ST-GBR-RR,0.2
358,LR-REAL-Political,0.6549019607843137,0.48003875867443047,4.294117647058823,ST-GBR-RR,0.2
359,LR-REAL-Political,0.6352941176470588,0.491982824290225,4.764705882352941,ST-GBR-RR,0.2
360,LR-REAL-Political,0.6823529411764706,0.48543232738949366,4.294117647058823,ST-GBR-RR,0.2
361,LR-REAL-Political,0.7137254901960786,0.4824239416116782,4.470588235294118,ST-GBR-RR,0.2
362,LR-REAL-Political,0.6980392156862745,0.45743932397530623,4.294117647058823,ST-GBR-RR,0.2
363,LR-REAL-Political,0.7372549019607844,0.43262112919236667,4.529411764705882,ST-GBR-RR,0.2
364,LR-REAL-Political,0.6196078431372549,0.4843770400127398,4.352941176470588,ST-GBR-RR,0.2
365,LR-REAL-Political,0.6470588235294118,0.47482707580074657,4.529411764705882,ST-GBR-RR,0.2
366,LR-REAL-Political,0.6470588235294118,0.49988421761047813,4.294117647058823,ST-GBR-RR,0.2
367,LR-REAL-Political,0.5607843137254902,0.4719810569547547,4.411764705882353,ST-GBR-RR,0.2
368,LR-REAL-Political,0.6196078431372549,0.4558373889262865,3.9411764705882355,ST-GBR-RR,0.2
369,LR-REAL-Political,0.6509803921568629,0.5050004899440409,4.352941176470588,ST-GBR-RR,0.2
370,LR-REAL-Political,0.6431372549019607,0.5415999410792779,4.235294117647059,ST-GBR-RR,0.2
371,LR-REAL-Political,0.6823529411764707,0.48540653477751705,4.705882352941177,ST-GBR-RR,0.2
372,LR-REAL-Political,0.5921568627450982,0.42586344616738464,4.647058823529412,ST-GBR-RR,0.2
373,LR-REAL-Political,0.776470588235294,0.46318395290083353,4.705882352941177,ST-GBR-RR,0.2
374,LR-REAL-Political,0.607843137254902,0.4746409286009929,4.470588235294118,ST-GBR-RR,0.2
375,LR-REAL-Political,0.6235294117647059,0.4328948167733234,4.529411764705882,ST-GBR-RR,0.2
376,LR-REAL-Political,0.5882352941176471,0.4932893914839837,4.470588235294118,ST-GBR-RR,0.2
377,LR-REAL-Political,0.7686274509803921,0.49671318119025737,4.352941176470588,ST-GBR-RR,0.2
378,LR-REAL-Political,0.6627450980392158,0.4954961994525924,4.176470588235294,ST-GBR-RR,0.2
379,LR-REAL-Political,0.6666666666666667,0.4888411916206044,4.352941176470588,ST-GBR-RR,0.2
380,LR-REAL-Political,0.6549019607843137,0.47218997375432314,4.411764705882353,ST-GBR-RR,0.2
381,LR-REAL-Political,0.5294117647058824,0.47209020090565074,3.9411764705882355,ST-GBR-RR,0.2
382,LR-REAL-Political,0.7254901960784315,0.47054315456450396,4.411764705882353,ST-GBR-RR,0.2
383,LR-REAL-Political,0.7176470588235295,0.4688976025649958,4.470588235294118,ST-GBR-RR,0.2
384,LR-REAL-Political,0.7176470588235295,0.4836076120121555,4.352941176470588,ST-GBR-RR,0.2
385,LR-REAL-Political,0.6901960784313725,0.47398774229148516,4.529411764705882,ST-GBR-RR,0.2
386,LR-REAL-Political,0.6901960784313727,0.48461483585934434,4.235294117647059,ST-GBR-RR,0.2
387,LR-REAL-Political,0.6431372549019608,0.47530126374348264,4.411764705882353,ST-GBR-RR,0.2
388,LR-REAL-Political,0.6431372549019608,0.46849553333887783,4.470588235294118,ST-GBR-RR,0.2
389,LR-REAL-Political,0.7098039215686276,0.4983557425909426,4.352941176470588,ST-GBR-RR,0.2
390,LR-REAL-Political,0.6274509803921569,0.4696667904802753,4.235294117647059,ST-GBR-RR,0.2
391,LR-REAL-Political,0.6627450980392158,0.4920848728087077,4.117647058823529,ST-GBR-RR,0.2
392,LR-REAL-Political,0.6078431372549019,0.4893885845077724,4.470588235294118,ST-GBR-RR,0.2
393,LR-REAL-Political,0.6901960784313725,0.4711316233842053,4.411764705882353,ST-GBR-RR,0.2
394,LR-REAL-Political,0.7019607843137255,0.4766560066056585,4.294117647058823,ST-GBR-RR,0.2
395,LR-REAL-Political,0.6549019607843137,0.46666820999423203,4.352941176470588,ST-GBR-RR,0.2
396,LR-REAL-Political,0.6901960784313727,0.4944641303891328,4.529411764705882,ST-GBR-RR,0.2
397,LR-REAL-Political,0.5725490196078432,0.4978367895326749,4.470588235294118,ST-GBR-RR,0.2
398,LR-REAL-Political,0.6666666666666667,0.5399859783440544,4.352941176470588,ST-GBR-RR,0.2
399,LR-REAL-Political,0.803921568627451,0.4724788470774794,4.470588235294118,ST-GBR-RR,0.2
400,LR-REAL-Political,0.39999999999999997,0.48155865292680317,3.3529411764705883,ST-GBR-PI,0.2
401,LR-REAL-Political,0.2745098039215686,0.46882241702979305,2.9411764705882355,ST-GBR-PI,0.2
402,LR-REAL-Political,0.45490196078431366,0.4546878475502495,3.235294117647059,ST-GBR-PI,0.2
403,LR-REAL-Political,0.3843137254901961,0.4976663659937532,3.176470588235294,ST-GBR-PI,0.2
404,LR-REAL-Political,0.3568627450980392,0.46810149991048905,2.9411764705882355,ST-GBR-PI,0.2
405,LR-REAL-Political,0.2980392156862745,0.48538106026612793,2.7058823529411766,ST-GBR-PI,0.2
406,LR-REAL-Political,0.44313725490196076,0.4927868448520787,3.1176470588235294,ST-GBR-PI,0.2
407,LR-REAL-Political,0.4392156862745098,0.4752520960031525,3.1176470588235294,ST-GBR-PI,0.2
408,LR-REAL-Political,0.37254901960784315,0.4860954589868887,3.4705882352941178,ST-GBR-PI,0.2
409,LR-REAL-Political,0.3647058823529412,0.4751495252642683,2.8823529411764706,ST-GBR-PI,0.2
410,LR-REAL-Political,0.4156862745098039,0.48101158026388263,3.0,ST-GBR-PI,0.2
411,LR-REAL-Political,0.4862745098039215,0.5010716058131005,2.823529411764706,ST-GBR-PI,0.2
412,LR-REAL-Political,0.45882352941176463,0.4777143903483961,3.6470588235294117,ST-GBR-PI,0.2
413,LR-REAL-Political,0.4705882352941176,0.47212012678771864,2.8823529411764706,ST-GBR-PI,0.2
414,LR-REAL-Political,0.34901960784313724,0.485467175504785,3.0588235294117645,ST-GBR-PI,0.2
415,LR-REAL-Political,0.3411764705882353,0.43277969494243534,2.9411764705882355,ST-GBR-PI,0.2
416,LR-REAL-Political,0.4235294117647058,0.4715716147363494,3.0,ST-GBR-PI,0.2
417,LR-REAL-Political,0.3764705882352941,0.5017080831403596,3.235294117647059,ST-GBR-PI,0.2
418,LR-REAL-Political,0.3803921568627451,0.4685112345090465,3.0588235294117645,ST-GBR-PI,0.2
419,LR-REAL-Political,0.388235294117647,0.4904898485058346,2.7058823529411766,ST-GBR-PI,0.2
420,LR-REAL-Political,0.4156862745098039,0.4893717813903617,2.823529411764706,ST-GBR-PI,0.2
421,LR-REAL-Political,0.3686274509803922,0.48010902293715607,3.235294117647059,ST-GBR-PI,0.2
422,LR-REAL-Political,0.38431372549019605,0.45048263363509733,3.4705882352941178,ST-GBR-PI,0.2
423,LR-REAL-Political,0.4862745098039215,0.49259170045379697,3.2941176470588234,ST-GBR-PI,0.2
424,LR-REAL-Political,0.3803921568627451,0.476839517572288,3.1176470588235294,ST-GBR-PI,0.2
425,LR-REAL-Political,0.3333333333333333,0.4225511496910627,3.1176470588235294,ST-GBR-PI,0.2
426,LR-REAL-Political,0.411764705882353,0.4723801111626551,2.9411764705882355,ST-GBR-PI,0.2
427,LR-REAL-Political,0.43921568627450974,0.48020229859880365,3.0588235294117645,ST-GBR-PI,0.2
428,LR-REAL-Political,0.3490196078431373,0.47105592351217157,2.6470588235294117,ST-GBR-PI,0.2
429,LR-REAL-Political,0.38431372549019605,0.48867430316617566,2.7058823529411766,ST-GBR-PI,0.2
430,LR-REAL-Political,0.392156862745098,0.426548881584103,2.8823529411764706,ST-GBR-PI,0.2
431,LR-REAL-Political,0.3137254901960785,0.5014876097699461,3.1176470588235294,ST-GBR-PI,0.2
432,LR-REAL-Political,0.39999999999999997,0.46963005997834745,3.0,ST-GBR-PI,0.2
433,LR-REAL-Political,0.43921568627450974,0.48081103592459673,2.5294117647058822,ST-GBR-PI,0.2
434,LR-REAL-Political,0.403921568627451,0.48018612535315425,2.9411764705882355,ST-GBR-PI,0.2
435,LR-REAL-Political,0.4588235294117647,0.4819060417269091,3.0588235294117645,ST-GBR-PI,0.2
436,LR-REAL-Political,0.3607843137254902,0.46662565407048034,3.0588235294117645,ST-GBR-PI,0.2
437,LR-REAL-Political,0.4313725490196078,0.4876562639124611,3.0588235294117645,ST-GBR-PI,0.2
438,LR-REAL-Political,0.3607843137254902,0.45223173935427974,2.588235294117647,ST-GBR-PI,0.2
439,LR-REAL-Political,0.37254901960784315,0.4893982461104083,3.176470588235294,ST-GBR-PI,0.2
440,LR-REAL-Political,0.3333333333333333,0.47266045186247946,3.4705882352941178,ST-GBR-PI,0.2
441,LR-REAL-Political,0.41176470588235287,0.48838558798866266,3.176470588235294,ST-GBR-PI,0.2
442,LR-REAL-Political,0.4196078431372549,0.48573030454199106,3.176470588235294,ST-GBR-PI,0.2
443,LR-REAL-Political,0.43529411764705883,0.4954183967697546,2.9411764705882355,ST-GBR-PI,0.2
444,LR-REAL-Political,0.5098039215686274,0.4888510297878108,3.0588235294117645,ST-GBR-PI,0.2
445,LR-REAL-Political,0.39215686274509803,0.4752542427829032,2.9411764705882355,ST-GBR-PI,0.2
446,LR-REAL-Political,0.3803921568627451,0.4766264290220456,3.0588235294117645,ST-GBR-PI,0.2
447,LR-REAL-Political,0.28235294117647064,0.4428926260780674,3.0588235294117645,ST-GBR-PI,0.2
448,LR-REAL-Political,0.37254901960784315,0.4851991751934529,3.2941176470588234,ST-GBR-PI,0.2
449,LR-REAL-Political,0.392156862745098,0.4984741696707668,2.764705882352941,ST-GBR-PI,0.2
450,LR-REAL-Political,0.7137254901960784,0.6029247605950736,5.0588235294117645,RPC-GB,0.2
451,LR-REAL-Political,0.4862745098039216,0.6107068065609444,4.764705882352941,RPC-GB,0.2
452,LR-REAL-Political,0.6901960784313725,0.5871358950495191,5.117647058823529,RPC-GB,0.2
453,LR-REAL-Political,0.5568627450980392,0.5780388189531129,4.764705882352941,RPC-GB,0.2
454,LR-REAL-Political,0.5529411764705884,0.6320245916619417,4.882352941176471,RPC-GB,0.2
455,LR-REAL-Political,0.607843137254902,0.5969745013799598,4.411764705882353,RPC-GB,0.2
456,LR-REAL-Political,0.5019607843137256,0.5917370611751676,5.470588235294118,RPC-GB,0.2
457,LR-REAL-Political,0.6901960784313725,0.5932547400107252,4.647058823529412,RPC-GB,0.2
458,LR-REAL-Political,0.6784313725490198,0.6455850136626166,4.705882352941177,RPC-GB,0.2
459,LR-REAL-Political,0.6156862745098038,0.5963142277879776,4.823529411764706,RPC-GB,0.2
460,LR-REAL-Political,0.6588235294117647,0.6168329255534997,4.882352941176471,RPC-GB,0.2
461,LR-REAL-Political,0.7294117647058823,0.5912466465626071,4.764705882352941,RPC-GB,0.2
462,LR-REAL-Political,0.7019607843137257,0.6274503774038704,5.176470588235294,RPC-GB,0.2
463,LR-REAL-Political,0.6862745098039216,0.5798760457092151,5.176470588235294,RPC-GB,0.2
464,LR-REAL-Political,0.6196078431372549,0.635069115053109,5.235294117647059,RPC-GB,0.2
465,LR-REAL-Political,0.5529411764705883,0.6185545749983401,4.764705882352941,RPC-GB,0.2
466,LR-REAL-Political,0.5882352941176471,0.607974873204108,4.470588235294118,RPC-GB,0.2
467,LR-REAL-Political,0.5411764705882354,0.5939979905875071,4.823529411764706,RPC-GB,0.2
468,LR-REAL-Political,0.6000000000000001,0.6065648163886849,4.647058823529412,RPC-GB,0.2
469,LR-REAL-Political,0.6509803921568627,0.6144472066736119,4.647058823529412,RPC-GB,0.2
470,LR-REAL-Political,0.5607843137254902,0.6125353009283776,4.764705882352941,RPC-GB,0.2
471,LR-REAL-Political,0.6470588235294118,0.5849398631469401,4.764705882352941,RPC-GB,0.2
472,LR-REAL-Political,0.5568627450980392,0.5752596835335658,4.823529411764706,RPC-GB,0.2
473,LR-REAL-Political,0.7333333333333334,0.5797886543624593,4.823529411764706,RPC-GB,0.2
474,LR-REAL-Political,0.5019607843137254,0.6142124044012429,4.588235294117647,RPC-GB,0.2
475,LR-REAL-Political,0.607843137254902,0.5812034063994128,4.235294117647059,RPC-GB,0.2
476,LR-REAL-Political,0.5568627450980392,0.5720068416438991,4.9411764705882355,RPC-GB,0.2
477,LR-REAL-Political,0.8313725490196077,0.5917974635709851,5.117647058823529,RPC-GB,0.2
478,LR-REAL-Political,0.6549019607843138,0.5860782358907342,4.529411764705882,RPC-GB,0.2
479,LR-REAL-Political,0.7686274509803921,0.5810899884055261,5.0588235294117645,RPC-GB,0.2
480,LR-REAL-Political,0.6823529411764706,0.616785010247269,4.764705882352941,RPC-GB,0.2
481,LR-REAL-Political,0.5019607843137255,0.61118788527416,4.529411764705882,RPC-GB,0.2
482,LR-REAL-Political,0.6823529411764707,0.5853435271420889,5.0588235294117645,RPC-GB,0.2
483,LR-REAL-Political,0.6980392156862746,0.5950165747740144,5.352941176470588,RPC-GB,0.2
484,LR-REAL-Political,0.7215686274509805,0.6009877628464194,4.705882352941177,RPC-GB,0.2
485,LR-REAL-Political,0.6431372549019608,0.5806543309306945,4.823529411764706,RPC-GB,0.2
486,LR-REAL-Political,0.6862745098039217,0.6484672944566062,5.0588235294117645,RPC-GB,0.2
487,LR-REAL-Political,0.603921568627451,0.6142352187969963,4.9411764705882355,RPC-GB,0.2
488,LR-REAL-Political,0.6549019607843138,0.586485132363266,4.764705882352941,RPC-GB,0.2
489,LR-REAL-Political,0.6980392156862745,0.6176795785960599,4.647058823529412,RPC-GB,0.2
490,LR-REAL-Political,0.6039215686274509,0.6125580941659108,4.764705882352941,RPC-GB,0.2
491,LR-REAL-Political,0.6745098039215687,0.6092415672714786,5.117647058823529,RPC-GB,0.2
492,LR-REAL-Political,0.596078431372549,0.6537577628560081,4.352941176470588,RPC-GB,0.2
493,LR-REAL-Political,0.7137254901960784,0.5961485502881401,5.235294117647059,RPC-GB,0.2
494,LR-REAL-Political,0.7019607843137255,0.59366587698575,4.9411764705882355,RPC-GB,0.2
495,LR-REAL-Political,0.6235294117647059,0.6050735622145313,4.588235294117647,RPC-GB,0.2
496,LR-REAL-Political,0.6627450980392158,0.5985787034278263,5.0588235294117645,RPC-GB,0.2
497,LR-REAL-Political,0.5490196078431372,0.6130026948567296,4.647058823529412,RPC-GB,0.2
498,LR-REAL-Political,0.5882352941176471,0.5828817924645303,5.117647058823529,RPC-GB,0.2
499,LR-REAL-Political,0.7215686274509805,0.5992012871854795,5.470588235294118,RPC-GB,0.2
500,LR-REAL-Political,0.1450980392156863,1.2602228318247943,2.0,Chain-GBR-PI,0.3
501,LR-REAL-Political,0.10588235294117647,1.2553432703366019,1.8235294117647058,Chain-GBR-PI,0.3
502,LR-REAL-Political,0.1843137254901961,1.2713580332449417,2.0588235294117645,Chain-GBR-PI,0.3
503,LR-REAL-Political,0.06666666666666667,1.2570430033734719,1.9411764705882353,Chain-GBR-PI,0.3
504,LR-REAL-Political,0.04313725490196079,1.27122119334719,1.8235294117647058,Chain-GBR-PI,0.3
505,LR-REAL-Political,0.10196078431372547,1.26129722492389,2.1176470588235294,Chain-GBR-PI,0.3
506,LR-REAL-Political,0.17254901960784313,1.2514374053126107,2.176470588235294,Chain-GBR-PI,0.3
507,LR-REAL-Political,0.11372549019607844,1.2422385362721178,1.9411764705882353,Chain-GBR-PI,0.3
508,LR-REAL-Political,0.14117647058823532,1.2449075470007995,1.8823529411764706,Chain-GBR-PI,0.3
509,LR-REAL-Political,0.17647058823529413,1.2504259639138877,2.176470588235294,Chain-GBR-PI,0.3
510,LR-REAL-Political,0.08627450980392158,1.2512899493152787,2.0588235294117645,Chain-GBR-PI,0.3
511,LR-REAL-Political,0.24705882352941178,1.2527515704001055,1.8823529411764706,Chain-GBR-PI,0.3
512,LR-REAL-Political,0.27058823529411763,1.2479008203362363,2.3529411764705883,Chain-GBR-PI,0.3
513,LR-REAL-Political,0.24313725490196075,1.248480872837889,2.0,Chain-GBR-PI,0.3
514,LR-REAL-Political,0.10588235294117646,1.2533842534760558,2.176470588235294,Chain-GBR-PI,0.3
515,LR-REAL-Political,0.18039215686274512,1.267007803787614,2.0588235294117645,Chain-GBR-PI,0.3
516,LR-REAL-Political,0.16862745098039217,1.27398920285143,2.0588235294117645,Chain-GBR-PI,0.3
517,LR-REAL-Political,0.2,1.2607416327288388,2.0,Chain-GBR-PI,0.3
518,LR-REAL-Political,0.09019607843137256,1.2634961884608198,2.1176470588235294,Chain-GBR-PI,0.3
519,LR-REAL-Political,0.12549019607843137,1.26938722747213,2.0588235294117645,Chain-GBR-PI,0.3
520,LR-REAL-Political,0.1686274509803922,1.2755825451835134,1.9411764705882353,Chain-GBR-PI,0.3
521,LR-REAL-Political,0.2,1.2559671800655843,2.2941176470588234,Chain-GBR-PI,0.3
522,LR-REAL-Political,0.19999999999999998,1.2508846289379985,2.5294117647058822,Chain-GBR-PI,0.3
523,LR-REAL-Political,0.19999999999999998,1.2445452711784644,2.588235294117647,Chain-GBR-PI,0.3
524,LR-REAL-Political,0.14901960784313728,1.2455147273150022,2.176470588235294,Chain-GBR-PI,0.3
525,LR-REAL-Political,0.1411764705882353,1.2548900622592605,2.0,Chain-GBR-PI,0.3
526,LR-REAL-Political,0.2588235294117647,1.2552416106682853,1.9411764705882353,Chain-GBR-PI,0.3
527,LR-REAL-Political,0.11372549019607844,1.247499596680746,2.176470588235294,Chain-GBR-PI,0.3
528,LR-REAL-Political,0.1843137254901961,1.2348855127103495,1.8823529411764706,Chain-GBR-PI,0.3
529,LR-REAL-Political,0.05098039215686275,1.2464473990099794,2.235294117647059,Chain-GBR-PI,0.3
530,LR-REAL-Political,0.2196078431372549,1.239377900505904,2.0,Chain-GBR-PI,0.3
531,LR-REAL-Political,0.24705882352941178,1.2445213702420928,2.2941176470588234,Chain-GBR-PI,0.3
532,LR-REAL-Political,0.2392156862745098,1.2492818915445658,2.2941176470588234,Chain-GBR-PI,0.3
533,LR-REAL-Political,0.1215686274509804,1.249063202998188,2.3529411764705883,Chain-GBR-PI,0.3
534,LR-REAL-Political,0.196078431372549,1.258403528893849,2.2941176470588234,Chain-GBR-PI,0.3
535,LR-REAL-Political,0.24705882352941178,1.2429522339864267,1.9411764705882353,Chain-GBR-PI,0.3
536,LR-REAL-Political,0.1843137254901961,1.2439583674078372,2.5294117647058822,Chain-GBR-PI,0.3
537,LR-REAL-Political,0.12941176470588234,1.2513323805677652,2.0588235294117645,Chain-GBR-PI,0.3
538,LR-REAL-Political,0.10588235294117647,1.250543139221494,2.176470588235294,Chain-GBR-PI,0.3
539,LR-REAL-Political,0.19215686274509802,1.255053705238495,2.0588235294117645,Chain-GBR-PI,0.3
540,LR-REAL-Political,0.10196078431372547,1.2655069000279002,2.0,Chain-GBR-PI,0.3
541,LR-REAL-Political,0.11372549019607842,1.2593843792514021,1.8235294117647058,Chain-GBR-PI,0.3
542,LR-REAL-Political,0.18823529411764706,1.259715930564775,2.0588235294117645,Chain-GBR-PI,0.3
543,LR-REAL-Political,0.2627450980392157,1.2843625018313407,2.5294117647058822,Chain-GBR-PI,0.3
544,LR-REAL-Political,0.3215686274509804,1.2527171543396038,2.4705882352941178,Chain-GBR-PI,0.3
545,LR-REAL-Political,0.13725490196078433,1.245292099279442,2.235294117647059,Chain-GBR-PI,0.3
546,LR-REAL-Political,0.30588235294117644,1.2668339601399958,2.2941176470588234,Chain-GBR-PI,0.3
547,LR-REAL-Political,0.21568627450980393,1.2828230033553707,2.0588235294117645,Chain-GBR-PI,0.3
548,LR-REAL-Political,0.12549019607843137,1.268438389698646,1.9411764705882353,Chain-GBR-PI,0.3
549,LR-REAL-Political,0.1607843137254902,1.2702223752545565,2.411764705882353,Chain-GBR-PI,0.3
550,LR-REAL-Political,0.3843137254901961,1.2468677496639544,4.176470588235294,Chain-GBR-RR,0.3
551,LR-REAL-Political,0.3803921568627451,1.2483945453341656,3.823529411764706,Chain-GBR-RR,0.3
552,LR-REAL-Political,0.4784313725490196,1.2513254298600112,4.0588235294117645,Chain-GBR-RR,0.3
553,LR-REAL-Political,0.40392156862745093,1.2389892632095574,3.8823529411764706,Chain-GBR-RR,0.3
554,LR-REAL-Political,0.36470588235294116,1.2648127633193382,3.8823529411764706,Chain-GBR-RR,0.3
555,LR-REAL-Political,0.4078431372549019,1.2451120413879562,4.0588235294117645,Chain-GBR-RR,0.3
556,LR-REAL-Political,0.4549019607843136,1.238165855295696,4.0588235294117645,Chain-GBR-RR,0.3
557,LR-REAL-Political,0.44313725490196076,1.2333615943890897,4.117647058823529,Chain-GBR-RR,0.3
558,LR-REAL-Political,0.34117647058823536,1.232553124806837,3.7058823529411766,Chain-GBR-RR,0.3
559,LR-REAL-Political,0.40392156862745093,1.234757118292339,4.0,Chain-GBR-RR,0.3
560,LR-REAL-Political,0.33725490196078434,1.242160598895447,3.6470588235294117,Chain-GBR-RR,0.3
561,LR-REAL-Political,0.5647058823529412,1.2377048336907113,4.176470588235294,Chain-GBR-RR,0.3
562,LR-REAL-Political,0.43529411764705883,1.2479891450272618,4.352941176470588,Chain-GBR-RR,0.3
563,LR-REAL-Political,0.5176470588235293,1.2329722371853944,3.9411764705882355,Chain-GBR-RR,0.3
564,LR-REAL-Political,0.36078431372549025,1.2293260286327048,4.0588235294117645,Chain-GBR-RR,0.3
565,LR-REAL-Political,0.3686274509803922,1.2709553162829326,3.8823529411764706,Chain-GBR-RR,0.3
566,LR-REAL-Political,0.31764705882352945,1.249297003952076,4.0,Chain-GBR-RR,0.3
567,LR-REAL-Political,0.4235294117647059,1.2281464930345025,4.176470588235294,Chain-GBR-RR,0.3
568,LR-REAL-Political,0.32941176470588235,1.2394080612058724,3.6470588235294117,Chain-GBR-RR,0.3
569,LR-REAL-Political,0.3294117647058824,1.232025409169403,3.9411764705882355,Chain-GBR-RR,0.3
570,LR-REAL-Political,0.39607843137254894,1.2356170866509766,3.9411764705882355,Chain-GBR-RR,0.3
571,LR-REAL-Political,0.4980392156862745,1.225559844540961,4.235294117647059,Chain-GBR-RR,0.3
572,LR-REAL-Political,0.388235294117647,1.2290473391527499,3.7058823529411766,Chain-GBR-RR,0.3
573,LR-REAL-Political,0.40392156862745093,1.2223362092472227,4.0588235294117645,Chain-GBR-RR,0.3
574,LR-REAL-Political,0.4470588235294117,1.223510865119472,4.294117647058823,Chain-GBR-RR,0.3
575,LR-REAL-Political,0.43921568627450974,1.2255925622890198,4.294117647058823,Chain-GBR-RR,0.3
576,LR-REAL-Political,0.4784313725490196,1.2223584952081306,3.764705882352941,Chain-GBR-RR,0.3
577,LR-REAL-Political,0.4705882352941176,1.222530184056975,4.0,Chain-GBR-RR,0.3
578,LR-REAL-Political,0.396078431372549,1.2100711149648926,4.0,Chain-GBR-RR,0.3
579,LR-REAL-Political,0.3294117647058824,1.2237994437535522,4.0,Chain-GBR-RR,0.3
580,LR-REAL-Political,0.5607843137254902,1.2189046436096782,3.764705882352941,Chain-GBR-RR,0.3
581,LR-REAL-Political,0.3450980392156863,1.2249435154509112,4.176470588235294,Chain-GBR-RR,0.3
582,LR-REAL-Political,0.4901960784313726,1.226489610465216,4.235294117647059,Chain-GBR-RR,0.3
583,LR-REAL-Political,0.3686274509803922,1.2372927958693054,3.9411764705882355,Chain-GBR-RR,0.3
584,LR-REAL-Political,0.4784313725490196,1.2317715711033597,4.235294117647059,Chain-GBR-RR,0.3
585,LR-REAL-Political,0.5372549019607844,1.2218989587895883,4.0,Chain-GBR-RR,0.3
586,LR-REAL-Political,0.33725490196078434,1.2236517796640929,3.8823529411764706,Chain-GBR-RR,0.3
587,LR-REAL-Political,0.3686274509803922,1.2196877506210886,4.0588235294117645,Chain-GBR-RR,0.3
588,LR-REAL-Political,0.388235294117647,1.2277724932531364,4.235294117647059,Chain-GBR-RR,0.3
589,LR-REAL-Political,0.4509803921568627,1.2287998003456686,4.235294117647059,Chain-GBR-RR,0.3
590,LR-REAL-Political,0.3843137254901961,1.2238966173395354,3.823529411764706,Chain-GBR-RR,0.3
591,LR-REAL-Political,0.4392156862745098,1.2278198544684193,4.0588235294117645,Chain-GBR-RR,0.3
592,LR-REAL-Political,0.42745098039215684,1.2367640501914288,3.9411764705882355,Chain-GBR-RR,0.3
593,LR-REAL-Political,0.4313725490196078,1.238593944244206,3.9411764705882355,Chain-GBR-RR,0.3
594,LR-REAL-Political,0.5960784313725491,1.2411992206065476,4.235294117647059,Chain-GBR-RR,0.3
595,LR-REAL-Political,0.43137254901960775,1.228771026623394,3.9411764705882355,Chain-GBR-RR,0.3
596,LR-REAL-Political,0.5568627450980392,1.2412566792593147,3.8823529411764706,Chain-GBR-RR,0.3
597,LR-REAL-Political,0.40392156862745093,1.264852487826664,4.0,Chain-GBR-RR,0.3
598,LR-REAL-Political,0.47058823529411764,1.2447234761708472,4.235294117647059,Chain-GBR-RR,0.3
599,LR-REAL-Political,0.4784313725490196,1.245386446093957,4.294117647058823,Chain-GBR-RR,0.3
600,LR-REAL-Political,0.7137254901960786,0.4756190740802656,4.411764705882353,ST-GBR-RR,0.3
601,LR-REAL-Political,0.48235294117647054,0.48171277093687676,4.0588235294117645,ST-GBR-RR,0.3
602,LR-REAL-Political,0.7137254901960784,0.47160996934735566,4.470588235294118,ST-GBR-RR,0.3
603,LR-REAL-Political,0.6470588235294117,0.4852848141400735,4.235294117647059,ST-GBR-RR,0.3
604,LR-REAL-Political,0.623529411764706,0.47936670658150426,4.117647058823529,ST-GBR-RR,0.3
605,LR-REAL-Political,0.6705882352941177,0.47361611798939357,4.294117647058823,ST-GBR-RR,0.3
606,LR-REAL-Political,0.6823529411764706,0.48811810342829176,4.0588235294117645,ST-GBR-RR,0.3
607,LR-REAL-Political,0.7098039215686275,0.4764432904575166,4.235294117647059,ST-GBR-RR,0.3
608,LR-REAL-Political,0.7019607843137255,0.4752326990998227,4.529411764705882,ST-GBR-RR,0.3
609,LR-REAL-Political,0.6509803921568628,0.46266787638061496,4.470588235294118,ST-GBR-RR,0.3
610,LR-REAL-Political,0.6352941176470588,0.47025148797572985,4.176470588235294,ST-GBR-RR,0.3
611,LR-REAL-Political,0.6862745098039217,0.48180564526919545,4.705882352941177,ST-GBR-RR,0.3
612,LR-REAL-Political,0.7176470588235295,0.4789301633698531,4.470588235294118,ST-GBR-RR,0.3
613,LR-REAL-Political,0.7098039215686275,0.4572617436626685,4.764705882352941,ST-GBR-RR,0.3
614,LR-REAL-Political,0.6392156862745099,0.4863842209861868,4.294117647058823,ST-GBR-RR,0.3
615,LR-REAL-Political,0.6980392156862746,0.46587224187039616,4.470588235294118,ST-GBR-RR,0.3
616,LR-REAL-Political,0.6588235294117647,0.4771888819998019,4.411764705882353,ST-GBR-RR,0.3
617,LR-REAL-Political,0.5450980392156863,0.46314714764103865,3.9411764705882355,ST-GBR-RR,0.3
618,LR-REAL-Political,0.6431372549019607,0.46808168830811586,3.8823529411764706,ST-GBR-RR,0.3
619,LR-REAL-Political,0.5607843137254902,0.48014300922884456,4.294117647058823,ST-GBR-RR,0.3
620,LR-REAL-Political,0.6431372549019608,0.44057420254317614,4.411764705882353,ST-GBR-RR,0.3
621,LR-REAL-Political,0.6666666666666666,0.4773984704049543,4.235294117647059,ST-GBR-RR,0.3
622,LR-REAL-Political,0.596078431372549,0.4257946209164223,4.352941176470588,ST-GBR-RR,0.3
623,LR-REAL-Political,0.7294117647058824,0.47795690303896704,4.352941176470588,ST-GBR-RR,0.3
624,LR-REAL-Political,0.6392156862745099,0.45928115178029494,4.588235294117647,ST-GBR-RR,0.3
625,LR-REAL-Political,0.6235294117647059,0.49051315523284733,4.0588235294117645,ST-GBR-RR,0.3
626,LR-REAL-Political,0.615686274509804,0.5275331642685493,4.294117647058823,ST-GBR-RR,0.3
627,LR-REAL-Political,0.7411764705882352,0.4774055099179429,4.294117647058823,ST-GBR-RR,0.3
628,LR-REAL-Political,0.6745098039215687,0.4719943592315494,3.9411764705882355,ST-GBR-RR,0.3
629,LR-REAL-Political,0.6588235294117647,0.4797358457062992,4.235294117647059,ST-GBR-RR,0.3
630,LR-REAL-Political,0.7333333333333334,0.4864849686010221,4.294117647058823,ST-GBR-RR,0.3
631,LR-REAL-Political,0.5450980392156863,0.46779843544315125,4.352941176470588,ST-GBR-RR,0.3
632,LR-REAL-Political,0.7019607843137255,0.48709688935418743,4.588235294117647,ST-GBR-RR,0.3
633,LR-REAL-Political,0.6470588235294118,0.4694699490577003,4.529411764705882,ST-GBR-RR,0.3
634,LR-REAL-Political,0.6705882352941177,0.46281981027124214,4.235294117647059,ST-GBR-RR,0.3
635,LR-REAL-Political,0.7137254901960783,0.4775070284998984,4.764705882352941,ST-GBR-RR,0.3
636,LR-REAL-Political,0.6980392156862745,0.4710451581038354,4.529411764705882,ST-GBR-RR,0.3
637,LR-REAL-Political,0.6352941176470589,0.4917141818333485,4.294117647058823,ST-GBR-RR,0.3
638,LR-REAL-Political,0.6313725490196078,0.4690261206379775,4.176470588235294,ST-GBR-RR,0.3
639,LR-REAL-Political,0.6627450980392158,0.47433659186793625,3.8823529411764706,ST-GBR-RR,0.3
640,LR-REAL-Political,0.5882352941176471,0.4756087634505234,4.235294117647059,ST-GBR-RR,0.3
641,LR-REAL-Political,0.6705882352941176,0.46792235821146694,4.470588235294118,ST-GBR-RR,0.3
642,LR-REAL-Political,0.6627450980392158,0.48390400679545376,4.411764705882353,ST-GBR-RR,0.3
643,LR-REAL-Political,0.6862745098039217,0.4677886821038684,4.294117647058823,ST-GBR-RR,0.3
644,LR-REAL-Political,0.7098039215686275,0.42871953243077443,4.529411764705882,ST-GBR-RR,0.3
645,LR-REAL-Political,0.6941176470588235,0.47239875774589396,4.352941176470588,ST-GBR-RR,0.3
646,LR-REAL-Political,0.6784313725490198,0.4870058397053363,4.529411764705882,ST-GBR-RR,0.3
647,LR-REAL-Political,0.5803921568627451,0.4506554475965896,4.470588235294118,ST-GBR-RR,0.3
648,LR-REAL-Political,0.7490196078431373,0.480637961534989,4.352941176470588,ST-GBR-RR,0.3
649,LR-REAL-Political,0.7607843137254902,0.4575462465822234,4.294117647058823,ST-GBR-RR,0.3
650,LR-REAL-Political,0.48235294117647054,0.4795161627779164,3.0588235294117645,ST-GBR-PI,0.3
651,LR-REAL-Political,0.1568627450980392,0.4830738509538429,3.235294117647059,ST-GBR-PI,0.3
652,LR-REAL-Political,0.47058823529411764,0.4965135016927898,3.235294117647059,ST-GBR-PI,0.3
653,LR-REAL-Political,0.44313725490196076,0.4863160382725993,3.176470588235294,ST-GBR-PI,0.3
654,LR-REAL-Political,0.35294117647058826,0.4763068770173834,3.235294117647059,ST-GBR-PI,0.3
655,LR-REAL-Political,0.2901960784313726,0.4776819596501472,2.8823529411764706,ST-GBR-PI,0.3
656,LR-REAL-Political,0.36470588235294116,0.43628372527416887,2.8823529411764706,ST-GBR-PI,0.3
657,LR-REAL-Political,0.4666666666666667,0.47186055970517715,3.235294117647059,ST-GBR-PI,0.3
658,LR-REAL-Political,0.388235294117647,0.4540688574714101,3.2941176470588234,ST-GBR-PI,0.3
659,LR-REAL-Political,0.39999999999999997,0.5279903359740588,3.4705882352941178,ST-GBR-PI,0.3
660,LR-REAL-Political,0.38823529411764707,0.4662335969622543,2.588235294117647,ST-GBR-PI,0.3
661,LR-REAL-Political,0.4666666666666667,0.4800259092287256,2.9411764705882355,ST-GBR-PI,0.3
662,LR-REAL-Political,0.4901960784313726,0.4557347431295814,3.4705882352941178,ST-GBR-PI,0.3
663,LR-REAL-Political,0.44313725490196076,0.4670871376838114,3.0,ST-GBR-PI,0.3
664,LR-REAL-Political,0.32941176470588235,0.45514590245711684,3.0,ST-GBR-PI,0.3
665,LR-REAL-Political,0.4352941176470588,0.4251326785568356,3.4705882352941178,ST-GBR-PI,0.3
666,LR-REAL-Political,0.41568627450980383,0.44605385615312015,3.411764705882353,ST-GBR-PI,0.3
667,LR-REAL-Political,0.3372549019607843,0.4671662965718534,3.176470588235294,ST-GBR-PI,0.3
668,LR-REAL-Political,0.38431372549019605,0.47501463326388,2.8823529411764706,ST-GBR-PI,0.3
669,LR-REAL-Political,0.30196078431372547,0.46747900988700003,2.764705882352941,ST-GBR-PI,0.3
670,LR-REAL-Political,0.4470588235294118,0.4647379141622999,3.2941176470588234,ST-GBR-PI,0.3
671,LR-REAL-Political,0.3999999999999999,0.4312903733031008,3.2941176470588234,ST-GBR-PI,0.3
672,LR-REAL-Political,0.30588235294117644,0.4182602966305793,2.9411764705882355,ST-GBR-PI,0.3
673,LR-REAL-Political,0.48235294117647054,0.4777948371277762,3.2941176470588234,ST-GBR-PI,0.3
674,LR-REAL-Political,0.3764705882352941,0.4480980628937573,3.2941176470588234,ST-GBR-PI,0.3
675,LR-REAL-Political,0.3764705882352941,0.4806800896965327,3.2941176470588234,ST-GBR-PI,0.3
676,LR-REAL-Political,0.4117647058823529,0.431880684591261,3.0,ST-GBR-PI,0.3
677,LR-REAL-Political,0.38431372549019605,0.4669556706764253,3.235294117647059,ST-GBR-PI,0.3
678,LR-REAL-Political,0.35294117647058826,0.43308700556574764,2.823529411764706,ST-GBR-PI,0.3
679,LR-REAL-Political,0.4156862745098039,0.46620073818721275,3.3529411764705883,ST-GBR-PI,0.3
680,LR-REAL-Political,0.4431372549019607,0.48612282720895833,2.7058823529411766,ST-GBR-PI,0.3
681,LR-REAL-Political,0.3372549019607843,0.46782229532716124,3.5294117647058822,ST-GBR-PI,0.3
682,LR-REAL-Political,0.38823529411764707,0.47755084091514033,3.1176470588235294,ST-GBR-PI,0.3
683,LR-REAL-Political,0.4078431372549019,0.4692954039562521,3.176470588235294,ST-GBR-PI,0.3
684,LR-REAL-Political,0.36078431372549025,0.47518192398614695,2.823529411764706,ST-GBR-PI,0.3
685,LR-REAL-Political,0.4549019607843137,0.4230190192198334,3.3529411764705883,ST-GBR-PI,0.3
686,LR-REAL-Political,0.396078431372549,0.4713655179766236,3.411764705882353,ST-GBR-PI,0.3
687,LR-REAL-Political,0.4470588235294118,0.5318223476950127,3.176470588235294,ST-GBR-PI,0.3
688,LR-REAL-Political,0.34901960784313724,0.43700409781348215,3.0588235294117645,ST-GBR-PI,0.3
689,LR-REAL-Political,0.39607843137254894,0.4779142454432999,2.9411764705882355,ST-GBR-PI,0.3
690,LR-REAL-Political,0.2823529411764706,0.43698514505926095,2.9411764705882355,ST-GBR-PI,0.3
691,LR-REAL-Political,0.3568627450980393,0.4809588959943377,3.0588235294117645,ST-GBR-PI,0.3
692,LR-REAL-Political,0.44705882352941173,0.46199811025609483,3.4705882352941178,ST-GBR-PI,0.3
693,LR-REAL-Political,0.4509803921568628,0.4734573668538568,2.764705882352941,ST-GBR-PI,0.3
694,LR-REAL-Political,0.44705882352941173,0.4689318175163491,3.176470588235294,ST-GBR-PI,0.3
695,LR-REAL-Political,0.37254901960784315,0.4763028979663824,2.8823529411764706,ST-GBR-PI,0.3
696,LR-REAL-Political,0.37254901960784315,0.4748502647857399,3.0588235294117645,ST-GBR-PI,0.3
697,LR-REAL-Political,0.30588235294117644,0.47051623005540383,3.411764705882353,ST-GBR-PI,0.3
698,LR-REAL-Political,0.4745098039215687,0.45729963561151604,2.9411764705882355,ST-GBR-PI,0.3
699,LR-REAL-Political,0.45490196078431366,0.4318901145780647,3.176470588235294,ST-GBR-PI,0.3
700,LR-REAL-Political,0.6352941176470588,0.5389501136609616,5.588235294117647,RPC-GB,0.3
701,LR-REAL-Political,0.4862745098039216,0.5592953662223197,4.764705882352941,RPC-GB,0.3
702,LR-REAL-Political,0.6941176470588235,0.5860154815280029,5.588235294117647,RPC-GB,0.3
703,LR-REAL-Political,0.584313725490196,0.5568081235679376,5.117647058823529,RPC-GB,0.3
704,LR-REAL-Political,0.611764705882353,0.5548784278298943,5.294117647058823,RPC-GB,0.3
705,LR-REAL-Political,0.5843137254901962,0.5437675747278369,5.294117647058823,RPC-GB,0.3
706,LR-REAL-Political,0.5490196078431373,0.5741431046958048,5.294117647058823,RPC-GB,0.3
707,LR-REAL-Political,0.6627450980392158,0.5389189580871765,4.411764705882353,RPC-GB,0.3
708,LR-REAL-Political,0.6470588235294117,0.5251765586154673,5.235294117647059,RPC-GB,0.3
709,LR-REAL-Political,0.7058823529411766,0.5562865151517843,4.647058823529412,RPC-GB,0.3
710,LR-REAL-Political,0.6980392156862745,0.5446246585950488,5.0588235294117645,RPC-GB,0.3
711,LR-REAL-Political,0.6980392156862746,0.5619010882691342,5.235294117647059,RPC-GB,0.3
712,LR-REAL-Political,0.7019607843137255,0.5983812385386875,5.411764705882353,RPC-GB,0.3
713,LR-REAL-Political,0.6509803921568628,0.5375233026238245,4.764705882352941,RPC-GB,0.3
714,LR-REAL-Political,0.5294117647058824,0.6097676184570943,4.705882352941177,RPC-GB,0.3
715,LR-REAL-Political,0.6705882352941177,0.546534422000019,4.9411764705882355,RPC-GB,0.3
716,LR-REAL-Political,0.47058823529411753,0.5613575731860618,5.0,RPC-GB,0.3
717,LR-REAL-Political,0.5254901960784314,0.5943668887691013,5.0588235294117645,RPC-GB,0.3
718,LR-REAL-Political,0.4470588235294118,0.5878662725328412,4.764705882352941,RPC-GB,0.3
719,LR-REAL-Political,0.5803921568627451,0.5424205925530854,5.0,RPC-GB,0.3
720,LR-REAL-Political,0.5137254901960785,0.5920686735004799,5.0,RPC-GB,0.3
721,LR-REAL-Political,0.611764705882353,0.5580908330365012,5.235294117647059,RPC-GB,0.3
722,LR-REAL-Political,0.6588235294117648,0.5902937000283887,5.588235294117647,RPC-GB,0.3
723,LR-REAL-Political,0.6862745098039216,0.5428901356450454,5.0,RPC-GB,0.3
724,LR-REAL-Political,0.5568627450980392,0.5287692803011101,4.705882352941177,RPC-GB,0.3
725,LR-REAL-Political,0.5568627450980392,0.5791311779136805,5.0588235294117645,RPC-GB,0.3
726,LR-REAL-Political,0.596078431372549,0.573539065635604,5.176470588235294,RPC-GB,0.3
727,LR-REAL-Political,0.7568627450980392,0.5788534173139132,4.882352941176471,RPC-GB,0.3
728,LR-REAL-Political,0.6352941176470589,0.5380226018362039,5.0588235294117645,RPC-GB,0.3
729,LR-REAL-Political,0.5372549019607843,0.5527991578719627,5.0,RPC-GB,0.3
730,LR-REAL-Political,0.611764705882353,0.5530866277243026,5.117647058823529,RPC-GB,0.3
731,LR-REAL-Political,0.42745098039215684,0.5762813100498293,5.176470588235294,RPC-GB,0.3
732,LR-REAL-Political,0.6509803921568627,0.552207608994254,5.176470588235294,RPC-GB,0.3
733,LR-REAL-Political,0.7098039215686276,0.5460911344157219,5.176470588235294,RPC-GB,0.3
734,LR-REAL-Political,0.6392156862745099,0.5475799062128169,4.9411764705882355,RPC-GB,0.3
735,LR-REAL-Political,0.6156862745098038,0.5852985410889362,5.352941176470588,RPC-GB,0.3
736,LR-REAL-Political,0.5882352941176471,0.543890365585346,4.9411764705882355,RPC-GB,0.3
737,LR-REAL-Political,0.6392156862745099,0.5343104251318066,5.235294117647059,RPC-GB,0.3
738,LR-REAL-Political,0.6352941176470589,0.5489072572941581,4.9411764705882355,RPC-GB,0.3
739,LR-REAL-Political,0.6862745098039216,0.5741209162520244,5.117647058823529,RPC-GB,0.3
740,LR-REAL-Political,0.6509803921568628,0.553305844401571,5.0,RPC-GB,0.3
741,LR-REAL-Political,0.6470588235294118,0.5494436701537821,5.235294117647059,RPC-GB,0.3
742,LR-REAL-Political,0.5450980392156862,0.6027964339073104,4.529411764705882,RPC-GB,0.3
743,LR-REAL-Political,0.7215686274509805,0.5373063853218657,5.411764705882353,RPC-GB,0.3
744,LR-REAL-Political,0.6549019607843137,0.5839373488294338,4.9411764705882355,RPC-GB,0.3
745,LR-REAL-Political,0.6627450980392158,0.5664506228922582,5.117647058823529,RPC-GB,0.3
746,LR-REAL-Political,0.6588235294117648,0.5667323867134255,5.117647058823529,RPC-GB,0.3
747,LR-REAL-Political,0.5411764705882354,0.5651434930105667,4.882352941176471,RPC-GB,0.3
748,LR-REAL-Political,0.6627450980392157,0.5662320123890726,5.470588235294118,RPC-GB,0.3
749,LR-REAL-Political,0.7725490196078431,0.523579321159864,5.294117647058823,RPC-GB,0.3
750,LR-REAL-Political,0.17647058823529413,1.254539406763927,2.3529411764705883,Chain-GBR-PI,0.4
751,LR-REAL-Political,-0.01960784313725491,1.2437133212467915,2.0,Chain-GBR-PI,0.4
752,LR-REAL-Political,0.1411764705882353,1.2370760174949509,2.0588235294117645,Chain-GBR-PI,0.4
753,LR-REAL-Political,0.11372549019607843,1.2289634200813366,1.8235294117647058,Chain-GBR-PI,0.4
754,LR-REAL-Political,0.03137254901960785,1.2371038000579238,1.7058823529411764,Chain-GBR-PI,0.4
755,LR-REAL-Political,0.09019607843137256,1.239680837646859,1.8235294117647058,Chain-GBR-PI,0.4
756,LR-REAL-Political,0.14117647058823532,1.2433982158134704,2.0588235294117645,Chain-GBR-PI,0.4
757,LR-REAL-Political,0.06666666666666667,1.2467947523267633,2.0588235294117645,Chain-GBR-PI,0.4
758,LR-REAL-Political,0.011764705882352941,1.2424451973809452,1.588235294117647,Chain-GBR-PI,0.4
759,LR-REAL-Political,0.10588235294117647,1.256965806856658,2.0588235294117645,Chain-GBR-PI,0.4
760,LR-REAL-Political,0.11372549019607843,1.2545921909431765,2.3529411764705883,Chain-GBR-PI,0.4
761,LR-REAL-Political,0.13333333333333336,1.253732809656572,2.0588235294117645,Chain-GBR-PI,0.4
762,LR-REAL-Political,0.09019607843137256,1.2505418839709248,1.7647058823529411,Chain-GBR-PI,0.4
763,LR-REAL-Political,0.07058823529411765,1.2588357358171045,1.7647058823529411,Chain-GBR-PI,0.4
764,LR-REAL-Political,-0.03529411764705882,1.2539103458165333,2.0,Chain-GBR-PI,0.4
765,LR-REAL-Political,0.09411764705882353,1.261457805990439,1.6470588235294117,Chain-GBR-PI,0.4
766,LR-REAL-Political,0.16078431372549024,1.2786832163911357,2.411764705882353,Chain-GBR-PI,0.4
767,LR-REAL-Political,0.09803921568627451,1.277688948404841,1.9411764705882353,Chain-GBR-PI,0.4
768,LR-REAL-Political,0.08627450980392158,1.2637419806465564,1.9411764705882353,Chain-GBR-PI,0.4
769,LR-REAL-Political,0.12156862745098038,1.2568537944986413,2.4705882352941178,Chain-GBR-PI,0.4
770,LR-REAL-Political,0.1647058823529412,1.2555710886582894,1.8235294117647058,Chain-GBR-PI,0.4
771,LR-REAL-Political,0.10196078431372549,1.2692493444842428,2.3529411764705883,Chain-GBR-PI,0.4
772,LR-REAL-Political,0.047058823529411764,1.2480510109398595,1.9411764705882353,Chain-GBR-PI,0.4
773,LR-REAL-Political,0.1843137254901961,1.2368702227318054,2.1176470588235294,Chain-GBR-PI,0.4
774,LR-REAL-Political,-0.015686274509803918,1.2380910890607149,1.7058823529411764,Chain-GBR-PI,0.4
775,LR-REAL-Political,0.1450980392156863,1.2378094372979893,2.1176470588235294,Chain-GBR-PI,0.4
776,LR-REAL-Political,0.007843137254901959,1.2407117161574353,1.8235294117647058,Chain-GBR-PI,0.4
777,LR-REAL-Political,0.23529411764705882,1.2387257629529376,2.2941176470588234,Chain-GBR-PI,0.4
778,LR-REAL-Political,0.058823529411764705,1.2367965389422577,2.176470588235294,Chain-GBR-PI,0.4
779,LR-REAL-Political,0.20784313725490197,1.2520068267963065,2.235294117647059,Chain-GBR-PI,0.4
780,LR-REAL-Political,0.17254901960784313,1.2368855041045348,2.0588235294117645,Chain-GBR-PI,0.4
781,LR-REAL-Political,0.17254901960784313,1.2407662520242573,1.6470588235294117,Chain-GBR-PI,0.4
782,LR-REAL-Political,0.10980392156862745,1.248733976106677,2.0588235294117645,Chain-GBR-PI,0.4
783,LR-REAL-Political,0.14901960784313725,1.2435869619843518,2.411764705882353,Chain-GBR-PI,0.4
784,LR-REAL-Political,0.11372549019607843,1.2490541534136606,1.7647058823529411,Chain-GBR-PI,0.4
785,LR-REAL-Political,0.2745098039215686,1.2398526670631638,2.3529411764705883,Chain-GBR-PI,0.4
786,LR-REAL-Political,0.0784313725490196,1.2443086227762505,1.8823529411764706,Chain-GBR-PI,0.4
787,LR-REAL-Political,0.015686274509803918,1.2447671551582176,2.0588235294117645,Chain-GBR-PI,0.4
788,LR-REAL-Political,0.03137254901960784,1.2465481419183473,1.7058823529411764,Chain-GBR-PI,0.4
789,LR-REAL-Political,0.07843137254901962,1.2637781005679678,2.176470588235294,Chain-GBR-PI,0.4
790,LR-REAL-Political,0.11372549019607843,1.2612168491882005,1.7058823529411764,Chain-GBR-PI,0.4
791,LR-REAL-Political,0.0823529411764706,1.248623351412271,1.7647058823529411,Chain-GBR-PI,0.4
792,LR-REAL-Political,0.007843137254901959,1.2508445330592177,1.7647058823529411,Chain-GBR-PI,0.4
793,LR-REAL-Political,0.16862745098039217,1.2542139033178417,2.0588235294117645,Chain-GBR-PI,0.4
794,LR-REAL-Political,0.0980392156862745,1.2534968422302437,1.8235294117647058,Chain-GBR-PI,0.4
795,LR-REAL-Political,0.21960784313725487,1.242575150857704,2.235294117647059,Chain-GBR-PI,0.4
796,LR-REAL-Political,0.11764705882352941,1.273189942235558,2.0588235294117645,Chain-GBR-PI,0.4
797,LR-REAL-Political,0.04313725490196078,1.2658645192046307,2.176470588235294,Chain-GBR-PI,0.4
798,LR-REAL-Political,0.0823529411764706,1.2564690257372264,1.8235294117647058,Chain-GBR-PI,0.4
799,LR-REAL-Political,0.06274509803921569,1.2664369363643988,2.3529411764705883,Chain-GBR-PI,0.4
800,LR-REAL-Political,0.3215686274509804,1.236895061737305,4.117647058823529,Chain-GBR-RR,0.4
801,LR-REAL-Political,0.25098039215686274,1.2218261047065686,4.0588235294117645,Chain-GBR-RR,0.4
802,LR-REAL-Political,0.3647058823529412,1.2205491464776006,3.588235294117647,Chain-GBR-RR,0.4
803,LR-REAL-Political,0.2784313725490196,1.2132386719472101,3.9411764705882355,Chain-GBR-RR,0.4
804,LR-REAL-Political,0.14117647058823532,1.229147072577958,3.588235294117647,Chain-GBR-RR,0.4
805,LR-REAL-Political,0.31764705882352945,1.2302748304027007,4.294117647058823,Chain-GBR-RR,0.4
806,LR-REAL-Political,0.392156862745098,1.2311610333134593,3.8823529411764706,Chain-GBR-RR,0.4
807,LR-REAL-Political,0.27450980392156865,1.223510441517919,3.7058823529411766,Chain-GBR-RR,0.4
808,LR-REAL-Political,0.17254901960784316,1.2230127941312683,3.4705882352941178,Chain-GBR-RR,0.4
809,LR-REAL-Political,0.3490196078431373,1.2336161335266684,3.588235294117647,Chain-GBR-RR,0.4
810,LR-REAL-Political,0.2392156862745098,1.2377037396143327,3.7058823529411766,Chain-GBR-RR,0.4
811,LR-REAL-Political,0.4156862745098039,1.2382373189052729,3.9411764705882355,Chain-GBR-RR,0.4
812,LR-REAL-Political,0.3411764705882353,1.233154634465466,3.6470588235294117,Chain-GBR-RR,0.4
813,LR-REAL-Political,0.2980392156862745,1.2469666784476168,3.6470588235294117,Chain-GBR-RR,0.4
814,LR-REAL-Political,0.16470588235294123,1.2360574714549246,3.7058823529411766,Chain-GBR-RR,0.4
815,LR-REAL-Political,0.2627450980392157,1.2478071058566569,3.8823529411764706,Chain-GBR-RR,0.4
816,LR-REAL-Political,0.40392156862745093,1.2454890761656814,4.0,Chain-GBR-RR,0.4
817,LR-REAL-Political,0.3019607843137255,1.244294242417796,3.8823529411764706,Chain-GBR-RR,0.4
818,LR-REAL-Political,0.25490196078431376,1.227950823316645,3.7058823529411766,Chain-GBR-RR,0.4
819,LR-REAL-Political,0.30588235294117644,1.2288041117226483,4.0588235294117645,Chain-GBR-RR,0.4
820,LR-REAL-Political,0.41568627450980394,1.2267536482112458,3.823529411764706,Chain-GBR-RR,0.4
821,LR-REAL-Political,0.24705882352941178,1.2386823641550366,3.764705882352941,Chain-GBR-RR,0.4
822,LR-REAL-Political,0.32549019607843144,1.2166813245223356,3.588235294117647,Chain-GBR-RR,0.4
823,LR-REAL-Political,0.3764705882352941,1.2141320215115168,4.0588235294117645,Chain-GBR-RR,0.4
824,LR-REAL-Political,0.19999999999999998,1.2163324924174723,3.823529411764706,Chain-GBR-RR,0.4
825,LR-REAL-Political,0.3568627450980392,1.2218647270886662,3.8823529411764706,Chain-GBR-RR,0.4
826,LR-REAL-Political,0.13333333333333333,1.2140941181416727,3.3529411764705883,Chain-GBR-RR,0.4
827,LR-REAL-Political,0.4078431372549019,1.2145203197420018,4.235294117647059,Chain-GBR-RR,0.4
828,LR-REAL-Political,0.2745098039215686,1.211764844012163,4.0588235294117645,Chain-GBR-RR,0.4
829,LR-REAL-Political,0.3647058823529412,1.219313869722681,3.588235294117647,Chain-GBR-RR,0.4
830,LR-REAL-Political,0.45098039215686275,1.2090066524881218,3.823529411764706,Chain-GBR-RR,0.4
831,LR-REAL-Political,0.2823529411764706,1.2209546200127057,3.6470588235294117,Chain-GBR-RR,0.4
832,LR-REAL-Political,0.3568627450980392,1.2265314808950538,4.0588235294117645,Chain-GBR-RR,0.4
833,LR-REAL-Political,0.35686274509803917,1.2308584088255425,4.0588235294117645,Chain-GBR-RR,0.4
834,LR-REAL-Political,0.3254901960784314,1.2240801546838596,3.8823529411764706,Chain-GBR-RR,0.4
835,LR-REAL-Political,0.42745098039215684,1.2187020849474146,4.352941176470588,Chain-GBR-RR,0.4
836,LR-REAL-Political,0.26666666666666666,1.2206584922260344,3.764705882352941,Chain-GBR-RR,0.4
837,LR-REAL-Political,0.28627450980392155,1.2253111603458848,3.6470588235294117,Chain-GBR-RR,0.4
838,LR-REAL-Political,0.33725490196078434,1.2272248522256661,3.6470588235294117,Chain-GBR-RR,0.4
839,LR-REAL-Political,0.29411764705882354,1.231915108658841,3.588235294117647,Chain-GBR-RR,0.4
840,LR-REAL-Political,0.32941176470588235,1.2367841593638296,3.823529411764706,Chain-GBR-RR,0.4
841,LR-REAL-Political,0.34117647058823536,1.23351130418397,3.6470588235294117,Chain-GBR-RR,0.4
842,LR-REAL-Political,0.30980392156862746,1.232148112104817,3.7058823529411766,Chain-GBR-RR,0.4
843,LR-REAL-Political,0.3568627450980393,1.2435602446812823,3.9411764705882355,Chain-GBR-RR,0.4
844,LR-REAL-Political,0.4117647058823529,1.2340540940344262,3.9411764705882355,Chain-GBR-RR,0.4
845,LR-REAL-Political,0.4549019607843137,1.2300518120446526,4.117647058823529,Chain-GBR-RR,0.4
846,LR-REAL-Political,0.3254901960784314,1.2439281747841056,4.0588235294117645,Chain-GBR-RR,0.4
847,LR-REAL-Political,0.25882352941176473,1.2525544184361037,3.8823529411764706,Chain-GBR-RR,0.4
848,LR-REAL-Political,0.34901960784313724,1.254606433965679,4.0588235294117645,Chain-GBR-RR,0.4
849,LR-REAL-Political,0.25490196078431376,1.2756825948263188,4.0588235294117645,Chain-GBR-RR,0.4
850,LR-REAL-Political,0.7019607843137255,0.47478592300839595,4.411764705882353,ST-GBR-RR,0.4
851,LR-REAL-Political,0.5450980392156863,0.4550481528534152,4.411764705882353,ST-GBR-RR,0.4
852,LR-REAL-Political,0.6980392156862745,0.40545052026182987,4.352941176470588,ST-GBR-RR,0.4
853,LR-REAL-Political,0.627450980392157,0.4591469202961779,4.294117647058823,ST-GBR-RR,0.4
854,LR-REAL-Political,0.6705882352941177,0.5283104786336654,4.705882352941177,ST-GBR-RR,0.4
855,LR-REAL-Political,0.6235294117647059,0.4521426093382946,4.352941176470588,ST-GBR-RR,0.4
856,LR-REAL-Political,0.6313725490196078,0.446058750199229,4.352941176470588,ST-GBR-RR,0.4
857,LR-REAL-Political,0.6627450980392157,0.4586222995940173,4.117647058823529,ST-GBR-RR,0.4
858,LR-REAL-Political,0.6392156862745099,0.4685913622163443,4.235294117647059,ST-GBR-RR,0.4
859,LR-REAL-Political,0.615686274509804,0.47222342949474116,4.470588235294118,ST-GBR-RR,0.4
860,LR-REAL-Political,0.6666666666666669,0.4315133727111891,4.294117647058823,ST-GBR-RR,0.4
861,LR-REAL-Political,0.6862745098039217,0.46038620114041884,4.588235294117647,ST-GBR-RR,0.4
862,LR-REAL-Political,0.7098039215686275,0.45275543511969635,4.470588235294118,ST-GBR-RR,0.4
863,LR-REAL-Political,0.6470588235294117,0.45592604993714564,4.411764705882353,ST-GBR-RR,0.4
864,LR-REAL-Political,0.627450980392157,0.44327848175416135,4.235294117647059,ST-GBR-RR,0.4
865,LR-REAL-Political,0.6784313725490196,0.45891177638112723,4.470588235294118,ST-GBR-RR,0.4
866,LR-REAL-Political,0.6509803921568629,0.4539971775139708,4.235294117647059,ST-GBR-RR,0.4
867,LR-REAL-Political,0.6352941176470589,0.4731933186733475,4.529411764705882,ST-GBR-RR,0.4
868,LR-REAL-Political,0.6156862745098038,0.4623657038833909,4.470588235294118,ST-GBR-RR,0.4
869,LR-REAL-Political,0.6235294117647059,0.4580301206154104,4.647058823529412,ST-GBR-RR,0.4
870,LR-REAL-Political,0.6588235294117648,0.4608426036780365,4.470588235294118,ST-GBR-RR,0.4
871,LR-REAL-Political,0.6627450980392158,0.44829029872227427,4.117647058823529,ST-GBR-RR,0.4
872,LR-REAL-Political,0.5568627450980392,0.4591852479027687,4.294117647058823,ST-GBR-RR,0.4
873,LR-REAL-Political,0.6901960784313725,0.46487253765114134,4.294117647058823,ST-GBR-RR,0.4
874,LR-REAL-Political,0.6352941176470588,0.46602504957314556,4.294117647058823,ST-GBR-RR,0.4
875,LR-REAL-Political,0.5647058823529412,0.4545874334367717,4.529411764705882,ST-GBR-RR,0.4
876,LR-REAL-Political,0.6196078431372549,0.45036550912529927,4.411764705882353,ST-GBR-RR,0.4
877,LR-REAL-Political,0.7725490196078431,0.45917673442642243,4.470588235294118,ST-GBR-RR,0.4
878,LR-REAL-Political,0.6627450980392157,0.46546745331165196,4.176470588235294,ST-GBR-RR,0.4
879,LR-REAL-Political,0.607843137254902,0.4567898618206403,4.235294117647059,ST-GBR-RR,0.4
880,LR-REAL-Political,0.6509803921568628,0.45654561761097845,4.176470588235294,ST-GBR-RR,0.4
881,LR-REAL-Political,0.5490196078431372,0.4763717210873769,4.0588235294117645,ST-GBR-RR,0.4
882,LR-REAL-Political,0.6509803921568628,0.506336017978858,4.294117647058823,ST-GBR-RR,0.4
883,LR-REAL-Political,0.6823529411764706,0.42204053377436057,4.470588235294118,ST-GBR-RR,0.4
884,LR-REAL-Political,0.6784313725490196,0.48454684527799524,4.294117647058823,ST-GBR-RR,0.4
885,LR-REAL-Political,0.6784313725490196,0.42695646987086444,4.352941176470588,ST-GBR-RR,0.4
886,LR-REAL-Political,0.592156862745098,0.41307921776142,4.529411764705882,ST-GBR-RR,0.4
887,LR-REAL-Political,0.6431372549019607,0.44062850592280334,3.823529411764706,ST-GBR-RR,0.4
888,LR-REAL-Political,0.6549019607843137,0.43931335345722766,4.294117647058823,ST-GBR-RR,0.4
889,LR-REAL-Political,0.6941176470588235,0.43923775693702777,4.235294117647059,ST-GBR-RR,0.4
890,LR-REAL-Political,0.5607843137254902,0.4669525094528443,4.352941176470588,ST-GBR-RR,0.4
891,LR-REAL-Political,0.6666666666666666,0.4523088940843952,4.411764705882353,ST-GBR-RR,0.4
892,LR-REAL-Political,0.6470588235294117,0.45383335519627854,4.705882352941177,ST-GBR-RR,0.4
893,LR-REAL-Political,0.6235294117647059,0.46435188468568805,4.529411764705882,ST-GBR-RR,0.4
894,LR-REAL-Political,0.7137254901960786,0.46809870057149766,4.411764705882353,ST-GBR-RR,0.4
895,LR-REAL-Political,0.6431372549019608,0.4578531762677157,4.235294117647059,ST-GBR-RR,0.4
896,LR-REAL-Political,0.7098039215686276,0.45403894074690077,4.588235294117647,ST-GBR-RR,0.4
897,LR-REAL-Political,0.5450980392156862,0.41564372054582444,4.294117647058823,ST-GBR-RR,0.4
898,LR-REAL-Political,0.6509803921568627,0.4648366084071134,4.117647058823529,ST-GBR-RR,0.4
899,LR-REAL-Political,0.7411764705882353,0.4770862630574739,4.588235294117647,ST-GBR-RR,0.4
900,LR-REAL-Political,0.4784313725490196,0.463893903665656,3.2941176470588234,ST-GBR-PI,0.4
901,LR-REAL-Political,0.2235294117647059,0.409044563224048,2.6470588235294117,ST-GBR-PI,0.4
902,LR-REAL-Political,0.4431372549019608,0.46220900250854147,3.176470588235294,ST-GBR-PI,0.4
903,LR-REAL-Political,0.4078431372549019,0.4585065393608784,3.1176470588235294,ST-GBR-PI,0.4
904,LR-REAL-Political,0.38431372549019605,0.4564894874377216,3.1176470588235294,ST-GBR-PI,0.4
905,LR-REAL-Political,0.3647058823529412,0.42421193038348476,2.823529411764706,ST-GBR-PI,0.4
906,LR-REAL-Political,0.396078431372549,0.4657466568284875,2.9411764705882355,ST-GBR-PI,0.4
907,LR-REAL-Political,0.40392156862745093,0.4702644024933273,2.9411764705882355,ST-GBR-PI,0.4
908,LR-REAL-Political,0.3294117647058824,0.4598506716354077,3.176470588235294,ST-GBR-PI,0.4
909,LR-REAL-Political,0.38823529411764707,0.3977617817002359,2.8823529411764706,ST-GBR-PI,0.4
910,LR-REAL-Political,0.3803921568627451,0.4400055676583489,3.0,ST-GBR-PI,0.4
911,LR-REAL-Political,0.4156862745098039,0.4703657991364513,3.1176470588235294,ST-GBR-PI,0.4
912,LR-REAL-Political,0.4784313725490196,0.45426884820575514,3.2941176470588234,ST-GBR-PI,0.4
913,LR-REAL-Political,0.388235294117647,0.4624037062837371,3.235294117647059,ST-GBR-PI,0.4
914,LR-REAL-Political,0.34509803921568627,0.4256434414456271,3.235294117647059,ST-GBR-PI,0.4
915,LR-REAL-Political,0.3294117647058824,0.4936356489790244,2.823529411764706,ST-GBR-PI,0.4
916,LR-REAL-Political,0.4392156862745098,0.4555528082663194,3.1176470588235294,ST-GBR-PI,0.4
917,LR-REAL-Political,0.44313725490196076,0.4326689303865742,3.3529411764705883,ST-GBR-PI,0.4
918,LR-REAL-Political,0.3803921568627451,0.46679755534038686,3.1176470588235294,ST-GBR-PI,0.4
919,LR-REAL-Political,0.3686274509803922,0.4669816617046701,3.176470588235294,ST-GBR-PI,0.4
920,LR-REAL-Political,0.47058823529411764,0.4632425871455782,3.0,ST-GBR-PI,0.4
921,LR-REAL-Political,0.38823529411764707,0.456220996764406,3.588235294117647,ST-GBR-PI,0.4
922,LR-REAL-Political,0.388235294117647,0.47181364688476185,3.235294117647059,ST-GBR-PI,0.4
923,LR-REAL-Political,0.47058823529411764,0.45878227431048685,3.176470588235294,ST-GBR-PI,0.4
924,LR-REAL-Political,0.3568627450980393,0.46077042315657823,2.823529411764706,ST-GBR-PI,0.4
925,LR-REAL-Political,0.27058823529411763,0.4238019333055029,3.235294117647059,ST-GBR-PI,0.4
926,LR-REAL-Political,0.42745098039215684,0.4630540667876922,2.8823529411764706,ST-GBR-PI,0.4
927,LR-REAL-Political,0.396078431372549,0.4571404347048884,2.9411764705882355,ST-GBR-PI,0.4
928,LR-REAL-Political,0.3450980392156863,0.4721205745765592,2.5294117647058822,ST-GBR-PI,0.4
929,LR-REAL-Political,0.3254901960784314,0.4693277295585892,2.7058823529411766,ST-GBR-PI,0.4
930,LR-REAL-Political,0.33333333333333337,0.4675074868555749,2.9411764705882355,ST-GBR-PI,0.4
931,LR-REAL-Political,0.3568627450980392,0.4784109293008459,3.2941176470588234,ST-GBR-PI,0.4
932,LR-REAL-Political,0.3607843137254902,0.4714321292415507,3.0,ST-GBR-PI,0.4
933,LR-REAL-Political,0.48235294117647065,0.43193271191839233,3.1176470588235294,ST-GBR-PI,0.4
934,LR-REAL-Political,0.4156862745098039,0.4835736775893075,3.0,ST-GBR-PI,0.4
935,LR-REAL-Political,0.45490196078431366,0.40919613179232384,2.7058823529411766,ST-GBR-PI,0.4
936,LR-REAL-Political,0.36470588235294116,0.41054151242979614,3.235294117647059,ST-GBR-PI,0.4
937,LR-REAL-Political,0.4352941176470588,0.42265902401970995,3.0588235294117645,ST-GBR-PI,0.4
938,LR-REAL-Political,0.33333333333333337,0.4459765705006066,2.4705882352941178,ST-GBR-PI,0.4
939,LR-REAL-Political,0.39215686274509803,0.4067880741978395,2.9411764705882355,ST-GBR-PI,0.4
940,LR-REAL-Political,0.2823529411764706,0.4594622579405354,3.0,ST-GBR-PI,0.4
941,LR-REAL-Political,0.38431372549019605,0.4741418551094188,2.7058823529411766,ST-GBR-PI,0.4
942,LR-REAL-Political,0.4156862745098039,0.4205027776187269,3.3529411764705883,ST-GBR-PI,0.4
943,LR-REAL-Political,0.42745098039215684,0.49003486924184747,2.764705882352941,ST-GBR-PI,0.4
944,LR-REAL-Political,0.5137254901960784,0.458396149163534,3.3529411764705883,ST-GBR-PI,0.4
945,LR-REAL-Political,0.4156862745098039,0.4699256211493789,3.0588235294117645,ST-GBR-PI,0.4
946,LR-REAL-Political,0.34901960784313724,0.3990085590630353,3.2941176470588234,ST-GBR-PI,0.4
947,LR-REAL-Political,0.35294117647058826,0.4532102502589254,3.235294117647059,ST-GBR-PI,0.4
948,LR-REAL-Political,0.396078431372549,0.4551122380433542,3.0588235294117645,ST-GBR-PI,0.4
949,LR-REAL-Political,0.4156862745098039,0.5171702343170678,2.8823529411764706,ST-GBR-PI,0.4
950,LR-REAL-Political,0.6078431372549019,0.5086543486936882,4.823529411764706,RPC-GB,0.4
951,LR-REAL-Political,0.40392156862745093,0.5084891002489865,5.0588235294117645,RPC-GB,0.4
952,LR-REAL-Political,0.6666666666666667,0.5241077707842289,5.0588235294117645,RPC-GB,0.4
953,LR-REAL-Political,0.47058823529411775,0.5125341089313242,4.294117647058823,RPC-GB,0.4
954,LR-REAL-Political,0.5725490196078431,0.5347202702202989,5.235294117647059,RPC-GB,0.4
955,LR-REAL-Political,0.592156862745098,0.5370563446221791,4.470588235294118,RPC-GB,0.4
956,LR-REAL-Political,0.5294117647058822,0.5124274707709079,5.470588235294118,RPC-GB,0.4
957,LR-REAL-Political,0.5686274509803921,0.5309967294543894,5.352941176470588,RPC-GB,0.4
958,LR-REAL-Political,0.568627450980392,0.5612188275963408,5.0,RPC-GB,0.4
959,LR-REAL-Political,0.5529411764705882,0.5326911622053796,5.411764705882353,RPC-GB,0.4
960,LR-REAL-Political,0.6470588235294118,0.5432666289076602,5.647058823529412,RPC-GB,0.4
961,LR-REAL-Political,0.5019607843137255,0.5368892140430315,5.117647058823529,RPC-GB,0.4
962,LR-REAL-Political,0.6117647058823531,0.5252842174963412,5.588235294117647,RPC-GB,0.4
963,LR-REAL-Political,0.6,0.5224177681387977,5.294117647058823,RPC-GB,0.4
964,LR-REAL-Political,0.6039215686274509,0.5367172144711002,4.9411764705882355,RPC-GB,0.4
965,LR-REAL-Political,0.5607843137254903,0.5023017787530225,5.0588235294117645,RPC-GB,0.4
966,LR-REAL-Political,0.603921568627451,0.5179185971048653,5.470588235294118,RPC-GB,0.4
967,LR-REAL-Political,0.6235294117647059,0.5245930288172609,5.588235294117647,RPC-GB,0.4
968,LR-REAL-Political,0.4901960784313726,0.5601521308300562,5.529411764705882,RPC-GB,0.4
969,LR-REAL-Political,0.4666666666666666,0.5067627170351577,5.470588235294118,RPC-GB,0.4
970,LR-REAL-Political,0.6117647058823529,0.6200261725068383,5.117647058823529,RPC-GB,0.4
971,LR-REAL-Political,0.6784313725490196,0.5177203495822141,5.235294117647059,RPC-GB,0.4
972,LR-REAL-Political,0.49411764705882344,0.5439350231642548,5.294117647058823,RPC-GB,0.4
973,LR-REAL-Political,0.5647058823529412,0.49969131656737503,5.470588235294118,RPC-GB,0.4
974,LR-REAL-Political,0.592156862745098,0.5067089285503024,5.117647058823529,RPC-GB,0.4
975,LR-REAL-Political,0.4549019607843137,0.5484091748017181,5.588235294117647,RPC-GB,0.4
976,LR-REAL-Political,0.5607843137254901,0.5499176642780619,5.588235294117647,RPC-GB,0.4
977,LR-REAL-Political,0.6862745098039216,0.5026532172487175,5.705882352941177,RPC-GB,0.4
978,LR-REAL-Political,0.580392156862745,0.5210493099916927,5.235294117647059,RPC-GB,0.4
979,LR-REAL-Political,0.611764705882353,0.545938399085684,5.470588235294118,RPC-GB,0.4
980,LR-REAL-Political,0.5647058823529412,0.5180035983599501,5.411764705882353,RPC-GB,0.4
981,LR-REAL-Political,0.43137254901960786,0.5485720155681004,5.588235294117647,RPC-GB,0.4
982,LR-REAL-Political,0.5647058823529412,0.5168345147869327,5.294117647058823,RPC-GB,0.4
983,LR-REAL-Political,0.6431372549019608,0.5365551369130742,5.647058823529412,RPC-GB,0.4
984,LR-REAL-Political,0.5529411764705883,0.5321202723208192,5.117647058823529,RPC-GB,0.4
985,LR-REAL-Political,0.6588235294117647,0.5110226448301839,5.588235294117647,RPC-GB,0.4
986,LR-REAL-Political,0.6196078431372548,0.5446194455544496,5.117647058823529,RPC-GB,0.4
987,LR-REAL-Political,0.6117647058823529,0.5268620127359009,5.352941176470588,RPC-GB,0.4
988,LR-REAL-Political,0.615686274509804,0.5113175198713431,5.176470588235294,RPC-GB,0.4
989,LR-REAL-Political,0.6,0.5136625240112992,5.176470588235294,RPC-GB,0.4
990,LR-REAL-Political,0.5019607843137255,0.5615234068165647,5.352941176470588,RPC-GB,0.4
991,LR-REAL-Political,0.5725490196078431,0.5133497248732249,5.294117647058823,RPC-GB,0.4
992,LR-REAL-Political,0.5137254901960784,0.5355461903156603,5.0,RPC-GB,0.4
993,LR-REAL-Political,0.611764705882353,0.5377428619222697,5.352941176470588,RPC-GB,0.4
994,LR-REAL-Political,0.5568627450980392,0.528244336565404,5.647058823529412,RPC-GB,0.4
995,LR-REAL-Political,0.5647058823529412,0.5001354006256326,5.235294117647059,RPC-GB,0.4
996,LR-REAL-Political,0.5843137254901962,0.5041385843220011,5.117647058823529,RPC-GB,0.4
997,LR-REAL-Political,0.5568627450980392,0.5098867336462303,5.176470588235294,RPC-GB,0.4
998,LR-REAL-Political,0.5803921568627451,0.5403643313181339,5.529411764705882,RPC-GB,0.4
999,LR-REAL-Political,0.7137254901960784,0.5137130599318536,5.470588235294118,RPC-GB,0.4
1000,LR-REAL-Political,0.12156862745098038,1.275152110000287,1.8235294117647058,Chain-GBR-PI,0.5
1001,LR-REAL-Political,-0.003921568627450983,1.2391599390295924,1.8823529411764706,Chain-GBR-PI,0.5
1002,LR-REAL-Political,0.0,1.2417443766391003,1.6470588235294117,Chain-GBR-PI,0.5
1003,LR-REAL-Political,0.0784313725490196,1.234366875256587,2.2941176470588234,Chain-GBR-PI,0.5
1004,LR-REAL-Political,0.09411764705882353,1.2405538703120158,2.1176470588235294,Chain-GBR-PI,0.5
1005,LR-REAL-Political,0.027450980392156862,1.2530366115332874,1.6470588235294117,Chain-GBR-PI,0.5
1006,LR-REAL-Political,0.1254901960784314,1.236767873704137,2.2941176470588234,Chain-GBR-PI,0.5
1007,LR-REAL-Political,0.07058823529411765,1.2400549927843492,2.1176470588235294,Chain-GBR-PI,0.5
1008,LR-REAL-Political,0.08235294117647059,1.2460771760615614,1.7647058823529411,Chain-GBR-PI,0.5
1009,LR-REAL-Political,0.12549019607843137,1.2495341721932616,1.8235294117647058,Chain-GBR-PI,0.5
1010,LR-REAL-Political,-0.011764705882352941,1.2419678610830742,1.8235294117647058,Chain-GBR-PI,0.5
1011,LR-REAL-Political,0.12549019607843137,1.2441787440659993,2.4705882352941178,Chain-GBR-PI,0.5
1012,LR-REAL-Political,0.07450980392156863,1.2417104164035655,1.7058823529411764,Chain-GBR-PI,0.5
1013,LR-REAL-Political,0.09019607843137256,1.2513855750154652,1.7058823529411764,Chain-GBR-PI,0.5
1014,LR-REAL-Political,0.04313725490196079,1.232097733487189,2.0,Chain-GBR-PI,0.5
1015,LR-REAL-Political,0.0980392156862745,1.242855156878524,2.176470588235294,Chain-GBR-PI,0.5
1016,LR-REAL-Political,0.2235294117647059,1.2491452901067053,2.0,Chain-GBR-PI,0.5
1017,LR-REAL-Political,0.08627450980392158,1.2554054136863377,2.588235294117647,Chain-GBR-PI,0.5
1018,LR-REAL-Political,0.08627450980392158,1.2488171744172267,1.6470588235294117,Chain-GBR-PI,0.5
1019,LR-REAL-Political,0.07058823529411766,1.2611005917799436,1.9411764705882353,Chain-GBR-PI,0.5
1020,LR-REAL-Political,0.10980392156862744,1.260514370614748,1.7647058823529411,Chain-GBR-PI,0.5
1021,LR-REAL-Political,0.14901960784313728,1.254237482553112,1.9411764705882353,Chain-GBR-PI,0.5
1022,LR-REAL-Political,0.06274509803921569,1.251752556134927,1.9411764705882353,Chain-GBR-PI,0.5
1023,LR-REAL-Political,0.12941176470588234,1.2558445755337202,2.1176470588235294,Chain-GBR-PI,0.5
1024,LR-REAL-Political,-0.01568627450980391,1.2518753944106868,1.8235294117647058,Chain-GBR-PI,0.5
1025,LR-REAL-Political,0.03921568627450981,1.2475114992662637,1.411764705882353,Chain-GBR-PI,0.5
1026,LR-REAL-Political,0.043137254901960784,1.246048209724437,2.1176470588235294,Chain-GBR-PI,0.5
1027,LR-REAL-Political,0.1215686274509804,1.2435301861866417,2.0588235294117645,Chain-GBR-PI,0.5
1028,LR-REAL-Political,0.10196078431372549,1.2503245617790752,1.8823529411764706,Chain-GBR-PI,0.5
1029,LR-REAL-Political,0.03529411764705883,1.246762961852,1.6470588235294117,Chain-GBR-PI,0.5
1030,LR-REAL-Political,0.16470588235294117,1.226513142564569,2.176470588235294,Chain-GBR-PI,0.5
1031,LR-REAL-Political,0.08627450980392158,1.2349282014222245,1.8235294117647058,Chain-GBR-PI,0.5
1032,LR-REAL-Political,0.14117647058823532,1.2314804009377855,2.3529411764705883,Chain-GBR-PI,0.5
1033,LR-REAL-Political,0.20784313725490194,1.2427440609563174,2.0588235294117645,Chain-GBR-PI,0.5
1034,LR-REAL-Political,0.09019607843137256,1.2474798965267642,1.8235294117647058,Chain-GBR-PI,0.5
1035,LR-REAL-Political,0.01568627450980392,1.2435887649603732,2.235294117647059,Chain-GBR-PI,0.5
1036,LR-REAL-Political,0.10980392156862745,1.2344062671443605,2.2941176470588234,Chain-GBR-PI,0.5
1037,LR-REAL-Political,0.027450980392156866,1.2401904860563038,2.2941176470588234,Chain-GBR-PI,0.5
1038,LR-REAL-Political,0.050980392156862744,1.2412288665977238,1.6470588235294117,Chain-GBR-PI,0.5
1039,LR-REAL-Political,0.09411764705882353,1.2411955154175165,1.7647058823529411,Chain-GBR-PI,0.5
1040,LR-REAL-Political,0.0823529411764706,1.243066634445535,1.8823529411764706,Chain-GBR-PI,0.5
1041,LR-REAL-Political,0.1450980392156863,1.2393342416159965,1.7647058823529411,Chain-GBR-PI,0.5
1042,LR-REAL-Political,0.20784313725490194,1.2439042649854029,2.0,Chain-GBR-PI,0.5
1043,LR-REAL-Political,0.21960784313725493,1.2439961446832861,2.1176470588235294,Chain-GBR-PI,0.5
1044,LR-REAL-Political,0.1019607843137255,1.2465550961033103,1.8235294117647058,Chain-GBR-PI,0.5
1045,LR-REAL-Political,0.05490196078431374,1.2591610322673574,1.9411764705882353,Chain-GBR-PI,0.5
1046,LR-REAL-Political,0.10196078431372547,1.2640538655340996,1.9411764705882353,Chain-GBR-PI,0.5
1047,LR-REAL-Political,0.07450980392156863,1.2573396185515164,2.0,Chain-GBR-PI,0.5
1048,LR-REAL-Political,0.007843137254901962,1.2508274096656942,1.7058823529411764,Chain-GBR-PI,0.5
1049,LR-REAL-Political,0.12156862745098043,1.279474251222096,1.7058823529411764,Chain-GBR-PI,0.5
1050,LR-REAL-Political,0.29411764705882354,1.2460574638829423,3.588235294117647,Chain-GBR-RR,0.5
1051,LR-REAL-Political,0.18039215686274512,1.2174014343136166,3.823529411764706,Chain-GBR-RR,0.5
1052,LR-REAL-Political,0.21176470588235297,1.2197266258746726,3.411764705882353,Chain-GBR-RR,0.5
1053,LR-REAL-Political,0.25098039215686274,1.2045228786433684,3.7058823529411766,Chain-GBR-RR,0.5
1054,LR-REAL-Political,0.2156862745098039,1.219266123486232,3.8823529411764706,Chain-GBR-RR,0.5
1055,LR-REAL-Political,0.21568627450980393,1.2204217197309641,3.4705882352941178,Chain-GBR-RR,0.5
1056,LR-REAL-Political,0.3333333333333333,1.2213423032089556,3.764705882352941,Chain-GBR-RR,0.5
1057,LR-REAL-Political,0.33333333333333337,1.23201653945561,3.823529411764706,Chain-GBR-RR,0.5
1058,LR-REAL-Political,0.25882352941176473,1.2283089468453363,3.411764705882353,Chain-GBR-RR,0.5
1059,LR-REAL-Political,0.22745098039215686,1.2343034953671361,3.588235294117647,Chain-GBR-RR,0.5
1060,LR-REAL-Political,0.09019607843137255,1.2308248224193654,3.5294117647058822,Chain-GBR-RR,0.5
1061,LR-REAL-Political,0.28627450980392155,1.2323627975408264,3.823529411764706,Chain-GBR-RR,0.5
1062,LR-REAL-Political,0.0784313725490196,1.230359775016697,3.235294117647059,Chain-GBR-RR,0.5
1063,LR-REAL-Political,0.3137254901960784,1.2400148809499272,3.4705882352941178,Chain-GBR-RR,0.5
1064,LR-REAL-Political,0.20392156862745095,1.2254977198307286,3.6470588235294117,Chain-GBR-RR,0.5
1065,LR-REAL-Political,0.2431372549019608,1.2324353423644758,4.0,Chain-GBR-RR,0.5
1066,LR-REAL-Political,0.4313725490196078,1.232882657641445,3.8823529411764706,Chain-GBR-RR,0.5
1067,LR-REAL-Political,0.20784313725490194,1.2279397652644655,3.9411764705882355,Chain-GBR-RR,0.5
1068,LR-REAL-Political,0.34509803921568627,1.227519742666478,3.6470588235294117,Chain-GBR-RR,0.5
1069,LR-REAL-Political,0.2901960784313726,1.225690519574551,4.0,Chain-GBR-RR,0.5
1070,LR-REAL-Political,0.3137254901960785,1.2178986040718154,3.823529411764706,Chain-GBR-RR,0.5
1071,LR-REAL-Political,0.42745098039215684,1.2190787879804996,3.588235294117647,Chain-GBR-RR,0.5
1072,LR-REAL-Political,0.24705882352941178,1.22668275198098,3.235294117647059,Chain-GBR-RR,0.5
1073,LR-REAL-Political,0.3294117647058823,1.2266250737897098,3.823529411764706,Chain-GBR-RR,0.5
1074,LR-REAL-Political,0.1607843137254902,1.2240658912339029,3.4705882352941178,Chain-GBR-RR,0.5
1075,LR-REAL-Political,0.36078431372549025,1.2204794613974106,3.4705882352941178,Chain-GBR-RR,0.5
1076,LR-REAL-Political,0.22745098039215686,1.2223541115726733,3.764705882352941,Chain-GBR-RR,0.5
1077,LR-REAL-Political,0.32941176470588235,1.2219330119455731,4.0,Chain-GBR-RR,0.5
1078,LR-REAL-Political,0.3215686274509804,1.2216482695878077,3.8823529411764706,Chain-GBR-RR,0.5
1079,LR-REAL-Political,0.23137254901960783,1.2161912559042738,3.7058823529411766,Chain-GBR-RR,0.5
1080,LR-REAL-Political,0.3686274509803921,1.2061000178385872,3.5294117647058822,Chain-GBR-RR,0.5
1081,LR-REAL-Political,0.24705882352941178,1.2101281091386904,3.588235294117647,Chain-GBR-RR,0.5
1082,LR-REAL-Political,0.396078431372549,1.211210894870539,3.9411764705882355,Chain-GBR-RR,0.5
1083,LR-REAL-Political,0.27450980392156865,1.214776144952454,3.8823529411764706,Chain-GBR-RR,0.5
1084,LR-REAL-Political,0.23529411764705882,1.223043040483081,3.6470588235294117,Chain-GBR-RR,0.5
1085,LR-REAL-Political,0.13333333333333333,1.22221120642802,3.823529411764706,Chain-GBR-RR,0.5
1086,LR-REAL-Political,0.19215686274509802,1.2178960851595488,3.411764705882353,Chain-GBR-RR,0.5
1087,LR-REAL-Political,0.2431372549019608,1.223895547064681,3.8823529411764706,Chain-GBR-RR,0.5
1088,LR-REAL-Political,0.3019607843137255,1.2267624504519137,3.7058823529411766,Chain-GBR-RR,0.5
1089,LR-REAL-Political,0.25098039215686274,1.2222930015163092,3.823529411764706,Chain-GBR-RR,0.5
1090,LR-REAL-Political,0.27843137254901956,1.2218351471053006,3.764705882352941,Chain-GBR-RR,0.5
1091,LR-REAL-Political,0.3490196078431373,1.2213730617859817,3.764705882352941,Chain-GBR-RR,0.5
1092,LR-REAL-Political,0.3176470588235294,1.2230385686847576,3.6470588235294117,Chain-GBR-RR,0.5
1093,LR-REAL-Political,0.30980392156862746,1.229754117420873,3.4705882352941178,Chain-GBR-RR,0.5
1094,LR-REAL-Political,0.2705882352941177,1.2319150096233948,3.4705882352941178,Chain-GBR-RR,0.5
1095,LR-REAL-Political,0.047058823529411764,1.2331346179099607,3.823529411764706,Chain-GBR-RR,0.5
1096,LR-REAL-Political,0.3019607843137255,1.2377935936228361,3.8823529411764706,Chain-GBR-RR,0.5
1097,LR-REAL-Political,0.1607843137254902,1.230183897274045,3.764705882352941,Chain-GBR-RR,0.5
1098,LR-REAL-Political,0.2196078431372549,1.2434536861727303,3.5294117647058822,Chain-GBR-RR,0.5
1099,LR-REAL-Political,0.3137254901960784,1.2399427499108127,3.411764705882353,Chain-GBR-RR,0.5
1100,LR-REAL-Political,0.7215686274509805,0.4389341330897489,4.470588235294118,ST-GBR-RR,0.5
1101,LR-REAL-Political,0.5215686274509803,0.46206803910865757,4.0588235294117645,ST-GBR-RR,0.5
1102,LR-REAL-Political,0.6352941176470588,0.4602877767715744,4.411764705882353,ST-GBR-RR,0.5
1103,LR-REAL-Political,0.5960784313725491,0.4420204625965837,4.117647058823529,ST-GBR-RR,0.5
1104,LR-REAL-Political,0.6431372549019608,0.44505586883879916,4.352941176470588,ST-GBR-RR,0.5
1105,LR-REAL-Political,0.6980392156862746,0.4397892725969107,4.0,ST-GBR-RR,0.5
1106,LR-REAL-Political,0.6196078431372549,0.45476773220249705,4.294117647058823,ST-GBR-RR,0.5
1107,LR-REAL-Political,0.6901960784313727,0.4350761073961842,4.294117647058823,ST-GBR-RR,0.5
1108,LR-REAL-Political,0.6431372549019608,0.41727775202921763,4.235294117647059,ST-GBR-RR,0.5
1109,LR-REAL-Political,0.611764705882353,0.4448522826888165,4.529411764705882,ST-GBR-RR,0.5
1110,LR-REAL-Political,0.6352941176470588,0.43754606770752685,4.352941176470588,ST-GBR-RR,0.5
1111,LR-REAL-Political,0.6941176470588236,0.5107175481917855,4.470588235294118,ST-GBR-RR,0.5
1112,LR-REAL-Political,0.7019607843137255,0.47215404213818274,4.235294117647059,ST-GBR-RR,0.5
1113,LR-REAL-Political,0.6274509803921569,0.4495991754576374,4.529411764705882,ST-GBR-RR,0.5
1114,LR-REAL-Political,0.6313725490196078,0.45853152762774896,4.294117647058823,ST-GBR-RR,0.5
1115,LR-REAL-Political,0.6823529411764706,0.4563641590683041,4.470588235294118,ST-GBR-RR,0.5
1116,LR-REAL-Political,0.607843137254902,0.45389152612130196,4.411764705882353,ST-GBR-RR,0.5
1117,LR-REAL-Political,0.5686274509803921,0.5275561628991456,4.235294117647059,ST-GBR-RR,0.5
1118,LR-REAL-Political,0.6352941176470589,0.455982999047875,4.176470588235294,ST-GBR-RR,0.5
1119,LR-REAL-Political,0.5882352941176471,0.4804148207613794,4.470588235294118,ST-GBR-RR,0.5
1120,LR-REAL-Political,0.6352941176470588,0.4526416064330792,4.117647058823529,ST-GBR-RR,0.5
1121,LR-REAL-Political,0.592156862745098,0.44981327106668934,4.470588235294118,ST-GBR-RR,0.5
1122,LR-REAL-Political,0.615686274509804,0.4481559028354819,4.294117647058823,ST-GBR-RR,0.5
1123,LR-REAL-Political,0.7058823529411766,0.5227524728326014,4.529411764705882,ST-GBR-RR,0.5
1124,LR-REAL-Political,0.5568627450980392,0.44843631272374795,3.8823529411764706,ST-GBR-RR,0.5
1125,LR-REAL-Political,0.6431372549019607,0.4444055356024715,4.0588235294117645,ST-GBR-RR,0.5
1126,LR-REAL-Political,0.5725490196078431,0.46561224207105323,4.470588235294118,ST-GBR-RR,0.5
1127,LR-REAL-Political,0.7686274509803921,0.45029942163109776,4.470588235294118,ST-GBR-RR,0.5
1128,LR-REAL-Political,0.6666666666666666,0.4534967147472626,4.294117647058823,ST-GBR-RR,0.5
1129,LR-REAL-Political,0.6627450980392158,0.5148708326252568,4.294117647058823,ST-GBR-RR,0.5
1130,LR-REAL-Political,0.6745098039215687,0.44299358663278643,4.352941176470588,ST-GBR-RR,0.5
1131,LR-REAL-Political,0.48235294117647054,0.4302676792252969,4.0,ST-GBR-RR,0.5
1132,LR-REAL-Political,0.6901960784313727,0.45292409294624475,4.176470588235294,ST-GBR-RR,0.5
1133,LR-REAL-Political,0.6901960784313727,0.45860795351612454,4.352941176470588,ST-GBR-RR,0.5
1134,LR-REAL-Political,0.7058823529411765,0.4425378721370845,4.352941176470588,ST-GBR-RR,0.5
1135,LR-REAL-Political,0.6313725490196078,0.4990383330732971,4.352941176470588,ST-GBR-RR,0.5
1136,LR-REAL-Political,0.7176470588235294,0.4660440393516297,4.588235294117647,ST-GBR-RR,0.5
1137,LR-REAL-Political,0.603921568627451,0.4391616151126775,4.176470588235294,ST-GBR-RR,0.5
1138,LR-REAL-Political,0.6823529411764706,0.45009920662505126,4.411764705882353,ST-GBR-RR,0.5
1139,LR-REAL-Political,0.7098039215686275,0.5216422958070176,4.352941176470588,ST-GBR-RR,0.5
1140,LR-REAL-Political,0.5999999999999999,0.44047256163774384,4.176470588235294,ST-GBR-RR,0.5
1141,LR-REAL-Political,0.6823529411764706,0.5174112671774573,4.235294117647059,ST-GBR-RR,0.5
1142,LR-REAL-Political,0.5960784313725489,0.45458656375410555,4.0588235294117645,ST-GBR-RR,0.5
1143,LR-REAL-Political,0.6980392156862745,0.44283919130132043,4.529411764705882,ST-GBR-RR,0.5
1144,LR-REAL-Political,0.6705882352941178,0.5322210267855234,4.294117647058823,ST-GBR-RR,0.5
1145,LR-REAL-Political,0.6313725490196078,0.5419214735209745,4.0,ST-GBR-RR,0.5
1146,LR-REAL-Political,0.6862745098039216,0.4480779353120532,4.647058823529412,ST-GBR-RR,0.5
1147,LR-REAL-Political,0.5686274509803922,0.5295173003046871,4.705882352941177,ST-GBR-RR,0.5
1148,LR-REAL-Political,0.7058823529411766,0.4712823523080482,4.235294117647059,ST-GBR-RR,0.5
1149,LR-REAL-Political,0.7725490196078431,0.46657949737169935,4.294117647058823,ST-GBR-RR,0.5
1150,LR-REAL-Political,0.39999999999999997,0.44700885569444404,3.2941176470588234,ST-GBR-PI,0.5
1151,LR-REAL-Political,0.2431372549019608,0.4523418210701671,2.9411764705882355,ST-GBR-PI,0.5
1152,LR-REAL-Political,0.392156862745098,0.4580717174381681,3.235294117647059,ST-GBR-PI,0.5
1153,LR-REAL-Political,0.43137254901960786,0.4535815122092142,3.176470588235294,ST-GBR-PI,0.5
1154,LR-REAL-Political,0.3764705882352941,0.4783366150684945,3.5294117647058822,ST-GBR-PI,0.5
1155,LR-REAL-Political,0.3019607843137255,0.48772873326658545,2.6470588235294117,ST-GBR-PI,0.5
1156,LR-REAL-Political,0.3686274509803922,0.44917500013351813,3.0,ST-GBR-PI,0.5
1157,LR-REAL-Political,0.3411764705882353,0.46659514325765317,2.9411764705882355,ST-GBR-PI,0.5
1158,LR-REAL-Political,0.3647058823529412,0.46032918273589574,3.3529411764705883,ST-GBR-PI,0.5
1159,LR-REAL-Political,0.37254901960784315,0.4504545307478878,3.411764705882353,ST-GBR-PI,0.5
1160,LR-REAL-Political,0.3411764705882353,0.44686770645771984,2.9411764705882355,ST-GBR-PI,0.5
1161,LR-REAL-Political,0.30196078431372547,0.43455468481874576,2.764705882352941,ST-GBR-PI,0.5
1162,LR-REAL-Political,0.4078431372549019,0.4538587300331507,3.0588235294117645,ST-GBR-PI,0.5
1163,LR-REAL-Political,0.3372549019607843,0.4420007904604493,3.2941176470588234,ST-GBR-PI,0.5
1164,LR-REAL-Political,0.33333333333333337,0.44248238973341586,3.588235294117647,ST-GBR-PI,0.5
1165,LR-REAL-Political,0.37254901960784315,0.4692199655822597,3.0588235294117645,ST-GBR-PI,0.5
1166,LR-REAL-Political,0.396078431372549,0.4090309225426155,3.0588235294117645,ST-GBR-PI,0.5
1167,LR-REAL-Political,0.30588235294117644,0.4603742313913304,3.0,ST-GBR-PI,0.5
1168,LR-REAL-Political,0.3568627450980392,0.4595147467295497,3.235294117647059,ST-GBR-PI,0.5
1169,LR-REAL-Political,0.36470588235294116,0.46398554346072673,2.8823529411764706,ST-GBR-PI,0.5
1170,LR-REAL-Political,0.3568627450980393,0.4596508736528429,3.4705882352941178,ST-GBR-PI,0.5
1171,LR-REAL-Political,0.30980392156862746,0.411345117848313,3.0,ST-GBR-PI,0.5
1172,LR-REAL-Political,0.4078431372549019,0.411919131819822,2.9411764705882355,ST-GBR-PI,0.5
1173,LR-REAL-Political,0.5372549019607843,0.452420138627628,3.1176470588235294,ST-GBR-PI,0.5
1174,LR-REAL-Political,0.41960784313725485,0.45302771477623444,2.764705882352941,ST-GBR-PI,0.5
1175,LR-REAL-Political,0.30980392156862746,0.46709028005130976,3.0,ST-GBR-PI,0.5
1176,LR-REAL-Political,0.3803921568627451,0.44907622045774953,3.1176470588235294,ST-GBR-PI,0.5
1177,LR-REAL-Political,0.39607843137254894,0.45097837592314205,3.4705882352941178,ST-GBR-PI,0.5
1178,LR-REAL-Political,0.31764705882352945,0.44492793522827806,2.588235294117647,ST-GBR-PI,0.5
1179,LR-REAL-Political,0.3921568627450981,0.44363181423354736,2.823529411764706,ST-GBR-PI,0.5
1180,LR-REAL-Political,0.3803921568627451,0.44430071932217996,2.823529411764706,ST-GBR-PI,0.5
1181,LR-REAL-Political,0.2784313725490197,0.38350553692798817,3.176470588235294,ST-GBR-PI,0.5
1182,LR-REAL-Political,0.44313725490196076,0.5080560201176415,3.2941176470588234,ST-GBR-PI,0.5
1183,LR-REAL-Political,0.4313725490196078,0.46510170743348345,3.1176470588235294,ST-GBR-PI,0.5
1184,LR-REAL-Political,0.4784313725490196,0.4472137977107191,3.235294117647059,ST-GBR-PI,0.5
1185,LR-REAL-Political,0.43529411764705883,0.4050436264547646,3.0588235294117645,ST-GBR-PI,0.5
1186,LR-REAL-Political,0.45098039215686275,0.44714700695957715,3.3529411764705883,ST-GBR-PI,0.5
1187,LR-REAL-Political,0.37647058823529417,0.44613519912768074,3.0,ST-GBR-PI,0.5
1188,LR-REAL-Political,0.33725490196078434,0.4613348230397347,2.823529411764706,ST-GBR-PI,0.5
1189,LR-REAL-Political,0.38431372549019605,0.4520506196877765,3.2941176470588234,ST-GBR-PI,0.5
1190,LR-REAL-Political,0.2980392156862745,0.4530928370143417,2.9411764705882355,ST-GBR-PI,0.5
1191,LR-REAL-Political,0.33725490196078434,0.4958996120692883,3.0588235294117645,ST-GBR-PI,0.5
1192,LR-REAL-Political,0.34509803921568627,0.45569127856296715,3.411764705882353,ST-GBR-PI,0.5
1193,LR-REAL-Political,0.4549019607843137,0.45936785363133603,3.0,ST-GBR-PI,0.5
1194,LR-REAL-Political,0.38431372549019605,0.46284226374155407,3.176470588235294,ST-GBR-PI,0.5
1195,LR-REAL-Political,0.388235294117647,0.4533571561134228,3.1176470588235294,ST-GBR-PI,0.5
1196,LR-REAL-Political,0.3803921568627451,0.5189572233858252,3.176470588235294,ST-GBR-PI,0.5
1197,LR-REAL-Political,0.2901960784313726,0.46603760959220414,2.823529411764706,ST-GBR-PI,0.5
1198,LR-REAL-Political,0.3803921568627451,0.5614637467544173,2.8823529411764706,ST-GBR-PI,0.5
1199,LR-REAL-Political,0.44313725490196076,0.4714050856023663,3.0588235294117645,ST-GBR-PI,0.5
1200,LR-REAL-Political,0.584313725490196,0.48031984809281836,5.529411764705882,RPC-GB,0.5
1201,LR-REAL-Political,0.42352941176470593,0.4889281984268787,5.411764705882353,RPC-GB,0.5
1202,LR-REAL-Political,0.6235294117647059,0.4965011367624572,5.470588235294118,RPC-GB,0.5
1203,LR-REAL-Political,0.5058823529411764,0.48752203568302455,5.647058823529412,RPC-GB,0.5
1204,LR-REAL-Political,0.5843137254901962,0.5049115049226017,5.705882352941177,RPC-GB,0.5
1205,LR-REAL-Political,0.5686274509803921,0.4823726839399551,5.705882352941177,RPC-GB,0.5
1206,LR-REAL-Political,0.5450980392156862,0.48589938867553917,5.647058823529412,RPC-GB,0.5
1207,LR-REAL-Political,0.596078431372549,0.4918860484927866,5.764705882352941,RPC-GB,0.5
1208,LR-REAL-Political,0.6000000000000001,0.49346051700885096,5.352941176470588,RPC-GB,0.5
1209,LR-REAL-Political,0.5176470588235295,0.5075015913593072,5.764705882352941,RPC-GB,0.5
1210,LR-REAL-Political,0.592156862745098,0.5000211312626878,5.823529411764706,RPC-GB,0.5
1211,LR-REAL-Political,0.6117647058823529,0.4819250357272868,5.882352941176471,RPC-GB,0.5
1212,LR-REAL-Political,0.603921568627451,0.49647159905131516,5.470588235294118,RPC-GB,0.5
1213,LR-REAL-Political,0.5529411764705883,0.483497464026457,5.882352941176471,RPC-GB,0.5
1214,LR-REAL-Political,0.584313725490196,0.49897222293440235,5.882352941176471,RPC-GB,0.5
1215,LR-REAL-Political,0.5529411764705883,0.4840727553364849,5.647058823529412,RPC-GB,0.5
1216,LR-REAL-Political,0.6,0.4828972713498777,5.588235294117647,RPC-GB,0.5
1217,LR-REAL-Political,0.4588235294117647,0.4981831158560071,5.529411764705882,RPC-GB,0.5
1218,LR-REAL-Political,0.5568627450980392,0.4891037117714566,5.764705882352941,RPC-GB,0.5
1219,LR-REAL-Political,0.4862745098039216,0.4888271189251448,5.176470588235294,RPC-GB,0.5
1220,LR-REAL-Political,0.5137254901960784,0.4904039125874182,5.529411764705882,RPC-GB,0.5
1221,LR-REAL-Political,0.5215686274509803,0.5052559071726497,5.705882352941177,RPC-GB,0.5
1222,LR-REAL-Political,0.5372549019607843,0.5185605801321166,5.882352941176471,RPC-GB,0.5
1223,LR-REAL-Political,0.6862745098039216,0.498500275395742,5.764705882352941,RPC-GB,0.5
1224,LR-REAL-Political,0.5647058823529412,0.47025186030538574,5.764705882352941,RPC-GB,0.5
1225,LR-REAL-Political,0.5333333333333333,0.48110549203909436,5.823529411764706,RPC-GB,0.5
1226,LR-REAL-Political,0.5647058823529412,0.48760604904656,5.235294117647059,RPC-GB,0.5
1227,LR-REAL-Political,0.5921568627450979,0.5019797288397814,5.529411764705882,RPC-GB,0.5
1228,LR-REAL-Political,0.6392156862745098,0.5065620340083931,5.0588235294117645,RPC-GB,0.5
1229,LR-REAL-Political,0.5764705882352942,0.4964839647172843,5.823529411764706,RPC-GB,0.5
1230,LR-REAL-Political,0.5294117647058824,0.5102156090852035,5.882352941176471,RPC-GB,0.5
1231,LR-REAL-Political,0.3725490196078431,0.49305661418980984,5.352941176470588,RPC-GB,0.5
1232,LR-REAL-Political,0.6235294117647059,0.5031834230799149,5.411764705882353,RPC-GB,0.5
1233,LR-REAL-Political,0.603921568627451,0.49591477800260525,5.647058823529412,RPC-GB,0.5
1234,LR-REAL-Political,0.6980392156862746,0.48459569360237853,5.823529411764706,RPC-GB,0.5
1235,LR-REAL-Political,0.5490196078431373,0.5010418895789012,5.764705882352941,RPC-GB,0.5
1236,LR-REAL-Political,0.580392156862745,0.4847331347785801,5.823529411764706,RPC-GB,0.5
1237,LR-REAL-Political,0.392156862745098,0.5133383251780648,5.588235294117647,RPC-GB,0.5
1238,LR-REAL-Political,0.6901960784313727,0.475417512683411,5.823529411764706,RPC-GB,0.5
1239,LR-REAL-Political,0.6274509803921569,0.4886216255198574,5.823529411764706,RPC-GB,0.5
1240,LR-REAL-Political,0.5725490196078431,0.48543851752755934,5.529411764705882,RPC-GB,0.5
1241,LR-REAL-Political,0.6313725490196079,0.4855545404324759,5.764705882352941,RPC-GB,0.5
1242,LR-REAL-Political,0.5176470588235295,0.506106079912107,5.823529411764706,RPC-GB,0.5
1243,LR-REAL-Political,0.596078431372549,0.5022095459441258,5.588235294117647,RPC-GB,0.5
1244,LR-REAL-Political,0.5490196078431373,0.4943285149492166,5.352941176470588,RPC-GB,0.5
1245,LR-REAL-Political,0.5254901960784313,0.510642350105184,5.588235294117647,RPC-GB,0.5
1246,LR-REAL-Political,0.5372549019607844,0.537970564289618,5.235294117647059,RPC-GB,0.5
1247,LR-REAL-Political,0.44313725490196076,0.4808267203847762,5.235294117647059,RPC-GB,0.5
1248,LR-REAL-Political,0.6823529411764705,0.48853573652347454,5.470588235294118,RPC-GB,0.5
1249,LR-REAL-Political,0.6745098039215687,0.48877047920706757,5.470588235294118,RPC-GB,0.5
1250,LR-REAL-Political,0.14901960784313725,1.267847357313772,2.176470588235294,Chain-GBR-PI,0.6
1251,LR-REAL-Political,-0.06274509803921567,1.269932662885191,1.9411764705882353,Chain-GBR-PI,0.6
1252,LR-REAL-Political,0.15294117647058825,1.2689653639275575,2.5294117647058822,Chain-GBR-PI,0.6
1253,LR-REAL-Political,0.19607843137254902,1.244752924499454,2.176470588235294,Chain-GBR-PI,0.6
1254,LR-REAL-Political,0.08627450980392158,1.2534523206163688,2.0588235294117645,Chain-GBR-PI,0.6
1255,LR-REAL-Political,0.12941176470588234,1.2406952425958129,2.0588235294117645,Chain-GBR-PI,0.6
1256,LR-REAL-Political,0.15294117647058825,1.2621376202975632,1.8823529411764706,Chain-GBR-PI,0.6
1257,LR-REAL-Political,0.04313725490196079,1.254729763301378,2.176470588235294,Chain-GBR-PI,0.6
1258,LR-REAL-Political,-0.03137254901960785,1.2476729148397925,2.0588235294117645,Chain-GBR-PI,0.6
1259,LR-REAL-Political,0.10588235294117646,1.241180560612922,1.7647058823529411,Chain-GBR-PI,0.6
1260,LR-REAL-Political,-0.0196078431372549,1.2430370723683573,1.9411764705882353,Chain-GBR-PI,0.6
1261,LR-REAL-Political,0.19607843137254902,1.2439454171061939,2.1176470588235294,Chain-GBR-PI,0.6
1262,LR-REAL-Political,0.07843137254901962,1.2539992977539205,1.8823529411764706,Chain-GBR-PI,0.6
1263,LR-REAL-Political,0.07058823529411766,1.2417281500340662,2.2941176470588234,Chain-GBR-PI,0.6
1264,LR-REAL-Political,-0.04313725490196079,1.2309252024783444,2.176470588235294,Chain-GBR-PI,0.6
1265,LR-REAL-Political,0.09019607843137255,1.2415869489940652,2.0588235294117645,Chain-GBR-PI,0.6
1266,LR-REAL-Political,0.11372549019607844,1.248425960427761,2.1176470588235294,Chain-GBR-PI,0.6
1267,LR-REAL-Political,0.07450980392156863,1.242454800696309,1.9411764705882353,Chain-GBR-PI,0.6
1268,LR-REAL-Political,0.03137254901960785,1.2540048099268293,1.9411764705882353,Chain-GBR-PI,0.6
1269,LR-REAL-Political,0.03137254901960785,1.2588671433653,1.8235294117647058,Chain-GBR-PI,0.6
1270,LR-REAL-Political,0.17647058823529413,1.2452868319861146,2.1176470588235294,Chain-GBR-PI,0.6
1271,LR-REAL-Political,0.003921568627450986,1.2728517386743794,2.0,Chain-GBR-PI,0.6
1272,LR-REAL-Political,0.08235294117647059,1.2727987740466356,1.8823529411764706,Chain-GBR-PI,0.6
1273,LR-REAL-Political,0.2549019607843137,1.2644026550588723,2.1176470588235294,Chain-GBR-PI,0.6
1274,LR-REAL-Political,0.15294117647058827,1.259595145289652,1.8235294117647058,Chain-GBR-PI,0.6
1275,LR-REAL-Political,0.05098039215686273,1.2493544755763817,1.588235294117647,Chain-GBR-PI,0.6
1276,LR-REAL-Political,0.1450980392156863,1.2505600073433418,1.9411764705882353,Chain-GBR-PI,0.6
1277,LR-REAL-Political,0.2156862745098039,1.2384273412037778,2.3529411764705883,Chain-GBR-PI,0.6
1278,LR-REAL-Political,0.12156862745098038,1.225587514291182,2.176470588235294,Chain-GBR-PI,0.6
1279,LR-REAL-Political,0.19215686274509802,1.237798819067257,1.8823529411764706,Chain-GBR-PI,0.6
1280,LR-REAL-Political,0.06666666666666667,1.2290670445364487,1.8235294117647058,Chain-GBR-PI,0.6
1281,LR-REAL-Political,0.12941176470588237,1.2328925620608253,2.0,Chain-GBR-PI,0.6
1282,LR-REAL-Political,0.19215686274509805,1.2399307093234375,2.3529411764705883,Chain-GBR-PI,0.6
1283,LR-REAL-Political,0.10196078431372549,1.234659565419749,2.0588235294117645,Chain-GBR-PI,0.6
1284,LR-REAL-Political,0.0980392156862745,1.2399858657540646,1.8235294117647058,Chain-GBR-PI,0.6
1285,LR-REAL-Political,0.09411764705882353,1.2420067591951403,1.7647058823529411,Chain-GBR-PI,0.6
1286,LR-REAL-Political,0.023529411764705885,1.241406577634198,2.1176470588235294,Chain-GBR-PI,0.6
1287,LR-REAL-Political,0.1450980392156863,1.2372052439505774,2.0588235294117645,Chain-GBR-PI,0.6
1288,LR-REAL-Political,0.1215686274509804,1.2339699011035634,1.8823529411764706,Chain-GBR-PI,0.6
1289,LR-REAL-Political,-0.019607843137254898,1.2445318140027433,1.8235294117647058,Chain-GBR-PI,0.6
1290,LR-REAL-Political,0.08235294117647059,1.237656807793399,1.8823529411764706,Chain-GBR-PI,0.6
1291,LR-REAL-Political,0.007843137254901962,1.2407373084442044,2.176470588235294,Chain-GBR-PI,0.6
1292,LR-REAL-Political,0.01960784313725491,1.241622277387512,1.7058823529411764,Chain-GBR-PI,0.6
1293,LR-REAL-Political,0.06274509803921569,1.247931094089866,1.8235294117647058,Chain-GBR-PI,0.6
1294,LR-REAL-Political,0.09019607843137256,1.2820883518086708,1.8235294117647058,Chain-GBR-PI,0.6
1295,LR-REAL-Political,0.06274509803921569,1.2843271613203333,2.0588235294117645,Chain-GBR-PI,0.6
1296,LR-REAL-Political,0.03529411764705882,1.2649790239715324,2.3529411764705883,Chain-GBR-PI,0.6
1297,LR-REAL-Political,0.07450980392156863,1.2638451458914983,1.8823529411764706,Chain-GBR-PI,0.6
1298,LR-REAL-Political,0.14901960784313728,1.2612909933108098,2.2941176470588234,Chain-GBR-PI,0.6
1299,LR-REAL-Political,0.058823529411764705,1.2726535486663335,1.9411764705882353,Chain-GBR-PI,0.6
1300,LR-REAL-Political,0.3254901960784314,1.2452591366354915,3.823529411764706,Chain-GBR-RR,0.6
1301,LR-REAL-Political,0.0627450980392157,1.239975505004573,3.6470588235294117,Chain-GBR-RR,0.6
1302,LR-REAL-Political,0.30980392156862746,1.2292669535360092,3.6470588235294117,Chain-GBR-RR,0.6
1303,LR-REAL-Political,0.3411764705882353,1.2140289419064076,3.588235294117647,Chain-GBR-RR,0.6
1304,LR-REAL-Political,0.25490196078431376,1.232588113705751,3.9411764705882355,Chain-GBR-RR,0.6
1305,LR-REAL-Political,0.34509803921568627,1.2285894256524426,3.7058823529411766,Chain-GBR-RR,0.6
1306,LR-REAL-Political,0.27058823529411763,1.2457309709769884,3.5294117647058822,Chain-GBR-RR,0.6
1307,LR-REAL-Political,0.1843137254901961,1.2286113071024036,3.3529411764705883,Chain-GBR-RR,0.6
1308,LR-REAL-Political,0.12549019607843137,1.2241943399847628,3.3529411764705883,Chain-GBR-RR,0.6
1309,LR-REAL-Political,0.3529411764705882,1.2210261623198324,3.6470588235294117,Chain-GBR-RR,0.6
1310,LR-REAL-Political,0.1647058823529412,1.2269987420896216,3.3529411764705883,Chain-GBR-RR,0.6
1311,LR-REAL-Political,0.36078431372549025,1.233936128430903,3.588235294117647,Chain-GBR-RR,0.6
1312,LR-REAL-Political,0.31764705882352945,1.2245411370930739,3.7058823529411766,Chain-GBR-RR,0.6
1313,LR-REAL-Political,0.196078431372549,1.2410750119586,3.7058823529411766,Chain-GBR-RR,0.6
1314,LR-REAL-Political,0.13725490196078433,1.2039717223709487,3.823529411764706,Chain-GBR-RR,0.6
1315,LR-REAL-Political,0.2274509803921569,1.2137949516181266,3.823529411764706,Chain-GBR-RR,0.6
1316,LR-REAL-Political,0.33333333333333337,1.215397140288442,3.6470588235294117,Chain-GBR-RR,0.6
1317,LR-REAL-Political,0.2784313725490196,1.2145690312202593,3.4705882352941178,Chain-GBR-RR,0.6
1318,LR-REAL-Political,0.20392156862745095,1.213982358733568,3.411764705882353,Chain-GBR-RR,0.6
1319,LR-REAL-Political,0.25882352941176473,1.224765878621254,3.7058823529411766,Chain-GBR-RR,0.6
1320,LR-REAL-Political,0.2980392156862745,1.2245827338105786,3.3529411764705883,Chain-GBR-RR,0.6
1321,LR-REAL-Political,0.17647058823529413,1.2477528161483533,3.588235294117647,Chain-GBR-RR,0.6
1322,LR-REAL-Political,0.2196078431372549,1.2276528297394635,3.2941176470588234,Chain-GBR-RR,0.6
1323,LR-REAL-Political,0.4549019607843137,1.2276030249156047,3.823529411764706,Chain-GBR-RR,0.6
1324,LR-REAL-Political,0.4313725490196078,1.2251272813720342,3.764705882352941,Chain-GBR-RR,0.6
1325,LR-REAL-Political,0.1843137254901961,1.2244249167686092,3.3529411764705883,Chain-GBR-RR,0.6
1326,LR-REAL-Political,0.30196078431372547,1.2249079998779606,3.823529411764706,Chain-GBR-RR,0.6
1327,LR-REAL-Political,0.3803921568627451,1.2153794297400757,4.0,Chain-GBR-RR,0.6
1328,LR-REAL-Political,0.16078431372549018,1.2011353425153717,3.5294117647058822,Chain-GBR-RR,0.6
1329,LR-REAL-Political,0.396078431372549,1.2168681137637578,3.411764705882353,Chain-GBR-RR,0.6
1330,LR-REAL-Political,0.2352941176470588,1.203592653852209,3.588235294117647,Chain-GBR-RR,0.6
1331,LR-REAL-Political,0.3686274509803922,1.2090539045631001,3.764705882352941,Chain-GBR-RR,0.6
1332,LR-REAL-Political,0.4196078431372549,1.2159876964816314,4.117647058823529,Chain-GBR-RR,0.6
1333,LR-REAL-Political,0.15294117647058825,1.2140165944423462,3.6470588235294117,Chain-GBR-RR,0.6
1334,LR-REAL-Political,0.19607843137254902,1.222139864944024,3.9411764705882355,Chain-GBR-RR,0.6
1335,LR-REAL-Political,0.3333333333333333,1.2173968473133714,3.3529411764705883,Chain-GBR-RR,0.6
1336,LR-REAL-Political,0.14901960784313728,1.2216027359088784,3.7058823529411766,Chain-GBR-RR,0.6
1337,LR-REAL-Political,0.2901960784313725,1.217940625321136,3.7058823529411766,Chain-GBR-RR,0.6
1338,LR-REAL-Political,0.2941176470588235,1.2174661737405847,3.6470588235294117,Chain-GBR-RR,0.6
1339,LR-REAL-Political,0.2,1.224917021806933,3.176470588235294,Chain-GBR-RR,0.6
1340,LR-REAL-Political,0.3176470588235294,1.2177652501746472,3.9411764705882355,Chain-GBR-RR,0.6
1341,LR-REAL-Political,0.21176470588235294,1.2204030286030283,3.823529411764706,Chain-GBR-RR,0.6
1342,LR-REAL-Political,0.28235294117647064,1.221542721212761,3.5294117647058822,Chain-GBR-RR,0.6
1343,LR-REAL-Political,0.3764705882352941,1.2186785311712471,3.823529411764706,Chain-GBR-RR,0.6
1344,LR-REAL-Political,0.3137254901960784,1.2520195047750484,3.588235294117647,Chain-GBR-RR,0.6
1345,LR-REAL-Political,0.3490196078431373,1.2302107756257612,3.764705882352941,Chain-GBR-RR,0.6
1346,LR-REAL-Political,0.22745098039215683,1.2381132456380626,3.588235294117647,Chain-GBR-RR,0.6
1347,LR-REAL-Political,0.24705882352941172,1.2385419577150936,3.588235294117647,Chain-GBR-RR,0.6
1348,LR-REAL-Political,0.25098039215686274,1.2310663936566197,3.764705882352941,Chain-GBR-RR,0.6
1349,LR-REAL-Political,0.26666666666666666,1.2370446977490315,3.8823529411764706,Chain-GBR-RR,0.6
1350,LR-REAL-Political,0.6823529411764706,0.4488821862798639,4.176470588235294,ST-GBR-RR,0.6
1351,LR-REAL-Political,0.5490196078431373,0.4351935086488126,4.294117647058823,ST-GBR-RR,0.6
1352,LR-REAL-Political,0.7254901960784315,0.4464702551403776,4.352941176470588,ST-GBR-RR,0.6
1353,LR-REAL-Political,0.6470588235294118,0.5345970115433352,4.294117647058823,ST-GBR-RR,0.6
1354,LR-REAL-Political,0.6627450980392158,0.45076974477250253,4.705882352941177,ST-GBR-RR,0.6
1355,LR-REAL-Political,0.6666666666666666,0.4375635307454753,4.352941176470588,ST-GBR-RR,0.6
1356,LR-REAL-Political,0.6431372549019607,0.4419401693223715,4.176470588235294,ST-GBR-RR,0.6
1357,LR-REAL-Political,0.592156862745098,0.44593628999650176,4.0,ST-GBR-RR,0.6
1358,LR-REAL-Political,0.5294117647058824,0.44632842121985816,3.8823529411764706,ST-GBR-RR,0.6
1359,LR-REAL-Political,0.627450980392157,0.49582640228733155,4.235294117647059,ST-GBR-RR,0.6
1360,LR-REAL-Political,0.592156862745098,0.43190924347063087,4.235294117647059,ST-GBR-RR,0.6
1361,LR-REAL-Political,0.7686274509803921,0.45851579040859747,4.411764705882353,ST-GBR-RR,0.6
1362,LR-REAL-Political,0.6705882352941177,0.4401958166057433,4.176470588235294,ST-GBR-RR,0.6
1363,LR-REAL-Political,0.6392156862745099,0.4310687784450795,4.0588235294117645,ST-GBR-RR,0.6
1364,LR-REAL-Political,0.607843137254902,0.4350904545104715,4.117647058823529,ST-GBR-RR,0.6
1365,LR-REAL-Political,0.627450980392157,0.5024022558842697,4.470588235294118,ST-GBR-RR,0.6
1366,LR-REAL-Political,0.6196078431372549,0.432570483999851,4.0588235294117645,ST-GBR-RR,0.6
1367,LR-REAL-Political,0.5803921568627451,0.4405147381558028,4.235294117647059,ST-GBR-RR,0.6
1368,LR-REAL-Political,0.6352941176470589,0.43787652974749025,3.8823529411764706,ST-GBR-RR,0.6
1369,LR-REAL-Political,0.5607843137254901,0.45024629188406745,4.294117647058823,ST-GBR-RR,0.6
1370,LR-REAL-Political,0.5725490196078431,0.4614118795975105,4.117647058823529,ST-GBR-RR,0.6
1371,LR-REAL-Political,0.6549019607843137,0.44039445406271155,4.176470588235294,ST-GBR-RR,0.6
1372,LR-REAL-Political,0.5333333333333333,0.4509835407482108,3.9411764705882355,ST-GBR-RR,0.6
1373,LR-REAL-Political,0.7333333333333334,0.4256426537524444,4.352941176470588,ST-GBR-RR,0.6
1374,LR-REAL-Political,0.603921568627451,0.4368305033032202,4.352941176470588,ST-GBR-RR,0.6
1375,LR-REAL-Political,0.6313725490196078,0.4327600966414225,4.117647058823529,ST-GBR-RR,0.6
1376,LR-REAL-Political,0.584313725490196,0.43440216218804495,4.294117647058823,ST-GBR-RR,0.6
1377,LR-REAL-Political,0.7411764705882353,0.45400431217168075,4.117647058823529,ST-GBR-RR,0.6
1378,LR-REAL-Political,0.6666666666666667,0.42900815927336805,4.294117647058823,ST-GBR-RR,0.6
1379,LR-REAL-Political,0.6078431372549019,0.4398444690241112,3.8823529411764706,ST-GBR-RR,0.6
1380,LR-REAL-Political,0.6588235294117648,0.4582581395182321,4.470588235294118,ST-GBR-RR,0.6
1381,LR-REAL-Political,0.5882352941176471,0.44323978407619935,4.352941176470588,ST-GBR-RR,0.6
1382,LR-REAL-Political,0.6666666666666667,0.39516303847188483,4.176470588235294,ST-GBR-RR,0.6
1383,LR-REAL-Political,0.6,0.43612550139118195,4.176470588235294,ST-GBR-RR,0.6
1384,LR-REAL-Political,0.6392156862745098,0.4226221459973422,4.294117647058823,ST-GBR-RR,0.6
1385,LR-REAL-Political,0.6941176470588235,0.4280117596490145,4.529411764705882,ST-GBR-RR,0.6
1386,LR-REAL-Political,0.6627450980392157,0.43093839545015133,4.352941176470588,ST-GBR-RR,0.6
1387,LR-REAL-Political,0.603921568627451,0.4368608139597254,4.117647058823529,ST-GBR-RR,0.6
1388,LR-REAL-Political,0.5764705882352942,0.4289598426706221,3.823529411764706,ST-GBR-RR,0.6
1389,LR-REAL-Political,0.6588235294117647,0.41522956627351765,4.9411764705882355,ST-GBR-RR,0.6
1390,LR-REAL-Political,0.6666666666666667,0.45933817659921183,4.235294117647059,ST-GBR-RR,0.6
1391,LR-REAL-Political,0.6156862745098041,0.4412185008028517,4.117647058823529,ST-GBR-RR,0.6
1392,LR-REAL-Political,0.6078431372549019,0.4434134297041346,4.176470588235294,ST-GBR-RR,0.6
1393,LR-REAL-Political,0.615686274509804,0.5129043570726267,4.352941176470588,ST-GBR-RR,0.6
1394,LR-REAL-Political,0.607843137254902,0.437214272724343,4.176470588235294,ST-GBR-RR,0.6
1395,LR-REAL-Political,0.6784313725490196,0.45590671225699614,4.0588235294117645,ST-GBR-RR,0.6
1396,LR-REAL-Political,0.615686274509804,0.4273393027947676,3.823529411764706,ST-GBR-RR,0.6
1397,LR-REAL-Political,0.592156862745098,0.43940965543434785,4.647058823529412,ST-GBR-RR,0.6
1398,LR-REAL-Political,0.6745098039215687,0.4468820157450705,4.0588235294117645,ST-GBR-RR,0.6
1399,LR-REAL-Political,0.7529411764705882,0.42332047612855106,4.411764705882353,ST-GBR-RR,0.6
1400,LR-REAL-Political,0.4509803921568627,0.5013521591582317,3.588235294117647,ST-GBR-PI,0.6
1401,LR-REAL-Political,0.26666666666666666,0.4395463897495874,3.411764705882353,ST-GBR-PI,0.6
1402,LR-REAL-Political,0.4156862745098039,0.4584748950806701,3.176470588235294,ST-GBR-PI,0.6
1403,LR-REAL-Political,0.39607843137254894,0.527364210332327,3.176470588235294,ST-GBR-PI,0.6
1404,LR-REAL-Political,0.3686274509803922,0.4232080038707386,3.5294117647058822,ST-GBR-PI,0.6
1405,LR-REAL-Political,0.23921568627450984,0.4636402458387604,3.0588235294117645,ST-GBR-PI,0.6
1406,LR-REAL-Political,0.2980392156862745,0.4300617679617575,2.411764705882353,ST-GBR-PI,0.6
1407,LR-REAL-Political,0.29803921568627456,0.43464840283791834,3.235294117647059,ST-GBR-PI,0.6
1408,LR-REAL-Political,0.29803921568627456,0.4426395479694333,3.0,ST-GBR-PI,0.6
1409,LR-REAL-Political,0.4156862745098039,0.45035119884958374,3.2941176470588234,ST-GBR-PI,0.6
1410,LR-REAL-Political,0.25098039215686274,0.44953921745898123,2.764705882352941,ST-GBR-PI,0.6
1411,LR-REAL-Political,0.4862745098039215,0.47030203992199504,3.0588235294117645,ST-GBR-PI,0.6
1412,LR-REAL-Political,0.3568627450980392,0.4518168450826134,3.3529411764705883,ST-GBR-PI,0.6
1413,LR-REAL-Political,0.28627450980392155,0.44376225903696764,2.764705882352941,ST-GBR-PI,0.6
1414,LR-REAL-Political,0.36470588235294116,0.44088893617369485,3.1176470588235294,ST-GBR-PI,0.6
1415,LR-REAL-Political,0.3686274509803921,0.4425644133414261,3.1176470588235294,ST-GBR-PI,0.6
1416,LR-REAL-Political,0.392156862745098,0.4454636390507241,2.9411764705882355,ST-GBR-PI,0.6
1417,LR-REAL-Political,0.30980392156862746,0.44479978370760676,2.764705882352941,ST-GBR-PI,0.6
1418,LR-REAL-Political,0.3058823529411765,0.4459091213649036,2.764705882352941,ST-GBR-PI,0.6
1419,LR-REAL-Political,0.30980392156862746,0.4294832079921462,2.764705882352941,ST-GBR-PI,0.6
1420,LR-REAL-Political,0.30588235294117644,0.4497574561528383,3.176470588235294,ST-GBR-PI,0.6
1421,LR-REAL-Political,0.27450980392156865,0.456335588773606,2.8823529411764706,ST-GBR-PI,0.6
1422,LR-REAL-Political,0.30588235294117644,0.4440173620974719,3.0588235294117645,ST-GBR-PI,0.6
1423,LR-REAL-Political,0.44313725490196076,0.4643537960563882,3.0588235294117645,ST-GBR-PI,0.6
1424,LR-REAL-Political,0.35294117647058826,0.430291391959978,2.8823529411764706,ST-GBR-PI,0.6
1425,LR-REAL-Political,0.3137254901960784,0.44786928181753555,2.588235294117647,ST-GBR-PI,0.6
1426,LR-REAL-Political,0.4470588235294118,0.5099438048968948,2.823529411764706,ST-GBR-PI,0.6
1427,LR-REAL-Political,0.37254901960784315,0.4454946417327086,2.9411764705882355,ST-GBR-PI,0.6
1428,LR-REAL-Political,0.26666666666666666,0.44087234315924734,2.588235294117647,ST-GBR-PI,0.6
1429,LR-REAL-Political,0.2980392156862745,0.4261815175784653,3.235294117647059,ST-GBR-PI,0.6
1430,LR-REAL-Political,0.36470588235294116,0.45634931955456853,3.0588235294117645,ST-GBR-PI,0.6
1431,LR-REAL-Political,0.34901960784313724,0.4356279907045227,3.4705882352941178,ST-GBR-PI,0.6
1432,LR-REAL-Political,0.3176470588235294,0.44356700786880243,2.7058823529411766,ST-GBR-PI,0.6
1433,LR-REAL-Political,0.3764705882352941,0.44663571369372773,3.176470588235294,ST-GBR-PI,0.6
1434,LR-REAL-Political,0.3019607843137255,0.41370828678116467,2.9411764705882355,ST-GBR-PI,0.6
1435,LR-REAL-Political,0.4431372549019607,0.45152610748482414,3.235294117647059,ST-GBR-PI,0.6
1436,LR-REAL-Political,0.2901960784313726,0.45048361460982866,2.9411764705882355,ST-GBR-PI,0.6
1437,LR-REAL-Political,0.35294117647058826,0.3812781464728127,3.176470588235294,ST-GBR-PI,0.6
1438,LR-REAL-Political,0.3647058823529412,0.4266264973131322,2.8823529411764706,ST-GBR-PI,0.6
1439,LR-REAL-Political,0.31764705882352945,0.4437816411309378,3.176470588235294,ST-GBR-PI,0.6
1440,LR-REAL-Political,0.2941176470588235,0.44256871572022377,2.9411764705882355,ST-GBR-PI,0.6
1441,LR-REAL-Political,0.30588235294117655,0.4191244404877507,3.2941176470588234,ST-GBR-PI,0.6
1442,LR-REAL-Political,0.36078431372549025,0.4410758079216734,3.235294117647059,ST-GBR-PI,0.6
1443,LR-REAL-Political,0.39999999999999997,0.44404123090744146,3.0588235294117645,ST-GBR-PI,0.6
1444,LR-REAL-Political,0.40392156862745093,0.4340753329503648,2.7058823529411766,ST-GBR-PI,0.6
1445,LR-REAL-Political,0.4392156862745098,0.4491900424491884,3.411764705882353,ST-GBR-PI,0.6
1446,LR-REAL-Political,0.3058823529411765,0.44031397532289684,3.176470588235294,ST-GBR-PI,0.6
1447,LR-REAL-Political,0.30980392156862746,0.37903424318265405,3.3529411764705883,ST-GBR-PI,0.6
1448,LR-REAL-Political,0.39607843137254894,0.4514217262876515,3.2941176470588234,ST-GBR-PI,0.6
1449,LR-REAL-Political,0.4313725490196078,0.43362614901527335,3.0588235294117645,ST-GBR-PI,0.6
1450,LR-REAL-Political,0.5921568627450982,0.46403237864806446,5.882352941176471,RPC-GB,0.6
1451,LR-REAL-Political,0.5058823529411764,0.48340664866245625,5.647058823529412,RPC-GB,0.6
1452,LR-REAL-Political,0.4784313725490196,0.46815550875498446,5.0588235294117645,RPC-GB,0.6
1453,LR-REAL-Political,0.4901960784313726,0.49235734960743466,6.0,RPC-GB,0.6
1454,LR-REAL-Political,0.4862745098039216,0.46133310507493536,5.294117647058823,RPC-GB,0.6
1455,LR-REAL-Political,0.5450980392156863,0.4865993122827542,6.0,RPC-GB,0.6
1456,LR-REAL-Political,0.3215686274509804,0.4490065415494341,5.764705882352941,RPC-GB,0.6
1457,LR-REAL-Political,0.5333333333333333,0.475801268361584,5.823529411764706,RPC-GB,0.6
1458,LR-REAL-Political,0.5568627450980392,0.4547605255563877,5.9411764705882355,RPC-GB,0.6
1459,LR-REAL-Political,0.44313725490196076,0.4640848973999164,5.764705882352941,RPC-GB,0.6
1460,LR-REAL-Political,0.611764705882353,0.4470331126960606,5.352941176470588,RPC-GB,0.6
1461,LR-REAL-Political,0.5725490196078431,0.467702562581345,5.823529411764706,RPC-GB,0.6
1462,LR-REAL-Political,0.5019607843137255,0.4479265992778462,5.882352941176471,RPC-GB,0.6
1463,LR-REAL-Political,0.4666666666666667,0.4650846065695652,5.882352941176471,RPC-GB,0.6
1464,LR-REAL-Political,0.5254901960784314,0.4570187827798104,5.823529411764706,RPC-GB,0.6
1465,LR-REAL-Political,0.4352941176470587,0.485066566225125,5.588235294117647,RPC-GB,0.6
1466,LR-REAL-Political,0.5333333333333333,0.46933368463249375,5.647058823529412,RPC-GB,0.6
1467,LR-REAL-Political,0.4078431372549019,0.4459078013723084,5.764705882352941,RPC-GB,0.6
1468,LR-REAL-Political,0.580392156862745,0.4516218849669791,5.705882352941177,RPC-GB,0.6
1469,LR-REAL-Political,0.5333333333333333,0.4755434990577071,5.823529411764706,RPC-GB,0.6
1470,LR-REAL-Political,0.4392156862745098,0.49371289882667224,5.882352941176471,RPC-GB,0.6
1471,LR-REAL-Political,0.4666666666666667,0.45818695030054546,5.705882352941177,RPC-GB,0.6
1472,LR-REAL-Political,0.5215686274509803,0.44240127297593046,5.882352941176471,RPC-GB,0.6
1473,LR-REAL-Political,0.6196078431372549,0.45229003493436243,5.882352941176471,RPC-GB,0.6
1474,LR-REAL-Political,0.4627450980392157,0.430654665137286,5.705882352941177,RPC-GB,0.6
1475,LR-REAL-Political,0.44705882352941184,0.456460970894449,5.647058823529412,RPC-GB,0.6
1476,LR-REAL-Political,0.4745098039215686,0.44757743756658785,5.882352941176471,RPC-GB,0.6
1477,LR-REAL-Political,0.611764705882353,0.45524593562322124,5.705882352941177,RPC-GB,0.6
1478,LR-REAL-Political,0.5607843137254903,0.4272934271614436,5.764705882352941,RPC-GB,0.6
1479,LR-REAL-Political,0.4901960784313726,0.4499911095482725,6.0,RPC-GB,0.6
1480,LR-REAL-Political,0.5686274509803921,0.4443925758566593,5.823529411764706,RPC-GB,0.6
1481,LR-REAL-Political,0.42745098039215684,0.5484417347663015,5.705882352941177,RPC-GB,0.6
1482,LR-REAL-Political,0.5215686274509804,0.44970151626568494,5.647058823529412,RPC-GB,0.6
1483,LR-REAL-Political,0.6352941176470589,0.4460512493835205,5.823529411764706,RPC-GB,0.6
1484,LR-REAL-Political,0.42745098039215684,0.44123193476421024,5.823529411764706,RPC-GB,0.6
1485,LR-REAL-Political,0.5058823529411764,0.45505684283022135,5.882352941176471,RPC-GB,0.6
1486,LR-REAL-Political,0.45490196078431366,0.4550594276876727,5.823529411764706,RPC-GB,0.6
1487,LR-REAL-Political,0.5215686274509803,0.48162854172522884,6.0,RPC-GB,0.6
1488,LR-REAL-Political,0.37254901960784315,0.4579904548918474,6.0,RPC-GB,0.6
1489,LR-REAL-Political,0.5019607843137254,0.4550218782742231,5.764705882352941,RPC-GB,0.6
1490,LR-REAL-Political,0.4784313725490196,0.47609477561192953,5.176470588235294,RPC-GB,0.6
1491,LR-REAL-Political,0.5529411764705883,0.4818076169087803,5.882352941176471,RPC-GB,0.6
1492,LR-REAL-Political,0.5098039215686275,0.4831048642353866,5.705882352941177,RPC-GB,0.6
1493,LR-REAL-Political,0.5176470588235295,0.44433560947783385,5.9411764705882355,RPC-GB,0.6
1494,LR-REAL-Political,0.3215686274509804,0.4771893260080241,5.9411764705882355,RPC-GB,0.6
1495,LR-REAL-Political,0.4392156862745098,0.45257929815288145,5.9411764705882355,RPC-GB,0.6
1496,LR-REAL-Political,0.5254901960784313,0.4506617093378188,5.9411764705882355,RPC-GB,0.6
1497,LR-REAL-Political,0.4784313725490196,0.46657238234704074,5.9411764705882355,RPC-GB,0.6
1498,LR-REAL-Political,0.49411764705882344,0.5062876070736142,5.9411764705882355,RPC-GB,0.6
1499,LR-REAL-Political,0.5450980392156863,0.4405326585442706,5.647058823529412,RPC-GB,0.6
