,data,tau_x_score,prediction_time,buckets_per_rank,algo,percentage
0,LR-REAL-Political,0.2588235294117647,1.2617065381855694,2.3529411764705883,Chain-GBR-PI,0.1
1,LR-REAL-Political,0.18039215686274512,1.2568307319242837,2.588235294117647,Chain-GBR-PI,0.1
2,LR-REAL-Political,0.17647058823529413,1.2729886143642088,2.588235294117647,Chain-GBR-PI,0.1
3,LR-REAL-Political,0.21176470588235294,1.2551144649564774,2.1176470588235294,Chain-GBR-PI,0.1
4,LR-REAL-Political,0.19607843137254902,1.2662651685886956,2.588235294117647,Chain-GBR-PI,0.1
5,LR-REAL-Political,0.2117647058823529,1.2529147891305783,2.235294117647059,Chain-GBR-PI,0.1
6,LR-REAL-Political,0.22745098039215686,1.2639925773087333,2.235294117647059,Chain-GBR-PI,0.1
7,LR-REAL-Political,0.2980392156862745,1.2689814895761944,2.2941176470588234,Chain-GBR-PI,0.1
8,LR-REAL-Political,0.3098039215686274,1.2750707428925754,2.5294117647058822,Chain-GBR-PI,0.1
9,LR-REAL-Political,0.3058823529411765,1.287211189092553,2.6470588235294117,Chain-GBR-PI,0.1
10,LR-REAL-Political,0.2,1.27994041490798,2.3529411764705883,Chain-GBR-PI,0.1
11,LR-REAL-Political,0.396078431372549,1.2885626828167678,2.2941176470588234,Chain-GBR-PI,0.1
12,LR-REAL-Political,0.2313725490196078,1.2727203869479764,2.6470588235294117,Chain-GBR-PI,0.1
13,LR-REAL-Political,0.21176470588235294,1.2711164642442778,2.176470588235294,Chain-GBR-PI,0.1
14,LR-REAL-Political,0.30588235294117644,1.2501940204129174,2.176470588235294,Chain-GBR-PI,0.1
15,LR-REAL-Political,0.23529411764705882,1.256635108173179,2.411764705882353,Chain-GBR-PI,0.1
16,LR-REAL-Political,0.19999999999999998,1.255453995022716,1.8823529411764706,Chain-GBR-PI,0.1
17,LR-REAL-Political,0.19607843137254902,1.2554413765781776,2.6470588235294117,Chain-GBR-PI,0.1
18,LR-REAL-Political,0.13725490196078433,1.252101083811229,2.1176470588235294,Chain-GBR-PI,0.1
19,LR-REAL-Political,0.07058823529411765,1.2539610405119137,2.176470588235294,Chain-GBR-PI,0.1
20,LR-REAL-Political,0.23137254901960783,1.2530181820807809,2.411764705882353,Chain-GBR-PI,0.1
21,LR-REAL-Political,0.14901960784313725,1.253594989707055,2.5294117647058822,Chain-GBR-PI,0.1
22,LR-REAL-Political,0.2392156862745098,1.2501150994655452,2.2941176470588234,Chain-GBR-PI,0.1
23,LR-REAL-Political,0.2392156862745098,1.2563443863993324,2.235294117647059,Chain-GBR-PI,0.1
24,LR-REAL-Political,0.17254901960784316,1.2659084600891781,2.411764705882353,Chain-GBR-PI,0.1
25,LR-REAL-Political,0.30980392156862746,1.272100591540784,2.4705882352941178,Chain-GBR-PI,0.1
26,LR-REAL-Political,0.16862745098039217,1.2679120947801577,2.235294117647059,Chain-GBR-PI,0.1
27,LR-REAL-Political,0.32549019607843144,1.2820744758382148,2.4705882352941178,Chain-GBR-PI,0.1
28,LR-REAL-Political,0.09411764705882353,1.2502220995851685,1.9411764705882353,Chain-GBR-PI,0.1
29,LR-REAL-Political,0.2745098039215686,1.2495693306798463,2.588235294117647,Chain-GBR-PI,0.1
30,LR-REAL-Political,0.33333333333333337,1.235574653896933,2.3529411764705883,Chain-GBR-PI,0.1
31,LR-REAL-Political,0.08627450980392158,1.2747952925094934,2.3529411764705883,Chain-GBR-PI,0.1
32,LR-REAL-Political,0.27450980392156865,1.244134107584628,2.176470588235294,Chain-GBR-PI,0.1
33,LR-REAL-Political,0.3176470588235294,1.2473171340128084,2.588235294117647,Chain-GBR-PI,0.1
34,LR-REAL-Political,0.13333333333333336,1.2466929405442657,2.235294117647059,Chain-GBR-PI,0.1
35,LR-REAL-Political,0.20392156862745098,1.2499473143441717,1.8823529411764706,Chain-GBR-PI,0.1
36,LR-REAL-Political,0.2392156862745098,1.2550168281270908,2.411764705882353,Chain-GBR-PI,0.1
37,LR-REAL-Political,0.1607843137254902,1.2661919538106645,2.1176470588235294,Chain-GBR-PI,0.1
38,LR-REAL-Political,0.17647058823529413,1.2635285706754074,2.4705882352941178,Chain-GBR-PI,0.1
39,LR-REAL-Political,0.12549019607843134,1.2622868289478102,2.411764705882353,Chain-GBR-PI,0.1
40,LR-REAL-Political,0.12941176470588237,1.2552784819180354,2.1176470588235294,Chain-GBR-PI,0.1
41,LR-REAL-Political,0.2509803921568628,1.2643816758640507,2.0,Chain-GBR-PI,0.1
42,LR-REAL-Political,0.3058823529411765,1.2724186274710212,2.6470588235294117,Chain-GBR-PI,0.1
43,LR-REAL-Political,0.26666666666666666,1.273822871284799,2.2941176470588234,Chain-GBR-PI,0.1
44,LR-REAL-Political,0.23137254901960785,1.2586603276410475,2.176470588235294,Chain-GBR-PI,0.1
45,LR-REAL-Political,0.19999999999999998,1.2430347688538663,2.0588235294117645,Chain-GBR-PI,0.1
46,LR-REAL-Political,0.16862745098039217,1.2625211088822461,2.4705882352941178,Chain-GBR-PI,0.1
47,LR-REAL-Political,0.2901960784313726,1.2658555687643074,2.4705882352941178,Chain-GBR-PI,0.1
48,LR-REAL-Political,0.1450980392156863,1.2674049724258782,2.588235294117647,Chain-GBR-PI,0.1
49,LR-REAL-Political,0.2901960784313725,1.2605173618182262,2.176470588235294,Chain-GBR-PI,0.1
50,LR-REAL-Political,0.5882352941176471,1.2330919320591633,3.823529411764706,Chain-GBR-RR,0.1
51,LR-REAL-Political,0.4901960784313725,1.2400706964153858,4.176470588235294,Chain-GBR-RR,0.1
52,LR-REAL-Political,0.5019607843137256,1.255885230728176,4.294117647058823,Chain-GBR-RR,0.1
53,LR-REAL-Political,0.49803921568627463,1.2433346584852352,4.0,Chain-GBR-RR,0.1
54,LR-REAL-Political,0.5607843137254903,1.2521429792013579,4.470588235294118,Chain-GBR-RR,0.1
55,LR-REAL-Political,0.6274509803921569,1.242180017532749,4.352941176470588,Chain-GBR-RR,0.1
56,LR-REAL-Political,0.5215686274509804,1.2446363522953006,4.294117647058823,Chain-GBR-RR,0.1
57,LR-REAL-Political,0.6156862745098038,1.2435260812702404,4.0588235294117645,Chain-GBR-RR,0.1
58,LR-REAL-Political,0.607843137254902,1.2520030464746912,4.235294117647059,Chain-GBR-RR,0.1
59,LR-REAL-Political,0.47058823529411764,1.274562021414006,4.588235294117647,Chain-GBR-RR,0.1
60,LR-REAL-Political,0.592156862745098,1.247260731861613,4.411764705882353,Chain-GBR-RR,0.1
61,LR-REAL-Political,0.7411764705882353,1.2614348412489824,4.117647058823529,Chain-GBR-RR,0.1
62,LR-REAL-Political,0.6039215686274509,1.2391540072036982,4.117647058823529,Chain-GBR-RR,0.1
63,LR-REAL-Political,0.5725490196078432,1.231747525512465,3.764705882352941,Chain-GBR-RR,0.1
64,LR-REAL-Political,0.6666666666666666,1.2197213493492316,4.0,Chain-GBR-RR,0.1
65,LR-REAL-Political,0.5372549019607843,1.2403326115788191,3.9411764705882355,Chain-GBR-RR,0.1
66,LR-REAL-Political,0.5686274509803921,1.2309188564483704,3.8823529411764706,Chain-GBR-RR,0.1
67,LR-REAL-Political,0.4509803921568627,1.2324908599196636,4.117647058823529,Chain-GBR-RR,0.1
68,LR-REAL-Political,0.4235294117647058,1.2267164563485669,3.8823529411764706,Chain-GBR-RR,0.1
69,LR-REAL-Political,0.5215686274509803,1.2343389175368442,4.294117647058823,Chain-GBR-RR,0.1
70,LR-REAL-Political,0.4901960784313725,1.2280743698004366,4.0,Chain-GBR-RR,0.1
71,LR-REAL-Political,0.5333333333333334,1.2359415846671546,4.235294117647059,Chain-GBR-RR,0.1
72,LR-REAL-Political,0.5176470588235293,1.2364503787222572,4.294117647058823,Chain-GBR-RR,0.1
73,LR-REAL-Political,0.5647058823529413,1.235258861878324,4.235294117647059,Chain-GBR-RR,0.1
74,LR-REAL-Political,0.4666666666666667,1.255168998309353,3.8823529411764706,Chain-GBR-RR,0.1
75,LR-REAL-Political,0.6549019607843137,1.2545273989986419,4.529411764705882,Chain-GBR-RR,0.1
76,LR-REAL-Political,0.4392156862745098,1.247772117527228,4.117647058823529,Chain-GBR-RR,0.1
77,LR-REAL-Political,0.6980392156862746,1.2816721094398127,4.352941176470588,Chain-GBR-RR,0.1
78,LR-REAL-Political,0.4588235294117647,1.233744023913932,3.9411764705882355,Chain-GBR-RR,0.1
79,LR-REAL-Political,0.5490196078431373,1.2295337996436417,4.411764705882353,Chain-GBR-RR,0.1
80,LR-REAL-Political,0.6823529411764707,1.2159254155058492,4.235294117647059,Chain-GBR-RR,0.1
81,LR-REAL-Political,0.3058823529411765,1.2310750867620242,4.352941176470588,Chain-GBR-RR,0.1
82,LR-REAL-Political,0.5960784313725491,1.2314164202157243,4.117647058823529,Chain-GBR-RR,0.1
83,LR-REAL-Political,0.6078431372549019,1.2302476108987515,4.235294117647059,Chain-GBR-RR,0.1
84,LR-REAL-Political,0.6588235294117648,1.2365456219558364,4.235294117647059,Chain-GBR-RR,0.1
85,LR-REAL-Political,0.6196078431372549,1.232268543801043,3.9411764705882355,Chain-GBR-RR,0.1
86,LR-REAL-Political,0.5725490196078431,1.229649353435387,4.235294117647059,Chain-GBR-RR,0.1
87,LR-REAL-Political,0.5254901960784313,1.2371867740149125,4.176470588235294,Chain-GBR-RR,0.1
88,LR-REAL-Political,0.5058823529411764,1.236721068275867,4.0588235294117645,Chain-GBR-RR,0.1
89,LR-REAL-Political,0.5411764705882354,1.2353513363321573,4.235294117647059,Chain-GBR-RR,0.1
90,LR-REAL-Political,0.5647058823529412,1.2287662111049253,4.294117647058823,Chain-GBR-RR,0.1
91,LR-REAL-Political,0.6862745098039216,1.2444640604537693,4.117647058823529,Chain-GBR-RR,0.1
92,LR-REAL-Political,0.5098039215686274,1.2401888636251037,4.176470588235294,Chain-GBR-RR,0.1
93,LR-REAL-Political,0.6274509803921567,1.2362170881425185,4.235294117647059,Chain-GBR-RR,0.1
94,LR-REAL-Political,0.4980392156862745,1.234689150819155,4.0,Chain-GBR-RR,0.1
95,LR-REAL-Political,0.5215686274509803,1.2239753372367357,4.0588235294117645,Chain-GBR-RR,0.1
96,LR-REAL-Political,0.5607843137254902,1.2409313638879336,4.0,Chain-GBR-RR,0.1
97,LR-REAL-Political,0.5215686274509804,1.2506804473133233,4.352941176470588,Chain-GBR-RR,0.1
98,LR-REAL-Political,0.4549019607843137,1.2460862274600564,4.176470588235294,Chain-GBR-RR,0.1
99,LR-REAL-Political,0.7215686274509805,1.2443084161996445,4.176470588235294,Chain-GBR-RR,0.1
100,LR-REAL-Political,0.7294117647058824,1.549194863159773,4.588235294117647,ST-GBR-RR,0.1
101,LR-REAL-Political,0.596078431372549,0.4887933106025564,4.352941176470588,ST-GBR-RR,0.1
102,LR-REAL-Political,0.7058823529411764,0.49994374867757224,4.294117647058823,ST-GBR-RR,0.1
103,LR-REAL-Political,0.6666666666666666,0.5027797827410267,4.411764705882353,ST-GBR-RR,0.1
104,LR-REAL-Political,0.619607843137255,0.505786396160408,4.235294117647059,ST-GBR-RR,0.1
105,LR-REAL-Political,0.607843137254902,0.49567458793587466,4.117647058823529,ST-GBR-RR,0.1
106,LR-REAL-Political,0.6627450980392158,0.4992081427230789,4.294117647058823,ST-GBR-RR,0.1
107,LR-REAL-Political,0.7333333333333334,0.4883207391029535,4.705882352941177,ST-GBR-RR,0.1
108,LR-REAL-Political,0.7058823529411765,0.6187133781536216,4.470588235294118,ST-GBR-RR,0.1
109,LR-REAL-Political,0.6431372549019608,0.525460124293813,4.529411764705882,ST-GBR-RR,0.1
110,LR-REAL-Political,0.7333333333333334,0.5763652137688944,4.294117647058823,ST-GBR-RR,0.1
111,LR-REAL-Political,0.7529411764705882,0.4968646547752021,4.647058823529412,ST-GBR-RR,0.1
112,LR-REAL-Political,0.7411764705882353,0.5257555490180873,4.705882352941177,ST-GBR-RR,0.1
113,LR-REAL-Political,0.6745098039215686,0.5817768017571707,4.705882352941177,ST-GBR-RR,0.1
114,LR-REAL-Political,0.6745098039215687,0.562823810026894,4.529411764705882,ST-GBR-RR,0.1
115,LR-REAL-Political,0.6549019607843137,0.48987703293947715,4.294117647058823,ST-GBR-RR,0.1
116,LR-REAL-Political,0.611764705882353,0.5082420705478948,4.117647058823529,ST-GBR-RR,0.1
117,LR-REAL-Political,0.6000000000000001,0.5662699979472893,4.352941176470588,ST-GBR-RR,0.1
118,LR-REAL-Political,0.5960784313725491,0.5018698645533267,3.9411764705882355,ST-GBR-RR,0.1
119,LR-REAL-Political,0.615686274509804,0.4922819255139403,4.352941176470588,ST-GBR-RR,0.1
120,LR-REAL-Political,0.6941176470588236,0.6443938592938423,4.235294117647059,ST-GBR-RR,0.1
121,LR-REAL-Political,0.6941176470588235,0.5036683019792682,4.235294117647059,ST-GBR-RR,0.1
122,LR-REAL-Political,0.5960784313725489,0.5196321692361598,4.117647058823529,ST-GBR-RR,0.1
123,LR-REAL-Political,0.7450980392156863,0.5016755132346313,4.647058823529412,ST-GBR-RR,0.1
124,LR-REAL-Political,0.6470588235294117,0.493777500704064,4.352941176470588,ST-GBR-RR,0.1
125,LR-REAL-Political,0.6392156862745098,0.5202220576097467,4.588235294117647,ST-GBR-RR,0.1
126,LR-REAL-Political,0.596078431372549,0.4857295011651422,4.470588235294118,ST-GBR-RR,0.1
127,LR-REAL-Political,0.807843137254902,0.5102116033366991,4.705882352941177,ST-GBR-RR,0.1
128,LR-REAL-Political,0.6392156862745099,0.4932201023176925,4.294117647058823,ST-GBR-RR,0.1
129,LR-REAL-Political,0.6549019607843137,0.4986850511312328,4.235294117647059,ST-GBR-RR,0.1
130,LR-REAL-Political,0.6666666666666667,0.5001669331252507,4.411764705882353,ST-GBR-RR,0.1
131,LR-REAL-Political,0.5294117647058825,0.49268394270640653,4.117647058823529,ST-GBR-RR,0.1
132,LR-REAL-Political,0.7254901960784315,0.4798301333281334,4.411764705882353,ST-GBR-RR,0.1
133,LR-REAL-Political,0.6941176470588236,0.49163297227764974,4.705882352941177,ST-GBR-RR,0.1
134,LR-REAL-Political,0.7372549019607844,0.5006623174879962,4.352941176470588,ST-GBR-RR,0.1
135,LR-REAL-Political,0.7137254901960786,0.4996129527198756,4.529411764705882,ST-GBR-RR,0.1
136,LR-REAL-Political,0.7058823529411764,0.4969675654883122,4.411764705882353,ST-GBR-RR,0.1
137,LR-REAL-Political,0.6509803921568628,0.4961190386206397,4.588235294117647,ST-GBR-RR,0.1
138,LR-REAL-Political,0.6470588235294118,0.5140519757410968,4.470588235294118,ST-GBR-RR,0.1
139,LR-REAL-Political,0.6901960784313725,0.5063952779493452,4.470588235294118,ST-GBR-RR,0.1
140,LR-REAL-Political,0.6196078431372549,0.5013425811700334,3.9411764705882355,ST-GBR-RR,0.1
141,LR-REAL-Political,0.7137254901960784,0.4991421297089195,4.352941176470588,ST-GBR-RR,0.1
142,LR-REAL-Political,0.5725490196078431,0.570714738493975,4.470588235294118,ST-GBR-RR,0.1
143,LR-REAL-Political,0.6862745098039216,0.48298136703896255,4.470588235294118,ST-GBR-RR,0.1
144,LR-REAL-Political,0.7176470588235295,0.500898648871608,4.647058823529412,ST-GBR-RR,0.1
145,LR-REAL-Political,0.6039215686274509,0.512099814853137,4.411764705882353,ST-GBR-RR,0.1
146,LR-REAL-Political,0.6784313725490196,0.49281977920562636,4.529411764705882,ST-GBR-RR,0.1
147,LR-REAL-Political,0.5843137254901961,0.4906446214567018,4.588235294117647,ST-GBR-RR,0.1
148,LR-REAL-Political,0.6705882352941177,0.47147468195056,4.294117647058823,ST-GBR-RR,0.1
149,LR-REAL-Political,0.8274509803921568,0.5117253656178087,4.529411764705882,ST-GBR-RR,0.1
150,LR-REAL-Political,0.4156862745098039,1.5397851543561272,3.0588235294117645,ST-GBR-PI,0.1
151,LR-REAL-Political,0.27843137254901956,1.4658497515777622,2.6470588235294117,ST-GBR-PI,0.1
152,LR-REAL-Political,0.4862745098039216,1.3567202552372772,3.411764705882353,ST-GBR-PI,0.1
153,LR-REAL-Political,0.4352941176470588,0.5064545604083601,3.235294117647059,ST-GBR-PI,0.1
154,LR-REAL-Political,0.3607843137254902,0.5275754057727853,3.411764705882353,ST-GBR-PI,0.1
155,LR-REAL-Political,0.2862745098039216,1.3698710385656108,2.764705882352941,ST-GBR-PI,0.1
156,LR-REAL-Political,0.396078431372549,0.4938416358636609,3.0588235294117645,ST-GBR-PI,0.1
157,LR-REAL-Political,0.4784313725490196,0.4893543734411658,3.176470588235294,ST-GBR-PI,0.1
158,LR-REAL-Political,0.4117647058823529,0.5156816899318262,3.411764705882353,ST-GBR-PI,0.1
159,LR-REAL-Political,0.35294117647058826,0.5312456523492968,3.235294117647059,ST-GBR-PI,0.1
160,LR-REAL-Political,0.42745098039215684,0.5055846173250708,2.823529411764706,ST-GBR-PI,0.1
161,LR-REAL-Political,0.4901960784313726,0.49772551958741595,2.7058823529411766,ST-GBR-PI,0.1
162,LR-REAL-Political,0.45490196078431366,0.5105392561652711,3.2941176470588234,ST-GBR-PI,0.1
163,LR-REAL-Political,0.39999999999999997,0.5719199747890302,2.764705882352941,ST-GBR-PI,0.1
164,LR-REAL-Political,0.4078431372549019,0.5036948364911966,3.235294117647059,ST-GBR-PI,0.1
165,LR-REAL-Political,0.31764705882352945,0.5042248844040136,3.0,ST-GBR-PI,0.1
166,LR-REAL-Political,0.4392156862745098,0.49016785455293843,3.2941176470588234,ST-GBR-PI,0.1
167,LR-REAL-Political,0.38823529411764707,0.5143489101738484,3.2941176470588234,ST-GBR-PI,0.1
168,LR-REAL-Political,0.32941176470588235,0.4970505388220249,3.1176470588235294,ST-GBR-PI,0.1
169,LR-REAL-Political,0.3411764705882353,0.5003281639581945,2.823529411764706,ST-GBR-PI,0.1
170,LR-REAL-Political,0.4470588235294118,0.6586008596432489,3.2941176470588234,ST-GBR-PI,0.1
171,LR-REAL-Political,0.4117647058823529,0.5055970447018431,3.1176470588235294,ST-GBR-PI,0.1
172,LR-REAL-Political,0.3607843137254902,0.5143670782412624,2.8823529411764706,ST-GBR-PI,0.1
173,LR-REAL-Political,0.5137254901960785,0.4952454137572319,3.0,ST-GBR-PI,0.1
174,LR-REAL-Political,0.3254901960784313,0.4988473322059914,2.7058823529411766,ST-GBR-PI,0.1
175,LR-REAL-Political,0.3058823529411765,0.6148425019819882,3.3529411764705883,ST-GBR-PI,0.1
176,LR-REAL-Political,0.45098039215686275,0.4852816782784941,3.235294117647059,ST-GBR-PI,0.1
177,LR-REAL-Political,0.45490196078431366,0.5190798592937355,3.0,ST-GBR-PI,0.1
178,LR-REAL-Political,0.29411764705882354,0.5085541893256091,2.5294117647058822,ST-GBR-PI,0.1
179,LR-REAL-Political,0.33725490196078434,0.5108613190743021,3.0588235294117645,ST-GBR-PI,0.1
180,LR-REAL-Political,0.4078431372549019,0.4540178385841188,2.9411764705882355,ST-GBR-PI,0.1
181,LR-REAL-Political,0.34509803921568627,0.5005948971956018,3.4705882352941178,ST-GBR-PI,0.1
182,LR-REAL-Political,0.41568627450980394,0.49323406289223976,3.4705882352941178,ST-GBR-PI,0.1
183,LR-REAL-Political,0.4235294117647059,0.46699710964606717,3.0588235294117645,ST-GBR-PI,0.1
184,LR-REAL-Political,0.40784313725490196,0.5058014985707804,3.0588235294117645,ST-GBR-PI,0.1
185,LR-REAL-Political,0.5176470588235293,0.48934691297382366,3.0,ST-GBR-PI,0.1
186,LR-REAL-Political,0.4196078431372549,0.47880957197026774,3.235294117647059,ST-GBR-PI,0.1
187,LR-REAL-Political,0.36470588235294116,0.5252487015745582,3.2941176470588234,ST-GBR-PI,0.1
188,LR-REAL-Political,0.33725490196078434,0.5027480954963344,2.8823529411764706,ST-GBR-PI,0.1
189,LR-REAL-Political,0.3490196078431373,0.4980066423434556,3.235294117647059,ST-GBR-PI,0.1
190,LR-REAL-Political,0.3411764705882353,0.5121448840976064,3.2941176470588234,ST-GBR-PI,0.1
191,LR-REAL-Political,0.41568627450980394,0.4989358084121469,3.235294117647059,ST-GBR-PI,0.1
192,LR-REAL-Political,0.3568627450980392,0.5184189291867788,3.176470588235294,ST-GBR-PI,0.1
193,LR-REAL-Political,0.4666666666666666,0.5009156296019823,2.823529411764706,ST-GBR-PI,0.1
194,LR-REAL-Political,0.4745098039215686,0.48940417105048856,3.2941176470588234,ST-GBR-PI,0.1
195,LR-REAL-Political,0.3764705882352941,0.5114361969355374,3.235294117647059,ST-GBR-PI,0.1
196,LR-REAL-Political,0.3254901960784314,0.500867192188476,3.1176470588235294,ST-GBR-PI,0.1
197,LR-REAL-Political,0.30980392156862746,0.5112199299481158,3.176470588235294,ST-GBR-PI,0.1
198,LR-REAL-Political,0.3686274509803922,0.5116319710189958,3.3529411764705883,ST-GBR-PI,0.1
199,LR-REAL-Political,0.4745098039215686,0.5146769600769336,3.0588235294117645,ST-GBR-PI,0.1
200,LR-REAL-Political,0.7176470588235294,0.6472547175386791,5.176470588235294,RPC-GB,0.1
201,LR-REAL-Political,0.5254901960784314,0.6572527589721022,4.764705882352941,RPC-GB,0.1
202,LR-REAL-Political,0.6862745098039216,0.6548630101332689,4.588235294117647,RPC-GB,0.1
203,LR-REAL-Political,0.6666666666666667,0.6367400712849026,4.882352941176471,RPC-GB,0.1
204,LR-REAL-Political,0.6705882352941178,0.6671697651071625,5.352941176470588,RPC-GB,0.1
205,LR-REAL-Political,0.6313725490196078,0.6790636298880764,4.764705882352941,RPC-GB,0.1
206,LR-REAL-Political,0.6156862745098038,0.6263771582982397,4.352941176470588,RPC-GB,0.1
207,LR-REAL-Political,0.7019607843137255,0.6100780583795743,5.352941176470588,RPC-GB,0.1
208,LR-REAL-Political,0.6313725490196078,0.6752832360990241,4.705882352941177,RPC-GB,0.1
209,LR-REAL-Political,0.6980392156862745,0.6805287497562059,5.117647058823529,RPC-GB,0.1
210,LR-REAL-Political,0.7294117647058824,0.6822742301894467,4.705882352941177,RPC-GB,0.1
211,LR-REAL-Political,0.7137254901960784,0.6854144047179963,5.235294117647059,RPC-GB,0.1
212,LR-REAL-Political,0.7529411764705883,0.6796129421469844,4.705882352941177,RPC-GB,0.1
213,LR-REAL-Political,0.7058823529411766,0.6541913182245216,5.176470588235294,RPC-GB,0.1
214,LR-REAL-Political,0.6431372549019608,0.6356731786058408,4.823529411764706,RPC-GB,0.1
215,LR-REAL-Political,0.5607843137254902,0.6755154947091007,4.588235294117647,RPC-GB,0.1
216,LR-REAL-Political,0.588235294117647,0.652674211529354,4.352941176470588,RPC-GB,0.1
217,LR-REAL-Political,0.6039215686274509,0.6697588574890657,4.823529411764706,RPC-GB,0.1
218,LR-REAL-Political,0.6,0.6679513933202192,4.411764705882353,RPC-GB,0.1
219,LR-REAL-Political,0.6039215686274509,0.6703327173127432,4.588235294117647,RPC-GB,0.1
220,LR-REAL-Political,0.6705882352941177,0.6275710665843568,4.9411764705882355,RPC-GB,0.1
221,LR-REAL-Political,0.6784313725490196,0.6181263166356697,5.0,RPC-GB,0.1
222,LR-REAL-Political,0.5607843137254901,0.6184250301838261,4.764705882352941,RPC-GB,0.1
223,LR-REAL-Political,0.7294117647058823,0.6610296273109473,5.0,RPC-GB,0.1
224,LR-REAL-Political,0.5686274509803921,0.6477989793011476,4.176470588235294,RPC-GB,0.1
225,LR-REAL-Political,0.6078431372549019,0.6827610932460854,4.647058823529412,RPC-GB,0.1
226,LR-REAL-Political,0.5764705882352942,0.6486376014149036,4.352941176470588,RPC-GB,0.1
227,LR-REAL-Political,0.7176470588235294,0.6330985148476189,4.647058823529412,RPC-GB,0.1
228,LR-REAL-Political,0.6313725490196078,0.66985591043731,4.352941176470588,RPC-GB,0.1
229,LR-REAL-Political,0.6627450980392157,0.6108952481142491,4.823529411764706,RPC-GB,0.1
230,LR-REAL-Political,0.611764705882353,0.6233914746717251,4.411764705882353,RPC-GB,0.1
231,LR-REAL-Political,0.5098039215686274,0.6234136812600513,4.764705882352941,RPC-GB,0.1
232,LR-REAL-Political,0.6549019607843137,0.618325961789245,4.352941176470588,RPC-GB,0.1
233,LR-REAL-Political,0.7098039215686275,0.6093399858502261,5.0588235294117645,RPC-GB,0.1
234,LR-REAL-Political,0.6901960784313725,0.6126513496072578,4.588235294117647,RPC-GB,0.1
235,LR-REAL-Political,0.6352941176470589,0.6138732817915044,4.882352941176471,RPC-GB,0.1
236,LR-REAL-Political,0.6784313725490196,0.6709139508393059,4.9411764705882355,RPC-GB,0.1
237,LR-REAL-Political,0.596078431372549,0.6571695365368941,4.647058823529412,RPC-GB,0.1
238,LR-REAL-Political,0.7176470588235295,0.6612084710289302,4.882352941176471,RPC-GB,0.1
239,LR-REAL-Political,0.6666666666666667,0.6612125690929335,4.705882352941177,RPC-GB,0.1
240,LR-REAL-Political,0.6862745098039217,0.6471417627112983,4.764705882352941,RPC-GB,0.1
241,LR-REAL-Political,0.7372549019607844,0.6836165764948491,5.117647058823529,RPC-GB,0.1
242,LR-REAL-Political,0.5725490196078432,0.644217846274407,4.588235294117647,RPC-GB,0.1
243,LR-REAL-Political,0.6901960784313727,0.6486573665213428,5.0,RPC-GB,0.1
244,LR-REAL-Political,0.6509803921568628,0.6148814195571476,4.411764705882353,RPC-GB,0.1
245,LR-REAL-Political,0.5882352941176471,0.6744387983088351,4.588235294117647,RPC-GB,0.1
246,LR-REAL-Political,0.607843137254902,0.6623934014217442,4.764705882352941,RPC-GB,0.1
247,LR-REAL-Political,0.6039215686274509,0.6224930665181088,4.9411764705882355,RPC-GB,0.1
248,LR-REAL-Political,0.6627450980392158,0.6772954643642807,4.0,RPC-GB,0.1
249,LR-REAL-Political,0.7176470588235295,0.6712565861211034,4.529411764705882,RPC-GB,0.1
250,LR-REAL-Political,0.1568627450980392,1.2589184514763907,2.2941176470588234,Chain-GBR-PI,0.2
251,LR-REAL-Political,0.13333333333333333,1.2564317031691379,2.3529411764705883,Chain-GBR-PI,0.2
252,LR-REAL-Political,0.3215686274509804,1.252005151241942,2.411764705882353,Chain-GBR-PI,0.2
253,LR-REAL-Political,0.2431372549019608,1.2521744103297325,2.176470588235294,Chain-GBR-PI,0.2
254,LR-REAL-Political,0.2235294117647059,1.2778506392427593,2.2941176470588234,Chain-GBR-PI,0.2
255,LR-REAL-Political,0.1215686274509804,1.2853487495272173,2.176470588235294,Chain-GBR-PI,0.2
256,LR-REAL-Political,0.1843137254901961,1.2674378672355469,2.411764705882353,Chain-GBR-PI,0.2
257,LR-REAL-Political,0.34901960784313724,1.2572289084447734,1.9411764705882353,Chain-GBR-PI,0.2
258,LR-REAL-Political,0.13725490196078433,1.2634973188025986,1.8235294117647058,Chain-GBR-PI,0.2
259,LR-REAL-Political,0.2627450980392157,1.262812037431292,2.3529411764705883,Chain-GBR-PI,0.2
260,LR-REAL-Political,0.17254901960784313,1.2474210293766312,2.2941176470588234,Chain-GBR-PI,0.2
261,LR-REAL-Political,0.20784313725490197,1.2640702299251847,2.235294117647059,Chain-GBR-PI,0.2
262,LR-REAL-Political,0.2823529411764706,1.2665261582199252,2.588235294117647,Chain-GBR-PI,0.2
263,LR-REAL-Political,0.30196078431372547,1.260337890714596,2.176470588235294,Chain-GBR-PI,0.2
264,LR-REAL-Political,0.12941176470588237,1.2434906444411884,1.7647058823529411,Chain-GBR-PI,0.2
265,LR-REAL-Political,0.22745098039215683,1.2892937120520065,2.0588235294117645,Chain-GBR-PI,0.2
266,LR-REAL-Political,0.1411764705882353,1.25108436027706,2.235294117647059,Chain-GBR-PI,0.2
267,LR-REAL-Political,0.19607843137254902,1.2505826638890984,2.1176470588235294,Chain-GBR-PI,0.2
268,LR-REAL-Political,0.21568627450980393,1.2688869359846218,2.176470588235294,Chain-GBR-PI,0.2
269,LR-REAL-Political,0.17647058823529413,1.3679869739357768,1.8823529411764706,Chain-GBR-PI,0.2
270,LR-REAL-Political,0.09019607843137255,1.2704864708341685,2.0588235294117645,Chain-GBR-PI,0.2
271,LR-REAL-Political,0.2784313725490196,1.2579371071484051,2.411764705882353,Chain-GBR-PI,0.2
272,LR-REAL-Political,0.1843137254901961,1.2618932702949863,2.0,Chain-GBR-PI,0.2
273,LR-REAL-Political,0.17254901960784316,1.2603749542601643,2.0,Chain-GBR-PI,0.2
274,LR-REAL-Political,0.1411764705882353,1.2509033191361583,1.8823529411764706,Chain-GBR-PI,0.2
275,LR-REAL-Political,0.1372549019607843,1.2802798997001592,2.235294117647059,Chain-GBR-PI,0.2
276,LR-REAL-Political,0.196078431372549,1.2482605062539345,2.0588235294117645,Chain-GBR-PI,0.2
277,LR-REAL-Political,0.28235294117647064,1.2525152069418315,2.2941176470588234,Chain-GBR-PI,0.2
278,LR-REAL-Political,0.15686274509803924,1.2377857147846936,2.0588235294117645,Chain-GBR-PI,0.2
279,LR-REAL-Political,0.19215686274509802,1.254455113906196,2.1176470588235294,Chain-GBR-PI,0.2
280,LR-REAL-Political,0.17254901960784316,1.2472462810016285,2.0588235294117645,Chain-GBR-PI,0.2
281,LR-REAL-Political,0.20784313725490194,1.2510050726447721,2.411764705882353,Chain-GBR-PI,0.2
282,LR-REAL-Political,0.2745098039215686,1.248549485152353,2.1176470588235294,Chain-GBR-PI,0.2
283,LR-REAL-Political,0.23921568627450984,1.2589362234535377,2.176470588235294,Chain-GBR-PI,0.2
284,LR-REAL-Political,0.2156862745098039,1.2488519850650937,2.3529411764705883,Chain-GBR-PI,0.2
285,LR-REAL-Political,0.34117647058823536,1.2458873008993359,2.235294117647059,Chain-GBR-PI,0.2
286,LR-REAL-Political,0.16470588235294117,1.257193271521544,2.2941176470588234,Chain-GBR-PI,0.2
287,LR-REAL-Political,0.17647058823529413,1.2816944612551042,2.176470588235294,Chain-GBR-PI,0.2
288,LR-REAL-Political,0.08235294117647059,1.2498822123195874,1.6470588235294117,Chain-GBR-PI,0.2
289,LR-REAL-Political,0.07843137254901962,1.2570735351872302,2.176470588235294,Chain-GBR-PI,0.2
290,LR-REAL-Political,0.22745098039215683,1.2513549304699465,2.411764705882353,Chain-GBR-PI,0.2
291,LR-REAL-Political,0.1843137254901961,1.2560963892757724,2.2941176470588234,Chain-GBR-PI,0.2
292,LR-REAL-Political,0.13725490196078433,1.2656755168717069,2.0,Chain-GBR-PI,0.2
293,LR-REAL-Political,0.12941176470588234,1.2734433847566382,2.0,Chain-GBR-PI,0.2
294,LR-REAL-Political,0.30588235294117655,1.263170692354371,2.4705882352941178,Chain-GBR-PI,0.2
295,LR-REAL-Political,0.18823529411764706,1.2589870379322425,2.176470588235294,Chain-GBR-PI,0.2
296,LR-REAL-Political,0.07450980392156864,1.2590802054279913,2.411764705882353,Chain-GBR-PI,0.2
297,LR-REAL-Political,0.19215686274509802,1.272177351005349,2.235294117647059,Chain-GBR-PI,0.2
298,LR-REAL-Political,0.26666666666666666,1.2595690270723587,2.1176470588235294,Chain-GBR-PI,0.2
299,LR-REAL-Political,0.06274509803921569,1.263517461345647,1.8823529411764706,Chain-GBR-PI,0.2
300,LR-REAL-Political,0.47058823529411764,1.237650875159465,4.0,Chain-GBR-RR,0.2
301,LR-REAL-Political,0.3490196078431373,1.234070859256112,4.0588235294117645,Chain-GBR-RR,0.2
302,LR-REAL-Political,0.5764705882352942,1.2393332586927708,4.235294117647059,Chain-GBR-RR,0.2
303,LR-REAL-Political,0.5333333333333334,1.2316361308961052,4.0588235294117645,Chain-GBR-RR,0.2
304,LR-REAL-Political,0.48235294117647054,1.2285564598519971,4.117647058823529,Chain-GBR-RR,0.2
305,LR-REAL-Political,0.4862745098039215,1.2371006773361966,4.470588235294118,Chain-GBR-RR,0.2
306,LR-REAL-Political,0.4784313725490196,1.232341961755975,4.0,Chain-GBR-RR,0.2
307,LR-REAL-Political,0.6196078431372549,1.2308889844608355,4.294117647058823,Chain-GBR-RR,0.2
308,LR-REAL-Political,0.5529411764705883,1.2380613953907642,4.0588235294117645,Chain-GBR-RR,0.2
309,LR-REAL-Political,0.5176470588235295,1.2340178025679025,4.235294117647059,Chain-GBR-RR,0.2
310,LR-REAL-Political,0.5803921568627451,1.2274624308214146,3.8823529411764706,Chain-GBR-RR,0.2
311,LR-REAL-Political,0.5686274509803921,1.2308271397050166,3.823529411764706,Chain-GBR-RR,0.2
312,LR-REAL-Political,0.5411764705882354,1.232780530554935,4.352941176470588,Chain-GBR-RR,0.2
313,LR-REAL-Political,0.607843137254902,1.2422726589977986,4.352941176470588,Chain-GBR-RR,0.2
314,LR-REAL-Political,0.4980392156862745,1.2195204109330926,4.0,Chain-GBR-RR,0.2
315,LR-REAL-Political,0.5411764705882354,1.2416495738153743,4.0588235294117645,Chain-GBR-RR,0.2
316,LR-REAL-Political,0.5176470588235293,1.2257264562046097,3.823529411764706,Chain-GBR-RR,0.2
317,LR-REAL-Political,0.4666666666666667,1.2260377161417584,4.0,Chain-GBR-RR,0.2
318,LR-REAL-Political,0.48235294117647065,1.2349456312415616,3.823529411764706,Chain-GBR-RR,0.2
319,LR-REAL-Political,0.38431372549019605,1.2787996009956173,3.6470588235294117,Chain-GBR-RR,0.2
320,LR-REAL-Political,0.396078431372549,1.2483436051886279,4.0588235294117645,Chain-GBR-RR,0.2
321,LR-REAL-Political,0.611764705882353,1.266130602475754,4.352941176470588,Chain-GBR-RR,0.2
322,LR-REAL-Political,0.5333333333333334,1.2617509062038221,4.176470588235294,Chain-GBR-RR,0.2
323,LR-REAL-Political,0.5019607843137255,1.2482348152817975,3.9411764705882355,Chain-GBR-RR,0.2
324,LR-REAL-Political,0.47058823529411764,1.238812622896622,3.5294117647058822,Chain-GBR-RR,0.2
325,LR-REAL-Political,0.47058823529411764,1.2345410205912852,4.117647058823529,Chain-GBR-RR,0.2
326,LR-REAL-Political,0.4352941176470588,1.2356272973990512,4.0588235294117645,Chain-GBR-RR,0.2
327,LR-REAL-Political,0.6941176470588235,1.2400909817771208,4.0588235294117645,Chain-GBR-RR,0.2
328,LR-REAL-Political,0.48235294117647065,1.2259157683039619,4.235294117647059,Chain-GBR-RR,0.2
329,LR-REAL-Political,0.5333333333333333,1.2325476629082694,4.0,Chain-GBR-RR,0.2
330,LR-REAL-Political,0.6000000000000001,1.218865331441085,3.764705882352941,Chain-GBR-RR,0.2
331,LR-REAL-Political,0.45882352941176474,1.2346693069859893,4.176470588235294,Chain-GBR-RR,0.2
332,LR-REAL-Political,0.580392156862745,1.2404385068312922,4.176470588235294,Chain-GBR-RR,0.2
333,LR-REAL-Political,0.5372549019607843,1.2483679436045154,4.176470588235294,Chain-GBR-RR,0.2
334,LR-REAL-Political,0.5490196078431373,1.2339930697983394,4.352941176470588,Chain-GBR-RR,0.2
335,LR-REAL-Political,0.592156862745098,1.224752042527417,3.9411764705882355,Chain-GBR-RR,0.2
336,LR-REAL-Political,0.43529411764705883,1.2498766130406362,4.0588235294117645,Chain-GBR-RR,0.2
337,LR-REAL-Political,0.4117647058823529,1.238381535548582,3.588235294117647,Chain-GBR-RR,0.2
338,LR-REAL-Political,0.46274509803921565,1.2254668029695273,4.176470588235294,Chain-GBR-RR,0.2
339,LR-REAL-Political,0.4666666666666667,1.228403478622343,3.823529411764706,Chain-GBR-RR,0.2
340,LR-REAL-Political,0.5843137254901961,1.2287355564975793,4.176470588235294,Chain-GBR-RR,0.2
341,LR-REAL-Political,0.615686274509804,1.2347363670355933,4.0588235294117645,Chain-GBR-RR,0.2
342,LR-REAL-Political,0.4313725490196078,1.2421508965857337,4.235294117647059,Chain-GBR-RR,0.2
343,LR-REAL-Political,0.42745098039215684,1.239775089767696,3.823529411764706,Chain-GBR-RR,0.2
344,LR-REAL-Political,0.5490196078431373,1.249131249493949,4.235294117647059,Chain-GBR-RR,0.2
345,LR-REAL-Political,0.44313725490196076,1.234130878995599,4.117647058823529,Chain-GBR-RR,0.2
346,LR-REAL-Political,0.36078431372549025,1.235192909532139,4.0588235294117645,Chain-GBR-RR,0.2
347,LR-REAL-Political,0.5215686274509803,1.2415026187702514,4.235294117647059,Chain-GBR-RR,0.2
348,LR-REAL-Political,0.6000000000000001,1.2499740605345095,3.823529411764706,Chain-GBR-RR,0.2
349,LR-REAL-Political,0.5803921568627451,1.2535873375930353,4.470588235294118,Chain-GBR-RR,0.2
350,LR-REAL-Political,0.7490196078431373,0.5078700885763492,4.529411764705882,ST-GBR-RR,0.2
351,LR-REAL-Political,0.5725490196078432,0.4894834833632321,4.352941176470588,ST-GBR-RR,0.2
352,LR-REAL-Political,0.7607843137254902,0.46816549714703737,4.529411764705882,ST-GBR-RR,0.2
353,LR-REAL-Political,0.6196078431372549,0.49705200779904535,4.235294117647059,ST-GBR-RR,0.2
354,LR-REAL-Political,0.6,0.44679735691293365,4.470588235294118,ST-GBR-RR,0.2
355,LR-REAL-Political,0.6666666666666667,0.4906660218082409,4.0588235294117645,ST-GBR-RR,0.2
356,LR-REAL-Political,0.6666666666666669,0.5054769847337657,4.588235294117647,ST-GBR-RR,0.2
357,LR-REAL-Political,0.7411764705882353,0.5175411256125253,4.588235294117647,ST-GBR-RR,0.2
358,LR-REAL-Political,0.6549019607843137,0.48634227096329286,4.294117647058823,ST-GBR-RR,0.2
359,LR-REAL-Political,0.6352941176470588,0.4981746285340335,4.764705882352941,ST-GBR-RR,0.2
360,LR-REAL-Political,0.6823529411764706,0.464335384997558,4.294117647058823,ST-GBR-RR,0.2
361,LR-REAL-Political,0.7137254901960786,0.49396372350136075,4.470588235294118,ST-GBR-RR,0.2
362,LR-REAL-Political,0.6980392156862745,0.48193928580898765,4.294117647058823,ST-GBR-RR,0.2
363,LR-REAL-Political,0.7372549019607844,0.46590257813926195,4.529411764705882,ST-GBR-RR,0.2
364,LR-REAL-Political,0.6196078431372549,0.4910913733319561,4.352941176470588,ST-GBR-RR,0.2
365,LR-REAL-Political,0.6470588235294118,0.5010680232299742,4.529411764705882,ST-GBR-RR,0.2
366,LR-REAL-Political,0.6470588235294118,0.4827639066136722,4.294117647058823,ST-GBR-RR,0.2
367,LR-REAL-Political,0.5607843137254902,0.4815340724394829,4.411764705882353,ST-GBR-RR,0.2
368,LR-REAL-Political,0.6196078431372549,0.475494294668152,3.9411764705882355,ST-GBR-RR,0.2
369,LR-REAL-Political,0.6509803921568629,0.4900859972970528,4.352941176470588,ST-GBR-RR,0.2
370,LR-REAL-Political,0.6431372549019607,0.6136316578554469,4.235294117647059,ST-GBR-RR,0.2
371,LR-REAL-Political,0.6823529411764707,0.5105505651298321,4.705882352941177,ST-GBR-RR,0.2
372,LR-REAL-Political,0.5921568627450982,0.48062292005847856,4.647058823529412,ST-GBR-RR,0.2
373,LR-REAL-Political,0.776470588235294,0.5123651567723682,4.705882352941177,ST-GBR-RR,0.2
374,LR-REAL-Political,0.607843137254902,0.4818027457845606,4.470588235294118,ST-GBR-RR,0.2
375,LR-REAL-Political,0.6235294117647059,0.48997216412305883,4.529411764705882,ST-GBR-RR,0.2
376,LR-REAL-Political,0.5882352941176471,0.46046715617510803,4.470588235294118,ST-GBR-RR,0.2
377,LR-REAL-Political,0.7686274509803921,0.47132101994000586,4.352941176470588,ST-GBR-RR,0.2
378,LR-REAL-Political,0.6627450980392158,0.4903648970210091,4.176470588235294,ST-GBR-RR,0.2
379,LR-REAL-Political,0.6666666666666667,0.47879705133127687,4.352941176470588,ST-GBR-RR,0.2
380,LR-REAL-Political,0.6549019607843137,0.49016623099388495,4.411764705882353,ST-GBR-RR,0.2
381,LR-REAL-Political,0.5294117647058824,0.47802410475322277,3.9411764705882355,ST-GBR-RR,0.2
382,LR-REAL-Political,0.7254901960784315,0.49983235525222697,4.411764705882353,ST-GBR-RR,0.2
383,LR-REAL-Political,0.7176470588235295,0.48439406253620826,4.470588235294118,ST-GBR-RR,0.2
384,LR-REAL-Political,0.7176470588235295,0.48452460858776414,4.352941176470588,ST-GBR-RR,0.2
385,LR-REAL-Political,0.6901960784313725,0.5052103431938607,4.529411764705882,ST-GBR-RR,0.2
386,LR-REAL-Political,0.6901960784313727,0.5054952570289923,4.235294117647059,ST-GBR-RR,0.2
387,LR-REAL-Political,0.6431372549019608,0.4771625305917665,4.411764705882353,ST-GBR-RR,0.2
388,LR-REAL-Political,0.6431372549019608,0.4743087909708412,4.470588235294118,ST-GBR-RR,0.2
389,LR-REAL-Political,0.7098039215686276,0.4890542492002956,4.352941176470588,ST-GBR-RR,0.2
390,LR-REAL-Political,0.6274509803921569,0.48140462486781477,4.235294117647059,ST-GBR-RR,0.2
391,LR-REAL-Political,0.6627450980392158,0.48121762162904963,4.117647058823529,ST-GBR-RR,0.2
392,LR-REAL-Political,0.6078431372549019,0.4801692271333227,4.470588235294118,ST-GBR-RR,0.2
393,LR-REAL-Political,0.6901960784313725,0.48974042206481816,4.411764705882353,ST-GBR-RR,0.2
394,LR-REAL-Political,0.7019607843137255,0.5101605726967329,4.294117647058823,ST-GBR-RR,0.2
395,LR-REAL-Political,0.6549019607843137,0.4998853904158045,4.352941176470588,ST-GBR-RR,0.2
396,LR-REAL-Political,0.6901960784313727,0.49915525763195745,4.529411764705882,ST-GBR-RR,0.2
397,LR-REAL-Political,0.5725490196078432,0.49148840869381616,4.470588235294118,ST-GBR-RR,0.2
398,LR-REAL-Political,0.6666666666666667,0.5648756524728213,4.352941176470588,ST-GBR-RR,0.2
399,LR-REAL-Political,0.803921568627451,0.5208246293930107,4.470588235294118,ST-GBR-RR,0.2
400,LR-REAL-Political,0.39999999999999997,0.4784763456299423,3.3529411764705883,ST-GBR-PI,0.2
401,LR-REAL-Political,0.2745098039215686,0.49259178742406995,2.9411764705882355,ST-GBR-PI,0.2
402,LR-REAL-Political,0.45490196078431366,0.5030381641249876,3.235294117647059,ST-GBR-PI,0.2
403,LR-REAL-Political,0.3843137254901961,0.6198671324884599,3.176470588235294,ST-GBR-PI,0.2
404,LR-REAL-Political,0.3568627450980392,0.48095569804050375,2.9411764705882355,ST-GBR-PI,0.2
405,LR-REAL-Political,0.2980392156862745,0.5018351226916423,2.7058823529411766,ST-GBR-PI,0.2
406,LR-REAL-Political,0.44313725490196076,0.49469758109630435,3.1176470588235294,ST-GBR-PI,0.2
407,LR-REAL-Political,0.4392156862745098,0.5131966700825209,3.1176470588235294,ST-GBR-PI,0.2
408,LR-REAL-Political,0.37254901960784315,0.49253791774308436,3.4705882352941178,ST-GBR-PI,0.2
409,LR-REAL-Political,0.3647058823529412,0.49291788698771155,2.8823529411764706,ST-GBR-PI,0.2
410,LR-REAL-Political,0.4156862745098039,0.4810024966133128,3.0,ST-GBR-PI,0.2
411,LR-REAL-Political,0.4862745098039215,0.49573459352510174,2.823529411764706,ST-GBR-PI,0.2
412,LR-REAL-Political,0.45882352941176463,0.49034789089559533,3.6470588235294117,ST-GBR-PI,0.2
413,LR-REAL-Political,0.4705882352941176,0.4882559950973097,2.8823529411764706,ST-GBR-PI,0.2
414,LR-REAL-Political,0.34901960784313724,0.4903094150666196,3.0588235294117645,ST-GBR-PI,0.2
415,LR-REAL-Political,0.3411764705882353,0.496151453326809,2.9411764705882355,ST-GBR-PI,0.2
416,LR-REAL-Political,0.4235294117647058,0.4915074700950723,3.0,ST-GBR-PI,0.2
417,LR-REAL-Political,0.3764705882352941,0.49470050666347265,3.235294117647059,ST-GBR-PI,0.2
418,LR-REAL-Political,0.3803921568627451,0.5038361824099405,3.0588235294117645,ST-GBR-PI,0.2
419,LR-REAL-Political,0.388235294117647,0.5070371843837131,2.7058823529411766,ST-GBR-PI,0.2
420,LR-REAL-Political,0.4156862745098039,0.4923062739414417,2.823529411764706,ST-GBR-PI,0.2
421,LR-REAL-Political,0.3686274509803922,0.5061919194477322,3.235294117647059,ST-GBR-PI,0.2
422,LR-REAL-Political,0.38431372549019605,0.507806534915515,3.4705882352941178,ST-GBR-PI,0.2
423,LR-REAL-Political,0.4862745098039215,0.4996222274042786,3.2941176470588234,ST-GBR-PI,0.2
424,LR-REAL-Political,0.3803921568627451,0.42120611402595354,3.1176470588235294,ST-GBR-PI,0.2
425,LR-REAL-Political,0.3333333333333333,0.478046430493114,3.1176470588235294,ST-GBR-PI,0.2
426,LR-REAL-Political,0.411764705882353,0.48184886968365453,2.9411764705882355,ST-GBR-PI,0.2
427,LR-REAL-Political,0.43921568627450974,0.4846210345175992,3.0588235294117645,ST-GBR-PI,0.2
428,LR-REAL-Political,0.3490196078431373,0.4889096431760726,2.6470588235294117,ST-GBR-PI,0.2
429,LR-REAL-Political,0.38431372549019605,0.47608756609081493,2.7058823529411766,ST-GBR-PI,0.2
430,LR-REAL-Political,0.392156862745098,0.49984105198875217,2.8823529411764706,ST-GBR-PI,0.2
431,LR-REAL-Political,0.3137254901960785,0.5106868093894665,3.1176470588235294,ST-GBR-PI,0.2
432,LR-REAL-Political,0.39999999999999997,0.48786283876629716,3.0,ST-GBR-PI,0.2
433,LR-REAL-Political,0.43921568627450974,0.4841952355655571,2.5294117647058822,ST-GBR-PI,0.2
434,LR-REAL-Political,0.403921568627451,0.49328555791717993,2.9411764705882355,ST-GBR-PI,0.2
435,LR-REAL-Political,0.4588235294117647,0.501154406994621,3.0588235294117645,ST-GBR-PI,0.2
436,LR-REAL-Political,0.3607843137254902,0.5181972040131144,3.0588235294117645,ST-GBR-PI,0.2
437,LR-REAL-Political,0.4313725490196078,0.487463629914087,3.0588235294117645,ST-GBR-PI,0.2
438,LR-REAL-Political,0.3607843137254902,0.48245940178308694,2.588235294117647,ST-GBR-PI,0.2
439,LR-REAL-Political,0.37254901960784315,0.4932839087474125,3.176470588235294,ST-GBR-PI,0.2
440,LR-REAL-Political,0.3333333333333333,0.48948373832013414,3.4705882352941178,ST-GBR-PI,0.2
441,LR-REAL-Political,0.41176470588235287,0.5079435124489108,3.176470588235294,ST-GBR-PI,0.2
442,LR-REAL-Political,0.4196078431372549,0.5010328781717945,3.176470588235294,ST-GBR-PI,0.2
443,LR-REAL-Political,0.43529411764705883,0.48778369157768936,2.9411764705882355,ST-GBR-PI,0.2
444,LR-REAL-Political,0.5098039215686274,0.5056846392346934,3.0588235294117645,ST-GBR-PI,0.2
445,LR-REAL-Political,0.39215686274509803,0.49591304179859275,2.9411764705882355,ST-GBR-PI,0.2
446,LR-REAL-Political,0.3803921568627451,0.4978845490728808,3.0588235294117645,ST-GBR-PI,0.2
447,LR-REAL-Political,0.28235294117647064,0.5058367431394182,3.0588235294117645,ST-GBR-PI,0.2
448,LR-REAL-Political,0.37254901960784315,0.4941368781388756,3.2941176470588234,ST-GBR-PI,0.2
449,LR-REAL-Political,0.392156862745098,0.5009247286418497,2.764705882352941,ST-GBR-PI,0.2
450,LR-REAL-Political,0.7137254901960784,0.594459766684729,5.0588235294117645,RPC-GB,0.2
451,LR-REAL-Political,0.4862745098039216,0.6249416011110532,4.764705882352941,RPC-GB,0.2
452,LR-REAL-Political,0.6901960784313725,0.6098210050591488,5.117647058823529,RPC-GB,0.2
453,LR-REAL-Political,0.5568627450980392,0.6208267050180984,4.764705882352941,RPC-GB,0.2
454,LR-REAL-Political,0.5529411764705884,0.6373922816832864,4.882352941176471,RPC-GB,0.2
455,LR-REAL-Political,0.607843137254902,0.6182607308504741,4.411764705882353,RPC-GB,0.2
456,LR-REAL-Political,0.5019607843137256,0.5661246528753399,5.470588235294118,RPC-GB,0.2
457,LR-REAL-Political,0.6901960784313725,0.6452210571384812,4.647058823529412,RPC-GB,0.2
458,LR-REAL-Political,0.6784313725490198,0.7001600203405134,4.705882352941177,RPC-GB,0.2
459,LR-REAL-Political,0.6156862745098038,0.6039936323841746,4.823529411764706,RPC-GB,0.2
460,LR-REAL-Political,0.6588235294117647,0.6252433332969044,4.882352941176471,RPC-GB,0.2
461,LR-REAL-Political,0.7294117647058823,0.63452232613238,4.764705882352941,RPC-GB,0.2
462,LR-REAL-Political,0.7019607843137257,0.6144401904210113,5.176470588235294,RPC-GB,0.2
463,LR-REAL-Political,0.6862745098039216,0.6279337558050945,5.176470588235294,RPC-GB,0.2
464,LR-REAL-Political,0.6196078431372549,0.6750458653472946,5.235294117647059,RPC-GB,0.2
465,LR-REAL-Political,0.5529411764705883,0.5968622827298548,4.764705882352941,RPC-GB,0.2
466,LR-REAL-Political,0.5882352941176471,0.6192455593921299,4.470588235294118,RPC-GB,0.2
467,LR-REAL-Political,0.5411764705882354,0.6284995089124928,4.823529411764706,RPC-GB,0.2
468,LR-REAL-Political,0.6000000000000001,0.629006931586083,4.647058823529412,RPC-GB,0.2
469,LR-REAL-Political,0.6509803921568627,0.6215351893177253,4.647058823529412,RPC-GB,0.2
470,LR-REAL-Political,0.5607843137254902,0.6413129203700394,4.764705882352941,RPC-GB,0.2
471,LR-REAL-Political,0.6470588235294118,0.6375630337918402,4.764705882352941,RPC-GB,0.2
472,LR-REAL-Political,0.5568627450980392,0.6597654071624559,4.823529411764706,RPC-GB,0.2
473,LR-REAL-Political,0.7333333333333334,0.6252592659177972,4.823529411764706,RPC-GB,0.2
474,LR-REAL-Political,0.5019607843137254,0.5815000462166094,4.588235294117647,RPC-GB,0.2
475,LR-REAL-Political,0.607843137254902,0.6100966485802217,4.235294117647059,RPC-GB,0.2
476,LR-REAL-Political,0.5568627450980392,0.5940236391205257,4.9411764705882355,RPC-GB,0.2
477,LR-REAL-Political,0.8313725490196077,0.5825728610265052,5.117647058823529,RPC-GB,0.2
478,LR-REAL-Political,0.6549019607843138,0.5745204340643141,4.529411764705882,RPC-GB,0.2
479,LR-REAL-Political,0.7686274509803921,0.5947562352813118,5.0588235294117645,RPC-GB,0.2
480,LR-REAL-Political,0.6823529411764706,0.6076581256334309,4.764705882352941,RPC-GB,0.2
481,LR-REAL-Political,0.5019607843137255,0.6344714620202315,4.529411764705882,RPC-GB,0.2
482,LR-REAL-Political,0.6823529411764707,0.6353477053989864,5.0588235294117645,RPC-GB,0.2
483,LR-REAL-Political,0.6980392156862746,0.6337024874988852,5.352941176470588,RPC-GB,0.2
484,LR-REAL-Political,0.7215686274509805,0.6365389314025824,4.705882352941177,RPC-GB,0.2
485,LR-REAL-Political,0.6431372549019608,0.6005835067885918,4.823529411764706,RPC-GB,0.2
486,LR-REAL-Political,0.6862745098039217,0.6910690715265941,5.0588235294117645,RPC-GB,0.2
487,LR-REAL-Political,0.603921568627451,0.6169473091666284,4.9411764705882355,RPC-GB,0.2
488,LR-REAL-Political,0.6549019607843138,0.6327604144348328,4.764705882352941,RPC-GB,0.2
489,LR-REAL-Political,0.6980392156862745,0.6226981571315121,4.647058823529412,RPC-GB,0.2
490,LR-REAL-Political,0.6039215686274509,0.6497566997143953,4.764705882352941,RPC-GB,0.2
491,LR-REAL-Political,0.6745098039215687,0.6209358375963344,5.117647058823529,RPC-GB,0.2
492,LR-REAL-Political,0.596078431372549,0.6648380042835298,4.352941176470588,RPC-GB,0.2
493,LR-REAL-Political,0.7137254901960784,0.6456075171485894,5.235294117647059,RPC-GB,0.2
494,LR-REAL-Political,0.7019607843137255,0.6496029550426671,4.9411764705882355,RPC-GB,0.2
495,LR-REAL-Political,0.6235294117647059,0.6312136784516502,4.588235294117647,RPC-GB,0.2
496,LR-REAL-Political,0.6627450980392158,0.6276973150538155,5.0588235294117645,RPC-GB,0.2
497,LR-REAL-Political,0.5490196078431372,0.6229724690125622,4.647058823529412,RPC-GB,0.2
498,LR-REAL-Political,0.5882352941176471,0.6325434426244542,5.117647058823529,RPC-GB,0.2
499,LR-REAL-Political,0.7215686274509805,0.6453736110908651,5.470588235294118,RPC-GB,0.2
500,LR-REAL-Political,0.1450980392156863,1.297124246622781,2.0,Chain-GBR-PI,0.3
501,LR-REAL-Political,0.10588235294117647,1.2912597728375113,1.8235294117647058,Chain-GBR-PI,0.3
502,LR-REAL-Political,0.1843137254901961,1.2718717209201973,2.0588235294117645,Chain-GBR-PI,0.3
503,LR-REAL-Political,0.06666666666666667,1.2538416012471107,1.9411764705882353,Chain-GBR-PI,0.3
504,LR-REAL-Political,0.04313725490196079,1.2567590139393552,1.8235294117647058,Chain-GBR-PI,0.3
505,LR-REAL-Political,0.10196078431372547,1.2633204955508435,2.1176470588235294,Chain-GBR-PI,0.3
506,LR-REAL-Political,0.17254901960784313,1.260284821398274,2.176470588235294,Chain-GBR-PI,0.3
507,LR-REAL-Political,0.11372549019607844,1.2659257583684551,1.9411764705882353,Chain-GBR-PI,0.3
508,LR-REAL-Political,0.14117647058823532,1.2661624590690195,1.8823529411764706,Chain-GBR-PI,0.3
509,LR-REAL-Political,0.17647058823529413,1.269933361413967,2.176470588235294,Chain-GBR-PI,0.3
510,LR-REAL-Political,0.08627450980392158,1.2751871584927947,2.0588235294117645,Chain-GBR-PI,0.3
511,LR-REAL-Political,0.24705882352941178,1.2590227564921443,1.8823529411764706,Chain-GBR-PI,0.3
512,LR-REAL-Political,0.27058823529411763,1.2674449118133844,2.3529411764705883,Chain-GBR-PI,0.3
513,LR-REAL-Political,0.24313725490196075,1.2989701544754777,2.0,Chain-GBR-PI,0.3
514,LR-REAL-Political,0.10588235294117646,1.2639442397958747,2.176470588235294,Chain-GBR-PI,0.3
515,LR-REAL-Political,0.18039215686274512,1.2609833856716335,2.0588235294117645,Chain-GBR-PI,0.3
516,LR-REAL-Political,0.16862745098039217,1.2664772482243156,2.0588235294117645,Chain-GBR-PI,0.3
517,LR-REAL-Political,0.2,1.264401999142053,2.0,Chain-GBR-PI,0.3
518,LR-REAL-Political,0.09019607843137256,1.261786254237366,2.1176470588235294,Chain-GBR-PI,0.3
519,LR-REAL-Political,0.12549019607843137,1.250838627234868,2.0588235294117645,Chain-GBR-PI,0.3
520,LR-REAL-Political,0.1686274509803922,1.2515704366793063,1.9411764705882353,Chain-GBR-PI,0.3
521,LR-REAL-Political,0.2,1.249704333817627,2.2941176470588234,Chain-GBR-PI,0.3
522,LR-REAL-Political,0.19999999999999998,1.266904441778854,2.5294117647058822,Chain-GBR-PI,0.3
523,LR-REAL-Political,0.19999999999999998,1.256584977538536,2.588235294117647,Chain-GBR-PI,0.3
524,LR-REAL-Political,0.14901960784313728,1.2477564059534985,2.176470588235294,Chain-GBR-PI,0.3
525,LR-REAL-Political,0.1411764705882353,1.2478373061294337,2.0,Chain-GBR-PI,0.3
526,LR-REAL-Political,0.2588235294117647,1.2484261629660502,1.9411764705882353,Chain-GBR-PI,0.3
527,LR-REAL-Political,0.11372549019607844,1.2511779156323786,2.176470588235294,Chain-GBR-PI,0.3
528,LR-REAL-Political,0.1843137254901961,1.2397026593028138,1.8823529411764706,Chain-GBR-PI,0.3
529,LR-REAL-Political,0.05098039215686275,1.247995370673719,2.235294117647059,Chain-GBR-PI,0.3
530,LR-REAL-Political,0.2196078431372549,1.2590420633699237,2.0,Chain-GBR-PI,0.3
531,LR-REAL-Political,0.24705882352941178,1.2652177335681725,2.2941176470588234,Chain-GBR-PI,0.3
532,LR-REAL-Political,0.2392156862745098,1.2470535323493492,2.2941176470588234,Chain-GBR-PI,0.3
533,LR-REAL-Political,0.1215686274509804,1.2455567679759751,2.3529411764705883,Chain-GBR-PI,0.3
534,LR-REAL-Political,0.196078431372549,1.247785730083741,2.2941176470588234,Chain-GBR-PI,0.3
535,LR-REAL-Political,0.24705882352941178,1.2468660851299704,1.9411764705882353,Chain-GBR-PI,0.3
536,LR-REAL-Political,0.1843137254901961,1.2477486866840848,2.5294117647058822,Chain-GBR-PI,0.3
537,LR-REAL-Political,0.12941176470588234,1.2601407294757272,2.0588235294117645,Chain-GBR-PI,0.3
538,LR-REAL-Political,0.10588235294117647,1.2526058620727576,2.176470588235294,Chain-GBR-PI,0.3
539,LR-REAL-Political,0.19215686274509802,1.2538372277785024,2.0588235294117645,Chain-GBR-PI,0.3
540,LR-REAL-Political,0.10196078431372547,1.2815921402224155,2.0,Chain-GBR-PI,0.3
541,LR-REAL-Political,0.11372549019607842,1.2892468894948852,1.8235294117647058,Chain-GBR-PI,0.3
542,LR-REAL-Political,0.18823529411764706,1.2595632497743554,2.0588235294117645,Chain-GBR-PI,0.3
543,LR-REAL-Political,0.2627450980392157,1.2796332102829435,2.5294117647058822,Chain-GBR-PI,0.3
544,LR-REAL-Political,0.3215686274509804,1.2824462032828248,2.4705882352941178,Chain-GBR-PI,0.3
545,LR-REAL-Political,0.13725490196078433,1.261110646045821,2.235294117647059,Chain-GBR-PI,0.3
546,LR-REAL-Political,0.30588235294117644,1.2699225266577259,2.2941176470588234,Chain-GBR-PI,0.3
547,LR-REAL-Political,0.21568627450980393,1.2604220709326905,2.0588235294117645,Chain-GBR-PI,0.3
548,LR-REAL-Political,0.12549019607843137,1.2590004460110624,1.9411764705882353,Chain-GBR-PI,0.3
549,LR-REAL-Political,0.1607843137254902,1.248213545694932,2.411764705882353,Chain-GBR-PI,0.3
550,LR-REAL-Political,0.3843137254901961,1.2520103199759087,4.176470588235294,Chain-GBR-RR,0.3
551,LR-REAL-Political,0.3803921568627451,1.2430080014702172,3.823529411764706,Chain-GBR-RR,0.3
552,LR-REAL-Political,0.4784313725490196,1.2511590397224355,4.0588235294117645,Chain-GBR-RR,0.3
553,LR-REAL-Political,0.40392156862745093,1.240606950005811,3.8823529411764706,Chain-GBR-RR,0.3
554,LR-REAL-Political,0.36470588235294116,1.2400900865711029,3.8823529411764706,Chain-GBR-RR,0.3
555,LR-REAL-Political,0.4078431372549019,1.243050138523051,4.0588235294117645,Chain-GBR-RR,0.3
556,LR-REAL-Political,0.4549019607843136,1.2428878292240766,4.0588235294117645,Chain-GBR-RR,0.3
557,LR-REAL-Political,0.44313725490196076,1.266037411297797,4.117647058823529,Chain-GBR-RR,0.3
558,LR-REAL-Political,0.34117647058823536,1.242089517345756,3.7058823529411766,Chain-GBR-RR,0.3
559,LR-REAL-Political,0.40392156862745093,1.2411526370669106,4.0,Chain-GBR-RR,0.3
560,LR-REAL-Political,0.33725490196078434,1.2508847596032089,3.6470588235294117,Chain-GBR-RR,0.3
561,LR-REAL-Political,0.5647058823529412,1.250799709299416,4.176470588235294,Chain-GBR-RR,0.3
562,LR-REAL-Political,0.43529411764705883,1.2452078206604182,4.352941176470588,Chain-GBR-RR,0.3
563,LR-REAL-Political,0.5176470588235293,1.2459951424522187,3.9411764705882355,Chain-GBR-RR,0.3
564,LR-REAL-Political,0.36078431372549025,1.2309693154671968,4.0588235294117645,Chain-GBR-RR,0.3
565,LR-REAL-Political,0.3686274509803922,1.2533201611188691,3.8823529411764706,Chain-GBR-RR,0.3
566,LR-REAL-Political,0.31764705882352945,1.254739395436532,4.0,Chain-GBR-RR,0.3
567,LR-REAL-Political,0.4235294117647059,1.2592904529133255,4.176470588235294,Chain-GBR-RR,0.3
568,LR-REAL-Political,0.32941176470588235,1.2409737020357101,3.6470588235294117,Chain-GBR-RR,0.3
569,LR-REAL-Political,0.3294117647058824,1.2308943500622231,3.9411764705882355,Chain-GBR-RR,0.3
570,LR-REAL-Political,0.39607843137254894,1.2259533263097033,3.9411764705882355,Chain-GBR-RR,0.3
571,LR-REAL-Political,0.4980392156862745,1.228602032207807,4.235294117647059,Chain-GBR-RR,0.3
572,LR-REAL-Political,0.388235294117647,1.2364055637917892,3.7058823529411766,Chain-GBR-RR,0.3
573,LR-REAL-Political,0.40392156862745093,1.235875941924578,4.0588235294117645,Chain-GBR-RR,0.3
574,LR-REAL-Political,0.4470588235294117,1.2253353694846767,4.294117647058823,Chain-GBR-RR,0.3
575,LR-REAL-Political,0.43921568627450974,1.2283757146028687,4.294117647058823,Chain-GBR-RR,0.3
576,LR-REAL-Political,0.4784313725490196,1.2286854503009226,3.764705882352941,Chain-GBR-RR,0.3
577,LR-REAL-Political,0.4705882352941176,1.2382347687863315,4.0,Chain-GBR-RR,0.3
578,LR-REAL-Political,0.396078431372549,1.2194653850659831,4.0,Chain-GBR-RR,0.3
579,LR-REAL-Political,0.3294117647058824,1.2281312178103705,4.0,Chain-GBR-RR,0.3
580,LR-REAL-Political,0.5607843137254902,1.236008659326528,3.764705882352941,Chain-GBR-RR,0.3
581,LR-REAL-Political,0.3450980392156863,1.2313620008228638,4.176470588235294,Chain-GBR-RR,0.3
582,LR-REAL-Political,0.4901960784313726,1.2213911783874012,4.235294117647059,Chain-GBR-RR,0.3
583,LR-REAL-Political,0.3686274509803922,1.2199384060215093,3.9411764705882355,Chain-GBR-RR,0.3
584,LR-REAL-Political,0.4784313725490196,1.2283325760172008,4.235294117647059,Chain-GBR-RR,0.3
585,LR-REAL-Political,0.5372549019607844,1.2258164318261913,4.0,Chain-GBR-RR,0.3
586,LR-REAL-Political,0.33725490196078434,1.2382388874834198,3.8823529411764706,Chain-GBR-RR,0.3
587,LR-REAL-Political,0.3686274509803922,1.2388716348498783,4.0588235294117645,Chain-GBR-RR,0.3
588,LR-REAL-Political,0.388235294117647,1.2388760393491915,4.235294117647059,Chain-GBR-RR,0.3
589,LR-REAL-Political,0.4509803921568627,1.2375431794402452,4.235294117647059,Chain-GBR-RR,0.3
590,LR-REAL-Political,0.3843137254901961,1.2567495588335653,3.823529411764706,Chain-GBR-RR,0.3
591,LR-REAL-Political,0.4392156862745098,1.2437607407555393,4.0588235294117645,Chain-GBR-RR,0.3
592,LR-REAL-Political,0.42745098039215684,1.245146102195548,3.9411764705882355,Chain-GBR-RR,0.3
593,LR-REAL-Political,0.4313725490196078,1.2448974538902862,3.9411764705882355,Chain-GBR-RR,0.3
594,LR-REAL-Political,0.5960784313725491,1.2686639530207748,4.235294117647059,Chain-GBR-RR,0.3
595,LR-REAL-Political,0.43137254901960775,1.2365744874111448,3.9411764705882355,Chain-GBR-RR,0.3
596,LR-REAL-Political,0.5568627450980392,1.2437288375352813,3.8823529411764706,Chain-GBR-RR,0.3
597,LR-REAL-Political,0.40392156862745093,1.2372311635742252,4.0,Chain-GBR-RR,0.3
598,LR-REAL-Political,0.47058823529411764,1.2417315978772447,4.235294117647059,Chain-GBR-RR,0.3
599,LR-REAL-Political,0.4784313725490196,1.2329353866261723,4.294117647058823,Chain-GBR-RR,0.3
600,LR-REAL-Political,0.7137254901960786,0.4831023166600701,4.411764705882353,ST-GBR-RR,0.3
601,LR-REAL-Political,0.48235294117647054,0.48048784636718206,4.0588235294117645,ST-GBR-RR,0.3
602,LR-REAL-Political,0.7137254901960784,0.47869743571701545,4.470588235294118,ST-GBR-RR,0.3
603,LR-REAL-Political,0.6470588235294117,0.4835542967021499,4.235294117647059,ST-GBR-RR,0.3
604,LR-REAL-Political,0.623529411764706,0.47043680238716373,4.117647058823529,ST-GBR-RR,0.3
605,LR-REAL-Political,0.6705882352941177,0.46712845932395686,4.294117647058823,ST-GBR-RR,0.3
606,LR-REAL-Political,0.6823529411764706,0.4676300677271158,4.0588235294117645,ST-GBR-RR,0.3
607,LR-REAL-Political,0.7098039215686275,0.49669641773339657,4.235294117647059,ST-GBR-RR,0.3
608,LR-REAL-Political,0.7019607843137255,0.4782947147135291,4.529411764705882,ST-GBR-RR,0.3
609,LR-REAL-Political,0.6509803921568628,0.463349381602616,4.470588235294118,ST-GBR-RR,0.3
610,LR-REAL-Political,0.6352941176470588,0.4764999960340082,4.176470588235294,ST-GBR-RR,0.3
611,LR-REAL-Political,0.6862745098039217,0.4915179749144132,4.705882352941177,ST-GBR-RR,0.3
612,LR-REAL-Political,0.7176470588235295,0.4907789425809336,4.470588235294118,ST-GBR-RR,0.3
613,LR-REAL-Political,0.7098039215686275,0.4942722776562364,4.764705882352941,ST-GBR-RR,0.3
614,LR-REAL-Political,0.6392156862745099,0.47262384662213774,4.294117647058823,ST-GBR-RR,0.3
615,LR-REAL-Political,0.6980392156862746,0.4767108358065705,4.470588235294118,ST-GBR-RR,0.3
616,LR-REAL-Political,0.6588235294117647,0.4676969033547719,4.411764705882353,ST-GBR-RR,0.3
617,LR-REAL-Political,0.5450980392156863,0.49442942099757153,3.9411764705882355,ST-GBR-RR,0.3
618,LR-REAL-Political,0.6431372549019607,0.4884011016619878,3.8823529411764706,ST-GBR-RR,0.3
619,LR-REAL-Political,0.5607843137254902,0.4749210476354316,4.294117647058823,ST-GBR-RR,0.3
620,LR-REAL-Political,0.6431372549019608,0.4685224278687479,4.411764705882353,ST-GBR-RR,0.3
621,LR-REAL-Political,0.6666666666666666,0.44773820726834335,4.235294117647059,ST-GBR-RR,0.3
622,LR-REAL-Political,0.596078431372549,0.4681495675400119,4.352941176470588,ST-GBR-RR,0.3
623,LR-REAL-Political,0.7294117647058824,0.46313302015137525,4.352941176470588,ST-GBR-RR,0.3
624,LR-REAL-Political,0.6392156862745099,0.48058498147446,4.588235294117647,ST-GBR-RR,0.3
625,LR-REAL-Political,0.6235294117647059,0.4807259396573539,4.0588235294117645,ST-GBR-RR,0.3
626,LR-REAL-Political,0.615686274509804,0.5318172455752,4.294117647058823,ST-GBR-RR,0.3
627,LR-REAL-Political,0.7411764705882352,0.48371265968503524,4.294117647058823,ST-GBR-RR,0.3
628,LR-REAL-Political,0.6745098039215687,0.46736802389785104,3.9411764705882355,ST-GBR-RR,0.3
629,LR-REAL-Political,0.6588235294117647,0.46350826732898215,4.235294117647059,ST-GBR-RR,0.3
630,LR-REAL-Political,0.7333333333333334,0.48535877832617297,4.294117647058823,ST-GBR-RR,0.3
631,LR-REAL-Political,0.5450980392156863,0.47437515385848905,4.352941176470588,ST-GBR-RR,0.3
632,LR-REAL-Political,0.7019607843137255,0.488723572657707,4.588235294117647,ST-GBR-RR,0.3
633,LR-REAL-Political,0.6470588235294118,0.4741177779768276,4.529411764705882,ST-GBR-RR,0.3
634,LR-REAL-Political,0.6705882352941177,0.4747463438796354,4.235294117647059,ST-GBR-RR,0.3
635,LR-REAL-Political,0.7137254901960783,0.4750154537820989,4.764705882352941,ST-GBR-RR,0.3
636,LR-REAL-Political,0.6980392156862745,0.4678980904141396,4.529411764705882,ST-GBR-RR,0.3
637,LR-REAL-Political,0.6352941176470589,0.4733979645751963,4.294117647058823,ST-GBR-RR,0.3
638,LR-REAL-Political,0.6313725490196078,0.48516945233556674,4.176470588235294,ST-GBR-RR,0.3
639,LR-REAL-Political,0.6627450980392158,0.5038874515457292,3.8823529411764706,ST-GBR-RR,0.3
640,LR-REAL-Political,0.5882352941176471,0.49781415588536937,4.235294117647059,ST-GBR-RR,0.3
641,LR-REAL-Political,0.6705882352941176,0.4952907098300215,4.470588235294118,ST-GBR-RR,0.3
642,LR-REAL-Political,0.6627450980392158,0.48013594778110974,4.411764705882353,ST-GBR-RR,0.3
643,LR-REAL-Political,0.6862745098039217,0.4705502352783771,4.294117647058823,ST-GBR-RR,0.3
644,LR-REAL-Political,0.7098039215686275,0.4842282792114161,4.529411764705882,ST-GBR-RR,0.3
645,LR-REAL-Political,0.6941176470588235,0.480366987795187,4.352941176470588,ST-GBR-RR,0.3
646,LR-REAL-Political,0.6784313725490198,0.48562010008071793,4.529411764705882,ST-GBR-RR,0.3
647,LR-REAL-Political,0.5803921568627451,0.46244851861675323,4.470588235294118,ST-GBR-RR,0.3
648,LR-REAL-Political,0.7490196078431373,0.4760313376652811,4.352941176470588,ST-GBR-RR,0.3
649,LR-REAL-Political,0.7607843137254902,0.48488419152508333,4.294117647058823,ST-GBR-RR,0.3
650,LR-REAL-Political,0.48235294117647054,0.48842053048174466,3.0588235294117645,ST-GBR-PI,0.3
651,LR-REAL-Political,0.1568627450980392,0.5114891687474155,3.235294117647059,ST-GBR-PI,0.3
652,LR-REAL-Political,0.47058823529411764,0.4971554548344232,3.235294117647059,ST-GBR-PI,0.3
653,LR-REAL-Political,0.44313725490196076,0.4780616153748629,3.176470588235294,ST-GBR-PI,0.3
654,LR-REAL-Political,0.35294117647058826,0.47862199943897826,3.235294117647059,ST-GBR-PI,0.3
655,LR-REAL-Political,0.2901960784313726,0.4818531015537513,2.8823529411764706,ST-GBR-PI,0.3
656,LR-REAL-Political,0.36470588235294116,0.4710811179556702,2.8823529411764706,ST-GBR-PI,0.3
657,LR-REAL-Political,0.4666666666666667,0.5004138779579037,3.235294117647059,ST-GBR-PI,0.3
658,LR-REAL-Political,0.388235294117647,0.48460594562852705,3.2941176470588234,ST-GBR-PI,0.3
659,LR-REAL-Political,0.39999999999999997,0.5071553480680451,3.4705882352941178,ST-GBR-PI,0.3
660,LR-REAL-Political,0.38823529411764707,0.47412954906306054,2.588235294117647,ST-GBR-PI,0.3
661,LR-REAL-Political,0.4666666666666667,0.4828913543250071,2.9411764705882355,ST-GBR-PI,0.3
662,LR-REAL-Political,0.4901960784313726,0.49204312772942027,3.4705882352941178,ST-GBR-PI,0.3
663,LR-REAL-Political,0.44313725490196076,0.5088334311324741,3.0,ST-GBR-PI,0.3
664,LR-REAL-Political,0.32941176470588235,0.48527565694524194,3.0,ST-GBR-PI,0.3
665,LR-REAL-Political,0.4352941176470588,0.4974120441802579,3.4705882352941178,ST-GBR-PI,0.3
666,LR-REAL-Political,0.41568627450980383,0.49873911116420655,3.411764705882353,ST-GBR-PI,0.3
667,LR-REAL-Political,0.3372549019607843,0.4412730615252008,3.176470588235294,ST-GBR-PI,0.3
668,LR-REAL-Political,0.38431372549019605,0.48385688447257413,2.8823529411764706,ST-GBR-PI,0.3
669,LR-REAL-Political,0.30196078431372547,0.4766775797430259,2.764705882352941,ST-GBR-PI,0.3
670,LR-REAL-Political,0.4470588235294118,0.4635518538145005,3.2941176470588234,ST-GBR-PI,0.3
671,LR-REAL-Political,0.3999999999999999,0.4590110466694971,3.2941176470588234,ST-GBR-PI,0.3
672,LR-REAL-Political,0.30588235294117644,0.4844420957624765,2.9411764705882355,ST-GBR-PI,0.3
673,LR-REAL-Political,0.48235294117647054,0.47960252715940593,3.2941176470588234,ST-GBR-PI,0.3
674,LR-REAL-Political,0.3764705882352941,0.4844180999315677,3.2941176470588234,ST-GBR-PI,0.3
675,LR-REAL-Political,0.3764705882352941,0.4791453655231707,3.2941176470588234,ST-GBR-PI,0.3
676,LR-REAL-Political,0.4117647058823529,0.47915774975043574,3.0,ST-GBR-PI,0.3
677,LR-REAL-Political,0.38431372549019605,0.47304290924173953,3.235294117647059,ST-GBR-PI,0.3
678,LR-REAL-Political,0.35294117647058826,0.4999705339481361,2.823529411764706,ST-GBR-PI,0.3
679,LR-REAL-Political,0.4156862745098039,0.48132345212641103,3.3529411764705883,ST-GBR-PI,0.3
680,LR-REAL-Political,0.4431372549019607,0.4789404501379202,2.7058823529411766,ST-GBR-PI,0.3
681,LR-REAL-Political,0.3372549019607843,0.48555132383577915,3.5294117647058822,ST-GBR-PI,0.3
682,LR-REAL-Political,0.38823529411764707,0.47802085404476713,3.1176470588235294,ST-GBR-PI,0.3
683,LR-REAL-Political,0.4078431372549019,0.4891480257963807,3.176470588235294,ST-GBR-PI,0.3
684,LR-REAL-Political,0.36078431372549025,0.47634042486390266,2.823529411764706,ST-GBR-PI,0.3
685,LR-REAL-Political,0.4549019607843137,0.49497208829808054,3.3529411764705883,ST-GBR-PI,0.3
686,LR-REAL-Political,0.396078431372549,0.4847885911774577,3.411764705882353,ST-GBR-PI,0.3
687,LR-REAL-Political,0.4470588235294118,0.5091442426146474,3.176470588235294,ST-GBR-PI,0.3
688,LR-REAL-Political,0.34901960784313724,0.4937141504280512,3.0588235294117645,ST-GBR-PI,0.3
689,LR-REAL-Political,0.39607843137254894,0.4800942413210489,2.9411764705882355,ST-GBR-PI,0.3
690,LR-REAL-Political,0.2823529411764706,0.5185409650046561,2.9411764705882355,ST-GBR-PI,0.3
691,LR-REAL-Political,0.3568627450980393,0.48696971227950675,3.0588235294117645,ST-GBR-PI,0.3
692,LR-REAL-Political,0.44705882352941173,0.4861724711663834,3.4705882352941178,ST-GBR-PI,0.3
693,LR-REAL-Political,0.4509803921568628,0.4882220356322237,2.764705882352941,ST-GBR-PI,0.3
694,LR-REAL-Political,0.44705882352941173,0.5049273076547974,3.176470588235294,ST-GBR-PI,0.3
695,LR-REAL-Political,0.37254901960784315,0.4911278138634121,2.8823529411764706,ST-GBR-PI,0.3
696,LR-REAL-Political,0.37254901960784315,0.4920936865939473,3.0588235294117645,ST-GBR-PI,0.3
697,LR-REAL-Political,0.30588235294117644,0.4659214909551721,3.411764705882353,ST-GBR-PI,0.3
698,LR-REAL-Political,0.4745098039215687,0.49082660523011346,2.9411764705882355,ST-GBR-PI,0.3
699,LR-REAL-Political,0.45490196078431366,0.47483925491532614,3.176470588235294,ST-GBR-PI,0.3
700,LR-REAL-Political,0.6352941176470588,0.5909394900655598,5.588235294117647,RPC-GB,0.3
701,LR-REAL-Political,0.4862745098039216,0.6172894985080647,4.764705882352941,RPC-GB,0.3
702,LR-REAL-Political,0.6941176470588235,0.6062613268044826,5.588235294117647,RPC-GB,0.3
703,LR-REAL-Political,0.584313725490196,0.611533532657834,5.117647058823529,RPC-GB,0.3
704,LR-REAL-Political,0.611764705882353,0.584408782872412,5.294117647058823,RPC-GB,0.3
705,LR-REAL-Political,0.5843137254901962,0.5610160591985448,5.294117647058823,RPC-GB,0.3
706,LR-REAL-Political,0.5490196078431373,0.5561360891845423,5.294117647058823,RPC-GB,0.3
707,LR-REAL-Political,0.6627450980392158,0.5742590202431459,4.411764705882353,RPC-GB,0.3
708,LR-REAL-Political,0.6470588235294117,0.5308632591209324,5.235294117647059,RPC-GB,0.3
709,LR-REAL-Political,0.7058823529411766,0.5823423495069838,4.647058823529412,RPC-GB,0.3
710,LR-REAL-Political,0.6980392156862745,0.6007698444305689,5.0588235294117645,RPC-GB,0.3
711,LR-REAL-Political,0.6980392156862746,0.5845067262081006,5.235294117647059,RPC-GB,0.3
712,LR-REAL-Political,0.7019607843137255,0.5657831744066752,5.411764705882353,RPC-GB,0.3
713,LR-REAL-Political,0.6509803921568628,0.5930994479068838,4.764705882352941,RPC-GB,0.3
714,LR-REAL-Political,0.5294117647058824,0.6392522203542913,4.705882352941177,RPC-GB,0.3
715,LR-REAL-Political,0.6705882352941177,0.5634894138173088,4.9411764705882355,RPC-GB,0.3
716,LR-REAL-Political,0.47058823529411753,0.5886560064555166,5.0,RPC-GB,0.3
717,LR-REAL-Political,0.5254901960784314,0.5634270477687449,5.0588235294117645,RPC-GB,0.3
718,LR-REAL-Political,0.4470588235294118,0.5895813798949284,4.764705882352941,RPC-GB,0.3
719,LR-REAL-Political,0.5803921568627451,0.537017967942514,5.0,RPC-GB,0.3
720,LR-REAL-Political,0.5137254901960785,0.5981617882243848,5.0,RPC-GB,0.3
721,LR-REAL-Political,0.611764705882353,0.5479426656714274,5.235294117647059,RPC-GB,0.3
722,LR-REAL-Political,0.6588235294117648,0.5701094153117207,5.588235294117647,RPC-GB,0.3
723,LR-REAL-Political,0.6862745098039216,0.6005949042976716,5.0,RPC-GB,0.3
724,LR-REAL-Political,0.5568627450980392,0.5493880865165282,4.705882352941177,RPC-GB,0.3
725,LR-REAL-Political,0.5568627450980392,0.5907593270029953,5.0588235294117645,RPC-GB,0.3
726,LR-REAL-Political,0.596078431372549,0.5767714379325926,5.176470588235294,RPC-GB,0.3
727,LR-REAL-Political,0.7568627450980392,0.5635507971061565,4.882352941176471,RPC-GB,0.3
728,LR-REAL-Political,0.6352941176470589,0.5500812427842525,5.0588235294117645,RPC-GB,0.3
729,LR-REAL-Political,0.5372549019607843,0.6047314723362364,5.0,RPC-GB,0.3
730,LR-REAL-Political,0.611764705882353,0.5805839450904401,5.117647058823529,RPC-GB,0.3
731,LR-REAL-Political,0.42745098039215684,0.5790016971120706,5.176470588235294,RPC-GB,0.3
732,LR-REAL-Political,0.6509803921568627,0.572340149144346,5.176470588235294,RPC-GB,0.3
733,LR-REAL-Political,0.7098039215686276,0.5870468620958632,5.176470588235294,RPC-GB,0.3
734,LR-REAL-Political,0.6392156862745099,0.5911313420499696,4.9411764705882355,RPC-GB,0.3
735,LR-REAL-Political,0.6156862745098038,0.5567183925446576,5.352941176470588,RPC-GB,0.3
736,LR-REAL-Political,0.5882352941176471,0.586056763909042,4.9411764705882355,RPC-GB,0.3
737,LR-REAL-Political,0.6392156862745099,0.6018072751179226,5.235294117647059,RPC-GB,0.3
738,LR-REAL-Political,0.6352941176470589,0.5603441310375157,4.9411764705882355,RPC-GB,0.3
739,LR-REAL-Political,0.6862745098039216,0.5574895809626219,5.117647058823529,RPC-GB,0.3
740,LR-REAL-Political,0.6509803921568628,0.5958518233520319,5.0,RPC-GB,0.3
741,LR-REAL-Political,0.6470588235294118,0.5822579963053307,5.235294117647059,RPC-GB,0.3
742,LR-REAL-Political,0.5450980392156862,0.6783204231349987,4.529411764705882,RPC-GB,0.3
743,LR-REAL-Political,0.7215686274509805,0.6268552862756324,5.411764705882353,RPC-GB,0.3
744,LR-REAL-Political,0.6549019607843137,0.6027203531358655,4.9411764705882355,RPC-GB,0.3
745,LR-REAL-Political,0.6627450980392158,0.594054409157119,5.117647058823529,RPC-GB,0.3
746,LR-REAL-Political,0.6588235294117648,0.5711285300368545,5.117647058823529,RPC-GB,0.3
747,LR-REAL-Political,0.5411764705882354,0.5540058554876133,4.882352941176471,RPC-GB,0.3
748,LR-REAL-Political,0.6627450980392157,0.5938969997964229,5.470588235294118,RPC-GB,0.3
749,LR-REAL-Political,0.7725490196078431,0.5792791510807508,5.294117647058823,RPC-GB,0.3
750,LR-REAL-Political,0.17647058823529413,1.252369767830196,2.3529411764705883,Chain-GBR-PI,0.4
751,LR-REAL-Political,-0.01960784313725491,1.249576810637264,2.0,Chain-GBR-PI,0.4
752,LR-REAL-Political,0.1411764705882353,1.2513246718219286,2.0588235294117645,Chain-GBR-PI,0.4
753,LR-REAL-Political,0.11372549019607843,1.2433517008043347,1.8235294117647058,Chain-GBR-PI,0.4
754,LR-REAL-Political,0.03137254901960785,1.242913806805079,1.7058823529411764,Chain-GBR-PI,0.4
755,LR-REAL-Political,0.09019607843137256,1.250155311114971,1.8235294117647058,Chain-GBR-PI,0.4
756,LR-REAL-Political,0.14117647058823532,1.263818617721488,2.0588235294117645,Chain-GBR-PI,0.4
757,LR-REAL-Political,0.06666666666666667,1.2645783430727149,2.0588235294117645,Chain-GBR-PI,0.4
758,LR-REAL-Political,0.011764705882352941,1.2733024769854628,1.588235294117647,Chain-GBR-PI,0.4
759,LR-REAL-Political,0.10588235294117647,1.2590806706896867,2.0588235294117645,Chain-GBR-PI,0.4
760,LR-REAL-Political,0.11372549019607843,1.2668435722887457,2.3529411764705883,Chain-GBR-PI,0.4
761,LR-REAL-Political,0.13333333333333336,1.2653870480308982,2.0588235294117645,Chain-GBR-PI,0.4
762,LR-REAL-Political,0.09019607843137256,1.2682770806340724,1.7647058823529411,Chain-GBR-PI,0.4
763,LR-REAL-Political,0.07058823529411765,1.2831071657360749,1.7647058823529411,Chain-GBR-PI,0.4
764,LR-REAL-Political,-0.03529411764705882,1.2635689937478511,2.0,Chain-GBR-PI,0.4
765,LR-REAL-Political,0.09411764705882353,1.2710238551516362,1.6470588235294117,Chain-GBR-PI,0.4
766,LR-REAL-Political,0.16078431372549024,1.2650403325043724,2.411764705882353,Chain-GBR-PI,0.4
767,LR-REAL-Political,0.09803921568627451,1.272762379251863,1.9411764705882353,Chain-GBR-PI,0.4
768,LR-REAL-Political,0.08627450980392158,1.2776417971449374,1.9411764705882353,Chain-GBR-PI,0.4
769,LR-REAL-Political,0.12156862745098038,1.238756062077669,2.4705882352941178,Chain-GBR-PI,0.4
770,LR-REAL-Political,0.1647058823529412,1.2402206059690286,1.8235294117647058,Chain-GBR-PI,0.4
771,LR-REAL-Political,0.10196078431372549,1.244938469944645,2.3529411764705883,Chain-GBR-PI,0.4
772,LR-REAL-Political,0.047058823529411764,1.2504910100738054,1.9411764705882353,Chain-GBR-PI,0.4
773,LR-REAL-Political,0.1843137254901961,1.240077493912935,2.1176470588235294,Chain-GBR-PI,0.4
774,LR-REAL-Political,-0.015686274509803918,1.2487137300910764,1.7058823529411764,Chain-GBR-PI,0.4
775,LR-REAL-Political,0.1450980392156863,1.259618220096232,2.1176470588235294,Chain-GBR-PI,0.4
776,LR-REAL-Political,0.007843137254901959,1.2495735517633533,1.8235294117647058,Chain-GBR-PI,0.4
777,LR-REAL-Political,0.23529411764705882,1.254884732092788,2.2941176470588234,Chain-GBR-PI,0.4
778,LR-REAL-Political,0.058823529411764705,1.2655211361163885,2.176470588235294,Chain-GBR-PI,0.4
779,LR-REAL-Political,0.20784313725490197,1.253967705153513,2.235294117647059,Chain-GBR-PI,0.4
780,LR-REAL-Political,0.17254901960784313,1.249038954929956,2.0588235294117645,Chain-GBR-PI,0.4
781,LR-REAL-Political,0.17254901960784313,1.2534776070839575,1.6470588235294117,Chain-GBR-PI,0.4
782,LR-REAL-Political,0.10980392156862745,1.24773639785498,2.0588235294117645,Chain-GBR-PI,0.4
783,LR-REAL-Political,0.14901960784313725,1.256933280758659,2.411764705882353,Chain-GBR-PI,0.4
784,LR-REAL-Political,0.11372549019607843,1.243233222940492,1.7647058823529411,Chain-GBR-PI,0.4
785,LR-REAL-Political,0.2745098039215686,1.2530555353418966,2.3529411764705883,Chain-GBR-PI,0.4
786,LR-REAL-Political,0.0784313725490196,1.257819640690218,1.8823529411764706,Chain-GBR-PI,0.4
787,LR-REAL-Political,0.015686274509803918,1.252713718517586,2.0588235294117645,Chain-GBR-PI,0.4
788,LR-REAL-Political,0.03137254901960784,1.2530083274840251,1.7058823529411764,Chain-GBR-PI,0.4
789,LR-REAL-Political,0.07843137254901962,1.2541433875876236,2.176470588235294,Chain-GBR-PI,0.4
790,LR-REAL-Political,0.11372549019607843,1.255929273081039,1.7058823529411764,Chain-GBR-PI,0.4
791,LR-REAL-Political,0.0823529411764706,1.2544938571936044,1.7647058823529411,Chain-GBR-PI,0.4
792,LR-REAL-Political,0.007843137254901959,1.2737117172969077,1.7647058823529411,Chain-GBR-PI,0.4
793,LR-REAL-Political,0.16862745098039217,1.2697117046337147,2.0588235294117645,Chain-GBR-PI,0.4
794,LR-REAL-Political,0.0980392156862745,1.2643221172725718,1.8235294117647058,Chain-GBR-PI,0.4
795,LR-REAL-Political,0.21960784313725487,1.2738903730858908,2.235294117647059,Chain-GBR-PI,0.4
796,LR-REAL-Political,0.11764705882352941,1.2919284865403688,2.0588235294117645,Chain-GBR-PI,0.4
797,LR-REAL-Political,0.04313725490196078,1.2448516383016313,2.176470588235294,Chain-GBR-PI,0.4
798,LR-REAL-Political,0.0823529411764706,1.2419688542941674,1.8235294117647058,Chain-GBR-PI,0.4
799,LR-REAL-Political,0.06274509803921569,1.2430213069384073,2.3529411764705883,Chain-GBR-PI,0.4
800,LR-REAL-Political,0.3215686274509804,1.2223952897737294,4.117647058823529,Chain-GBR-RR,0.4
801,LR-REAL-Political,0.25098039215686274,1.2327761756691054,4.0588235294117645,Chain-GBR-RR,0.4
802,LR-REAL-Political,0.3647058823529412,1.230957286597123,3.588235294117647,Chain-GBR-RR,0.4
803,LR-REAL-Political,0.2784313725490196,1.2225390353703924,3.9411764705882355,Chain-GBR-RR,0.4
804,LR-REAL-Political,0.14117647058823532,1.2255011582402902,3.588235294117647,Chain-GBR-RR,0.4
805,LR-REAL-Political,0.31764705882352945,1.2386770901830353,4.294117647058823,Chain-GBR-RR,0.4
806,LR-REAL-Political,0.392156862745098,1.238321188228482,3.8823529411764706,Chain-GBR-RR,0.4
807,LR-REAL-Political,0.27450980392156865,1.2531382457022409,3.7058823529411766,Chain-GBR-RR,0.4
808,LR-REAL-Political,0.17254901960784316,1.2428837412939013,3.4705882352941178,Chain-GBR-RR,0.4
809,LR-REAL-Political,0.3490196078431373,1.2279937804017083,3.588235294117647,Chain-GBR-RR,0.4
810,LR-REAL-Political,0.2392156862745098,1.2335367691500858,3.7058823529411766,Chain-GBR-RR,0.4
811,LR-REAL-Political,0.4156862745098039,1.230034605896646,3.9411764705882355,Chain-GBR-RR,0.4
812,LR-REAL-Political,0.3411764705882353,1.23938429038997,3.6470588235294117,Chain-GBR-RR,0.4
813,LR-REAL-Political,0.2980392156862745,1.257420844652098,3.6470588235294117,Chain-GBR-RR,0.4
814,LR-REAL-Political,0.16470588235294123,1.2267876022911313,3.7058823529411766,Chain-GBR-RR,0.4
815,LR-REAL-Political,0.2627450980392157,1.2338478171311467,3.8823529411764706,Chain-GBR-RR,0.4
816,LR-REAL-Political,0.40392156862745093,1.238266760533756,4.0,Chain-GBR-RR,0.4
817,LR-REAL-Political,0.3019607843137255,1.247704693326143,3.8823529411764706,Chain-GBR-RR,0.4
818,LR-REAL-Political,0.25490196078431376,1.233269316603945,3.7058823529411766,Chain-GBR-RR,0.4
819,LR-REAL-Political,0.30588235294117644,1.2214397454747183,4.0588235294117645,Chain-GBR-RR,0.4
820,LR-REAL-Political,0.41568627450980394,1.220723553677328,3.823529411764706,Chain-GBR-RR,0.4
821,LR-REAL-Political,0.24705882352941178,1.2216768790745645,3.764705882352941,Chain-GBR-RR,0.4
822,LR-REAL-Political,0.32549019607843144,1.222797307585565,3.588235294117647,Chain-GBR-RR,0.4
823,LR-REAL-Political,0.3764705882352941,1.2214869778693525,4.0588235294117645,Chain-GBR-RR,0.4
824,LR-REAL-Political,0.19999999999999998,1.232807265039094,3.823529411764706,Chain-GBR-RR,0.4
825,LR-REAL-Political,0.3568627450980392,1.2332382264215176,3.8823529411764706,Chain-GBR-RR,0.4
826,LR-REAL-Political,0.13333333333333333,1.2266944044403971,3.3529411764705883,Chain-GBR-RR,0.4
827,LR-REAL-Political,0.4078431372549019,1.2287819832123952,4.235294117647059,Chain-GBR-RR,0.4
828,LR-REAL-Political,0.2745098039215686,1.2218299174162757,4.0588235294117645,Chain-GBR-RR,0.4
829,LR-REAL-Political,0.3647058823529412,1.2271424690749873,3.588235294117647,Chain-GBR-RR,0.4
830,LR-REAL-Political,0.45098039215686275,1.2285902329670715,3.823529411764706,Chain-GBR-RR,0.4
831,LR-REAL-Political,0.2823529411764706,1.2336753208232338,3.6470588235294117,Chain-GBR-RR,0.4
832,LR-REAL-Political,0.3568627450980392,1.227104380143219,4.0588235294117645,Chain-GBR-RR,0.4
833,LR-REAL-Political,0.35686274509803917,1.2368271443578183,4.0588235294117645,Chain-GBR-RR,0.4
834,LR-REAL-Political,0.3254901960784314,1.2260476280011836,3.8823529411764706,Chain-GBR-RR,0.4
835,LR-REAL-Political,0.42745098039215684,1.2394058076793482,4.352941176470588,Chain-GBR-RR,0.4
836,LR-REAL-Political,0.26666666666666666,1.2433716431371131,3.764705882352941,Chain-GBR-RR,0.4
837,LR-REAL-Political,0.28627450980392155,1.239862019293708,3.6470588235294117,Chain-GBR-RR,0.4
838,LR-REAL-Political,0.33725490196078434,1.2357043772695504,3.6470588235294117,Chain-GBR-RR,0.4
839,LR-REAL-Political,0.29411764705882354,1.2441884795916005,3.588235294117647,Chain-GBR-RR,0.4
840,LR-REAL-Political,0.32941176470588235,1.2374112513115216,3.823529411764706,Chain-GBR-RR,0.4
841,LR-REAL-Political,0.34117647058823536,1.2399889376476378,3.6470588235294117,Chain-GBR-RR,0.4
842,LR-REAL-Political,0.30980392156862746,1.242479870610242,3.7058823529411766,Chain-GBR-RR,0.4
843,LR-REAL-Political,0.3568627450980393,1.2531450206240577,3.9411764705882355,Chain-GBR-RR,0.4
844,LR-REAL-Political,0.4117647058823529,1.2536738531645366,3.9411764705882355,Chain-GBR-RR,0.4
845,LR-REAL-Political,0.4549019607843137,1.2696982259248029,4.117647058823529,Chain-GBR-RR,0.4
846,LR-REAL-Political,0.3254901960784314,1.2506220085825785,4.0588235294117645,Chain-GBR-RR,0.4
847,LR-REAL-Political,0.25882352941176473,1.255676308099131,3.8823529411764706,Chain-GBR-RR,0.4
848,LR-REAL-Political,0.34901960784313724,1.2282006825843248,4.0588235294117645,Chain-GBR-RR,0.4
849,LR-REAL-Political,0.25490196078431376,1.2215291535801034,4.0588235294117645,Chain-GBR-RR,0.4
850,LR-REAL-Political,0.7019607843137255,0.45760162537082805,4.411764705882353,ST-GBR-RR,0.4
851,LR-REAL-Political,0.5450980392156863,0.4523169541287229,4.411764705882353,ST-GBR-RR,0.4
852,LR-REAL-Political,0.6980392156862745,0.46437500512455543,4.352941176470588,ST-GBR-RR,0.4
853,LR-REAL-Political,0.627450980392157,0.46467380262029123,4.294117647058823,ST-GBR-RR,0.4
854,LR-REAL-Political,0.6705882352941177,0.5356840164319763,4.705882352941177,ST-GBR-RR,0.4
855,LR-REAL-Political,0.6235294117647059,0.46286715476173595,4.352941176470588,ST-GBR-RR,0.4
856,LR-REAL-Political,0.6313725490196078,0.47890008156990405,4.352941176470588,ST-GBR-RR,0.4
857,LR-REAL-Political,0.6627450980392157,0.4747730883271745,4.117647058823529,ST-GBR-RR,0.4
858,LR-REAL-Political,0.6392156862745099,0.46684367751276656,4.235294117647059,ST-GBR-RR,0.4
859,LR-REAL-Political,0.615686274509804,0.4798680549296259,4.470588235294118,ST-GBR-RR,0.4
860,LR-REAL-Political,0.6666666666666669,0.47192134155944515,4.294117647058823,ST-GBR-RR,0.4
861,LR-REAL-Political,0.6862745098039217,0.4528833229841074,4.588235294117647,ST-GBR-RR,0.4
862,LR-REAL-Political,0.7098039215686275,0.4845271650229474,4.470588235294118,ST-GBR-RR,0.4
863,LR-REAL-Political,0.6470588235294117,0.46682429632145245,4.411764705882353,ST-GBR-RR,0.4
864,LR-REAL-Political,0.627450980392157,0.48329167487521474,4.235294117647059,ST-GBR-RR,0.4
865,LR-REAL-Political,0.6784313725490196,0.4801127871329639,4.470588235294118,ST-GBR-RR,0.4
866,LR-REAL-Political,0.6509803921568629,0.466519577668701,4.235294117647059,ST-GBR-RR,0.4
867,LR-REAL-Political,0.6352941176470589,0.46237426539632404,4.529411764705882,ST-GBR-RR,0.4
868,LR-REAL-Political,0.6156862745098038,0.4589964266473155,4.470588235294118,ST-GBR-RR,0.4
869,LR-REAL-Political,0.6235294117647059,0.45457732084011265,4.647058823529412,ST-GBR-RR,0.4
870,LR-REAL-Political,0.6588235294117648,0.436847127255858,4.470588235294118,ST-GBR-RR,0.4
871,LR-REAL-Political,0.6627450980392158,0.46082946958058896,4.117647058823529,ST-GBR-RR,0.4
872,LR-REAL-Political,0.5568627450980392,0.4661536233844216,4.294117647058823,ST-GBR-RR,0.4
873,LR-REAL-Political,0.6901960784313725,0.47698226893562945,4.294117647058823,ST-GBR-RR,0.4
874,LR-REAL-Political,0.6352941176470588,0.4638863780418855,4.294117647058823,ST-GBR-RR,0.4
875,LR-REAL-Political,0.5647058823529412,0.4599905875139667,4.529411764705882,ST-GBR-RR,0.4
876,LR-REAL-Political,0.6196078431372549,0.46978536245739383,4.411764705882353,ST-GBR-RR,0.4
877,LR-REAL-Political,0.7725490196078431,0.47985049920287165,4.470588235294118,ST-GBR-RR,0.4
878,LR-REAL-Political,0.6627450980392157,0.46333171957961217,4.176470588235294,ST-GBR-RR,0.4
879,LR-REAL-Political,0.607843137254902,0.48748668203899537,4.235294117647059,ST-GBR-RR,0.4
880,LR-REAL-Political,0.6509803921568628,0.4570957519383482,4.176470588235294,ST-GBR-RR,0.4
881,LR-REAL-Political,0.5490196078431372,0.45386552008288,4.0588235294117645,ST-GBR-RR,0.4
882,LR-REAL-Political,0.6509803921568628,0.5380831829145926,4.294117647058823,ST-GBR-RR,0.4
883,LR-REAL-Political,0.6823529411764706,0.46118710112279826,4.470588235294118,ST-GBR-RR,0.4
884,LR-REAL-Political,0.6784313725490196,0.46169453519492404,4.294117647058823,ST-GBR-RR,0.4
885,LR-REAL-Political,0.6784313725490196,0.46933531874236084,4.352941176470588,ST-GBR-RR,0.4
886,LR-REAL-Political,0.592156862745098,0.47962080460000467,4.529411764705882,ST-GBR-RR,0.4
887,LR-REAL-Political,0.6431372549019607,0.4651946508470315,3.823529411764706,ST-GBR-RR,0.4
888,LR-REAL-Political,0.6549019607843137,0.45687928689270946,4.294117647058823,ST-GBR-RR,0.4
889,LR-REAL-Political,0.6941176470588235,0.5035944332451939,4.235294117647059,ST-GBR-RR,0.4
890,LR-REAL-Political,0.5607843137254902,0.4785362034868689,4.352941176470588,ST-GBR-RR,0.4
891,LR-REAL-Political,0.6666666666666666,0.45356980229366184,4.411764705882353,ST-GBR-RR,0.4
892,LR-REAL-Political,0.6470588235294117,0.4590379490935183,4.705882352941177,ST-GBR-RR,0.4
893,LR-REAL-Political,0.6235294117647059,0.4772826317573162,4.529411764705882,ST-GBR-RR,0.4
894,LR-REAL-Political,0.7137254901960786,0.4740664158887577,4.411764705882353,ST-GBR-RR,0.4
895,LR-REAL-Political,0.6431372549019608,0.47604718840719557,4.235294117647059,ST-GBR-RR,0.4
896,LR-REAL-Political,0.7098039215686276,0.4577753162174587,4.588235294117647,ST-GBR-RR,0.4
897,LR-REAL-Political,0.5450980392156862,0.4519289495337578,4.294117647058823,ST-GBR-RR,0.4
898,LR-REAL-Political,0.6509803921568627,0.4473280415440124,4.117647058823529,ST-GBR-RR,0.4
899,LR-REAL-Political,0.7411764705882353,0.4533132416955636,4.588235294117647,ST-GBR-RR,0.4
900,LR-REAL-Political,0.4784313725490196,0.4703538140657352,3.2941176470588234,ST-GBR-PI,0.4
901,LR-REAL-Political,0.2235294117647059,0.4649038776811034,2.6470588235294117,ST-GBR-PI,0.4
902,LR-REAL-Political,0.4431372549019608,0.4708314390314939,3.176470588235294,ST-GBR-PI,0.4
903,LR-REAL-Political,0.4078431372549019,0.4649036663372995,3.1176470588235294,ST-GBR-PI,0.4
904,LR-REAL-Political,0.38431372549019605,0.47164461743944686,3.1176470588235294,ST-GBR-PI,0.4
905,LR-REAL-Political,0.3647058823529412,0.4697764284942997,2.823529411764706,ST-GBR-PI,0.4
906,LR-REAL-Political,0.396078431372549,0.4611119479686407,2.9411764705882355,ST-GBR-PI,0.4
907,LR-REAL-Political,0.40392156862745093,0.4751376951622144,2.9411764705882355,ST-GBR-PI,0.4
908,LR-REAL-Political,0.3294117647058824,0.4732429325304138,3.176470588235294,ST-GBR-PI,0.4
909,LR-REAL-Political,0.38823529411764707,0.48010385427287555,2.8823529411764706,ST-GBR-PI,0.4
910,LR-REAL-Political,0.3803921568627451,0.4688766437556749,3.0,ST-GBR-PI,0.4
911,LR-REAL-Political,0.4156862745098039,0.48968991882582513,3.1176470588235294,ST-GBR-PI,0.4
912,LR-REAL-Political,0.4784313725490196,0.47209330701242225,3.2941176470588234,ST-GBR-PI,0.4
913,LR-REAL-Political,0.388235294117647,0.4733357697506933,3.235294117647059,ST-GBR-PI,0.4
914,LR-REAL-Political,0.34509803921568627,0.4948904724139527,3.235294117647059,ST-GBR-PI,0.4
915,LR-REAL-Political,0.3294117647058824,0.5461642679231198,2.823529411764706,ST-GBR-PI,0.4
916,LR-REAL-Political,0.4392156862745098,0.45675686400209087,3.1176470588235294,ST-GBR-PI,0.4
917,LR-REAL-Political,0.44313725490196076,0.46689340858188855,3.3529411764705883,ST-GBR-PI,0.4
918,LR-REAL-Political,0.3803921568627451,0.47543715278293874,3.1176470588235294,ST-GBR-PI,0.4
919,LR-REAL-Political,0.3686274509803922,0.46011512646260866,3.176470588235294,ST-GBR-PI,0.4
920,LR-REAL-Political,0.47058823529411764,0.421078522827978,3.0,ST-GBR-PI,0.4
921,LR-REAL-Political,0.38823529411764707,0.47183332152596397,3.588235294117647,ST-GBR-PI,0.4
922,LR-REAL-Political,0.388235294117647,0.46934507764313177,3.235294117647059,ST-GBR-PI,0.4
923,LR-REAL-Political,0.47058823529411764,0.47069797176690115,3.176470588235294,ST-GBR-PI,0.4
924,LR-REAL-Political,0.3568627450980393,0.4660550651583933,2.823529411764706,ST-GBR-PI,0.4
925,LR-REAL-Political,0.27058823529411763,0.4722209001318884,3.235294117647059,ST-GBR-PI,0.4
926,LR-REAL-Political,0.42745098039215684,0.47245403172782907,2.8823529411764706,ST-GBR-PI,0.4
927,LR-REAL-Political,0.396078431372549,0.4728854407929576,2.9411764705882355,ST-GBR-PI,0.4
928,LR-REAL-Political,0.3450980392156863,0.48796824436454705,2.5294117647058822,ST-GBR-PI,0.4
929,LR-REAL-Political,0.3254901960784314,0.47388111468398586,2.7058823529411766,ST-GBR-PI,0.4
930,LR-REAL-Political,0.33333333333333337,0.45879849464396427,2.9411764705882355,ST-GBR-PI,0.4
931,LR-REAL-Political,0.3568627450980392,0.46640450954112517,3.2941176470588234,ST-GBR-PI,0.4
932,LR-REAL-Political,0.3607843137254902,0.45608743186552575,3.0,ST-GBR-PI,0.4
933,LR-REAL-Political,0.48235294117647065,0.45726229256335105,3.1176470588235294,ST-GBR-PI,0.4
934,LR-REAL-Political,0.4156862745098039,0.4677855026186369,3.0,ST-GBR-PI,0.4
935,LR-REAL-Political,0.45490196078431366,0.4687564154026981,2.7058823529411766,ST-GBR-PI,0.4
936,LR-REAL-Political,0.36470588235294116,0.4700107597025583,3.235294117647059,ST-GBR-PI,0.4
937,LR-REAL-Political,0.4352941176470588,0.47007896068233074,3.0588235294117645,ST-GBR-PI,0.4
938,LR-REAL-Political,0.33333333333333337,0.4694587663869251,2.4705882352941178,ST-GBR-PI,0.4
939,LR-REAL-Political,0.39215686274509803,0.4684033304034794,2.9411764705882355,ST-GBR-PI,0.4
940,LR-REAL-Political,0.2823529411764706,0.47689344980233095,3.0,ST-GBR-PI,0.4
941,LR-REAL-Political,0.38431372549019605,0.4235265302582276,2.7058823529411766,ST-GBR-PI,0.4
942,LR-REAL-Political,0.4156862745098039,0.4821358790520255,3.3529411764705883,ST-GBR-PI,0.4
943,LR-REAL-Political,0.42745098039215684,0.6256910139977251,2.764705882352941,ST-GBR-PI,0.4
944,LR-REAL-Political,0.5137254901960784,0.49486660870813504,3.3529411764705883,ST-GBR-PI,0.4
945,LR-REAL-Political,0.4156862745098039,0.4748746940773598,3.0588235294117645,ST-GBR-PI,0.4
946,LR-REAL-Political,0.34901960784313724,0.45839210911410516,3.2941176470588234,ST-GBR-PI,0.4
947,LR-REAL-Political,0.35294117647058826,0.4702420241679197,3.235294117647059,ST-GBR-PI,0.4
948,LR-REAL-Political,0.396078431372549,0.4554393627965719,3.0588235294117645,ST-GBR-PI,0.4
949,LR-REAL-Political,0.4156862745098039,0.48706261292595415,2.8823529411764706,ST-GBR-PI,0.4
950,LR-REAL-Political,0.6078431372549019,0.5363276237129819,4.823529411764706,RPC-GB,0.4
951,LR-REAL-Political,0.40392156862745093,0.5260368267669174,5.0588235294117645,RPC-GB,0.4
952,LR-REAL-Political,0.6666666666666667,0.5726775210308495,5.0588235294117645,RPC-GB,0.4
953,LR-REAL-Political,0.47058823529411775,0.5065052298612867,4.294117647058823,RPC-GB,0.4
954,LR-REAL-Political,0.5725490196078431,0.54526782846835,5.235294117647059,RPC-GB,0.4
955,LR-REAL-Political,0.592156862745098,0.5137163268099497,4.470588235294118,RPC-GB,0.4
956,LR-REAL-Political,0.5294117647058822,0.55088500641825,5.470588235294118,RPC-GB,0.4
957,LR-REAL-Political,0.5686274509803921,0.5653905846773781,5.352941176470588,RPC-GB,0.4
958,LR-REAL-Political,0.568627450980392,0.5691531331161235,5.0,RPC-GB,0.4
959,LR-REAL-Political,0.5529411764705882,0.5828056256423195,5.411764705882353,RPC-GB,0.4
960,LR-REAL-Political,0.6470588235294118,0.5304815795383548,5.647058823529412,RPC-GB,0.4
961,LR-REAL-Political,0.5019607843137255,0.5832892158903461,5.117647058823529,RPC-GB,0.4
962,LR-REAL-Political,0.6117647058823531,0.6053971040543673,5.588235294117647,RPC-GB,0.4
963,LR-REAL-Political,0.6,0.5713726023376158,5.294117647058823,RPC-GB,0.4
964,LR-REAL-Political,0.6039215686274509,0.5759958321551774,4.9411764705882355,RPC-GB,0.4
965,LR-REAL-Political,0.5607843137254903,0.5674022640038997,5.0588235294117645,RPC-GB,0.4
966,LR-REAL-Political,0.603921568627451,0.5322216821149296,5.470588235294118,RPC-GB,0.4
967,LR-REAL-Political,0.6235294117647059,0.5445848306226018,5.588235294117647,RPC-GB,0.4
968,LR-REAL-Political,0.4901960784313726,0.5478427515664352,5.529411764705882,RPC-GB,0.4
969,LR-REAL-Political,0.4666666666666666,0.5419808300649769,5.470588235294118,RPC-GB,0.4
970,LR-REAL-Political,0.6117647058823529,0.5665407892460697,5.117647058823529,RPC-GB,0.4
971,LR-REAL-Political,0.6784313725490196,0.5172433229137477,5.235294117647059,RPC-GB,0.4
972,LR-REAL-Political,0.49411764705882344,0.5231928342530877,5.294117647058823,RPC-GB,0.4
973,LR-REAL-Political,0.5647058823529412,0.5287842476366256,5.470588235294118,RPC-GB,0.4
974,LR-REAL-Political,0.592156862745098,0.5393862020192918,5.117647058823529,RPC-GB,0.4
975,LR-REAL-Political,0.4549019607843137,0.5255980941730265,5.588235294117647,RPC-GB,0.4
976,LR-REAL-Political,0.5607843137254901,0.577967728667789,5.588235294117647,RPC-GB,0.4
977,LR-REAL-Political,0.6862745098039216,0.5644872227767801,5.705882352941177,RPC-GB,0.4
978,LR-REAL-Political,0.580392156862745,0.5392477850446278,5.235294117647059,RPC-GB,0.4
979,LR-REAL-Political,0.611764705882353,0.5604871616723883,5.470588235294118,RPC-GB,0.4
980,LR-REAL-Political,0.5647058823529412,0.5336840123871103,5.411764705882353,RPC-GB,0.4
981,LR-REAL-Political,0.43137254901960786,0.5384001498128351,5.588235294117647,RPC-GB,0.4
982,LR-REAL-Political,0.5647058823529412,0.5212732666412349,5.294117647058823,RPC-GB,0.4
983,LR-REAL-Political,0.6431372549019608,0.544324201020022,5.647058823529412,RPC-GB,0.4
984,LR-REAL-Political,0.5529411764705883,0.5491923620252542,5.117647058823529,RPC-GB,0.4
985,LR-REAL-Political,0.6588235294117647,0.5551563576594323,5.588235294117647,RPC-GB,0.4
986,LR-REAL-Political,0.6196078431372548,0.5342067584373604,5.117647058823529,RPC-GB,0.4
987,LR-REAL-Political,0.6117647058823529,0.5784767673908597,5.352941176470588,RPC-GB,0.4
988,LR-REAL-Political,0.615686274509804,0.516197088613652,5.176470588235294,RPC-GB,0.4
989,LR-REAL-Political,0.6,0.5329703357307243,5.176470588235294,RPC-GB,0.4
990,LR-REAL-Political,0.5019607843137255,0.5623090000855091,5.352941176470588,RPC-GB,0.4
991,LR-REAL-Political,0.5725490196078431,0.5265113424387411,5.294117647058823,RPC-GB,0.4
992,LR-REAL-Political,0.5137254901960784,0.5791086772205037,5.0,RPC-GB,0.4
993,LR-REAL-Political,0.611764705882353,0.5795989264826631,5.352941176470588,RPC-GB,0.4
994,LR-REAL-Political,0.5568627450980392,0.5428065591186708,5.647058823529412,RPC-GB,0.4
995,LR-REAL-Political,0.5647058823529412,0.5540292470816083,5.235294117647059,RPC-GB,0.4
996,LR-REAL-Political,0.5843137254901962,0.5452764649494667,5.117647058823529,RPC-GB,0.4
997,LR-REAL-Political,0.5568627450980392,0.5469865753249875,5.176470588235294,RPC-GB,0.4
998,LR-REAL-Political,0.5803921568627451,0.5290307223921106,5.529411764705882,RPC-GB,0.4
999,LR-REAL-Political,0.7137254901960784,0.5535996483338644,5.470588235294118,RPC-GB,0.4
1000,LR-REAL-Political,0.12156862745098038,1.251536743072259,1.8235294117647058,Chain-GBR-PI,0.5
1001,LR-REAL-Political,-0.003921568627450983,1.2660456538942522,1.8823529411764706,Chain-GBR-PI,0.5
1002,LR-REAL-Political,0.0,1.2484327225032723,1.6470588235294117,Chain-GBR-PI,0.5
1003,LR-REAL-Political,0.0784313725490196,1.2443000696527693,2.2941176470588234,Chain-GBR-PI,0.5
1004,LR-REAL-Political,0.09411764705882353,1.2502319195296634,2.1176470588235294,Chain-GBR-PI,0.5
1005,LR-REAL-Political,0.027450980392156862,1.257373329610831,1.6470588235294117,Chain-GBR-PI,0.5
1006,LR-REAL-Political,0.1254901960784314,1.2543589841974165,2.2941176470588234,Chain-GBR-PI,0.5
1007,LR-REAL-Political,0.07058823529411765,1.2563184745148206,2.1176470588235294,Chain-GBR-PI,0.5
1008,LR-REAL-Political,0.08235294117647059,1.2556415012170385,1.7647058823529411,Chain-GBR-PI,0.5
1009,LR-REAL-Political,0.12549019607843137,1.2559832008357705,1.8235294117647058,Chain-GBR-PI,0.5
1010,LR-REAL-Political,-0.011764705882352941,1.2688004759968106,1.8235294117647058,Chain-GBR-PI,0.5
1011,LR-REAL-Political,0.12549019607843137,1.2707990822677728,2.4705882352941178,Chain-GBR-PI,0.5
1012,LR-REAL-Political,0.07450980392156863,1.2615578991042078,1.7058823529411764,Chain-GBR-PI,0.5
1013,LR-REAL-Political,0.09019607843137256,1.2625698560536356,1.7058823529411764,Chain-GBR-PI,0.5
1014,LR-REAL-Political,0.04313725490196079,1.2543092485587959,2.0,Chain-GBR-PI,0.5
1015,LR-REAL-Political,0.0980392156862745,1.2725163767543988,2.176470588235294,Chain-GBR-PI,0.5
1016,LR-REAL-Political,0.2235294117647059,1.2575368668070146,2.0,Chain-GBR-PI,0.5
1017,LR-REAL-Political,0.08627450980392158,1.2565659827380002,2.588235294117647,Chain-GBR-PI,0.5
1018,LR-REAL-Political,0.08627450980392158,1.2504331568402622,1.6470588235294117,Chain-GBR-PI,0.5
1019,LR-REAL-Political,0.07058823529411766,1.2481094312586292,1.9411764705882353,Chain-GBR-PI,0.5
1020,LR-REAL-Political,0.10980392156862744,1.2427993847843428,1.7647058823529411,Chain-GBR-PI,0.5
1021,LR-REAL-Political,0.14901960784313728,1.2427963610532355,1.9411764705882353,Chain-GBR-PI,0.5
1022,LR-REAL-Political,0.06274509803921569,1.2451993084921886,1.9411764705882353,Chain-GBR-PI,0.5
1023,LR-REAL-Political,0.12941176470588234,1.2437139094480247,2.1176470588235294,Chain-GBR-PI,0.5
1024,LR-REAL-Political,-0.01568627450980391,1.258157162728382,1.8235294117647058,Chain-GBR-PI,0.5
1025,LR-REAL-Political,0.03921568627450981,1.2366495358726068,1.411764705882353,Chain-GBR-PI,0.5
1026,LR-REAL-Political,0.043137254901960784,1.2410926826293085,2.1176470588235294,Chain-GBR-PI,0.5
1027,LR-REAL-Political,0.1215686274509804,1.2392517353477,2.0588235294117645,Chain-GBR-PI,0.5
1028,LR-REAL-Political,0.10196078431372549,1.2329256071878807,1.8823529411764706,Chain-GBR-PI,0.5
1029,LR-REAL-Political,0.03529411764705883,1.2456879631458335,1.6470588235294117,Chain-GBR-PI,0.5
1030,LR-REAL-Political,0.16470588235294117,1.2418916952861667,2.176470588235294,Chain-GBR-PI,0.5
1031,LR-REAL-Political,0.08627450980392158,1.2408760078116166,1.8235294117647058,Chain-GBR-PI,0.5
1032,LR-REAL-Political,0.14117647058823532,1.241537666386892,2.3529411764705883,Chain-GBR-PI,0.5
1033,LR-REAL-Political,0.20784313725490194,1.2465845900680035,2.0588235294117645,Chain-GBR-PI,0.5
1034,LR-REAL-Political,0.09019607843137256,1.2614218093751655,1.8235294117647058,Chain-GBR-PI,0.5
1035,LR-REAL-Political,0.01568627450980392,1.2524918202149287,2.235294117647059,Chain-GBR-PI,0.5
1036,LR-REAL-Political,0.10980392156862745,1.2490361274927604,2.2941176470588234,Chain-GBR-PI,0.5
1037,LR-REAL-Political,0.027450980392156866,1.2490766888974059,2.2941176470588234,Chain-GBR-PI,0.5
1038,LR-REAL-Political,0.050980392156862744,1.250246596226872,1.6470588235294117,Chain-GBR-PI,0.5
1039,LR-REAL-Political,0.09411764705882353,1.2535180752927297,1.7647058823529411,Chain-GBR-PI,0.5
1040,LR-REAL-Political,0.0823529411764706,1.2766592360010056,1.8823529411764706,Chain-GBR-PI,0.5
1041,LR-REAL-Political,0.1450980392156863,1.2649947358776243,1.7647058823529411,Chain-GBR-PI,0.5
1042,LR-REAL-Political,0.20784313725490194,1.2615251422119906,2.0,Chain-GBR-PI,0.5
1043,LR-REAL-Political,0.21960784313725493,1.255414863336768,2.1176470588235294,Chain-GBR-PI,0.5
1044,LR-REAL-Political,0.1019607843137255,1.2928242393767027,1.8235294117647058,Chain-GBR-PI,0.5
1045,LR-REAL-Political,0.05490196078431374,1.261081150622025,1.9411764705882353,Chain-GBR-PI,0.5
1046,LR-REAL-Political,0.10196078431372547,1.276151820986498,1.9411764705882353,Chain-GBR-PI,0.5
1047,LR-REAL-Political,0.07450980392156863,1.2734286514220534,2.0,Chain-GBR-PI,0.5
1048,LR-REAL-Political,0.007843137254901962,1.2625064125877818,1.7058823529411764,Chain-GBR-PI,0.5
1049,LR-REAL-Political,0.12156862745098043,1.3156641157948794,1.7058823529411764,Chain-GBR-PI,0.5
1050,LR-REAL-Political,0.29411764705882354,1.2247909935210186,3.588235294117647,Chain-GBR-RR,0.5
1051,LR-REAL-Political,0.18039215686274512,1.2348935605096865,3.823529411764706,Chain-GBR-RR,0.5
1052,LR-REAL-Political,0.21176470588235297,1.2228630701464023,3.411764705882353,Chain-GBR-RR,0.5
1053,LR-REAL-Political,0.25098039215686274,1.2209299353651284,3.7058823529411766,Chain-GBR-RR,0.5
1054,LR-REAL-Political,0.2156862745098039,1.2245224426752783,3.8823529411764706,Chain-GBR-RR,0.5
1055,LR-REAL-Political,0.21568627450980393,1.2201649475123513,3.4705882352941178,Chain-GBR-RR,0.5
1056,LR-REAL-Political,0.3333333333333333,1.2212310362848444,3.764705882352941,Chain-GBR-RR,0.5
1057,LR-REAL-Political,0.33333333333333337,1.2240218155373699,3.823529411764706,Chain-GBR-RR,0.5
1058,LR-REAL-Political,0.25882352941176473,1.2286891231016295,3.411764705882353,Chain-GBR-RR,0.5
1059,LR-REAL-Political,0.22745098039215686,1.2239738435895404,3.588235294117647,Chain-GBR-RR,0.5
1060,LR-REAL-Political,0.09019607843137255,1.2454208321668265,3.5294117647058822,Chain-GBR-RR,0.5
1061,LR-REAL-Political,0.28627450980392155,1.247442018321547,3.823529411764706,Chain-GBR-RR,0.5
1062,LR-REAL-Political,0.0784313725490196,1.2438654359455905,3.235294117647059,Chain-GBR-RR,0.5
1063,LR-REAL-Political,0.3137254901960784,1.234118184780158,3.4705882352941178,Chain-GBR-RR,0.5
1064,LR-REAL-Political,0.20392156862745095,1.2326324040497156,3.6470588235294117,Chain-GBR-RR,0.5
1065,LR-REAL-Political,0.2431372549019608,1.2397212517688267,4.0,Chain-GBR-RR,0.5
1066,LR-REAL-Political,0.4313725490196078,1.232625137848073,3.8823529411764706,Chain-GBR-RR,0.5
1067,LR-REAL-Political,0.20784313725490194,1.2342570171528093,3.9411764705882355,Chain-GBR-RR,0.5
1068,LR-REAL-Political,0.34509803921568627,1.2337083902777497,3.6470588235294117,Chain-GBR-RR,0.5
1069,LR-REAL-Political,0.2901960784313726,1.2327752373778722,4.0,Chain-GBR-RR,0.5
1070,LR-REAL-Political,0.3137254901960785,1.2264128266420764,3.823529411764706,Chain-GBR-RR,0.5
1071,LR-REAL-Political,0.42745098039215684,1.224390297402137,3.588235294117647,Chain-GBR-RR,0.5
1072,LR-REAL-Political,0.24705882352941178,1.2286608038603783,3.235294117647059,Chain-GBR-RR,0.5
1073,LR-REAL-Political,0.3294117647058823,1.2494797931720323,3.823529411764706,Chain-GBR-RR,0.5
1074,LR-REAL-Political,0.1607843137254902,1.241526521560626,3.4705882352941178,Chain-GBR-RR,0.5
1075,LR-REAL-Political,0.36078431372549025,1.2159608817131853,3.4705882352941178,Chain-GBR-RR,0.5
1076,LR-REAL-Political,0.22745098039215686,1.2177501988277653,3.764705882352941,Chain-GBR-RR,0.5
1077,LR-REAL-Political,0.32941176470588235,1.2189956785742793,4.0,Chain-GBR-RR,0.5
1078,LR-REAL-Political,0.3215686274509804,1.2116183847031354,3.8823529411764706,Chain-GBR-RR,0.5
1079,LR-REAL-Political,0.23137254901960783,1.2301383346886905,3.7058823529411766,Chain-GBR-RR,0.5
1080,LR-REAL-Political,0.3686274509803921,1.2173937933836776,3.5294117647058822,Chain-GBR-RR,0.5
1081,LR-REAL-Political,0.24705882352941178,1.2143956995651255,3.588235294117647,Chain-GBR-RR,0.5
1082,LR-REAL-Political,0.396078431372549,1.225436282804539,3.9411764705882355,Chain-GBR-RR,0.5
1083,LR-REAL-Political,0.27450980392156865,1.226495720858672,3.8823529411764706,Chain-GBR-RR,0.5
1084,LR-REAL-Political,0.23529411764705882,1.2233549656561047,3.6470588235294117,Chain-GBR-RR,0.5
1085,LR-REAL-Political,0.13333333333333333,1.2249511393192263,3.823529411764706,Chain-GBR-RR,0.5
1086,LR-REAL-Political,0.19215686274509802,1.2196949194200633,3.411764705882353,Chain-GBR-RR,0.5
1087,LR-REAL-Political,0.2431372549019608,1.2228147221962302,3.8823529411764706,Chain-GBR-RR,0.5
1088,LR-REAL-Political,0.3019607843137255,1.2275752200322485,3.7058823529411766,Chain-GBR-RR,0.5
1089,LR-REAL-Political,0.25098039215686274,1.2344285004224331,3.823529411764706,Chain-GBR-RR,0.5
1090,LR-REAL-Political,0.27843137254901956,1.2395645983833585,3.764705882352941,Chain-GBR-RR,0.5
1091,LR-REAL-Political,0.3490196078431373,1.2401558122757876,3.764705882352941,Chain-GBR-RR,0.5
1092,LR-REAL-Political,0.3176470588235294,1.2344649506943959,3.6470588235294117,Chain-GBR-RR,0.5
1093,LR-REAL-Political,0.30980392156862746,1.2480177726695605,3.4705882352941178,Chain-GBR-RR,0.5
1094,LR-REAL-Political,0.2705882352941177,1.2486278677045417,3.4705882352941178,Chain-GBR-RR,0.5
1095,LR-REAL-Political,0.047058823529411764,1.2490292486364307,3.823529411764706,Chain-GBR-RR,0.5
1096,LR-REAL-Political,0.3019607843137255,1.2543633814619555,3.8823529411764706,Chain-GBR-RR,0.5
1097,LR-REAL-Political,0.1607843137254902,1.2432913962221417,3.764705882352941,Chain-GBR-RR,0.5
1098,LR-REAL-Political,0.2196078431372549,1.2518196987044343,3.5294117647058822,Chain-GBR-RR,0.5
1099,LR-REAL-Political,0.3137254901960784,1.2412788963771901,3.411764705882353,Chain-GBR-RR,0.5
1100,LR-REAL-Political,0.7215686274509805,0.4799488441394849,4.470588235294118,ST-GBR-RR,0.5
1101,LR-REAL-Political,0.5215686274509803,0.45273620783654545,4.0588235294117645,ST-GBR-RR,0.5
1102,LR-REAL-Political,0.6352941176470588,0.46208174668058444,4.411764705882353,ST-GBR-RR,0.5
1103,LR-REAL-Political,0.5960784313725491,0.46609091945853964,4.117647058823529,ST-GBR-RR,0.5
1104,LR-REAL-Political,0.6431372549019608,0.47880525095716314,4.352941176470588,ST-GBR-RR,0.5
1105,LR-REAL-Political,0.6980392156862746,0.4595508924353849,4.0,ST-GBR-RR,0.5
1106,LR-REAL-Political,0.6196078431372549,0.4538728681606586,4.294117647058823,ST-GBR-RR,0.5
1107,LR-REAL-Political,0.6901960784313727,0.45206881310196084,4.294117647058823,ST-GBR-RR,0.5
1108,LR-REAL-Political,0.6431372549019608,0.46171193004870614,4.235294117647059,ST-GBR-RR,0.5
1109,LR-REAL-Political,0.611764705882353,0.4482305178234794,4.529411764705882,ST-GBR-RR,0.5
1110,LR-REAL-Political,0.6352941176470588,0.4513902166822866,4.352941176470588,ST-GBR-RR,0.5
1111,LR-REAL-Political,0.6941176470588236,0.5648544066493618,4.470588235294118,ST-GBR-RR,0.5
1112,LR-REAL-Political,0.7019607843137255,0.458960784143521,4.235294117647059,ST-GBR-RR,0.5
1113,LR-REAL-Political,0.6274509803921569,0.46148065412302247,4.529411764705882,ST-GBR-RR,0.5
1114,LR-REAL-Political,0.6313725490196078,0.47726516630881594,4.294117647058823,ST-GBR-RR,0.5
1115,LR-REAL-Political,0.6823529411764706,0.46543232636498033,4.470588235294118,ST-GBR-RR,0.5
1116,LR-REAL-Political,0.607843137254902,0.46983444913970507,4.411764705882353,ST-GBR-RR,0.5
1117,LR-REAL-Political,0.5686274509803921,0.5505874653051099,4.235294117647059,ST-GBR-RR,0.5
1118,LR-REAL-Political,0.6352941176470589,0.4502331124115424,4.176470588235294,ST-GBR-RR,0.5
1119,LR-REAL-Political,0.5882352941176471,0.444103245013517,4.470588235294118,ST-GBR-RR,0.5
1120,LR-REAL-Political,0.6352941176470588,0.45716328017993507,4.117647058823529,ST-GBR-RR,0.5
1121,LR-REAL-Political,0.592156862745098,0.4256485854838741,4.470588235294118,ST-GBR-RR,0.5
1122,LR-REAL-Political,0.615686274509804,0.4609504926191989,4.294117647058823,ST-GBR-RR,0.5
1123,LR-REAL-Political,0.7058823529411766,0.5426258309581931,4.529411764705882,ST-GBR-RR,0.5
1124,LR-REAL-Political,0.5568627450980392,0.4511563186936109,3.8823529411764706,ST-GBR-RR,0.5
1125,LR-REAL-Political,0.6431372549019607,0.44345500204650684,4.0588235294117645,ST-GBR-RR,0.5
1126,LR-REAL-Political,0.5725490196078431,0.4369871761313947,4.470588235294118,ST-GBR-RR,0.5
1127,LR-REAL-Political,0.7686274509803921,0.4512217182436553,4.470588235294118,ST-GBR-RR,0.5
1128,LR-REAL-Political,0.6666666666666666,0.4548159015724108,4.294117647058823,ST-GBR-RR,0.5
1129,LR-REAL-Political,0.6627450980392158,0.536956017882004,4.294117647058823,ST-GBR-RR,0.5
1130,LR-REAL-Political,0.6745098039215687,0.4757941375828557,4.352941176470588,ST-GBR-RR,0.5
1131,LR-REAL-Political,0.48235294117647054,0.4533639608651169,4.0,ST-GBR-RR,0.5
1132,LR-REAL-Political,0.6901960784313727,0.45335449581291476,4.176470588235294,ST-GBR-RR,0.5
1133,LR-REAL-Political,0.6901960784313727,0.45797581652412017,4.352941176470588,ST-GBR-RR,0.5
1134,LR-REAL-Political,0.7058823529411765,0.4561033467998055,4.352941176470588,ST-GBR-RR,0.5
1135,LR-REAL-Political,0.6313725490196078,0.5270869565843609,4.352941176470588,ST-GBR-RR,0.5
1136,LR-REAL-Political,0.7176470588235294,0.4647941673105172,4.588235294117647,ST-GBR-RR,0.5
1137,LR-REAL-Political,0.603921568627451,0.4560043870849239,4.176470588235294,ST-GBR-RR,0.5
1138,LR-REAL-Political,0.6823529411764706,0.46232456390979076,4.411764705882353,ST-GBR-RR,0.5
1139,LR-REAL-Political,0.7098039215686275,0.5571559210737852,4.352941176470588,ST-GBR-RR,0.5
1140,LR-REAL-Political,0.5999999999999999,0.45916826237200337,4.176470588235294,ST-GBR-RR,0.5
1141,LR-REAL-Political,0.6823529411764706,0.5158669669831712,4.235294117647059,ST-GBR-RR,0.5
1142,LR-REAL-Political,0.5960784313725489,0.4590099763832057,4.0588235294117645,ST-GBR-RR,0.5
1143,LR-REAL-Political,0.6980392156862745,0.5480902223376725,4.529411764705882,ST-GBR-RR,0.5
1144,LR-REAL-Political,0.6705882352941178,0.45543097152057804,4.294117647058823,ST-GBR-RR,0.5
1145,LR-REAL-Political,0.6313725490196078,0.46887533081954996,4.0,ST-GBR-RR,0.5
1146,LR-REAL-Political,0.6862745098039216,0.5746395943356485,4.647058823529412,ST-GBR-RR,0.5
1147,LR-REAL-Political,0.5686274509803922,0.571745523044556,4.705882352941177,ST-GBR-RR,0.5
1148,LR-REAL-Political,0.7058823529411766,0.4717031121607617,4.235294117647059,ST-GBR-RR,0.5
1149,LR-REAL-Political,0.7725490196078431,0.44833557760028203,4.294117647058823,ST-GBR-RR,0.5
1150,LR-REAL-Political,0.39999999999999997,0.46776772437857517,3.2941176470588234,ST-GBR-PI,0.5
1151,LR-REAL-Political,0.2431372549019608,0.4629524105219333,2.9411764705882355,ST-GBR-PI,0.5
1152,LR-REAL-Political,0.392156862745098,0.4635124697401838,3.235294117647059,ST-GBR-PI,0.5
1153,LR-REAL-Political,0.43137254901960786,0.47254988561223116,3.176470588235294,ST-GBR-PI,0.5
1154,LR-REAL-Political,0.3764705882352941,0.46295027710639497,3.5294117647058822,ST-GBR-PI,0.5
1155,LR-REAL-Political,0.3019607843137255,0.4886792811283052,2.6470588235294117,ST-GBR-PI,0.5
1156,LR-REAL-Political,0.3686274509803922,0.4576656806331651,3.0,ST-GBR-PI,0.5
1157,LR-REAL-Political,0.3411764705882353,0.45616087198094724,2.9411764705882355,ST-GBR-PI,0.5
1158,LR-REAL-Political,0.3647058823529412,0.4845596891973859,3.3529411764705883,ST-GBR-PI,0.5
1159,LR-REAL-Political,0.37254901960784315,0.44674332702879904,3.411764705882353,ST-GBR-PI,0.5
1160,LR-REAL-Political,0.3411764705882353,0.4677436815167161,2.9411764705882355,ST-GBR-PI,0.5
1161,LR-REAL-Political,0.30196078431372547,0.4702410071710657,2.764705882352941,ST-GBR-PI,0.5
1162,LR-REAL-Political,0.4078431372549019,0.4538306299666797,3.0588235294117645,ST-GBR-PI,0.5
1163,LR-REAL-Political,0.3372549019607843,0.46537484455394224,3.2941176470588234,ST-GBR-PI,0.5
1164,LR-REAL-Political,0.33333333333333337,0.4698119631120091,3.588235294117647,ST-GBR-PI,0.5
1165,LR-REAL-Political,0.37254901960784315,0.4462061112106209,3.0588235294117645,ST-GBR-PI,0.5
1166,LR-REAL-Political,0.396078431372549,0.45282872457738693,3.0588235294117645,ST-GBR-PI,0.5
1167,LR-REAL-Political,0.30588235294117644,0.45667771681517905,3.0,ST-GBR-PI,0.5
1168,LR-REAL-Political,0.3568627450980392,0.43511518972965446,3.235294117647059,ST-GBR-PI,0.5
1169,LR-REAL-Political,0.36470588235294116,0.4476717974507701,2.8823529411764706,ST-GBR-PI,0.5
1170,LR-REAL-Political,0.3568627450980393,0.4588113001926736,3.4705882352941178,ST-GBR-PI,0.5
1171,LR-REAL-Political,0.30980392156862746,0.4156137022565951,3.0,ST-GBR-PI,0.5
1172,LR-REAL-Political,0.4078431372549019,0.41337517606664,2.9411764705882355,ST-GBR-PI,0.5
1173,LR-REAL-Political,0.5372549019607843,0.45463563317639594,3.1176470588235294,ST-GBR-PI,0.5
1174,LR-REAL-Political,0.41960784313725485,0.44639306974597787,2.764705882352941,ST-GBR-PI,0.5
1175,LR-REAL-Political,0.30980392156862746,0.4444714612006455,3.0,ST-GBR-PI,0.5
1176,LR-REAL-Political,0.3803921568627451,0.4583976485542624,3.1176470588235294,ST-GBR-PI,0.5
1177,LR-REAL-Political,0.39607843137254894,0.4411773985095936,3.4705882352941178,ST-GBR-PI,0.5
1178,LR-REAL-Political,0.31764705882352945,0.4780087228719439,2.588235294117647,ST-GBR-PI,0.5
1179,LR-REAL-Political,0.3921568627450981,0.4565441284572947,2.823529411764706,ST-GBR-PI,0.5
1180,LR-REAL-Political,0.3803921568627451,0.48730331049936715,2.823529411764706,ST-GBR-PI,0.5
1181,LR-REAL-Political,0.2784313725490197,0.4524501675359167,3.176470588235294,ST-GBR-PI,0.5
1182,LR-REAL-Political,0.44313725490196076,0.4700828438272054,3.2941176470588234,ST-GBR-PI,0.5
1183,LR-REAL-Political,0.4313725490196078,0.45765105019230307,3.1176470588235294,ST-GBR-PI,0.5
1184,LR-REAL-Political,0.4784313725490196,0.46379503391662413,3.235294117647059,ST-GBR-PI,0.5
1185,LR-REAL-Political,0.43529411764705883,0.47359703853041857,3.0588235294117645,ST-GBR-PI,0.5
1186,LR-REAL-Political,0.45098039215686275,0.45560218858586726,3.3529411764705883,ST-GBR-PI,0.5
1187,LR-REAL-Political,0.37647058823529417,0.4499208819935951,3.0,ST-GBR-PI,0.5
1188,LR-REAL-Political,0.33725490196078434,0.4721109322278091,2.823529411764706,ST-GBR-PI,0.5
1189,LR-REAL-Political,0.38431372549019605,0.4578539187163472,3.2941176470588234,ST-GBR-PI,0.5
1190,LR-REAL-Political,0.2980392156862745,0.5492135939281445,2.9411764705882355,ST-GBR-PI,0.5
1191,LR-REAL-Political,0.33725490196078434,0.5374590403106562,3.0588235294117645,ST-GBR-PI,0.5
1192,LR-REAL-Political,0.34509803921568627,0.47877686434514216,3.411764705882353,ST-GBR-PI,0.5
1193,LR-REAL-Political,0.4549019607843137,0.4609196020951139,3.0,ST-GBR-PI,0.5
1194,LR-REAL-Political,0.38431372549019605,0.4622731798794727,3.176470588235294,ST-GBR-PI,0.5
1195,LR-REAL-Political,0.388235294117647,0.46456686055822166,3.1176470588235294,ST-GBR-PI,0.5
1196,LR-REAL-Political,0.3803921568627451,0.4741353554353464,3.176470588235294,ST-GBR-PI,0.5
1197,LR-REAL-Political,0.2901960784313726,0.465034109295097,2.823529411764706,ST-GBR-PI,0.5
1198,LR-REAL-Political,0.3803921568627451,0.5544504789216981,2.8823529411764706,ST-GBR-PI,0.5
1199,LR-REAL-Political,0.44313725490196076,0.47206942625676757,3.0588235294117645,ST-GBR-PI,0.5
1200,LR-REAL-Political,0.584313725490196,0.4961806891323226,5.529411764705882,RPC-GB,0.5
1201,LR-REAL-Political,0.42352941176470593,0.5437280419591253,5.411764705882353,RPC-GB,0.5
1202,LR-REAL-Political,0.6235294117647059,0.5169504201018956,5.470588235294118,RPC-GB,0.5
1203,LR-REAL-Political,0.5058823529411764,0.5411272045781998,5.647058823529412,RPC-GB,0.5
1204,LR-REAL-Political,0.5843137254901962,0.5109780981182058,5.705882352941177,RPC-GB,0.5
1205,LR-REAL-Political,0.5686274509803921,0.5305141101272643,5.705882352941177,RPC-GB,0.5
1206,LR-REAL-Political,0.5450980392156862,0.5025231922266424,5.647058823529412,RPC-GB,0.5
1207,LR-REAL-Political,0.596078431372549,0.5213668196046582,5.764705882352941,RPC-GB,0.5
1208,LR-REAL-Political,0.6000000000000001,0.5318263351422527,5.352941176470588,RPC-GB,0.5
1209,LR-REAL-Political,0.5176470588235295,0.514116573388501,5.764705882352941,RPC-GB,0.5
1210,LR-REAL-Political,0.592156862745098,0.5031283865690281,5.823529411764706,RPC-GB,0.5
1211,LR-REAL-Political,0.6117647058823529,0.5110042038518801,5.882352941176471,RPC-GB,0.5
1212,LR-REAL-Political,0.603921568627451,0.5345673104906791,5.470588235294118,RPC-GB,0.5
1213,LR-REAL-Political,0.5529411764705883,0.5239636371086891,5.882352941176471,RPC-GB,0.5
1214,LR-REAL-Political,0.584313725490196,0.5343153849191543,5.882352941176471,RPC-GB,0.5
1215,LR-REAL-Political,0.5529411764705883,0.5339636644827376,5.647058823529412,RPC-GB,0.5
1216,LR-REAL-Political,0.6,0.5182709483375544,5.588235294117647,RPC-GB,0.5
1217,LR-REAL-Political,0.4588235294117647,0.5409208844821332,5.529411764705882,RPC-GB,0.5
1218,LR-REAL-Political,0.5568627450980392,0.49010408425474,5.764705882352941,RPC-GB,0.5
1219,LR-REAL-Political,0.4862745098039216,0.5038503118634974,5.176470588235294,RPC-GB,0.5
1220,LR-REAL-Political,0.5137254901960784,0.5075074636857144,5.529411764705882,RPC-GB,0.5
1221,LR-REAL-Political,0.5215686274509803,0.49926927748113437,5.705882352941177,RPC-GB,0.5
1222,LR-REAL-Political,0.5372549019607843,0.4840654347237195,5.882352941176471,RPC-GB,0.5
1223,LR-REAL-Political,0.6862745098039216,0.5068955707932574,5.764705882352941,RPC-GB,0.5
1224,LR-REAL-Political,0.5647058823529412,0.48852710542468425,5.764705882352941,RPC-GB,0.5
1225,LR-REAL-Political,0.5333333333333333,0.5051749424657342,5.823529411764706,RPC-GB,0.5
1226,LR-REAL-Political,0.5647058823529412,0.528047350988951,5.235294117647059,RPC-GB,0.5
1227,LR-REAL-Political,0.5921568627450979,0.4896912948209399,5.529411764705882,RPC-GB,0.5
1228,LR-REAL-Political,0.6392156862745098,0.5125478614215833,5.0588235294117645,RPC-GB,0.5
1229,LR-REAL-Political,0.5764705882352942,0.5200603155700074,5.823529411764706,RPC-GB,0.5
1230,LR-REAL-Political,0.5294117647058824,0.5236482178308278,5.882352941176471,RPC-GB,0.5
1231,LR-REAL-Political,0.3725490196078431,0.5216253131263441,5.352941176470588,RPC-GB,0.5
1232,LR-REAL-Political,0.6235294117647059,0.49886140693665093,5.411764705882353,RPC-GB,0.5
1233,LR-REAL-Political,0.603921568627451,0.5313415360830054,5.647058823529412,RPC-GB,0.5
1234,LR-REAL-Political,0.6980392156862746,0.5440542113772695,5.823529411764706,RPC-GB,0.5
1235,LR-REAL-Political,0.5490196078431373,0.5055193190727517,5.764705882352941,RPC-GB,0.5
1236,LR-REAL-Political,0.580392156862745,0.5289513720137204,5.823529411764706,RPC-GB,0.5
1237,LR-REAL-Political,0.392156862745098,0.5141846749671629,5.588235294117647,RPC-GB,0.5
1238,LR-REAL-Political,0.6901960784313727,0.5681795740354175,5.823529411764706,RPC-GB,0.5
1239,LR-REAL-Political,0.6274509803921569,0.5247367029765725,5.823529411764706,RPC-GB,0.5
1240,LR-REAL-Political,0.5725490196078431,0.5241121465488983,5.529411764705882,RPC-GB,0.5
1241,LR-REAL-Political,0.6313725490196079,0.5942249304432207,5.764705882352941,RPC-GB,0.5
1242,LR-REAL-Political,0.5176470588235295,0.5549255711449708,5.823529411764706,RPC-GB,0.5
1243,LR-REAL-Political,0.596078431372549,0.5926423949201858,5.588235294117647,RPC-GB,0.5
1244,LR-REAL-Political,0.5490196078431373,0.557454420307837,5.352941176470588,RPC-GB,0.5
1245,LR-REAL-Political,0.5254901960784313,0.5509543992175452,5.588235294117647,RPC-GB,0.5
1246,LR-REAL-Political,0.5372549019607844,0.6242021474910098,5.235294117647059,RPC-GB,0.5
1247,LR-REAL-Political,0.44313725490196076,0.5205934294877617,5.235294117647059,RPC-GB,0.5
1248,LR-REAL-Political,0.6823529411764705,0.5667538686048901,5.470588235294118,RPC-GB,0.5
1249,LR-REAL-Political,0.6745098039215687,0.5513409254945746,5.470588235294118,RPC-GB,0.5
1250,LR-REAL-Political,0.14901960784313725,1.2696414679586652,2.176470588235294,Chain-GBR-PI,0.6
1251,LR-REAL-Political,-0.06274509803921567,1.2645825074290444,1.9411764705882353,Chain-GBR-PI,0.6
1252,LR-REAL-Political,0.15294117647058825,1.252253485592883,2.5294117647058822,Chain-GBR-PI,0.6
1253,LR-REAL-Political,0.19607843137254902,1.236191759001412,2.176470588235294,Chain-GBR-PI,0.6
1254,LR-REAL-Political,0.08627450980392158,1.259068030895901,2.0588235294117645,Chain-GBR-PI,0.6
1255,LR-REAL-Political,0.12941176470588234,1.2537689917447365,2.0588235294117645,Chain-GBR-PI,0.6
1256,LR-REAL-Political,0.15294117647058825,1.2657066340227416,1.8823529411764706,Chain-GBR-PI,0.6
1257,LR-REAL-Political,0.04313725490196079,1.2832100133551316,2.176470588235294,Chain-GBR-PI,0.6
1258,LR-REAL-Political,-0.03137254901960785,1.242792080606435,2.0588235294117645,Chain-GBR-PI,0.6
1259,LR-REAL-Political,0.10588235294117646,1.2455157681702034,1.7647058823529411,Chain-GBR-PI,0.6
1260,LR-REAL-Political,-0.0196078431372549,1.2466876451793238,1.9411764705882353,Chain-GBR-PI,0.6
1261,LR-REAL-Political,0.19607843137254902,1.2525071467050082,2.1176470588235294,Chain-GBR-PI,0.6
1262,LR-REAL-Political,0.07843137254901962,1.2541966235769537,1.8823529411764706,Chain-GBR-PI,0.6
1263,LR-REAL-Political,0.07058823529411766,1.2569344092224097,2.2941176470588234,Chain-GBR-PI,0.6
1264,LR-REAL-Political,-0.04313725490196079,1.2493924139501902,2.176470588235294,Chain-GBR-PI,0.6
1265,LR-REAL-Political,0.09019607843137255,1.2563379875193565,2.0588235294117645,Chain-GBR-PI,0.6
1266,LR-REAL-Political,0.11372549019607844,1.2651167970691435,2.1176470588235294,Chain-GBR-PI,0.6
1267,LR-REAL-Political,0.07450980392156863,1.249436069850481,1.9411764705882353,Chain-GBR-PI,0.6
1268,LR-REAL-Political,0.03137254901960785,1.2507671468286323,1.9411764705882353,Chain-GBR-PI,0.6
1269,LR-REAL-Political,0.03137254901960785,1.24100161947669,1.8235294117647058,Chain-GBR-PI,0.6
1270,LR-REAL-Political,0.17647058823529413,1.2435614564273139,2.1176470588235294,Chain-GBR-PI,0.6
1271,LR-REAL-Political,0.003921568627450986,1.238212264257285,2.0,Chain-GBR-PI,0.6
1272,LR-REAL-Political,0.08235294117647059,1.243657744522859,1.8823529411764706,Chain-GBR-PI,0.6
1273,LR-REAL-Political,0.2549019607843137,1.2335600373334434,2.1176470588235294,Chain-GBR-PI,0.6
1274,LR-REAL-Political,0.15294117647058827,1.2324821896461908,1.8235294117647058,Chain-GBR-PI,0.6
1275,LR-REAL-Political,0.05098039215686273,1.23669173519308,1.588235294117647,Chain-GBR-PI,0.6
1276,LR-REAL-Political,0.1450980392156863,1.2487755500386728,1.9411764705882353,Chain-GBR-PI,0.6
1277,LR-REAL-Political,0.2156862745098039,1.235537637862375,2.3529411764705883,Chain-GBR-PI,0.6
1278,LR-REAL-Political,0.12156862745098038,1.2264161170637147,2.176470588235294,Chain-GBR-PI,0.6
1279,LR-REAL-Political,0.19215686274509802,1.2443152347064539,1.8823529411764706,Chain-GBR-PI,0.6
1280,LR-REAL-Political,0.06666666666666667,1.2365927224759528,1.8235294117647058,Chain-GBR-PI,0.6
1281,LR-REAL-Political,0.12941176470588237,1.237110232553766,2.0,Chain-GBR-PI,0.6
1282,LR-REAL-Political,0.19215686274509805,1.2409367708742232,2.3529411764705883,Chain-GBR-PI,0.6
1283,LR-REAL-Political,0.10196078431372549,1.248444832155446,2.0588235294117645,Chain-GBR-PI,0.6
1284,LR-REAL-Political,0.0980392156862745,1.2450779138242825,1.8235294117647058,Chain-GBR-PI,0.6
1285,LR-REAL-Political,0.09411764705882353,1.245919142495874,1.7647058823529411,Chain-GBR-PI,0.6
1286,LR-REAL-Political,0.023529411764705885,1.2612299060709515,2.1176470588235294,Chain-GBR-PI,0.6
1287,LR-REAL-Political,0.1450980392156863,1.2518488967792039,2.0588235294117645,Chain-GBR-PI,0.6
1288,LR-REAL-Political,0.1215686274509804,1.280154376891712,1.8823529411764706,Chain-GBR-PI,0.6
1289,LR-REAL-Political,-0.019607843137254898,1.2961108929010274,1.8235294117647058,Chain-GBR-PI,0.6
1290,LR-REAL-Political,0.08235294117647059,1.2635860192850275,1.8823529411764706,Chain-GBR-PI,0.6
1291,LR-REAL-Political,0.007843137254901962,1.2624445162398323,2.176470588235294,Chain-GBR-PI,0.6
1292,LR-REAL-Political,0.01960784313725491,1.2567356120706745,1.7058823529411764,Chain-GBR-PI,0.6
1293,LR-REAL-Political,0.06274509803921569,1.2672059886085723,1.8235294117647058,Chain-GBR-PI,0.6
1294,LR-REAL-Political,0.09019607843137256,1.3107451965372525,1.8235294117647058,Chain-GBR-PI,0.6
1295,LR-REAL-Political,0.06274509803921569,1.311226769693046,2.0588235294117645,Chain-GBR-PI,0.6
1296,LR-REAL-Political,0.03529411764705882,1.328830880974623,2.3529411764705883,Chain-GBR-PI,0.6
1297,LR-REAL-Political,0.07450980392156863,1.3141931812428267,1.8823529411764706,Chain-GBR-PI,0.6
1298,LR-REAL-Political,0.14901960784313728,1.2961249182341055,2.2941176470588234,Chain-GBR-PI,0.6
1299,LR-REAL-Political,0.058823529411764705,1.2827827811719084,1.9411764705882353,Chain-GBR-PI,0.6
1300,LR-REAL-Political,0.3254901960784314,1.2625182954098753,3.823529411764706,Chain-GBR-RR,0.6
1301,LR-REAL-Political,0.0627450980392157,1.2261833961154578,3.6470588235294117,Chain-GBR-RR,0.6
1302,LR-REAL-Political,0.30980392156862746,1.2248354163989186,3.6470588235294117,Chain-GBR-RR,0.6
1303,LR-REAL-Political,0.3411764705882353,1.2076928110427139,3.588235294117647,Chain-GBR-RR,0.6
1304,LR-REAL-Political,0.25490196078431376,1.223948732847411,3.9411764705882355,Chain-GBR-RR,0.6
1305,LR-REAL-Political,0.34509803921568627,1.2256191207375369,3.7058823529411766,Chain-GBR-RR,0.6
1306,LR-REAL-Political,0.27058823529411763,1.2431238966549043,3.5294117647058822,Chain-GBR-RR,0.6
1307,LR-REAL-Political,0.1843137254901961,1.2250180467546208,3.3529411764705883,Chain-GBR-RR,0.6
1308,LR-REAL-Political,0.12549019607843137,1.2221839677416537,3.3529411764705883,Chain-GBR-RR,0.6
1309,LR-REAL-Political,0.3529411764705882,1.2242104536139342,3.6470588235294117,Chain-GBR-RR,0.6
1310,LR-REAL-Political,0.1647058823529412,1.2283290143644185,3.3529411764705883,Chain-GBR-RR,0.6
1311,LR-REAL-Political,0.36078431372549025,1.223658469342913,3.588235294117647,Chain-GBR-RR,0.6
1312,LR-REAL-Political,0.31764705882352945,1.2308375487091818,3.7058823529411766,Chain-GBR-RR,0.6
1313,LR-REAL-Political,0.196078431372549,1.2428077099361052,3.7058823529411766,Chain-GBR-RR,0.6
1314,LR-REAL-Political,0.13725490196078433,1.227076502863216,3.823529411764706,Chain-GBR-RR,0.6
1315,LR-REAL-Political,0.2274509803921569,1.2668626280201907,3.823529411764706,Chain-GBR-RR,0.6
1316,LR-REAL-Political,0.33333333333333337,1.264015325380951,3.6470588235294117,Chain-GBR-RR,0.6
1317,LR-REAL-Political,0.2784313725490196,1.2387566725560089,3.4705882352941178,Chain-GBR-RR,0.6
1318,LR-REAL-Political,0.20392156862745095,1.2304697449241129,3.411764705882353,Chain-GBR-RR,0.6
1319,LR-REAL-Political,0.25882352941176473,1.2245410686437328,3.7058823529411766,Chain-GBR-RR,0.6
1320,LR-REAL-Political,0.2980392156862745,1.2260972669919732,3.3529411764705883,Chain-GBR-RR,0.6
1321,LR-REAL-Political,0.17647058823529413,1.213464500969623,3.588235294117647,Chain-GBR-RR,0.6
1322,LR-REAL-Political,0.2196078431372549,1.2169264824636037,3.2941176470588234,Chain-GBR-RR,0.6
1323,LR-REAL-Political,0.4549019607843137,1.2217231414196166,3.823529411764706,Chain-GBR-RR,0.6
1324,LR-REAL-Political,0.4313725490196078,1.2135618194777922,3.764705882352941,Chain-GBR-RR,0.6
1325,LR-REAL-Political,0.1843137254901961,1.2186278528815124,3.3529411764705883,Chain-GBR-RR,0.6
1326,LR-REAL-Political,0.30196078431372547,1.221816625475096,3.823529411764706,Chain-GBR-RR,0.6
1327,LR-REAL-Political,0.3803921568627451,1.2159891781104573,4.0,Chain-GBR-RR,0.6
1328,LR-REAL-Political,0.16078431372549018,1.2109481022739805,3.5294117647058822,Chain-GBR-RR,0.6
1329,LR-REAL-Political,0.396078431372549,1.2253177980215038,3.411764705882353,Chain-GBR-RR,0.6
1330,LR-REAL-Political,0.2352941176470588,1.21353157242034,3.588235294117647,Chain-GBR-RR,0.6
1331,LR-REAL-Political,0.3686274509803922,1.2136291303464906,3.764705882352941,Chain-GBR-RR,0.6
1332,LR-REAL-Political,0.4196078431372549,1.2199324906651032,4.117647058823529,Chain-GBR-RR,0.6
1333,LR-REAL-Political,0.15294117647058825,1.2240680212134225,3.6470588235294117,Chain-GBR-RR,0.6
1334,LR-REAL-Political,0.19607843137254902,1.2222232097436005,3.9411764705882355,Chain-GBR-RR,0.6
1335,LR-REAL-Political,0.3333333333333333,1.220401735483541,3.3529411764705883,Chain-GBR-RR,0.6
1336,LR-REAL-Political,0.14901960784313728,1.227229879828723,3.7058823529411766,Chain-GBR-RR,0.6
1337,LR-REAL-Political,0.2901960784313725,1.2234479223339665,3.7058823529411766,Chain-GBR-RR,0.6
1338,LR-REAL-Political,0.2941176470588235,1.263490556269984,3.6470588235294117,Chain-GBR-RR,0.6
1339,LR-REAL-Political,0.2,1.2445663007642396,3.176470588235294,Chain-GBR-RR,0.6
1340,LR-REAL-Political,0.3176470588235294,1.2376900165487297,3.9411764705882355,Chain-GBR-RR,0.6
1341,LR-REAL-Political,0.21176470588235294,1.2412250894659633,3.823529411764706,Chain-GBR-RR,0.6
1342,LR-REAL-Political,0.28235294117647064,1.229677728298459,3.5294117647058822,Chain-GBR-RR,0.6
1343,LR-REAL-Political,0.3764705882352941,1.2360249824915968,3.823529411764706,Chain-GBR-RR,0.6
1344,LR-REAL-Political,0.3137254901960784,1.318805645891839,3.588235294117647,Chain-GBR-RR,0.6
1345,LR-REAL-Political,0.3490196078431373,1.3138542890730744,3.764705882352941,Chain-GBR-RR,0.6
1346,LR-REAL-Political,0.22745098039215683,1.3149218272732204,3.588235294117647,Chain-GBR-RR,0.6
1347,LR-REAL-Political,0.24705882352941172,1.2954756155488907,3.588235294117647,Chain-GBR-RR,0.6
1348,LR-REAL-Political,0.25098039215686274,1.2871351112866438,3.764705882352941,Chain-GBR-RR,0.6
1349,LR-REAL-Political,0.26666666666666666,1.2694100754935809,3.8823529411764706,Chain-GBR-RR,0.6
1350,LR-REAL-Political,0.6823529411764706,0.45723907114653406,4.176470588235294,ST-GBR-RR,0.6
1351,LR-REAL-Political,0.5490196078431373,0.46610522803721105,4.294117647058823,ST-GBR-RR,0.6
1352,LR-REAL-Political,0.7254901960784315,0.4696957603871607,4.352941176470588,ST-GBR-RR,0.6
1353,LR-REAL-Political,0.6470588235294118,0.47326143786880265,4.294117647058823,ST-GBR-RR,0.6
1354,LR-REAL-Political,0.6627450980392158,0.43023866611645367,4.705882352941177,ST-GBR-RR,0.6
1355,LR-REAL-Political,0.6666666666666666,0.4448335554480921,4.352941176470588,ST-GBR-RR,0.6
1356,LR-REAL-Political,0.6431372549019607,0.4449450457520245,4.176470588235294,ST-GBR-RR,0.6
1357,LR-REAL-Political,0.592156862745098,0.4688340449487838,4.0,ST-GBR-RR,0.6
1358,LR-REAL-Political,0.5294117647058824,0.44361515586247674,3.8823529411764706,ST-GBR-RR,0.6
1359,LR-REAL-Political,0.627450980392157,0.43892570635135875,4.235294117647059,ST-GBR-RR,0.6
1360,LR-REAL-Political,0.592156862745098,0.45072141056787074,4.235294117647059,ST-GBR-RR,0.6
1361,LR-REAL-Political,0.7686274509803921,0.4278792044644477,4.411764705882353,ST-GBR-RR,0.6
1362,LR-REAL-Political,0.6705882352941177,0.4426974247308392,4.176470588235294,ST-GBR-RR,0.6
1363,LR-REAL-Political,0.6392156862745099,0.4576895885283787,4.0588235294117645,ST-GBR-RR,0.6
1364,LR-REAL-Political,0.607843137254902,0.4521819518338134,4.117647058823529,ST-GBR-RR,0.6
1365,LR-REAL-Political,0.627450980392157,0.4483759416635982,4.470588235294118,ST-GBR-RR,0.6
1366,LR-REAL-Political,0.6196078431372549,0.4292036843962636,4.0588235294117645,ST-GBR-RR,0.6
1367,LR-REAL-Political,0.5803921568627451,0.4469871236948859,4.235294117647059,ST-GBR-RR,0.6
1368,LR-REAL-Political,0.6352941176470589,0.4507610527254149,3.8823529411764706,ST-GBR-RR,0.6
1369,LR-REAL-Political,0.5607843137254901,0.510200528725015,4.294117647058823,ST-GBR-RR,0.6
1370,LR-REAL-Political,0.5725490196078431,0.42019187098497457,4.117647058823529,ST-GBR-RR,0.6
1371,LR-REAL-Political,0.6549019607843137,0.45087507009578387,4.176470588235294,ST-GBR-RR,0.6
1372,LR-REAL-Political,0.5333333333333333,0.4485648890564957,3.9411764705882355,ST-GBR-RR,0.6
1373,LR-REAL-Political,0.7333333333333334,0.4481342597128446,4.352941176470588,ST-GBR-RR,0.6
1374,LR-REAL-Political,0.603921568627451,0.4229506361133235,4.352941176470588,ST-GBR-RR,0.6
1375,LR-REAL-Political,0.6313725490196078,0.43357927710632915,4.117647058823529,ST-GBR-RR,0.6
1376,LR-REAL-Political,0.584313725490196,0.4448812460748265,4.294117647058823,ST-GBR-RR,0.6
1377,LR-REAL-Political,0.7411764705882353,0.44537185599622325,4.117647058823529,ST-GBR-RR,0.6
1378,LR-REAL-Political,0.6666666666666667,0.4574360481236039,4.294117647058823,ST-GBR-RR,0.6
1379,LR-REAL-Political,0.6078431372549019,0.44320474566508467,3.8823529411764706,ST-GBR-RR,0.6
1380,LR-REAL-Political,0.6588235294117648,0.45355953661927106,4.470588235294118,ST-GBR-RR,0.6
1381,LR-REAL-Political,0.5882352941176471,0.43290026081391936,4.352941176470588,ST-GBR-RR,0.6
1382,LR-REAL-Political,0.6666666666666667,0.4526596876240362,4.176470588235294,ST-GBR-RR,0.6
1383,LR-REAL-Political,0.6,0.4417521484461192,4.176470588235294,ST-GBR-RR,0.6
1384,LR-REAL-Political,0.6392156862745098,0.44005796029579164,4.294117647058823,ST-GBR-RR,0.6
1385,LR-REAL-Political,0.6941176470588235,0.4402636396857671,4.529411764705882,ST-GBR-RR,0.6
1386,LR-REAL-Political,0.6627450980392157,0.4537666018574583,4.352941176470588,ST-GBR-RR,0.6
1387,LR-REAL-Political,0.603921568627451,0.44365355839732024,4.117647058823529,ST-GBR-RR,0.6
1388,LR-REAL-Political,0.5764705882352942,0.4572997170742962,3.823529411764706,ST-GBR-RR,0.6
1389,LR-REAL-Political,0.6588235294117647,0.4396911887554362,4.9411764705882355,ST-GBR-RR,0.6
1390,LR-REAL-Political,0.6666666666666667,0.43223944936537956,4.235294117647059,ST-GBR-RR,0.6
1391,LR-REAL-Political,0.6156862745098041,0.4396449454536192,4.117647058823529,ST-GBR-RR,0.6
1392,LR-REAL-Political,0.6078431372549019,0.4535639800760096,4.176470588235294,ST-GBR-RR,0.6
1393,LR-REAL-Political,0.615686274509804,0.43780504814602383,4.352941176470588,ST-GBR-RR,0.6
1394,LR-REAL-Political,0.607843137254902,0.4407055386364077,4.176470588235294,ST-GBR-RR,0.6
1395,LR-REAL-Political,0.6784313725490196,0.46382798681759874,4.0588235294117645,ST-GBR-RR,0.6
1396,LR-REAL-Political,0.615686274509804,0.45715360043037095,3.823529411764706,ST-GBR-RR,0.6
1397,LR-REAL-Political,0.592156862745098,0.5532880333689577,4.647058823529412,ST-GBR-RR,0.6
1398,LR-REAL-Political,0.6745098039215687,0.4407865311486431,4.0588235294117645,ST-GBR-RR,0.6
1399,LR-REAL-Political,0.7529411764705882,0.43451084737364115,4.411764705882353,ST-GBR-RR,0.6
1400,LR-REAL-Political,0.4509803921568627,0.47387058837484064,3.588235294117647,ST-GBR-PI,0.6
1401,LR-REAL-Political,0.26666666666666666,0.4628742875060991,3.411764705882353,ST-GBR-PI,0.6
1402,LR-REAL-Political,0.4156862745098039,0.5489701862694802,3.176470588235294,ST-GBR-PI,0.6
1403,LR-REAL-Political,0.39607843137254894,0.4547868715499237,3.176470588235294,ST-GBR-PI,0.6
1404,LR-REAL-Political,0.3686274509803922,0.44455323617462733,3.5294117647058822,ST-GBR-PI,0.6
1405,LR-REAL-Political,0.23921568627450984,0.4420553820900739,3.0588235294117645,ST-GBR-PI,0.6
1406,LR-REAL-Political,0.2980392156862745,0.46251741989457335,2.411764705882353,ST-GBR-PI,0.6
1407,LR-REAL-Political,0.29803921568627456,0.4547929934726792,3.235294117647059,ST-GBR-PI,0.6
1408,LR-REAL-Political,0.29803921568627456,0.4537081152228383,3.0,ST-GBR-PI,0.6
1409,LR-REAL-Political,0.4156862745098039,0.4494458267312945,3.2941176470588234,ST-GBR-PI,0.6
1410,LR-REAL-Political,0.25098039215686274,0.44928148080438196,2.764705882352941,ST-GBR-PI,0.6
1411,LR-REAL-Political,0.4862745098039215,0.44849302196543006,3.0588235294117645,ST-GBR-PI,0.6
1412,LR-REAL-Political,0.3568627450980392,0.45588907751418295,3.3529411764705883,ST-GBR-PI,0.6
1413,LR-REAL-Political,0.28627450980392155,0.4458875895420021,2.764705882352941,ST-GBR-PI,0.6
1414,LR-REAL-Political,0.36470588235294116,0.4488616083435967,3.1176470588235294,ST-GBR-PI,0.6
1415,LR-REAL-Political,0.3686274509803921,0.4562533566681305,3.1176470588235294,ST-GBR-PI,0.6
1416,LR-REAL-Political,0.392156862745098,0.4368991163303866,2.9411764705882355,ST-GBR-PI,0.6
1417,LR-REAL-Political,0.30980392156862746,0.44173933328176984,2.764705882352941,ST-GBR-PI,0.6
1418,LR-REAL-Political,0.3058823529411765,0.46191009455260906,2.764705882352941,ST-GBR-PI,0.6
1419,LR-REAL-Political,0.30980392156862746,0.4542464824896836,2.764705882352941,ST-GBR-PI,0.6
1420,LR-REAL-Political,0.30588235294117644,0.3852864083720548,3.176470588235294,ST-GBR-PI,0.6
1421,LR-REAL-Political,0.27450980392156865,0.4407417392973551,2.8823529411764706,ST-GBR-PI,0.6
1422,LR-REAL-Political,0.30588235294117644,0.4309269476857946,3.0588235294117645,ST-GBR-PI,0.6
1423,LR-REAL-Political,0.44313725490196076,0.44709910078840287,3.0588235294117645,ST-GBR-PI,0.6
1424,LR-REAL-Political,0.35294117647058826,0.43994481977690186,2.8823529411764706,ST-GBR-PI,0.6
1425,LR-REAL-Political,0.3137254901960784,0.44756703548806165,2.588235294117647,ST-GBR-PI,0.6
1426,LR-REAL-Political,0.4470588235294118,0.45349636768063517,2.823529411764706,ST-GBR-PI,0.6
1427,LR-REAL-Political,0.37254901960784315,0.46303246433527223,2.9411764705882355,ST-GBR-PI,0.6
1428,LR-REAL-Political,0.26666666666666666,0.46810082146526266,2.588235294117647,ST-GBR-PI,0.6
1429,LR-REAL-Political,0.2980392156862745,0.45231931168255585,3.235294117647059,ST-GBR-PI,0.6
1430,LR-REAL-Political,0.36470588235294116,0.4920479135653462,3.0588235294117645,ST-GBR-PI,0.6
1431,LR-REAL-Political,0.34901960784313724,0.4466361766067866,3.4705882352941178,ST-GBR-PI,0.6
1432,LR-REAL-Political,0.3176470588235294,0.46266630125255365,2.7058823529411766,ST-GBR-PI,0.6
1433,LR-REAL-Political,0.3764705882352941,0.45172443860343886,3.176470588235294,ST-GBR-PI,0.6
1434,LR-REAL-Political,0.3019607843137255,0.4448778934526685,2.9411764705882355,ST-GBR-PI,0.6
1435,LR-REAL-Political,0.4431372549019607,0.457240935869241,3.235294117647059,ST-GBR-PI,0.6
1436,LR-REAL-Political,0.2901960784313726,0.43408681461372006,2.9411764705882355,ST-GBR-PI,0.6
1437,LR-REAL-Political,0.35294117647058826,0.4570082848232111,3.176470588235294,ST-GBR-PI,0.6
1438,LR-REAL-Political,0.3647058823529412,0.4615534741962927,2.8823529411764706,ST-GBR-PI,0.6
1439,LR-REAL-Political,0.31764705882352945,0.45690713933458055,3.176470588235294,ST-GBR-PI,0.6
1440,LR-REAL-Political,0.2941176470588235,0.4430855176224662,2.9411764705882355,ST-GBR-PI,0.6
1441,LR-REAL-Political,0.30588235294117655,0.42534678936523246,3.2941176470588234,ST-GBR-PI,0.6
1442,LR-REAL-Political,0.36078431372549025,0.4521967654013825,3.235294117647059,ST-GBR-PI,0.6
1443,LR-REAL-Political,0.39999999999999997,0.45680926711117636,3.0588235294117645,ST-GBR-PI,0.6
1444,LR-REAL-Political,0.40392156862745093,0.4395675319521652,2.7058823529411766,ST-GBR-PI,0.6
1445,LR-REAL-Political,0.4392156862745098,0.4633378180485413,3.411764705882353,ST-GBR-PI,0.6
1446,LR-REAL-Political,0.3058823529411765,0.47100782721874934,3.176470588235294,ST-GBR-PI,0.6
1447,LR-REAL-Political,0.30980392156862746,0.45119766681816437,3.3529411764705883,ST-GBR-PI,0.6
1448,LR-REAL-Political,0.39607843137254894,0.45709595976106504,3.2941176470588234,ST-GBR-PI,0.6
1449,LR-REAL-Political,0.4313725490196078,0.4608094554791754,3.0588235294117645,ST-GBR-PI,0.6
1450,LR-REAL-Political,0.5921568627450982,0.4993914993688223,5.882352941176471,RPC-GB,0.6
1451,LR-REAL-Political,0.5058823529411764,0.49510417729275474,5.647058823529412,RPC-GB,0.6
1452,LR-REAL-Political,0.4784313725490196,0.5187879260544543,5.0588235294117645,RPC-GB,0.6
1453,LR-REAL-Political,0.4901960784313726,0.5026465202103705,6.0,RPC-GB,0.6
1454,LR-REAL-Political,0.4862745098039216,0.4878856820939597,5.294117647058823,RPC-GB,0.6
1455,LR-REAL-Political,0.5450980392156863,0.44971863776190923,6.0,RPC-GB,0.6
1456,LR-REAL-Political,0.3215686274509804,0.4590964586286959,5.764705882352941,RPC-GB,0.6
1457,LR-REAL-Political,0.5333333333333333,0.5598549177315966,5.823529411764706,RPC-GB,0.6
1458,LR-REAL-Political,0.5568627450980392,0.48662474885624674,5.9411764705882355,RPC-GB,0.6
1459,LR-REAL-Political,0.44313725490196076,0.504911383183848,5.764705882352941,RPC-GB,0.6
1460,LR-REAL-Political,0.611764705882353,0.49840865178766974,5.352941176470588,RPC-GB,0.6
1461,LR-REAL-Political,0.5725490196078431,0.49682537425584056,5.823529411764706,RPC-GB,0.6
1462,LR-REAL-Political,0.5019607843137255,0.4690413036789449,5.882352941176471,RPC-GB,0.6
1463,LR-REAL-Political,0.4666666666666667,0.5101569800057673,5.882352941176471,RPC-GB,0.6
1464,LR-REAL-Political,0.5254901960784314,0.4832179541767842,5.823529411764706,RPC-GB,0.6
1465,LR-REAL-Political,0.4352941176470587,0.4936911183796432,5.588235294117647,RPC-GB,0.6
1466,LR-REAL-Political,0.5333333333333333,0.48305196579556964,5.647058823529412,RPC-GB,0.6
1467,LR-REAL-Political,0.4078431372549019,0.48992342605126304,5.764705882352941,RPC-GB,0.6
1468,LR-REAL-Political,0.580392156862745,0.467464394708426,5.705882352941177,RPC-GB,0.6
1469,LR-REAL-Political,0.5333333333333333,0.47513992282302847,5.823529411764706,RPC-GB,0.6
1470,LR-REAL-Political,0.4392156862745098,0.4795323566773274,5.882352941176471,RPC-GB,0.6
1471,LR-REAL-Political,0.4666666666666667,0.4634253606232056,5.705882352941177,RPC-GB,0.6
1472,LR-REAL-Political,0.5215686274509803,0.45116660705397377,5.882352941176471,RPC-GB,0.6
1473,LR-REAL-Political,0.6196078431372549,0.47126969492513143,5.882352941176471,RPC-GB,0.6
1474,LR-REAL-Political,0.4627450980392157,0.5259720508185043,5.705882352941177,RPC-GB,0.6
1475,LR-REAL-Political,0.44705882352941184,0.45384584528054495,5.647058823529412,RPC-GB,0.6
1476,LR-REAL-Political,0.4745098039215686,0.5140021426412716,5.882352941176471,RPC-GB,0.6
1477,LR-REAL-Political,0.611764705882353,0.4692754790282181,5.705882352941177,RPC-GB,0.6
1478,LR-REAL-Political,0.5607843137254903,0.475255064847068,5.764705882352941,RPC-GB,0.6
1479,LR-REAL-Political,0.4901960784313726,0.47154064972500065,6.0,RPC-GB,0.6
1480,LR-REAL-Political,0.5686274509803921,0.4703889773928721,5.823529411764706,RPC-GB,0.6
1481,LR-REAL-Political,0.42745098039215684,0.4755772446889532,5.705882352941177,RPC-GB,0.6
1482,LR-REAL-Political,0.5215686274509804,0.49167420002569456,5.647058823529412,RPC-GB,0.6
1483,LR-REAL-Political,0.6352941176470589,0.4650947239891931,5.823529411764706,RPC-GB,0.6
1484,LR-REAL-Political,0.42745098039215684,0.4815604582894282,5.823529411764706,RPC-GB,0.6
1485,LR-REAL-Political,0.5058823529411764,0.5492018160508803,5.882352941176471,RPC-GB,0.6
1486,LR-REAL-Political,0.45490196078431366,0.4530400256112625,5.823529411764706,RPC-GB,0.6
1487,LR-REAL-Political,0.5215686274509803,0.47471687783029115,6.0,RPC-GB,0.6
1488,LR-REAL-Political,0.37254901960784315,0.48760121865845857,6.0,RPC-GB,0.6
1489,LR-REAL-Political,0.5019607843137254,0.47098309651031617,5.764705882352941,RPC-GB,0.6
1490,LR-REAL-Political,0.4784313725490196,0.47070753127129056,5.176470588235294,RPC-GB,0.6
1491,LR-REAL-Political,0.5529411764705883,0.5196888476667977,5.882352941176471,RPC-GB,0.6
1492,LR-REAL-Political,0.5098039215686275,0.4925765059442253,5.705882352941177,RPC-GB,0.6
1493,LR-REAL-Political,0.5176470588235295,0.47103115479636576,5.9411764705882355,RPC-GB,0.6
1494,LR-REAL-Political,0.3215686274509804,0.48592600513704765,5.9411764705882355,RPC-GB,0.6
1495,LR-REAL-Political,0.4392156862745098,0.48969596385640146,5.9411764705882355,RPC-GB,0.6
1496,LR-REAL-Political,0.5254901960784313,0.4981349465159087,5.9411764705882355,RPC-GB,0.6
1497,LR-REAL-Political,0.4784313725490196,0.5026388243888121,5.9411764705882355,RPC-GB,0.6
1498,LR-REAL-Political,0.49411764705882344,0.49305971571367907,5.9411764705882355,RPC-GB,0.6
1499,LR-REAL-Political,0.5450980392156863,0.4881233303283289,5.647058823529412,RPC-GB,0.6
