,data,tau_x_score,prediction_time,buckets_per_rank,algo
0,LR-REAL-Political,0.788235294117647,1.420245822659645,6.0,ST-GBR-EPSI(0.0)
1,LR-REAL-Political,0.592156862745098,0.5183776069990764,6.0,ST-GBR-EPSI(0.0)
2,LR-REAL-Political,0.7725490196078431,0.51320952922497,6.0,ST-GBR-EPSI(0.0)
3,LR-REAL-Political,0.6705882352941177,0.5030617753428983,6.0,ST-GBR-EPSI(0.0)
4,LR-REAL-Political,0.6392156862745099,0.506246243016996,6.0,ST-GBR-EPSI(0.0)
5,LR-REAL-Political,0.7098039215686276,0.49257958969334065,6.0,ST-GBR-EPSI(0.0)
6,LR-REAL-Political,0.6784313725490196,0.5101016479089456,6.0,ST-GBR-EPSI(0.0)
7,LR-REAL-Political,0.780392156862745,0.5026025328379019,6.0,ST-GBR-EPSI(0.0)
8,LR-REAL-Political,0.6862745098039217,0.49870371234172095,6.0,ST-GBR-EPSI(0.0)
9,LR-REAL-Political,0.6705882352941177,0.5161612595747932,6.0,ST-GBR-EPSI(0.0)
10,LR-REAL-Political,0.7647058823529411,0.474750740088797,6.0,ST-GBR-EPSI(0.0)
11,LR-REAL-Political,0.7647058823529411,0.5008487519789011,6.0,ST-GBR-EPSI(0.0)
12,LR-REAL-Political,0.7647058823529411,0.508241234038818,6.0,ST-GBR-EPSI(0.0)
13,LR-REAL-Political,0.7019607843137255,0.4816887986516591,6.0,ST-GBR-EPSI(0.0)
14,LR-REAL-Political,0.6549019607843138,0.4930108691689668,6.0,ST-GBR-EPSI(0.0)
15,LR-REAL-Political,0.6627450980392157,0.508095915274004,6.0,ST-GBR-EPSI(0.0)
16,LR-REAL-Political,0.6941176470588235,0.5313814260096028,6.0,ST-GBR-EPSI(0.0)
17,LR-REAL-Political,0.615686274509804,0.4602322213746273,6.0,ST-GBR-EPSI(0.0)
18,LR-REAL-Political,0.6549019607843137,0.553693629806722,6.0,ST-GBR-EPSI(0.0)
19,LR-REAL-Political,0.623529411764706,0.4904720824348087,6.0,ST-GBR-EPSI(0.0)
20,LR-REAL-Political,0.6784313725490198,0.5753487388828517,6.0,ST-GBR-EPSI(0.0)
21,LR-REAL-Political,0.6941176470588235,0.5151380457567235,6.0,ST-GBR-EPSI(0.0)
22,LR-REAL-Political,0.6235294117647059,0.9881696119694381,6.0,ST-GBR-EPSI(0.0)
23,LR-REAL-Political,0.7490196078431373,0.5114023098340741,6.0,ST-GBR-EPSI(0.0)
24,LR-REAL-Political,0.6705882352941177,0.5193358292208325,6.0,ST-GBR-EPSI(0.0)
25,LR-REAL-Political,0.5921568627450982,0.5151010537117744,6.0,ST-GBR-EPSI(0.0)
26,LR-REAL-Political,0.6078431372549019,0.5270378090698837,6.0,ST-GBR-EPSI(0.0)
27,LR-REAL-Political,0.7882352941176471,0.518116501840859,6.0,ST-GBR-EPSI(0.0)
28,LR-REAL-Political,0.7098039215686275,0.5654869075343828,6.0,ST-GBR-EPSI(0.0)
29,LR-REAL-Political,0.6470588235294118,0.5036069319248784,6.0,ST-GBR-EPSI(0.0)
30,LR-REAL-Political,0.7333333333333334,0.5199925097756511,6.0,ST-GBR-EPSI(0.0)
31,LR-REAL-Political,0.5764705882352942,0.4830783400698127,6.0,ST-GBR-EPSI(0.0)
32,LR-REAL-Political,0.7568627450980392,0.517427052636544,6.0,ST-GBR-EPSI(0.0)
33,LR-REAL-Political,0.6941176470588235,0.5050376446235127,6.0,ST-GBR-EPSI(0.0)
34,LR-REAL-Political,0.7098039215686275,0.5197872045848789,6.0,ST-GBR-EPSI(0.0)
35,LR-REAL-Political,0.7411764705882353,0.48440987226871646,6.0,ST-GBR-EPSI(0.0)
36,LR-REAL-Political,0.7176470588235294,0.5263974414616672,6.0,ST-GBR-EPSI(0.0)
37,LR-REAL-Political,0.6627450980392158,0.4730032049382004,6.0,ST-GBR-EPSI(0.0)
38,LR-REAL-Political,0.6392156862745099,0.5334208824564489,6.0,ST-GBR-EPSI(0.0)
39,LR-REAL-Political,0.7647058823529411,0.45158200077498784,6.0,ST-GBR-EPSI(0.0)
40,LR-REAL-Political,0.6470588235294118,0.5527671763793558,6.0,ST-GBR-EPSI(0.0)
41,LR-REAL-Political,0.6941176470588236,0.4901572438464974,6.0,ST-GBR-EPSI(0.0)
42,LR-REAL-Political,0.6000000000000001,0.5230103206823677,6.0,ST-GBR-EPSI(0.0)
43,LR-REAL-Political,0.7490196078431373,0.49554472395983196,6.0,ST-GBR-EPSI(0.0)
44,LR-REAL-Political,0.7568627450980392,0.5344506061409839,6.0,ST-GBR-EPSI(0.0)
45,LR-REAL-Political,0.6941176470588235,0.5066276427306411,6.0,ST-GBR-EPSI(0.0)
46,LR-REAL-Political,0.6549019607843137,0.5504032022908587,6.0,ST-GBR-EPSI(0.0)
47,LR-REAL-Political,0.5843137254901961,0.4512483606282305,6.0,ST-GBR-EPSI(0.0)
48,LR-REAL-Political,0.7098039215686276,0.5256292207304063,6.0,ST-GBR-EPSI(0.0)
49,LR-REAL-Political,0.8509803921568627,0.4746865780757392,6.0,ST-GBR-EPSI(0.0)
50,LR-REAL-Political,0.7882352941176471,0.48718556972173876,5.647058823529412,ST-GBR-EPSI(0.01)
51,LR-REAL-Political,0.5725490196078432,0.47981226274013183,5.705882352941177,ST-GBR-EPSI(0.01)
52,LR-REAL-Political,0.7450980392156863,0.4984374936097841,5.411764705882353,ST-GBR-EPSI(0.01)
53,LR-REAL-Political,0.6549019607843138,0.5163124506780885,5.529411764705882,ST-GBR-EPSI(0.01)
54,LR-REAL-Political,0.6549019607843138,0.4906464854474418,5.647058823529412,ST-GBR-EPSI(0.01)
55,LR-REAL-Political,0.7137254901960786,0.44733577182362777,5.705882352941177,ST-GBR-EPSI(0.01)
56,LR-REAL-Political,0.6666666666666666,0.46825523093525323,5.705882352941177,ST-GBR-EPSI(0.01)
57,LR-REAL-Political,0.7686274509803921,0.4884982237346747,5.823529411764706,ST-GBR-EPSI(0.01)
58,LR-REAL-Political,0.7019607843137255,0.4870405293416856,5.588235294117647,ST-GBR-EPSI(0.01)
59,LR-REAL-Political,0.6745098039215687,0.49411047967926547,5.823529411764706,ST-GBR-EPSI(0.01)
60,LR-REAL-Political,0.7450980392156863,0.4329997549739771,5.411764705882353,ST-GBR-EPSI(0.01)
61,LR-REAL-Political,0.7607843137254902,0.4998362205906556,5.823529411764706,ST-GBR-EPSI(0.01)
62,LR-REAL-Political,0.776470588235294,0.47133681963952345,5.823529411764706,ST-GBR-EPSI(0.01)
63,LR-REAL-Political,0.6941176470588235,0.4774167580970965,5.764705882352941,ST-GBR-EPSI(0.01)
64,LR-REAL-Political,0.6705882352941177,0.4451692522271672,5.764705882352941,ST-GBR-EPSI(0.01)
65,LR-REAL-Political,0.6588235294117647,0.4869486477072423,5.529411764705882,ST-GBR-EPSI(0.01)
66,LR-REAL-Political,0.7019607843137255,0.4356539235473984,5.764705882352941,ST-GBR-EPSI(0.01)
67,LR-REAL-Political,0.615686274509804,0.48686796506468477,5.882352941176471,ST-GBR-EPSI(0.01)
68,LR-REAL-Political,0.6705882352941176,0.498546739382036,5.764705882352941,ST-GBR-EPSI(0.01)
69,LR-REAL-Political,0.6313725490196078,0.49046734198550135,5.705882352941177,ST-GBR-EPSI(0.01)
70,LR-REAL-Political,0.6705882352941177,0.4870488263395487,5.588235294117647,ST-GBR-EPSI(0.01)
71,LR-REAL-Political,0.6980392156862745,0.47458021737630485,5.823529411764706,ST-GBR-EPSI(0.01)
72,LR-REAL-Political,0.6235294117647058,0.47018901064729074,5.882352941176471,ST-GBR-EPSI(0.01)
73,LR-REAL-Political,0.7529411764705882,0.49982706912761343,5.588235294117647,ST-GBR-EPSI(0.01)
74,LR-REAL-Political,0.6666666666666667,0.5041642554272443,5.705882352941177,ST-GBR-EPSI(0.01)
75,LR-REAL-Political,0.5960784313725491,0.4791678557346628,5.823529411764706,ST-GBR-EPSI(0.01)
76,LR-REAL-Political,0.6117647058823529,0.5001800853551954,5.9411764705882355,ST-GBR-EPSI(0.01)
77,LR-REAL-Political,0.788235294117647,0.4995225399929669,5.764705882352941,ST-GBR-EPSI(0.01)
78,LR-REAL-Political,0.7215686274509804,0.49585638600409143,5.411764705882353,ST-GBR-EPSI(0.01)
79,LR-REAL-Political,0.6588235294117648,0.48722491060452655,5.705882352941177,ST-GBR-EPSI(0.01)
80,LR-REAL-Political,0.7137254901960784,0.4911086220481387,5.529411764705882,ST-GBR-EPSI(0.01)
81,LR-REAL-Political,0.5607843137254903,0.5083300923774411,5.411764705882353,ST-GBR-EPSI(0.01)
82,LR-REAL-Political,0.7490196078431373,0.5038361361983618,5.764705882352941,ST-GBR-EPSI(0.01)
83,LR-REAL-Political,0.6901960784313725,0.48730546916830175,5.823529411764706,ST-GBR-EPSI(0.01)
84,LR-REAL-Political,0.7176470588235295,0.46852596810319586,5.470588235294118,ST-GBR-EPSI(0.01)
85,LR-REAL-Political,0.7176470588235295,0.46824937352682366,5.588235294117647,ST-GBR-EPSI(0.01)
86,LR-REAL-Political,0.7176470588235294,0.4787224925781592,6.0,ST-GBR-EPSI(0.01)
87,LR-REAL-Political,0.6666666666666667,0.4324745573862896,5.470588235294118,ST-GBR-EPSI(0.01)
88,LR-REAL-Political,0.6431372549019608,0.45592633183039477,5.588235294117647,ST-GBR-EPSI(0.01)
89,LR-REAL-Political,0.7686274509803921,0.4484353418082297,5.705882352941177,ST-GBR-EPSI(0.01)
90,LR-REAL-Political,0.6745098039215688,0.48900920867787645,5.647058823529412,ST-GBR-EPSI(0.01)
91,LR-REAL-Political,0.6862745098039217,0.47617646219830706,5.764705882352941,ST-GBR-EPSI(0.01)
92,LR-REAL-Political,0.596078431372549,0.511174655261343,5.588235294117647,ST-GBR-EPSI(0.01)
93,LR-REAL-Political,0.7411764705882353,0.48865734588741433,5.764705882352941,ST-GBR-EPSI(0.01)
94,LR-REAL-Political,0.7450980392156863,0.4785657583950034,5.705882352941177,ST-GBR-EPSI(0.01)
95,LR-REAL-Political,0.6784313725490196,0.48785166439782596,5.647058823529412,ST-GBR-EPSI(0.01)
96,LR-REAL-Political,0.6588235294117648,0.4849785833801048,5.764705882352941,ST-GBR-EPSI(0.01)
97,LR-REAL-Political,0.5725490196078432,0.44189722155178823,5.705882352941177,ST-GBR-EPSI(0.01)
98,LR-REAL-Political,0.7058823529411765,0.4828951460122611,5.529411764705882,ST-GBR-EPSI(0.01)
99,LR-REAL-Political,0.8431372549019608,0.42867129844291657,5.882352941176471,ST-GBR-EPSI(0.01)
100,LR-REAL-Political,0.7725490196078431,0.46801975410922686,5.176470588235294,ST-GBR-EPSI(0.03)
101,LR-REAL-Political,0.5764705882352942,0.5015282437622871,5.0,ST-GBR-EPSI(0.03)
102,LR-REAL-Political,0.7294117647058824,0.5015651051061482,4.9411764705882355,ST-GBR-EPSI(0.03)
103,LR-REAL-Political,0.6313725490196079,0.4892393801599634,4.705882352941177,ST-GBR-EPSI(0.03)
104,LR-REAL-Political,0.6313725490196079,0.479070427462586,5.0588235294117645,ST-GBR-EPSI(0.03)
105,LR-REAL-Political,0.6823529411764707,0.4315220434757333,4.588235294117647,ST-GBR-EPSI(0.03)
106,LR-REAL-Political,0.6901960784313725,0.4830515300681289,5.117647058823529,ST-GBR-EPSI(0.03)
107,LR-REAL-Political,0.7529411764705882,0.445617831483152,5.294117647058823,ST-GBR-EPSI(0.03)
108,LR-REAL-Political,0.7333333333333334,0.49069372442940495,5.0588235294117645,ST-GBR-EPSI(0.03)
109,LR-REAL-Political,0.6666666666666667,0.49061865012803824,5.470588235294118,ST-GBR-EPSI(0.03)
110,LR-REAL-Political,0.7529411764705882,0.4664127393331791,5.0,ST-GBR-EPSI(0.03)
111,LR-REAL-Political,0.7607843137254902,0.5024036832611481,5.352941176470588,ST-GBR-EPSI(0.03)
112,LR-REAL-Political,0.7607843137254902,0.4942849781443009,5.352941176470588,ST-GBR-EPSI(0.03)
113,LR-REAL-Political,0.6784313725490196,0.48027400105564705,5.235294117647059,ST-GBR-EPSI(0.03)
114,LR-REAL-Political,0.6549019607843137,0.5163908151781311,5.352941176470588,ST-GBR-EPSI(0.03)
115,LR-REAL-Political,0.6666666666666667,0.48345936670580303,5.411764705882353,ST-GBR-EPSI(0.03)
116,LR-REAL-Political,0.6862745098039216,0.43509534023439256,4.9411764705882355,ST-GBR-EPSI(0.03)
117,LR-REAL-Political,0.5960784313725491,0.4932758421793282,5.117647058823529,ST-GBR-EPSI(0.03)
118,LR-REAL-Political,0.6627450980392158,0.501956704049023,5.176470588235294,ST-GBR-EPSI(0.03)
119,LR-REAL-Political,0.6352941176470589,0.49487824571360045,5.235294117647059,ST-GBR-EPSI(0.03)
120,LR-REAL-Political,0.6901960784313725,0.49281788280446465,5.0,ST-GBR-EPSI(0.03)
121,LR-REAL-Political,0.6941176470588236,0.4840763598077719,5.294117647058823,ST-GBR-EPSI(0.03)
122,LR-REAL-Political,0.6313725490196078,0.48065440343756693,5.352941176470588,ST-GBR-EPSI(0.03)
123,LR-REAL-Political,0.7019607843137255,0.4872683681645073,4.764705882352941,ST-GBR-EPSI(0.03)
124,LR-REAL-Political,0.6352941176470589,0.4779737576929735,5.0588235294117645,ST-GBR-EPSI(0.03)
125,LR-REAL-Political,0.6196078431372549,0.5003007518856136,5.176470588235294,ST-GBR-EPSI(0.03)
126,LR-REAL-Political,0.619607843137255,0.4869084773334361,5.235294117647059,ST-GBR-EPSI(0.03)
127,LR-REAL-Political,0.803921568627451,0.47951932080602333,5.176470588235294,ST-GBR-EPSI(0.03)
128,LR-REAL-Political,0.6862745098039216,0.5060415740689981,4.764705882352941,ST-GBR-EPSI(0.03)
129,LR-REAL-Political,0.6666666666666666,0.4790556118557663,5.117647058823529,ST-GBR-EPSI(0.03)
130,LR-REAL-Political,0.7137254901960784,0.44341572747905184,5.176470588235294,ST-GBR-EPSI(0.03)
131,LR-REAL-Political,0.5568627450980392,0.47743512994328036,5.117647058823529,ST-GBR-EPSI(0.03)
132,LR-REAL-Political,0.7529411764705882,0.4891544830639093,5.470588235294118,ST-GBR-EPSI(0.03)
133,LR-REAL-Political,0.6901960784313725,0.4974294519214336,5.352941176470588,ST-GBR-EPSI(0.03)
134,LR-REAL-Political,0.7058823529411765,0.4893798847155667,5.0588235294117645,ST-GBR-EPSI(0.03)
135,LR-REAL-Political,0.7254901960784315,0.4777369089363501,5.235294117647059,ST-GBR-EPSI(0.03)
136,LR-REAL-Political,0.7176470588235295,0.4836662966416229,5.470588235294118,ST-GBR-EPSI(0.03)
137,LR-REAL-Political,0.6470588235294118,0.47601862754012564,4.9411764705882355,ST-GBR-EPSI(0.03)
138,LR-REAL-Political,0.6470588235294119,0.4661595161168469,4.823529411764706,ST-GBR-EPSI(0.03)
139,LR-REAL-Political,0.7372549019607844,0.4674500340933557,5.0588235294117645,ST-GBR-EPSI(0.03)
140,LR-REAL-Political,0.6549019607843138,0.4685860834022419,5.0,ST-GBR-EPSI(0.03)
141,LR-REAL-Political,0.6941176470588236,0.49868200700463117,4.764705882352941,ST-GBR-EPSI(0.03)
142,LR-REAL-Political,0.6000000000000001,0.4779983186336224,5.0588235294117645,ST-GBR-EPSI(0.03)
143,LR-REAL-Political,0.7333333333333334,0.4770399842070238,4.882352941176471,ST-GBR-EPSI(0.03)
144,LR-REAL-Political,0.7333333333333334,0.46675786649445233,5.176470588235294,ST-GBR-EPSI(0.03)
145,LR-REAL-Political,0.6509803921568629,0.48943678690866066,5.117647058823529,ST-GBR-EPSI(0.03)
146,LR-REAL-Political,0.6745098039215687,0.43502643736092744,5.235294117647059,ST-GBR-EPSI(0.03)
147,LR-REAL-Political,0.596078431372549,0.44159872154526647,5.0,ST-GBR-EPSI(0.03)
148,LR-REAL-Political,0.7333333333333334,0.432404294599942,4.882352941176471,ST-GBR-EPSI(0.03)
149,LR-REAL-Political,0.8196078431372549,0.43183896418683576,5.235294117647059,ST-GBR-EPSI(0.03)
150,LR-REAL-Political,0.7725490196078431,0.4842587800726702,4.647058823529412,ST-GBR-EPSI(0.05)
151,LR-REAL-Political,0.5686274509803921,0.4944913405469829,4.352941176470588,ST-GBR-EPSI(0.05)
152,LR-REAL-Political,0.7372549019607844,0.47940933304154587,4.764705882352941,ST-GBR-EPSI(0.05)
153,LR-REAL-Political,0.6352941176470589,0.5022379497540541,4.470588235294118,ST-GBR-EPSI(0.05)
154,LR-REAL-Political,0.6392156862745099,0.4744687676642364,4.647058823529412,ST-GBR-EPSI(0.05)
155,LR-REAL-Political,0.6549019607843138,0.4364700604773689,4.176470588235294,ST-GBR-EPSI(0.05)
156,LR-REAL-Political,0.6784313725490196,0.4922825592826113,4.588235294117647,ST-GBR-EPSI(0.05)
157,LR-REAL-Political,0.7372549019607844,0.44496456155815667,4.882352941176471,ST-GBR-EPSI(0.05)
158,LR-REAL-Political,0.6941176470588236,0.469810093770647,4.529411764705882,ST-GBR-EPSI(0.05)
159,LR-REAL-Political,0.6470588235294118,0.495091775283398,4.588235294117647,ST-GBR-EPSI(0.05)
160,LR-REAL-Political,0.7411764705882353,0.4747551872611965,4.294117647058823,ST-GBR-EPSI(0.05)
161,LR-REAL-Political,0.7568627450980392,0.4861661850128727,4.705882352941177,ST-GBR-EPSI(0.05)
162,LR-REAL-Political,0.7411764705882353,0.48841493779147066,4.882352941176471,ST-GBR-EPSI(0.05)
163,LR-REAL-Political,0.6862745098039217,0.45765414746075994,4.647058823529412,ST-GBR-EPSI(0.05)
164,LR-REAL-Political,0.6352941176470588,0.47468457097241656,4.882352941176471,ST-GBR-EPSI(0.05)
165,LR-REAL-Political,0.6627450980392158,0.4657566348923089,4.705882352941177,ST-GBR-EPSI(0.05)
166,LR-REAL-Political,0.6627450980392157,0.4340300727359709,4.411764705882353,ST-GBR-EPSI(0.05)
167,LR-REAL-Political,0.607843137254902,0.443937590481973,4.764705882352941,ST-GBR-EPSI(0.05)
168,LR-REAL-Political,0.6431372549019608,0.4870144948962455,4.470588235294118,ST-GBR-EPSI(0.05)
169,LR-REAL-Political,0.6,0.49342493201600474,4.529411764705882,ST-GBR-EPSI(0.05)
170,LR-REAL-Political,0.6823529411764707,0.4980805843763571,4.470588235294118,ST-GBR-EPSI(0.05)
171,LR-REAL-Political,0.7137254901960786,0.4304545372920363,4.705882352941177,ST-GBR-EPSI(0.05)
172,LR-REAL-Political,0.6117647058823529,0.4774805600658577,4.470588235294118,ST-GBR-EPSI(0.05)
173,LR-REAL-Political,0.7058823529411765,0.4943023038309469,4.294117647058823,ST-GBR-EPSI(0.05)
174,LR-REAL-Political,0.6313725490196079,0.44403568225769136,4.352941176470588,ST-GBR-EPSI(0.05)
175,LR-REAL-Political,0.6392156862745099,0.4864342719215652,4.470588235294118,ST-GBR-EPSI(0.05)
176,LR-REAL-Political,0.619607843137255,0.48524495514037436,4.529411764705882,ST-GBR-EPSI(0.05)
177,LR-REAL-Political,0.803921568627451,0.4567437806368298,4.705882352941177,ST-GBR-EPSI(0.05)
178,LR-REAL-Political,0.6470588235294118,0.44964472849607534,4.235294117647059,ST-GBR-EPSI(0.05)
179,LR-REAL-Political,0.6901960784313725,0.44186611189529457,4.470588235294118,ST-GBR-EPSI(0.05)
180,LR-REAL-Political,0.6784313725490198,0.4325686561022812,4.647058823529412,ST-GBR-EPSI(0.05)
181,LR-REAL-Political,0.5411764705882353,0.47649021167154404,4.764705882352941,ST-GBR-EPSI(0.05)
182,LR-REAL-Political,0.7215686274509804,0.4918234903906941,4.647058823529412,ST-GBR-EPSI(0.05)
183,LR-REAL-Political,0.6901960784313725,0.4902953930606314,4.823529411764706,ST-GBR-EPSI(0.05)
184,LR-REAL-Political,0.6745098039215687,0.4941665356141614,4.647058823529412,ST-GBR-EPSI(0.05)
185,LR-REAL-Political,0.7176470588235295,0.43871205575579864,4.823529411764706,ST-GBR-EPSI(0.05)
186,LR-REAL-Political,0.7333333333333334,0.4662353368206734,4.882352941176471,ST-GBR-EPSI(0.05)
187,LR-REAL-Political,0.627450980392157,0.43428828914257606,4.588235294117647,ST-GBR-EPSI(0.05)
188,LR-REAL-Political,0.6509803921568629,0.4762224827270362,4.294117647058823,ST-GBR-EPSI(0.05)
189,LR-REAL-Political,0.7137254901960786,0.48230771111621695,4.764705882352941,ST-GBR-EPSI(0.05)
190,LR-REAL-Political,0.6588235294117648,0.42337827167092995,4.705882352941177,ST-GBR-EPSI(0.05)
191,LR-REAL-Political,0.6823529411764707,0.4827213188136869,4.294117647058823,ST-GBR-EPSI(0.05)
192,LR-REAL-Political,0.592156862745098,0.44529252885908605,4.529411764705882,ST-GBR-EPSI(0.05)
193,LR-REAL-Political,0.6941176470588235,0.4785899591124543,4.294117647058823,ST-GBR-EPSI(0.05)
194,LR-REAL-Political,0.7019607843137255,0.4756089612256018,4.705882352941177,ST-GBR-EPSI(0.05)
195,LR-REAL-Political,0.6588235294117647,0.47721404344047474,4.470588235294118,ST-GBR-EPSI(0.05)
196,LR-REAL-Political,0.6823529411764707,0.44794901441790236,4.588235294117647,ST-GBR-EPSI(0.05)
197,LR-REAL-Political,0.596078431372549,0.4472847907361894,4.764705882352941,ST-GBR-EPSI(0.05)
198,LR-REAL-Political,0.7333333333333334,0.43134032565575225,4.176470588235294,ST-GBR-EPSI(0.05)
199,LR-REAL-Political,0.8156862745098039,0.44087873117406834,5.0,ST-GBR-EPSI(0.05)
200,LR-REAL-Political,0.7490196078431373,0.48546063274102086,4.352941176470588,ST-GBR-EPSI(0.07)
201,LR-REAL-Political,0.5411764705882354,0.4964739814168607,3.9411764705882355,ST-GBR-EPSI(0.07)
202,LR-REAL-Political,0.7098039215686276,0.5056256210755965,4.0,ST-GBR-EPSI(0.07)
203,LR-REAL-Political,0.615686274509804,0.5036796968008651,3.8823529411764706,ST-GBR-EPSI(0.07)
204,LR-REAL-Political,0.627450980392157,0.4777086820656945,4.176470588235294,ST-GBR-EPSI(0.07)
205,LR-REAL-Political,0.6392156862745098,0.4804902643721269,3.823529411764706,ST-GBR-EPSI(0.07)
206,LR-REAL-Political,0.6313725490196078,0.48604441030934925,4.117647058823529,ST-GBR-EPSI(0.07)
207,LR-REAL-Political,0.7019607843137254,0.44382925278685365,4.176470588235294,ST-GBR-EPSI(0.07)
208,LR-REAL-Political,0.6823529411764707,0.4592070790002191,4.0588235294117645,ST-GBR-EPSI(0.07)
209,LR-REAL-Political,0.6549019607843137,0.4942195032136926,3.9411764705882355,ST-GBR-EPSI(0.07)
210,LR-REAL-Political,0.7176470588235295,0.48061784218225306,4.0588235294117645,ST-GBR-EPSI(0.07)
211,LR-REAL-Political,0.7333333333333334,0.4910983919855206,4.117647058823529,ST-GBR-EPSI(0.07)
212,LR-REAL-Political,0.6980392156862745,0.5395222073751993,4.176470588235294,ST-GBR-EPSI(0.07)
213,LR-REAL-Political,0.6666666666666667,0.4839199970862094,4.0588235294117645,ST-GBR-EPSI(0.07)
214,LR-REAL-Political,0.6509803921568628,0.4544032960739571,4.352941176470588,ST-GBR-EPSI(0.07)
215,LR-REAL-Political,0.6470588235294118,0.5056030929559124,4.294117647058823,ST-GBR-EPSI(0.07)
216,LR-REAL-Political,0.6549019607843136,0.4333999131784849,3.764705882352941,ST-GBR-EPSI(0.07)
217,LR-REAL-Political,0.5725490196078431,0.4562729909326507,4.176470588235294,ST-GBR-EPSI(0.07)
218,LR-REAL-Political,0.6196078431372549,0.478871391351683,4.176470588235294,ST-GBR-EPSI(0.07)
219,LR-REAL-Political,0.5882352941176471,0.44932318903896834,4.0,ST-GBR-EPSI(0.07)
220,LR-REAL-Political,0.6666666666666666,0.505887862916704,4.117647058823529,ST-GBR-EPSI(0.07)
221,LR-REAL-Political,0.6980392156862745,0.4850069516967389,4.0,ST-GBR-EPSI(0.07)
222,LR-REAL-Political,0.596078431372549,0.48110392016935166,4.0,ST-GBR-EPSI(0.07)
223,LR-REAL-Political,0.6941176470588235,0.5081406092694907,3.9411764705882355,ST-GBR-EPSI(0.07)
224,LR-REAL-Political,0.6392156862745099,0.49045456447576624,3.7058823529411766,ST-GBR-EPSI(0.07)
225,LR-REAL-Political,0.6392156862745099,0.5051122509313409,4.0,ST-GBR-EPSI(0.07)
226,LR-REAL-Political,0.6313725490196079,0.4947457246198102,3.823529411764706,ST-GBR-EPSI(0.07)
227,LR-REAL-Political,0.776470588235294,0.49576397883763407,3.9411764705882355,ST-GBR-EPSI(0.07)
228,LR-REAL-Political,0.6196078431372549,0.47529077770417083,3.8823529411764706,ST-GBR-EPSI(0.07)
229,LR-REAL-Political,0.6588235294117648,0.4651991293133408,4.0,ST-GBR-EPSI(0.07)
230,LR-REAL-Political,0.6627450980392158,0.468618179700799,3.9411764705882355,ST-GBR-EPSI(0.07)
231,LR-REAL-Political,0.5294117647058822,0.4980948630756751,4.0588235294117645,ST-GBR-EPSI(0.07)
232,LR-REAL-Political,0.7372549019607844,0.48840300377165957,4.117647058823529,ST-GBR-EPSI(0.07)
233,LR-REAL-Political,0.6784313725490196,0.49394889643957623,4.294117647058823,ST-GBR-EPSI(0.07)
234,LR-REAL-Political,0.6823529411764706,0.4755939095238252,4.176470588235294,ST-GBR-EPSI(0.07)
235,LR-REAL-Political,0.6901960784313725,0.452305380317216,4.294117647058823,ST-GBR-EPSI(0.07)
236,LR-REAL-Political,0.7019607843137255,0.46687637334485016,4.235294117647059,ST-GBR-EPSI(0.07)
237,LR-REAL-Political,0.6470588235294118,0.43059063413048965,4.176470588235294,ST-GBR-EPSI(0.07)
238,LR-REAL-Political,0.6431372549019608,0.45071106141968736,3.8823529411764706,ST-GBR-EPSI(0.07)
239,LR-REAL-Political,0.6588235294117648,0.4708925159007658,4.0,ST-GBR-EPSI(0.07)
240,LR-REAL-Political,0.6549019607843137,0.4670200482780262,4.235294117647059,ST-GBR-EPSI(0.07)
241,LR-REAL-Political,0.6509803921568628,0.4866927180132968,3.7058823529411766,ST-GBR-EPSI(0.07)
242,LR-REAL-Political,0.5803921568627451,0.4423668597462878,4.117647058823529,ST-GBR-EPSI(0.07)
243,LR-REAL-Political,0.6705882352941177,0.47663774736620895,3.9411764705882355,ST-GBR-EPSI(0.07)
244,LR-REAL-Political,0.6823529411764707,0.4539339340667472,3.823529411764706,ST-GBR-EPSI(0.07)
245,LR-REAL-Political,0.6549019607843137,0.5035384133052591,3.823529411764706,ST-GBR-EPSI(0.07)
246,LR-REAL-Political,0.6627450980392158,0.46999973950543694,4.294117647058823,ST-GBR-EPSI(0.07)
247,LR-REAL-Political,0.596078431372549,0.4901708100056145,4.117647058823529,ST-GBR-EPSI(0.07)
248,LR-REAL-Political,0.6627450980392158,0.4499881157944918,3.764705882352941,ST-GBR-EPSI(0.07)
249,LR-REAL-Political,0.7686274509803921,0.4199690814431012,4.294117647058823,ST-GBR-EPSI(0.07)
250,LR-REAL-Political,0.7098039215686274,0.4658675259829149,3.8823529411764706,ST-GBR-EPSI(0.09)
251,LR-REAL-Political,0.5019607843137255,0.48000395204176277,3.3529411764705883,ST-GBR-EPSI(0.09)
252,LR-REAL-Political,0.6784313725490196,0.48792108985827204,3.5294117647058822,ST-GBR-EPSI(0.09)
253,LR-REAL-Political,0.5803921568627451,0.5003899575392048,3.411764705882353,ST-GBR-EPSI(0.09)
254,LR-REAL-Political,0.603921568627451,0.47498107020717556,3.4705882352941178,ST-GBR-EPSI(0.09)
255,LR-REAL-Political,0.615686274509804,0.46704191196832223,3.235294117647059,ST-GBR-EPSI(0.09)
256,LR-REAL-Political,0.6196078431372549,0.46286296963066126,3.6470588235294117,ST-GBR-EPSI(0.09)
257,LR-REAL-Political,0.6352941176470588,0.4447437688893985,3.411764705882353,ST-GBR-EPSI(0.09)
258,LR-REAL-Political,0.6588235294117647,0.4358454961408068,3.7058823529411766,ST-GBR-EPSI(0.09)
259,LR-REAL-Political,0.5686274509803921,0.4677757569735367,3.2941176470588234,ST-GBR-EPSI(0.09)
260,LR-REAL-Political,0.6666666666666667,0.4929556708482491,3.411764705882353,ST-GBR-EPSI(0.09)
261,LR-REAL-Political,0.6980392156862746,0.4638338036821636,3.588235294117647,ST-GBR-EPSI(0.09)
262,LR-REAL-Political,0.6313725490196078,0.4885738840584273,3.3529411764705883,ST-GBR-EPSI(0.09)
263,LR-REAL-Political,0.6352941176470589,0.4804950470434655,3.588235294117647,ST-GBR-EPSI(0.09)
264,LR-REAL-Political,0.615686274509804,0.48787083639111156,3.4705882352941178,ST-GBR-EPSI(0.09)
265,LR-REAL-Political,0.6313725490196078,0.45038783390176196,3.7058823529411766,ST-GBR-EPSI(0.09)
266,LR-REAL-Political,0.615686274509804,0.4559548082785669,3.2941176470588234,ST-GBR-EPSI(0.09)
267,LR-REAL-Political,0.5372549019607844,0.44568518156162235,3.4705882352941178,ST-GBR-EPSI(0.09)
268,LR-REAL-Political,0.611764705882353,0.4517365787907298,3.588235294117647,ST-GBR-EPSI(0.09)
269,LR-REAL-Political,0.5764705882352942,0.47781873774557865,3.6470588235294117,ST-GBR-EPSI(0.09)
270,LR-REAL-Political,0.6196078431372548,0.5006063740666921,3.7058823529411766,ST-GBR-EPSI(0.09)
271,LR-REAL-Political,0.6470588235294117,0.49787957990729736,3.5294117647058822,ST-GBR-EPSI(0.09)
272,LR-REAL-Political,0.5372549019607843,0.4475555760670791,3.2941176470588234,ST-GBR-EPSI(0.09)
273,LR-REAL-Political,0.7019607843137255,0.49877916336991385,3.6470588235294117,ST-GBR-EPSI(0.09)
274,LR-REAL-Political,0.6274509803921569,0.47824843498641684,3.411764705882353,ST-GBR-EPSI(0.09)
275,LR-REAL-Political,0.6196078431372549,0.4885450356349675,3.5294117647058822,ST-GBR-EPSI(0.09)
276,LR-REAL-Political,0.607843137254902,0.5041167767566631,3.4705882352941178,ST-GBR-EPSI(0.09)
277,LR-REAL-Political,0.7294117647058823,0.5096603783668858,3.588235294117647,ST-GBR-EPSI(0.09)
278,LR-REAL-Political,0.5882352941176471,0.4813668117399451,3.3529411764705883,ST-GBR-EPSI(0.09)
279,LR-REAL-Political,0.5960784313725489,0.44019705746242466,3.4705882352941178,ST-GBR-EPSI(0.09)
280,LR-REAL-Political,0.6156862745098038,0.4968798531064359,3.3529411764705883,ST-GBR-EPSI(0.09)
281,LR-REAL-Political,0.5019607843137255,0.49393001504803374,3.6470588235294117,ST-GBR-EPSI(0.09)
282,LR-REAL-Political,0.7019607843137254,0.47067467318610023,3.764705882352941,ST-GBR-EPSI(0.09)
283,LR-REAL-Political,0.6627450980392158,0.43649589315128706,3.6470588235294117,ST-GBR-EPSI(0.09)
284,LR-REAL-Political,0.6588235294117648,0.4636456713547256,3.5294117647058822,ST-GBR-EPSI(0.09)
285,LR-REAL-Political,0.6431372549019608,0.48349421833455114,3.6470588235294117,ST-GBR-EPSI(0.09)
286,LR-REAL-Political,0.6549019607843138,0.4897458855199704,3.5294117647058822,ST-GBR-EPSI(0.09)
287,LR-REAL-Political,0.6313725490196079,0.45235149157855226,3.7058823529411766,ST-GBR-EPSI(0.09)
288,LR-REAL-Political,0.615686274509804,0.49018708795099475,3.2941176470588234,ST-GBR-EPSI(0.09)
289,LR-REAL-Political,0.6431372549019608,0.4798891605443286,3.588235294117647,ST-GBR-EPSI(0.09)
290,LR-REAL-Political,0.6156862745098041,0.48372978933849364,3.764705882352941,ST-GBR-EPSI(0.09)
291,LR-REAL-Political,0.584313725490196,0.4919962047656707,3.1176470588235294,ST-GBR-EPSI(0.09)
292,LR-REAL-Political,0.5450980392156863,0.4467645466123454,3.7058823529411766,ST-GBR-EPSI(0.09)
293,LR-REAL-Political,0.6352941176470588,0.4337596361191991,3.411764705882353,ST-GBR-EPSI(0.09)
294,LR-REAL-Political,0.611764705882353,0.44602916065383647,3.411764705882353,ST-GBR-EPSI(0.09)
295,LR-REAL-Political,0.611764705882353,0.48029941389304537,3.4705882352941178,ST-GBR-EPSI(0.09)
296,LR-REAL-Political,0.6196078431372549,0.49061617573772104,3.6470588235294117,ST-GBR-EPSI(0.09)
297,LR-REAL-Political,0.5568627450980392,0.4697819754417866,3.2941176470588234,ST-GBR-EPSI(0.09)
298,LR-REAL-Political,0.6352941176470589,0.4243339133299952,3.4705882352941178,ST-GBR-EPSI(0.09)
299,LR-REAL-Political,0.7137254901960784,0.43470428737589045,3.7058823529411766,ST-GBR-EPSI(0.09)
300,LR-REAL-Political,0.5294117647058822,0.48938692315723537,2.588235294117647,ST-GBR-EPSI(0.12)
301,LR-REAL-Political,0.4901960784313725,0.49712158249735944,2.823529411764706,ST-GBR-EPSI(0.12)
302,LR-REAL-Political,0.6431372549019608,0.4822526656247587,3.0588235294117645,ST-GBR-EPSI(0.12)
303,LR-REAL-Political,0.5176470588235295,0.48838044303434097,2.8823529411764706,ST-GBR-EPSI(0.12)
304,LR-REAL-Political,0.5490196078431372,0.43214364430785546,2.8823529411764706,ST-GBR-EPSI(0.12)
305,LR-REAL-Political,0.5686274509803921,0.4855955544879546,2.8823529411764706,ST-GBR-EPSI(0.12)
306,LR-REAL-Political,0.5764705882352941,0.45791980166211066,2.8823529411764706,ST-GBR-EPSI(0.12)
307,LR-REAL-Political,0.5098039215686274,0.44098429745991524,2.6470588235294117,ST-GBR-EPSI(0.12)
308,LR-REAL-Political,0.5568627450980392,0.4464269577363345,2.823529411764706,ST-GBR-EPSI(0.12)
309,LR-REAL-Political,0.4745098039215686,0.49902077896246094,2.7058823529411766,ST-GBR-EPSI(0.12)
310,LR-REAL-Political,0.5843137254901961,0.5438121088089242,3.0,ST-GBR-EPSI(0.12)
311,LR-REAL-Political,0.6117647058823529,0.48237650576858393,2.823529411764706,ST-GBR-EPSI(0.12)
312,LR-REAL-Political,0.5803921568627451,0.45502121716884664,2.8823529411764706,ST-GBR-EPSI(0.12)
313,LR-REAL-Political,0.5490196078431373,0.4530770095536252,2.764705882352941,ST-GBR-EPSI(0.12)
314,LR-REAL-Political,0.4784313725490196,0.48830564533327253,2.5294117647058822,ST-GBR-EPSI(0.12)
315,LR-REAL-Political,0.5019607843137254,0.4462367763817322,2.8823529411764706,ST-GBR-EPSI(0.12)
316,LR-REAL-Political,0.5215686274509804,0.46999229876950455,2.764705882352941,ST-GBR-EPSI(0.12)
317,LR-REAL-Political,0.4901960784313726,0.44611881376929063,2.9411764705882355,ST-GBR-EPSI(0.12)
318,LR-REAL-Political,0.49411764705882355,0.45362980343362586,2.588235294117647,ST-GBR-EPSI(0.12)
319,LR-REAL-Political,0.49411764705882344,0.4359465495147877,3.0,ST-GBR-EPSI(0.12)
320,LR-REAL-Political,0.5215686274509803,0.49038761715029583,2.8823529411764706,ST-GBR-EPSI(0.12)
321,LR-REAL-Political,0.5686274509803922,0.48651816397021364,2.8823529411764706,ST-GBR-EPSI(0.12)
322,LR-REAL-Political,0.47058823529411764,0.488143722239848,2.8823529411764706,ST-GBR-EPSI(0.12)
323,LR-REAL-Political,0.6039215686274509,0.497663292243632,2.8823529411764706,ST-GBR-EPSI(0.12)
324,LR-REAL-Political,0.5921568627450979,0.425898118122635,3.0,ST-GBR-EPSI(0.12)
325,LR-REAL-Political,0.5333333333333333,0.4871903487939475,2.823529411764706,ST-GBR-EPSI(0.12)
326,LR-REAL-Political,0.4901960784313725,0.4879214906969822,2.823529411764706,ST-GBR-EPSI(0.12)
327,LR-REAL-Political,0.584313725490196,0.5017758930448589,2.764705882352941,ST-GBR-EPSI(0.12)
328,LR-REAL-Political,0.4784313725490196,0.47764799322729296,2.7058823529411766,ST-GBR-EPSI(0.12)
329,LR-REAL-Political,0.5215686274509803,0.44503372651916434,2.9411764705882355,ST-GBR-EPSI(0.12)
330,LR-REAL-Political,0.592156862745098,0.507843840989066,3.0588235294117645,ST-GBR-EPSI(0.12)
331,LR-REAL-Political,0.4392156862745098,0.4779962065845588,2.8823529411764706,ST-GBR-EPSI(0.12)
332,LR-REAL-Political,0.5450980392156862,0.4832238835846158,2.6470588235294117,ST-GBR-EPSI(0.12)
333,LR-REAL-Political,0.5019607843137255,0.44363840918013964,2.764705882352941,ST-GBR-EPSI(0.12)
334,LR-REAL-Political,0.5568627450980392,0.48027428998867605,2.823529411764706,ST-GBR-EPSI(0.12)
335,LR-REAL-Political,0.5529411764705883,0.4358241434622139,2.6470588235294117,ST-GBR-EPSI(0.12)
336,LR-REAL-Political,0.5254901960784314,0.43381095184342033,2.5294117647058822,ST-GBR-EPSI(0.12)
337,LR-REAL-Political,0.5529411764705883,0.4663476198652285,3.1176470588235294,ST-GBR-EPSI(0.12)
338,LR-REAL-Political,0.5607843137254902,0.46330935918019217,2.8823529411764706,ST-GBR-EPSI(0.12)
339,LR-REAL-Political,0.5411764705882354,0.47739723650429017,2.764705882352941,ST-GBR-EPSI(0.12)
340,LR-REAL-Political,0.5137254901960784,0.4331659384470218,3.0588235294117645,ST-GBR-EPSI(0.12)
341,LR-REAL-Political,0.5294117647058824,0.49273202592082016,2.764705882352941,ST-GBR-EPSI(0.12)
342,LR-REAL-Political,0.4588235294117647,0.4498783462463693,2.764705882352941,ST-GBR-EPSI(0.12)
343,LR-REAL-Political,0.592156862745098,0.4775314749756563,2.8823529411764706,ST-GBR-EPSI(0.12)
344,LR-REAL-Political,0.5215686274509803,0.43184449809788267,2.8823529411764706,ST-GBR-EPSI(0.12)
345,LR-REAL-Political,0.5137254901960785,0.43310580527755926,2.823529411764706,ST-GBR-EPSI(0.12)
346,LR-REAL-Political,0.5176470588235293,0.4646278068096192,2.823529411764706,ST-GBR-EPSI(0.12)
347,LR-REAL-Political,0.45882352941176463,0.47998105861126966,2.4705882352941178,ST-GBR-EPSI(0.12)
348,LR-REAL-Political,0.5764705882352941,0.4332963153143841,2.8823529411764706,ST-GBR-EPSI(0.12)
349,LR-REAL-Political,0.5764705882352941,0.4779025792695127,2.7058823529411766,ST-GBR-EPSI(0.12)
350,LR-REAL-Political,0.4549019607843137,0.47911104701405144,2.235294117647059,ST-GBR-EPSI(0.14)
351,LR-REAL-Political,0.4352941176470588,0.4968767013910542,2.3529411764705883,ST-GBR-EPSI(0.14)
352,LR-REAL-Political,0.4666666666666666,0.48054545650852687,2.4705882352941178,ST-GBR-EPSI(0.14)
353,LR-REAL-Political,0.4666666666666666,0.48279878529726555,2.4705882352941178,ST-GBR-EPSI(0.14)
354,LR-REAL-Political,0.42745098039215684,0.46876688469835487,2.3529411764705883,ST-GBR-EPSI(0.14)
355,LR-REAL-Political,0.5137254901960784,0.47879080158735393,2.588235294117647,ST-GBR-EPSI(0.14)
356,LR-REAL-Political,0.4784313725490196,0.4824974834791584,2.411764705882353,ST-GBR-EPSI(0.14)
357,LR-REAL-Political,0.4156862745098039,0.47787535903866285,2.235294117647059,ST-GBR-EPSI(0.14)
358,LR-REAL-Political,0.5098039215686274,0.4780147529401198,2.588235294117647,ST-GBR-EPSI(0.14)
359,LR-REAL-Political,0.388235294117647,0.5011912047805461,2.2941176470588234,ST-GBR-EPSI(0.14)
360,LR-REAL-Political,0.4627450980392156,0.4843559049872552,2.3529411764705883,ST-GBR-EPSI(0.14)
361,LR-REAL-Political,0.48235294117647054,0.48417095820446965,2.235294117647059,ST-GBR-EPSI(0.14)
362,LR-REAL-Political,0.4666666666666666,0.4387625747000142,2.411764705882353,ST-GBR-EPSI(0.14)
363,LR-REAL-Political,0.4352941176470588,0.4366121180701126,2.2941176470588234,ST-GBR-EPSI(0.14)
364,LR-REAL-Political,0.40784313725490196,0.4787301059699893,2.176470588235294,ST-GBR-EPSI(0.14)
365,LR-REAL-Political,0.43137254901960786,0.4477015800643128,2.3529411764705883,ST-GBR-EPSI(0.14)
366,LR-REAL-Political,0.43921568627450974,0.4817175453373895,2.3529411764705883,ST-GBR-EPSI(0.14)
367,LR-REAL-Political,0.43921568627450974,0.44467741871046945,2.411764705882353,ST-GBR-EPSI(0.14)
368,LR-REAL-Political,0.4196078431372549,0.44657293135670484,2.2941176470588234,ST-GBR-EPSI(0.14)
369,LR-REAL-Political,0.388235294117647,0.49276988545671097,2.4705882352941178,ST-GBR-EPSI(0.14)
370,LR-REAL-Political,0.4509803921568627,0.4808874244473123,2.4705882352941178,ST-GBR-EPSI(0.14)
371,LR-REAL-Political,0.4745098039215686,0.45213668119994666,2.4705882352941178,ST-GBR-EPSI(0.14)
372,LR-REAL-Political,0.4235294117647059,0.445031765653902,2.4705882352941178,ST-GBR-EPSI(0.14)
373,LR-REAL-Political,0.46274509803921565,0.4903423325338426,2.3529411764705883,ST-GBR-EPSI(0.14)
374,LR-REAL-Political,0.580392156862745,0.48974633906197607,2.764705882352941,ST-GBR-EPSI(0.14)
375,LR-REAL-Political,0.44313725490196076,0.4750227364318682,2.411764705882353,ST-GBR-EPSI(0.14)
376,LR-REAL-Political,0.42745098039215684,0.48219057862763187,2.411764705882353,ST-GBR-EPSI(0.14)
377,LR-REAL-Political,0.46274509803921565,0.48738750105743844,2.2941176470588234,ST-GBR-EPSI(0.14)
378,LR-REAL-Political,0.4235294117647059,0.4976057118276118,2.3529411764705883,ST-GBR-EPSI(0.14)
379,LR-REAL-Political,0.5058823529411764,0.4958803147651279,2.588235294117647,ST-GBR-EPSI(0.14)
380,LR-REAL-Political,0.37254901960784315,0.47897385046998336,2.176470588235294,ST-GBR-EPSI(0.14)
381,LR-REAL-Political,0.2823529411764706,0.4825201127574376,2.3529411764705883,ST-GBR-EPSI(0.14)
382,LR-REAL-Political,0.4980392156862744,0.48294060729690746,2.411764705882353,ST-GBR-EPSI(0.14)
383,LR-REAL-Political,0.35686274509803917,0.4426063179302149,2.0588235294117645,ST-GBR-EPSI(0.14)
384,LR-REAL-Political,0.4352941176470588,0.4826245934131587,2.3529411764705883,ST-GBR-EPSI(0.14)
385,LR-REAL-Political,0.46274509803921565,0.4820089503529159,2.235294117647059,ST-GBR-EPSI(0.14)
386,LR-REAL-Political,0.43137254901960786,0.48791624731888195,2.0588235294117645,ST-GBR-EPSI(0.14)
387,LR-REAL-Political,0.4274509803921568,0.46672044611163854,2.4705882352941178,ST-GBR-EPSI(0.14)
388,LR-REAL-Political,0.4862745098039216,0.4295050797342481,2.4705882352941178,ST-GBR-EPSI(0.14)
389,LR-REAL-Political,0.38431372549019605,0.46577180153983605,2.1176470588235294,ST-GBR-EPSI(0.14)
390,LR-REAL-Political,0.41960784313725485,0.42931732249657867,2.2941176470588234,ST-GBR-EPSI(0.14)
391,LR-REAL-Political,0.4666666666666667,0.4911287620093421,2.4705882352941178,ST-GBR-EPSI(0.14)
392,LR-REAL-Political,0.39999999999999997,0.45039003819628404,2.235294117647059,ST-GBR-EPSI(0.14)
393,LR-REAL-Political,0.4784313725490196,0.43011795937009245,2.3529411764705883,ST-GBR-EPSI(0.14)
394,LR-REAL-Political,0.4862745098039215,0.4322301853698645,2.6470588235294117,ST-GBR-EPSI(0.14)
395,LR-REAL-Political,0.41176470588235287,0.47337033775832504,2.3529411764705883,ST-GBR-EPSI(0.14)
396,LR-REAL-Political,0.4235294117647059,0.4790231650288789,2.3529411764705883,ST-GBR-EPSI(0.14)
397,LR-REAL-Political,0.3490196078431373,0.43371896074287036,2.1176470588235294,ST-GBR-EPSI(0.14)
398,LR-REAL-Political,0.5372549019607843,0.4916546042770656,2.588235294117647,ST-GBR-EPSI(0.14)
399,LR-REAL-Political,0.4313725490196078,0.445143992975628,2.1176470588235294,ST-GBR-EPSI(0.14)
400,LR-REAL-Political,0.33333333333333337,0.4797487844543826,1.8235294117647058,ST-GBR-EPSI(0.16)
401,LR-REAL-Political,0.38431372549019605,0.49082194030892534,2.0,ST-GBR-EPSI(0.16)
402,LR-REAL-Political,0.27058823529411763,0.507907173611524,1.8823529411764706,ST-GBR-EPSI(0.16)
403,LR-REAL-Political,0.3764705882352941,0.5069702527234325,2.1176470588235294,ST-GBR-EPSI(0.16)
404,LR-REAL-Political,0.30980392156862746,0.4763416683451472,2.0,ST-GBR-EPSI(0.16)
405,LR-REAL-Political,0.38431372549019605,0.4680354931287466,2.1176470588235294,ST-GBR-EPSI(0.16)
406,LR-REAL-Political,0.33333333333333337,0.48129205024608623,1.8823529411764706,ST-GBR-EPSI(0.16)
407,LR-REAL-Political,0.3333333333333333,0.4537934098598219,1.8235294117647058,ST-GBR-EPSI(0.16)
408,LR-REAL-Political,0.3607843137254902,0.5705358912000813,1.9411764705882353,ST-GBR-EPSI(0.16)
409,LR-REAL-Political,0.2627450980392157,0.5181170231201655,1.9411764705882353,ST-GBR-EPSI(0.16)
410,LR-REAL-Political,0.4156862745098039,0.49000546061565264,2.176470588235294,ST-GBR-EPSI(0.16)
411,LR-REAL-Political,0.4431372549019607,0.4924134519184351,2.1176470588235294,ST-GBR-EPSI(0.16)
412,LR-REAL-Political,0.2745098039215686,0.4523140931331351,1.8235294117647058,ST-GBR-EPSI(0.16)
413,LR-REAL-Political,0.30196078431372547,0.4543213251001029,1.8823529411764706,ST-GBR-EPSI(0.16)
414,LR-REAL-Political,0.3568627450980392,0.4701625075879417,2.0,ST-GBR-EPSI(0.16)
415,LR-REAL-Political,0.3411764705882353,0.4826240511660498,1.9411764705882353,ST-GBR-EPSI(0.16)
416,LR-REAL-Political,0.3803921568627451,0.4966325424746403,2.176470588235294,ST-GBR-EPSI(0.16)
417,LR-REAL-Political,0.2941176470588235,0.44594382824915324,1.9411764705882353,ST-GBR-EPSI(0.16)
418,LR-REAL-Political,0.30980392156862746,0.44859708499266693,1.8235294117647058,ST-GBR-EPSI(0.16)
419,LR-REAL-Political,0.2745098039215686,0.48479109339088633,1.9411764705882353,ST-GBR-EPSI(0.16)
420,LR-REAL-Political,0.42745098039215684,0.4693919842084707,2.176470588235294,ST-GBR-EPSI(0.16)
421,LR-REAL-Political,0.34901960784313724,0.4385541399103478,2.0588235294117645,ST-GBR-EPSI(0.16)
422,LR-REAL-Political,0.35294117647058826,0.4663348285425214,2.176470588235294,ST-GBR-EPSI(0.16)
423,LR-REAL-Political,0.3764705882352941,0.5162294982376262,1.9411764705882353,ST-GBR-EPSI(0.16)
424,LR-REAL-Political,0.5019607843137255,0.48351054384770237,2.411764705882353,ST-GBR-EPSI(0.16)
425,LR-REAL-Political,0.34901960784313724,0.44652052517721164,2.0588235294117645,ST-GBR-EPSI(0.16)
426,LR-REAL-Political,0.3568627450980392,0.4731754227937846,2.0,ST-GBR-EPSI(0.16)
427,LR-REAL-Political,0.30980392156862746,0.5019013224117533,1.7647058823529411,ST-GBR-EPSI(0.16)
428,LR-REAL-Political,0.3647058823529412,0.467883948131813,2.0588235294117645,ST-GBR-EPSI(0.16)
429,LR-REAL-Political,0.3058823529411765,0.47424653885473983,1.9411764705882353,ST-GBR-EPSI(0.16)
430,LR-REAL-Political,0.3254901960784313,0.4534786032647946,2.0,ST-GBR-EPSI(0.16)
431,LR-REAL-Political,0.2392156862745098,0.49450650352856707,1.9411764705882353,ST-GBR-EPSI(0.16)
432,LR-REAL-Political,0.4078431372549019,0.4789514192061659,2.0588235294117645,ST-GBR-EPSI(0.16)
433,LR-REAL-Political,0.2156862745098039,0.4454559149610767,1.6470588235294117,ST-GBR-EPSI(0.16)
434,LR-REAL-Political,0.32941176470588235,0.4454490793070456,1.9411764705882353,ST-GBR-EPSI(0.16)
435,LR-REAL-Political,0.3803921568627451,0.43260867215940363,1.9411764705882353,ST-GBR-EPSI(0.16)
436,LR-REAL-Political,0.3607843137254902,0.5037427542726802,1.8235294117647058,ST-GBR-EPSI(0.16)
437,LR-REAL-Political,0.32156862745098036,0.4796877130234584,2.0,ST-GBR-EPSI(0.16)
438,LR-REAL-Political,0.3294117647058824,0.4314498749591463,2.0588235294117645,ST-GBR-EPSI(0.16)
439,LR-REAL-Political,0.3137254901960784,0.4841667552496591,1.8823529411764706,ST-GBR-EPSI(0.16)
440,LR-REAL-Political,0.24313725490196075,0.44526009815989415,1.7058823529411764,ST-GBR-EPSI(0.16)
441,LR-REAL-Political,0.4117647058823529,0.494952348397199,2.235294117647059,ST-GBR-EPSI(0.16)
442,LR-REAL-Political,0.33333333333333337,0.4496790590398672,1.8823529411764706,ST-GBR-EPSI(0.16)
443,LR-REAL-Political,0.39999999999999997,0.5079407209130777,2.0588235294117645,ST-GBR-EPSI(0.16)
444,LR-REAL-Political,0.3803921568627451,0.44298325246621795,2.0588235294117645,ST-GBR-EPSI(0.16)
445,LR-REAL-Political,0.3333333333333333,0.45485344853834664,2.1176470588235294,ST-GBR-EPSI(0.16)
446,LR-REAL-Political,0.33725490196078434,0.45594631005985925,2.0,ST-GBR-EPSI(0.16)
447,LR-REAL-Political,0.3137254901960785,0.43330884499963723,2.0588235294117645,ST-GBR-EPSI(0.16)
448,LR-REAL-Political,0.4784313725490196,0.48611155728242095,2.2941176470588234,ST-GBR-EPSI(0.16)
449,LR-REAL-Political,0.2588235294117647,0.4761929476458661,1.7058823529411764,ST-GBR-EPSI(0.16)
450,LR-REAL-Political,0.24705882352941178,0.4634799394914534,1.588235294117647,ST-GBR-EPSI(0.18)
451,LR-REAL-Political,0.2549019607843137,0.5009212258843196,1.6470588235294117,ST-GBR-EPSI(0.18)
452,LR-REAL-Political,0.18823529411764706,0.5021391377353861,1.588235294117647,ST-GBR-EPSI(0.18)
453,LR-REAL-Political,0.2549019607843137,0.49100376162616427,1.7058823529411764,ST-GBR-EPSI(0.18)
454,LR-REAL-Political,0.2156862745098039,0.487329778617762,1.7058823529411764,ST-GBR-EPSI(0.18)
455,LR-REAL-Political,0.3333333333333333,0.5056515270342874,2.0,ST-GBR-EPSI(0.18)
456,LR-REAL-Political,0.17647058823529413,0.45329076616442393,1.4705882352941178,ST-GBR-EPSI(0.18)
457,LR-REAL-Political,0.2627450980392157,0.46016941286505825,1.6470588235294117,ST-GBR-EPSI(0.18)
458,LR-REAL-Political,0.23137254901960785,0.4923259534694401,1.7058823529411764,ST-GBR-EPSI(0.18)
459,LR-REAL-Political,0.14509803921568626,0.4914674430462801,1.6470588235294117,ST-GBR-EPSI(0.18)
460,LR-REAL-Political,0.2980392156862745,0.47829995939536274,1.8235294117647058,ST-GBR-EPSI(0.18)
461,LR-REAL-Political,0.26666666666666666,0.5034166237991674,1.6470588235294117,ST-GBR-EPSI(0.18)
462,LR-REAL-Political,0.1607843137254902,0.47657071853023564,1.4705882352941178,ST-GBR-EPSI(0.18)
463,LR-REAL-Political,0.2196078431372549,0.471654429262939,1.6470588235294117,ST-GBR-EPSI(0.18)
464,LR-REAL-Political,0.2862745098039216,0.4838908529249361,1.7647058823529411,ST-GBR-EPSI(0.18)
465,LR-REAL-Political,0.12156862745098038,0.4495976208311193,1.3529411764705883,ST-GBR-EPSI(0.18)
466,LR-REAL-Political,0.29411764705882354,0.4924259090893821,1.7647058823529411,ST-GBR-EPSI(0.18)
467,LR-REAL-Political,0.20784313725490197,0.46747398547284263,1.6470588235294117,ST-GBR-EPSI(0.18)
468,LR-REAL-Political,0.25882352941176473,0.4496144138272568,1.6470588235294117,ST-GBR-EPSI(0.18)
469,LR-REAL-Political,0.20392156862745098,0.4937075056805945,1.6470588235294117,ST-GBR-EPSI(0.18)
470,LR-REAL-Political,0.30196078431372547,0.43264899556700137,1.7647058823529411,ST-GBR-EPSI(0.18)
471,LR-REAL-Political,0.14901960784313728,0.5097442015899943,1.411764705882353,ST-GBR-EPSI(0.18)
472,LR-REAL-Political,0.2196078431372549,0.4347360134322848,1.7058823529411764,ST-GBR-EPSI(0.18)
473,LR-REAL-Political,0.3098039215686274,0.4923332505663785,1.7647058823529411,ST-GBR-EPSI(0.18)
474,LR-REAL-Political,0.2588235294117647,0.4870708856465309,1.7058823529411764,ST-GBR-EPSI(0.18)
475,LR-REAL-Political,0.2392156862745098,0.44548413562028993,1.7647058823529411,ST-GBR-EPSI(0.18)
476,LR-REAL-Political,0.25098039215686274,0.4805235870205796,1.7647058823529411,ST-GBR-EPSI(0.18)
477,LR-REAL-Political,0.20392156862745095,0.4944192539948266,1.5294117647058822,ST-GBR-EPSI(0.18)
478,LR-REAL-Political,0.27450980392156865,0.5085996579121543,1.8235294117647058,ST-GBR-EPSI(0.18)
479,LR-REAL-Political,0.24705882352941178,0.48881523878949357,1.7647058823529411,ST-GBR-EPSI(0.18)
480,LR-REAL-Political,0.2549019607843137,0.4886166498293992,1.7647058823529411,ST-GBR-EPSI(0.18)
481,LR-REAL-Political,0.23137254901960785,0.4770267484423157,1.7058823529411764,ST-GBR-EPSI(0.18)
482,LR-REAL-Political,0.1686274509803922,0.46761875840473616,1.4705882352941178,ST-GBR-EPSI(0.18)
483,LR-REAL-Political,0.19215686274509802,0.4546730147754876,1.5294117647058822,ST-GBR-EPSI(0.18)
484,LR-REAL-Political,0.2117647058823529,0.4606759907531792,1.6470588235294117,ST-GBR-EPSI(0.18)
485,LR-REAL-Political,0.2627450980392157,0.46997394907437295,1.588235294117647,ST-GBR-EPSI(0.18)
486,LR-REAL-Political,0.2980392156862745,0.4450932860391115,1.7058823529411764,ST-GBR-EPSI(0.18)
487,LR-REAL-Political,0.1607843137254902,0.47864581108266163,1.5294117647058822,ST-GBR-EPSI(0.18)
488,LR-REAL-Political,0.25098039215686274,0.46983522419318824,1.8235294117647058,ST-GBR-EPSI(0.18)
489,LR-REAL-Political,0.20392156862745098,0.4340133226424706,1.588235294117647,ST-GBR-EPSI(0.18)
490,LR-REAL-Political,0.19999999999999998,0.4896356975463788,1.588235294117647,ST-GBR-EPSI(0.18)
491,LR-REAL-Political,0.3568627450980392,0.43103350581683236,2.0,ST-GBR-EPSI(0.18)
492,LR-REAL-Political,0.24705882352941178,0.49153792189491774,1.7058823529411764,ST-GBR-EPSI(0.18)
493,LR-REAL-Political,0.31764705882352945,0.48225071221991667,1.8235294117647058,ST-GBR-EPSI(0.18)
494,LR-REAL-Political,0.2117647058823529,0.4495707242163187,1.5294117647058822,ST-GBR-EPSI(0.18)
495,LR-REAL-Political,0.20392156862745095,0.4905515030689515,1.588235294117647,ST-GBR-EPSI(0.18)
496,LR-REAL-Political,0.1411764705882353,0.43743405526302753,1.4705882352941178,ST-GBR-EPSI(0.18)
497,LR-REAL-Political,0.24705882352941178,0.453752155623951,1.7058823529411764,ST-GBR-EPSI(0.18)
498,LR-REAL-Political,0.2823529411764706,0.480830257186486,1.7058823529411764,ST-GBR-EPSI(0.18)
499,LR-REAL-Political,0.2392156862745098,0.4849595745465426,1.6470588235294117,ST-GBR-EPSI(0.18)
500,LR-REAL-Political,0.21176470588235294,0.43687719906647776,1.4705882352941178,ST-GBR-EPSI(0.2)
501,LR-REAL-Political,0.15294117647058825,0.4831373974127363,1.411764705882353,ST-GBR-EPSI(0.2)
502,LR-REAL-Political,0.11372549019607843,0.4864016079060773,1.3529411764705883,ST-GBR-EPSI(0.2)
503,LR-REAL-Political,0.1843137254901961,0.4962357332895734,1.4705882352941178,ST-GBR-EPSI(0.2)
504,LR-REAL-Political,0.16078431372549018,0.4714225063960144,1.4705882352941178,ST-GBR-EPSI(0.2)
505,LR-REAL-Political,0.2431372549019608,0.4365481085920796,1.7058823529411764,ST-GBR-EPSI(0.2)
506,LR-REAL-Political,0.12549019607843137,0.473043819806654,1.3529411764705883,ST-GBR-EPSI(0.2)
507,LR-REAL-Political,0.1568627450980392,0.5034824814701205,1.411764705882353,ST-GBR-EPSI(0.2)
508,LR-REAL-Political,0.21176470588235294,0.48544386344876467,1.588235294117647,ST-GBR-EPSI(0.2)
509,LR-REAL-Political,0.1254901960784314,0.48373994227545225,1.411764705882353,ST-GBR-EPSI(0.2)
510,LR-REAL-Political,0.2117647058823529,0.4622902124956719,1.588235294117647,ST-GBR-EPSI(0.2)
511,LR-REAL-Political,0.14509803921568626,0.4940492664289414,1.3529411764705883,ST-GBR-EPSI(0.2)
512,LR-REAL-Political,0.10980392156862745,0.4491893312938515,1.2941176470588236,ST-GBR-EPSI(0.2)
513,LR-REAL-Political,0.10980392156862745,0.4790747334479146,1.2941176470588236,ST-GBR-EPSI(0.2)
514,LR-REAL-Political,0.1803921568627451,0.4442968623827226,1.411764705882353,ST-GBR-EPSI(0.2)
515,LR-REAL-Political,0.054901960784313725,0.48311106202616194,1.1764705882352942,ST-GBR-EPSI(0.2)
516,LR-REAL-Political,0.25490196078431376,0.4761979328705071,1.6470588235294117,ST-GBR-EPSI(0.2)
517,LR-REAL-Political,0.11372549019607842,0.44612006424656964,1.411764705882353,ST-GBR-EPSI(0.2)
518,LR-REAL-Political,0.20392156862745098,0.4810223017132069,1.5294117647058822,ST-GBR-EPSI(0.2)
519,LR-REAL-Political,0.06666666666666667,0.4798795694917766,1.2941176470588236,ST-GBR-EPSI(0.2)
520,LR-REAL-Political,0.14901960784313725,0.4326684094797494,1.3529411764705883,ST-GBR-EPSI(0.2)
521,LR-REAL-Political,0.09803921568627451,0.4329174498071217,1.2941176470588236,ST-GBR-EPSI(0.2)
522,LR-REAL-Political,0.14901960784313725,0.4389983367023534,1.4705882352941178,ST-GBR-EPSI(0.2)
523,LR-REAL-Political,0.16862745098039217,0.49849691440470034,1.411764705882353,ST-GBR-EPSI(0.2)
524,LR-REAL-Political,0.08627450980392157,0.4657521977797006,1.2941176470588236,ST-GBR-EPSI(0.2)
525,LR-REAL-Political,0.1411764705882353,0.46562181498091054,1.411764705882353,ST-GBR-EPSI(0.2)
526,LR-REAL-Political,0.19215686274509805,0.49093583444231464,1.5294117647058822,ST-GBR-EPSI(0.2)
527,LR-REAL-Political,0.19215686274509802,0.4993493355961402,1.4705882352941178,ST-GBR-EPSI(0.2)
528,LR-REAL-Political,0.203921568627451,0.5039176348205943,1.6470588235294117,ST-GBR-EPSI(0.2)
529,LR-REAL-Political,0.18823529411764706,0.48753963990930316,1.588235294117647,ST-GBR-EPSI(0.2)
530,LR-REAL-Political,0.2196078431372549,0.49161218045195026,1.6470588235294117,ST-GBR-EPSI(0.2)
531,LR-REAL-Political,0.17647058823529413,0.4891949706540981,1.4705882352941178,ST-GBR-EPSI(0.2)
532,LR-REAL-Political,0.1215686274509804,0.4859699496783719,1.3529411764705883,ST-GBR-EPSI(0.2)
533,LR-REAL-Political,0.18039215686274512,0.43518587085235955,1.4705882352941178,ST-GBR-EPSI(0.2)
534,LR-REAL-Political,0.1568627450980392,0.4653034651755331,1.4705882352941178,ST-GBR-EPSI(0.2)
535,LR-REAL-Political,0.21176470588235294,0.48658746771217126,1.4705882352941178,ST-GBR-EPSI(0.2)
536,LR-REAL-Political,0.25098039215686274,0.4474531024411743,1.588235294117647,ST-GBR-EPSI(0.2)
537,LR-REAL-Political,0.058823529411764705,0.48919403589424065,1.2941176470588236,ST-GBR-EPSI(0.2)
538,LR-REAL-Political,0.18823529411764706,0.4896452344448041,1.5294117647058822,ST-GBR-EPSI(0.2)
539,LR-REAL-Political,0.1843137254901961,0.46550504644253465,1.5294117647058822,ST-GBR-EPSI(0.2)
540,LR-REAL-Political,0.10980392156862745,0.49856826474266724,1.411764705882353,ST-GBR-EPSI(0.2)
541,LR-REAL-Political,0.26666666666666666,0.42151584171920686,1.6470588235294117,ST-GBR-EPSI(0.2)
542,LR-REAL-Political,0.14901960784313728,0.4837421303224167,1.411764705882353,ST-GBR-EPSI(0.2)
543,LR-REAL-Political,0.25882352941176473,0.4767160461427872,1.6470588235294117,ST-GBR-EPSI(0.2)
544,LR-REAL-Political,0.1450980392156863,0.44235560773521543,1.3529411764705883,ST-GBR-EPSI(0.2)
545,LR-REAL-Political,0.16470588235294117,0.49128811838502595,1.4705882352941178,ST-GBR-EPSI(0.2)
546,LR-REAL-Political,0.12156862745098038,0.4714394632944284,1.411764705882353,ST-GBR-EPSI(0.2)
547,LR-REAL-Political,0.16470588235294117,0.43096313666732794,1.5294117647058822,ST-GBR-EPSI(0.2)
548,LR-REAL-Political,0.1843137254901961,0.44115336947288714,1.4705882352941178,ST-GBR-EPSI(0.2)
549,LR-REAL-Political,0.10980392156862744,0.4896425354491177,1.2941176470588236,ST-GBR-EPSI(0.2)
550,LR-REAL-Political,0.7725490196078432,1.248352390976178,6.0,Chain-GBR-RR-EPSI(0.0)
551,LR-REAL-Political,0.5843137254901961,1.2336826952087192,6.0,Chain-GBR-RR-EPSI(0.0)
552,LR-REAL-Political,0.7254901960784315,1.2581852947613197,6.0,Chain-GBR-RR-EPSI(0.0)
553,LR-REAL-Political,0.623529411764706,1.2360852151284825,6.0,Chain-GBR-RR-EPSI(0.0)
554,LR-REAL-Political,0.6470588235294118,1.2235871060626635,6.0,Chain-GBR-RR-EPSI(0.0)
555,LR-REAL-Political,0.7254901960784315,1.2306305385371004,6.0,Chain-GBR-RR-EPSI(0.0)
556,LR-REAL-Political,0.7176470588235294,1.269272342103644,6.0,Chain-GBR-RR-EPSI(0.0)
557,LR-REAL-Political,0.7568627450980392,1.2393983035342249,6.0,Chain-GBR-RR-EPSI(0.0)
558,LR-REAL-Political,0.6705882352941177,1.2546034988191122,6.0,Chain-GBR-RR-EPSI(0.0)
559,LR-REAL-Political,0.6549019607843137,1.2565936582709756,6.0,Chain-GBR-RR-EPSI(0.0)
560,LR-REAL-Political,0.7019607843137255,1.2393110273612795,6.0,Chain-GBR-RR-EPSI(0.0)
561,LR-REAL-Political,0.7960784313725491,1.2480778298546404,6.0,Chain-GBR-RR-EPSI(0.0)
562,LR-REAL-Political,0.7254901960784315,1.242132072441696,6.0,Chain-GBR-RR-EPSI(0.0)
563,LR-REAL-Political,0.6784313725490198,1.2694750813749887,6.0,Chain-GBR-RR-EPSI(0.0)
564,LR-REAL-Political,0.6705882352941177,1.22408024065817,6.0,Chain-GBR-RR-EPSI(0.0)
565,LR-REAL-Political,0.7019607843137255,1.2442819101157405,6.0,Chain-GBR-RR-EPSI(0.0)
566,LR-REAL-Political,0.6627450980392158,1.242200347920918,6.0,Chain-GBR-RR-EPSI(0.0)
567,LR-REAL-Political,0.6313725490196079,1.235347560453906,6.0,Chain-GBR-RR-EPSI(0.0)
568,LR-REAL-Political,0.6470588235294118,1.2389372519241626,6.0,Chain-GBR-RR-EPSI(0.0)
569,LR-REAL-Political,0.6549019607843137,1.253758610072931,6.0,Chain-GBR-RR-EPSI(0.0)
570,LR-REAL-Political,0.6627450980392157,1.2333214426964285,6.0,Chain-GBR-RR-EPSI(0.0)
571,LR-REAL-Political,0.7254901960784315,1.2413605401756542,6.0,Chain-GBR-RR-EPSI(0.0)
572,LR-REAL-Political,0.6627450980392157,1.2337794693173363,6.0,Chain-GBR-RR-EPSI(0.0)
573,LR-REAL-Political,0.7098039215686275,1.2366108051406157,6.0,Chain-GBR-RR-EPSI(0.0)
574,LR-REAL-Political,0.6235294117647059,1.231693546828999,6.0,Chain-GBR-RR-EPSI(0.0)
575,LR-REAL-Political,0.6627450980392158,1.2326503230588401,6.0,Chain-GBR-RR-EPSI(0.0)
576,LR-REAL-Political,0.592156862745098,1.2336390427494028,6.0,Chain-GBR-RR-EPSI(0.0)
577,LR-REAL-Political,0.8196078431372549,1.2300134206146052,6.0,Chain-GBR-RR-EPSI(0.0)
578,LR-REAL-Political,0.6470588235294118,1.2317615521957026,6.0,Chain-GBR-RR-EPSI(0.0)
579,LR-REAL-Political,0.6784313725490196,1.2271453738990197,6.0,Chain-GBR-RR-EPSI(0.0)
580,LR-REAL-Political,0.7019607843137255,1.2180029083885555,6.0,Chain-GBR-RR-EPSI(0.0)
581,LR-REAL-Political,0.5764705882352941,1.2322009908084912,6.0,Chain-GBR-RR-EPSI(0.0)
582,LR-REAL-Political,0.7254901960784315,1.2305230753123308,6.0,Chain-GBR-RR-EPSI(0.0)
583,LR-REAL-Political,0.7254901960784315,1.2243031125648864,6.0,Chain-GBR-RR-EPSI(0.0)
584,LR-REAL-Political,0.7254901960784315,1.2210989790894173,6.0,Chain-GBR-RR-EPSI(0.0)
585,LR-REAL-Political,0.6941176470588236,1.223876202436788,6.0,Chain-GBR-RR-EPSI(0.0)
586,LR-REAL-Political,0.7176470588235294,1.229901194620602,6.0,Chain-GBR-RR-EPSI(0.0)
587,LR-REAL-Political,0.6392156862745098,1.2234885167974157,6.0,Chain-GBR-RR-EPSI(0.0)
588,LR-REAL-Political,0.6862745098039216,1.2263066042337247,6.0,Chain-GBR-RR-EPSI(0.0)
589,LR-REAL-Political,0.7254901960784315,1.2188067296928404,6.0,Chain-GBR-RR-EPSI(0.0)
590,LR-REAL-Political,0.6862745098039216,1.223014683407925,6.0,Chain-GBR-RR-EPSI(0.0)
591,LR-REAL-Political,0.7333333333333334,1.2233800741215957,6.0,Chain-GBR-RR-EPSI(0.0)
592,LR-REAL-Political,0.607843137254902,1.2240156083368674,6.0,Chain-GBR-RR-EPSI(0.0)
593,LR-REAL-Political,0.6862745098039216,1.2293643661514502,6.0,Chain-GBR-RR-EPSI(0.0)
594,LR-REAL-Political,0.6784313725490196,1.2225230143623305,6.0,Chain-GBR-RR-EPSI(0.0)
595,LR-REAL-Political,0.6627450980392158,1.2158677321688938,6.0,Chain-GBR-RR-EPSI(0.0)
596,LR-REAL-Political,0.6705882352941178,1.2253847454788513,6.0,Chain-GBR-RR-EPSI(0.0)
597,LR-REAL-Political,0.6705882352941178,1.2168112064362584,6.0,Chain-GBR-RR-EPSI(0.0)
598,LR-REAL-Political,0.7019607843137255,1.2232403057162486,6.0,Chain-GBR-RR-EPSI(0.0)
599,LR-REAL-Political,0.8117647058823529,1.2255451290586048,6.0,Chain-GBR-RR-EPSI(0.0)
600,LR-REAL-Political,0.7803921568627451,1.2634430815275979,5.764705882352941,Chain-GBR-RR-EPSI(0.01)
601,LR-REAL-Political,0.5803921568627451,1.2343026627398193,5.823529411764706,Chain-GBR-RR-EPSI(0.01)
602,LR-REAL-Political,0.7176470588235295,1.2578666020835851,5.764705882352941,Chain-GBR-RR-EPSI(0.01)
603,LR-REAL-Political,0.623529411764706,1.255514964580653,5.882352941176471,Chain-GBR-RR-EPSI(0.01)
604,LR-REAL-Political,0.6549019607843137,1.2215577090573917,5.764705882352941,Chain-GBR-RR-EPSI(0.01)
605,LR-REAL-Political,0.7254901960784315,1.2311444784799614,5.529411764705882,Chain-GBR-RR-EPSI(0.01)
606,LR-REAL-Political,0.7294117647058824,1.237487213473296,5.705882352941177,Chain-GBR-RR-EPSI(0.01)
607,LR-REAL-Political,0.7607843137254902,1.2431442486906326,5.9411764705882355,Chain-GBR-RR-EPSI(0.01)
608,LR-REAL-Political,0.6588235294117647,1.2446652875142266,5.705882352941177,Chain-GBR-RR-EPSI(0.01)
609,LR-REAL-Political,0.6549019607843137,1.2604673781977997,5.882352941176471,Chain-GBR-RR-EPSI(0.01)
610,LR-REAL-Political,0.7098039215686276,1.240449654300286,5.764705882352941,Chain-GBR-RR-EPSI(0.01)
611,LR-REAL-Political,0.7960784313725491,1.2549634024424599,6.0,Chain-GBR-RR-EPSI(0.01)
612,LR-REAL-Political,0.7294117647058824,1.2608313085760412,5.882352941176471,Chain-GBR-RR-EPSI(0.01)
613,LR-REAL-Political,0.6823529411764707,1.263607051121209,5.9411764705882355,Chain-GBR-RR-EPSI(0.01)
614,LR-REAL-Political,0.6745098039215687,1.2317946148109664,5.823529411764706,Chain-GBR-RR-EPSI(0.01)
615,LR-REAL-Political,0.6980392156862746,1.2398960853640928,5.647058823529412,Chain-GBR-RR-EPSI(0.01)
616,LR-REAL-Political,0.6627450980392158,1.2460252053891492,5.764705882352941,Chain-GBR-RR-EPSI(0.01)
617,LR-REAL-Political,0.6313725490196078,1.2399972921832672,5.764705882352941,Chain-GBR-RR-EPSI(0.01)
618,LR-REAL-Political,0.6470588235294118,1.2410949818691357,5.647058823529412,Chain-GBR-RR-EPSI(0.01)
619,LR-REAL-Political,0.6588235294117647,1.2528517569510649,5.823529411764706,Chain-GBR-RR-EPSI(0.01)
620,LR-REAL-Political,0.6627450980392158,1.2383838902091817,5.529411764705882,Chain-GBR-RR-EPSI(0.01)
621,LR-REAL-Political,0.7176470588235295,1.2374246463116003,5.882352941176471,Chain-GBR-RR-EPSI(0.01)
622,LR-REAL-Political,0.6666666666666666,1.2349238586349518,5.823529411764706,Chain-GBR-RR-EPSI(0.01)
623,LR-REAL-Political,0.7215686274509805,1.2309558214713556,5.352941176470588,Chain-GBR-RR-EPSI(0.01)
624,LR-REAL-Political,0.6313725490196079,1.2269319369731313,5.764705882352941,Chain-GBR-RR-EPSI(0.01)
625,LR-REAL-Political,0.6627450980392158,1.2331316089978677,5.882352941176471,Chain-GBR-RR-EPSI(0.01)
626,LR-REAL-Political,0.592156862745098,1.2278455425251162,6.0,Chain-GBR-RR-EPSI(0.01)
627,LR-REAL-Political,0.8196078431372549,1.23182009409606,5.764705882352941,Chain-GBR-RR-EPSI(0.01)
628,LR-REAL-Political,0.6509803921568629,1.2347388448046699,5.647058823529412,Chain-GBR-RR-EPSI(0.01)
629,LR-REAL-Political,0.6705882352941177,1.2246527432180492,5.647058823529412,Chain-GBR-RR-EPSI(0.01)
630,LR-REAL-Political,0.7058823529411765,1.2175274908780231,5.9411764705882355,Chain-GBR-RR-EPSI(0.01)
631,LR-REAL-Political,0.5764705882352941,1.2267563402482582,5.705882352941177,Chain-GBR-RR-EPSI(0.01)
632,LR-REAL-Political,0.7254901960784315,1.2240950258672518,5.764705882352941,Chain-GBR-RR-EPSI(0.01)
633,LR-REAL-Political,0.7215686274509804,1.2280516623938744,5.823529411764706,Chain-GBR-RR-EPSI(0.01)
634,LR-REAL-Political,0.7490196078431373,1.2183208535315597,5.588235294117647,Chain-GBR-RR-EPSI(0.01)
635,LR-REAL-Political,0.6980392156862746,1.2263848751680189,5.823529411764706,Chain-GBR-RR-EPSI(0.01)
636,LR-REAL-Political,0.7215686274509805,1.2247432121503203,5.9411764705882355,Chain-GBR-RR-EPSI(0.01)
637,LR-REAL-Political,0.6509803921568628,1.2208495521461484,5.705882352941177,Chain-GBR-RR-EPSI(0.01)
638,LR-REAL-Political,0.6901960784313725,1.2296679483244435,5.588235294117647,Chain-GBR-RR-EPSI(0.01)
639,LR-REAL-Political,0.7176470588235295,1.2204974321634194,5.764705882352941,Chain-GBR-RR-EPSI(0.01)
640,LR-REAL-Political,0.6784313725490196,1.228044719838549,5.647058823529412,Chain-GBR-RR-EPSI(0.01)
641,LR-REAL-Political,0.7333333333333334,1.2248306846353698,5.764705882352941,Chain-GBR-RR-EPSI(0.01)
642,LR-REAL-Political,0.592156862745098,1.2256375047390118,5.764705882352941,Chain-GBR-RR-EPSI(0.01)
643,LR-REAL-Political,0.6980392156862746,1.234279282546707,5.588235294117647,Chain-GBR-RR-EPSI(0.01)
644,LR-REAL-Political,0.6862745098039217,1.2179025567806534,5.882352941176471,Chain-GBR-RR-EPSI(0.01)
645,LR-REAL-Political,0.6666666666666667,1.2152390181987054,5.823529411764706,Chain-GBR-RR-EPSI(0.01)
646,LR-REAL-Political,0.6862745098039217,1.2266343833731013,5.647058823529412,Chain-GBR-RR-EPSI(0.01)
647,LR-REAL-Political,0.6666666666666667,1.2150339689854708,5.823529411764706,Chain-GBR-RR-EPSI(0.01)
648,LR-REAL-Political,0.6901960784313727,1.2163297175866745,5.705882352941177,Chain-GBR-RR-EPSI(0.01)
649,LR-REAL-Political,0.807843137254902,1.2197249945484647,5.823529411764706,Chain-GBR-RR-EPSI(0.01)
650,LR-REAL-Political,0.788235294117647,1.2553617658086802,5.235294117647059,Chain-GBR-RR-EPSI(0.03)
651,LR-REAL-Political,0.5725490196078432,1.24189906962757,5.352941176470588,Chain-GBR-RR-EPSI(0.03)
652,LR-REAL-Political,0.6941176470588236,1.2457899340601177,5.176470588235294,Chain-GBR-RR-EPSI(0.03)
653,LR-REAL-Political,0.6156862745098038,1.2506877936629806,5.176470588235294,Chain-GBR-RR-EPSI(0.03)
654,LR-REAL-Political,0.6431372549019608,1.2559023797101279,5.235294117647059,Chain-GBR-RR-EPSI(0.03)
655,LR-REAL-Political,0.7215686274509804,1.2488757613615205,5.176470588235294,Chain-GBR-RR-EPSI(0.03)
656,LR-REAL-Political,0.7058823529411765,1.2343800037620627,5.235294117647059,Chain-GBR-RR-EPSI(0.03)
657,LR-REAL-Political,0.7490196078431373,1.2579677053619434,5.294117647058823,Chain-GBR-RR-EPSI(0.03)
658,LR-REAL-Political,0.6745098039215688,1.2347198178997367,5.352941176470588,Chain-GBR-RR-EPSI(0.03)
659,LR-REAL-Political,0.6666666666666667,1.2548434277302392,5.294117647058823,Chain-GBR-RR-EPSI(0.03)
660,LR-REAL-Political,0.7137254901960786,1.236895229269107,5.235294117647059,Chain-GBR-RR-EPSI(0.03)
661,LR-REAL-Political,0.7686274509803921,1.252116725991927,5.470588235294118,Chain-GBR-RR-EPSI(0.03)
662,LR-REAL-Political,0.7450980392156863,1.267168183743942,5.411764705882353,Chain-GBR-RR-EPSI(0.03)
663,LR-REAL-Political,0.6823529411764707,1.2526660286470672,5.176470588235294,Chain-GBR-RR-EPSI(0.03)
664,LR-REAL-Political,0.6784313725490196,1.2267777844731418,5.529411764705882,Chain-GBR-RR-EPSI(0.03)
665,LR-REAL-Political,0.6980392156862746,1.238835527739293,5.117647058823529,Chain-GBR-RR-EPSI(0.03)
666,LR-REAL-Political,0.6509803921568627,1.257218101245426,5.411764705882353,Chain-GBR-RR-EPSI(0.03)
667,LR-REAL-Political,0.6235294117647059,1.2478166443958716,5.176470588235294,Chain-GBR-RR-EPSI(0.03)
668,LR-REAL-Political,0.6588235294117647,1.2553806705176334,5.0588235294117645,Chain-GBR-RR-EPSI(0.03)
669,LR-REAL-Political,0.6392156862745099,1.2694997878944476,5.411764705882353,Chain-GBR-RR-EPSI(0.03)
670,LR-REAL-Political,0.6745098039215687,1.2395120078958803,5.0588235294117645,Chain-GBR-RR-EPSI(0.03)
671,LR-REAL-Political,0.7058823529411765,1.249614779897999,5.411764705882353,Chain-GBR-RR-EPSI(0.03)
672,LR-REAL-Political,0.6549019607843137,1.2409760885511816,5.470588235294118,Chain-GBR-RR-EPSI(0.03)
673,LR-REAL-Political,0.7294117647058824,1.2347000247197688,5.117647058823529,Chain-GBR-RR-EPSI(0.03)
674,LR-REAL-Political,0.611764705882353,1.2324551843836142,5.235294117647059,Chain-GBR-RR-EPSI(0.03)
675,LR-REAL-Political,0.6588235294117648,1.2357963025317875,5.352941176470588,Chain-GBR-RR-EPSI(0.03)
676,LR-REAL-Political,0.603921568627451,1.230101601760324,5.411764705882353,Chain-GBR-RR-EPSI(0.03)
677,LR-REAL-Political,0.8235294117647058,1.230834244381046,5.588235294117647,Chain-GBR-RR-EPSI(0.03)
678,LR-REAL-Political,0.6705882352941177,1.223574014363756,5.0588235294117645,Chain-GBR-RR-EPSI(0.03)
679,LR-REAL-Political,0.6784313725490196,1.2287176705950422,5.0588235294117645,Chain-GBR-RR-EPSI(0.03)
680,LR-REAL-Political,0.7215686274509805,1.2210238908851223,5.352941176470588,Chain-GBR-RR-EPSI(0.03)
681,LR-REAL-Political,0.580392156862745,1.2226854966781984,5.176470588235294,Chain-GBR-RR-EPSI(0.03)
682,LR-REAL-Political,0.7333333333333334,1.2262425244483361,5.235294117647059,Chain-GBR-RR-EPSI(0.03)
683,LR-REAL-Political,0.7215686274509804,1.2298610181756906,5.647058823529412,Chain-GBR-RR-EPSI(0.03)
684,LR-REAL-Political,0.7450980392156863,1.226144206420597,5.0588235294117645,Chain-GBR-RR-EPSI(0.03)
685,LR-REAL-Political,0.7058823529411765,1.2290674518257036,5.294117647058823,Chain-GBR-RR-EPSI(0.03)
686,LR-REAL-Political,0.7098039215686275,1.230756523525742,5.411764705882353,Chain-GBR-RR-EPSI(0.03)
687,LR-REAL-Political,0.6627450980392157,1.2218487471646837,5.176470588235294,Chain-GBR-RR-EPSI(0.03)
688,LR-REAL-Political,0.6549019607843137,1.2305824760832973,5.117647058823529,Chain-GBR-RR-EPSI(0.03)
689,LR-REAL-Political,0.6823529411764707,1.227099270816966,4.823529411764706,Chain-GBR-RR-EPSI(0.03)
690,LR-REAL-Political,0.6901960784313727,1.2191038615230645,5.352941176470588,Chain-GBR-RR-EPSI(0.03)
691,LR-REAL-Political,0.7058823529411765,1.2243167061283147,5.235294117647059,Chain-GBR-RR-EPSI(0.03)
692,LR-REAL-Political,0.5843137254901961,1.2216548250109451,5.117647058823529,Chain-GBR-RR-EPSI(0.03)
693,LR-REAL-Political,0.6784313725490196,1.235376309912159,5.117647058823529,Chain-GBR-RR-EPSI(0.03)
694,LR-REAL-Political,0.7058823529411765,1.2261243830437303,5.235294117647059,Chain-GBR-RR-EPSI(0.03)
695,LR-REAL-Political,0.6588235294117647,1.215644667473683,5.294117647058823,Chain-GBR-RR-EPSI(0.03)
696,LR-REAL-Political,0.6823529411764707,1.2163768631999792,5.235294117647059,Chain-GBR-RR-EPSI(0.03)
697,LR-REAL-Political,0.6705882352941176,1.2168384524998408,5.294117647058823,Chain-GBR-RR-EPSI(0.03)
698,LR-REAL-Political,0.6823529411764707,1.2189087256209739,5.117647058823529,Chain-GBR-RR-EPSI(0.03)
699,LR-REAL-Political,0.8117647058823529,1.2200648489233017,5.529411764705882,Chain-GBR-RR-EPSI(0.03)
700,LR-REAL-Political,0.7803921568627451,1.2537130997343922,4.882352941176471,Chain-GBR-RR-EPSI(0.05)
701,LR-REAL-Political,0.5568627450980392,1.2495874226941284,4.117647058823529,Chain-GBR-RR-EPSI(0.05)
702,LR-REAL-Political,0.6980392156862745,1.2388313403589737,4.823529411764706,Chain-GBR-RR-EPSI(0.05)
703,LR-REAL-Political,0.596078431372549,1.2338822205842317,4.588235294117647,Chain-GBR-RR-EPSI(0.05)
704,LR-REAL-Political,0.6352941176470589,1.2239852056867533,4.823529411764706,Chain-GBR-RR-EPSI(0.05)
705,LR-REAL-Political,0.6862745098039217,1.2414432022441924,4.529411764705882,Chain-GBR-RR-EPSI(0.05)
706,LR-REAL-Political,0.7137254901960784,1.2475585818057424,4.823529411764706,Chain-GBR-RR-EPSI(0.05)
707,LR-REAL-Political,0.7411764705882353,1.2758764273513206,5.0588235294117645,Chain-GBR-RR-EPSI(0.05)
708,LR-REAL-Political,0.6784313725490198,1.2414342460272316,4.9411764705882355,Chain-GBR-RR-EPSI(0.05)
709,LR-REAL-Political,0.6627450980392159,1.2511958470550597,5.0,Chain-GBR-RR-EPSI(0.05)
710,LR-REAL-Political,0.7215686274509804,1.2334121584789777,4.647058823529412,Chain-GBR-RR-EPSI(0.05)
711,LR-REAL-Political,0.7686274509803921,1.2419238781699349,4.764705882352941,Chain-GBR-RR-EPSI(0.05)
712,LR-REAL-Political,0.7411764705882353,1.277090012068175,5.0,Chain-GBR-RR-EPSI(0.05)
713,LR-REAL-Political,0.6666666666666667,1.2470658204394325,4.764705882352941,Chain-GBR-RR-EPSI(0.05)
714,LR-REAL-Political,0.6666666666666667,1.2258535358955291,4.882352941176471,Chain-GBR-RR-EPSI(0.05)
715,LR-REAL-Political,0.6784313725490198,1.238663566998181,4.823529411764706,Chain-GBR-RR-EPSI(0.05)
716,LR-REAL-Political,0.6392156862745098,1.2542872444265443,4.882352941176471,Chain-GBR-RR-EPSI(0.05)
717,LR-REAL-Political,0.6196078431372549,1.255156213389258,4.588235294117647,Chain-GBR-RR-EPSI(0.05)
718,LR-REAL-Political,0.6588235294117647,1.2541625605418416,4.647058823529412,Chain-GBR-RR-EPSI(0.05)
719,LR-REAL-Political,0.6274509803921569,1.2682563660020283,4.764705882352941,Chain-GBR-RR-EPSI(0.05)
720,LR-REAL-Political,0.6823529411764707,1.2502829663550619,4.588235294117647,Chain-GBR-RR-EPSI(0.05)
721,LR-REAL-Political,0.6901960784313725,1.254892841996661,4.882352941176471,Chain-GBR-RR-EPSI(0.05)
722,LR-REAL-Political,0.6392156862745099,1.235211276958573,4.705882352941177,Chain-GBR-RR-EPSI(0.05)
723,LR-REAL-Political,0.7058823529411765,1.2324210335446009,4.823529411764706,Chain-GBR-RR-EPSI(0.05)
724,LR-REAL-Political,0.6039215686274509,1.2352563591410324,4.705882352941177,Chain-GBR-RR-EPSI(0.05)
725,LR-REAL-Political,0.6470588235294118,1.2366124269943477,4.705882352941177,Chain-GBR-RR-EPSI(0.05)
726,LR-REAL-Political,0.596078431372549,1.2324674317544073,4.647058823529412,Chain-GBR-RR-EPSI(0.05)
727,LR-REAL-Political,0.807843137254902,1.2333492837838476,4.882352941176471,Chain-GBR-RR-EPSI(0.05)
728,LR-REAL-Political,0.6549019607843137,1.2286228658479519,4.411764705882353,Chain-GBR-RR-EPSI(0.05)
729,LR-REAL-Political,0.6549019607843137,1.2276618148075062,4.647058823529412,Chain-GBR-RR-EPSI(0.05)
730,LR-REAL-Political,0.6980392156862746,1.2173906009785407,4.9411764705882355,Chain-GBR-RR-EPSI(0.05)
731,LR-REAL-Political,0.5764705882352942,1.2233910203742555,4.705882352941177,Chain-GBR-RR-EPSI(0.05)
732,LR-REAL-Political,0.7372549019607844,1.2253147839755005,4.588235294117647,Chain-GBR-RR-EPSI(0.05)
733,LR-REAL-Political,0.7058823529411764,1.2263382973285215,4.882352941176471,Chain-GBR-RR-EPSI(0.05)
734,LR-REAL-Political,0.7450980392156863,1.2193508844774743,4.647058823529412,Chain-GBR-RR-EPSI(0.05)
735,LR-REAL-Political,0.6901960784313725,1.228938150598115,5.0588235294117645,Chain-GBR-RR-EPSI(0.05)
736,LR-REAL-Political,0.7098039215686275,1.2288140903214453,4.882352941176471,Chain-GBR-RR-EPSI(0.05)
737,LR-REAL-Political,0.6549019607843137,1.220997006326661,4.764705882352941,Chain-GBR-RR-EPSI(0.05)
738,LR-REAL-Political,0.6588235294117647,1.2258598222981527,4.823529411764706,Chain-GBR-RR-EPSI(0.05)
739,LR-REAL-Political,0.6745098039215687,1.2247419106861297,4.529411764705882,Chain-GBR-RR-EPSI(0.05)
740,LR-REAL-Political,0.6784313725490198,1.2243981156350494,4.705882352941177,Chain-GBR-RR-EPSI(0.05)
741,LR-REAL-Political,0.7215686274509805,1.2219797939017998,4.764705882352941,Chain-GBR-RR-EPSI(0.05)
742,LR-REAL-Political,0.5843137254901961,1.229738478576343,4.764705882352941,Chain-GBR-RR-EPSI(0.05)
743,LR-REAL-Political,0.6549019607843137,1.2323859095426444,4.764705882352941,Chain-GBR-RR-EPSI(0.05)
744,LR-REAL-Political,0.7098039215686276,1.226982736048038,4.764705882352941,Chain-GBR-RR-EPSI(0.05)
745,LR-REAL-Political,0.6549019607843137,1.2143577967561219,4.647058823529412,Chain-GBR-RR-EPSI(0.05)
746,LR-REAL-Political,0.6862745098039217,1.2152103468138975,4.705882352941177,Chain-GBR-RR-EPSI(0.05)
747,LR-REAL-Political,0.6392156862745099,1.2150669007943966,4.764705882352941,Chain-GBR-RR-EPSI(0.05)
748,LR-REAL-Political,0.6784313725490196,1.2188459948490282,4.588235294117647,Chain-GBR-RR-EPSI(0.05)
749,LR-REAL-Political,0.8156862745098039,1.2190009517467932,5.176470588235294,Chain-GBR-RR-EPSI(0.05)
750,LR-REAL-Political,0.7568627450980392,1.252326055423741,4.529411764705882,Chain-GBR-RR-EPSI(0.07)
751,LR-REAL-Political,0.5450980392156863,1.2604219630536675,3.8823529411764706,Chain-GBR-RR-EPSI(0.07)
752,LR-REAL-Political,0.7019607843137255,1.2858949222561264,4.529411764705882,Chain-GBR-RR-EPSI(0.07)
753,LR-REAL-Political,0.5803921568627451,1.2297547441065033,4.0,Chain-GBR-RR-EPSI(0.07)
754,LR-REAL-Political,0.6313725490196079,1.2284535792622333,4.352941176470588,Chain-GBR-RR-EPSI(0.07)
755,LR-REAL-Political,0.6352941176470589,1.2394894938719025,3.9411764705882355,Chain-GBR-RR-EPSI(0.07)
756,LR-REAL-Political,0.6705882352941177,1.2440573546181746,4.117647058823529,Chain-GBR-RR-EPSI(0.07)
757,LR-REAL-Political,0.7254901960784315,1.2968908231413383,4.352941176470588,Chain-GBR-RR-EPSI(0.07)
758,LR-REAL-Political,0.6666666666666667,1.2393648260699797,4.352941176470588,Chain-GBR-RR-EPSI(0.07)
759,LR-REAL-Political,0.6470588235294118,1.2450122392593326,4.529411764705882,Chain-GBR-RR-EPSI(0.07)
760,LR-REAL-Political,0.7372549019607844,1.2411228969572774,3.9411764705882355,Chain-GBR-RR-EPSI(0.07)
761,LR-REAL-Political,0.7294117647058824,1.2373782627537366,4.0,Chain-GBR-RR-EPSI(0.07)
762,LR-REAL-Political,0.7137254901960786,1.271549937320235,4.352941176470588,Chain-GBR-RR-EPSI(0.07)
763,LR-REAL-Political,0.6549019607843137,1.2452690073092036,4.294117647058823,Chain-GBR-RR-EPSI(0.07)
764,LR-REAL-Political,0.6705882352941178,1.2274540156277407,4.176470588235294,Chain-GBR-RR-EPSI(0.07)
765,LR-REAL-Political,0.6588235294117648,1.2397860238524907,4.176470588235294,Chain-GBR-RR-EPSI(0.07)
766,LR-REAL-Political,0.6352941176470588,1.2479609630010309,4.0,Chain-GBR-RR-EPSI(0.07)
767,LR-REAL-Political,0.5921568627450982,1.2802120429710275,4.294117647058823,Chain-GBR-RR-EPSI(0.07)
768,LR-REAL-Political,0.6588235294117648,1.2424273030765112,4.117647058823529,Chain-GBR-RR-EPSI(0.07)
769,LR-REAL-Political,0.5764705882352941,1.2653088259337426,3.9411764705882355,Chain-GBR-RR-EPSI(0.07)
770,LR-REAL-Political,0.6470588235294118,1.259654083784644,4.176470588235294,Chain-GBR-RR-EPSI(0.07)
771,LR-REAL-Political,0.6823529411764706,1.2431129649584458,4.0588235294117645,Chain-GBR-RR-EPSI(0.07)
772,LR-REAL-Political,0.6117647058823529,1.240826405747877,4.0588235294117645,Chain-GBR-RR-EPSI(0.07)
773,LR-REAL-Political,0.7137254901960784,1.2359024998077144,4.352941176470588,Chain-GBR-RR-EPSI(0.07)
774,LR-REAL-Political,0.584313725490196,1.2298486558703412,3.9411764705882355,Chain-GBR-RR-EPSI(0.07)
775,LR-REAL-Political,0.6274509803921569,1.2333420807051267,4.470588235294118,Chain-GBR-RR-EPSI(0.07)
776,LR-REAL-Political,0.596078431372549,1.2352821051631233,4.470588235294118,Chain-GBR-RR-EPSI(0.07)
777,LR-REAL-Political,0.803921568627451,1.2329373894884696,4.764705882352941,Chain-GBR-RR-EPSI(0.07)
778,LR-REAL-Political,0.6470588235294118,1.2256531632364276,4.117647058823529,Chain-GBR-RR-EPSI(0.07)
779,LR-REAL-Political,0.6392156862745099,1.227075258520152,4.352941176470588,Chain-GBR-RR-EPSI(0.07)
780,LR-REAL-Political,0.6745098039215687,1.2185560234075954,4.294117647058823,Chain-GBR-RR-EPSI(0.07)
781,LR-REAL-Political,0.5529411764705884,1.2252434046692962,4.176470588235294,Chain-GBR-RR-EPSI(0.07)
782,LR-REAL-Political,0.6862745098039216,1.2256857284254983,4.117647058823529,Chain-GBR-RR-EPSI(0.07)
783,LR-REAL-Political,0.7019607843137254,1.2262268286662033,4.235294117647059,Chain-GBR-RR-EPSI(0.07)
784,LR-REAL-Political,0.7372549019607844,1.222772503237594,4.294117647058823,Chain-GBR-RR-EPSI(0.07)
785,LR-REAL-Political,0.6549019607843138,1.2300257490848248,4.235294117647059,Chain-GBR-RR-EPSI(0.07)
786,LR-REAL-Political,0.6941176470588236,1.2199113547787328,4.470588235294118,Chain-GBR-RR-EPSI(0.07)
787,LR-REAL-Political,0.6392156862745099,1.228920906880418,4.235294117647059,Chain-GBR-RR-EPSI(0.07)
788,LR-REAL-Political,0.6549019607843138,1.2277445841124162,4.352941176470588,Chain-GBR-RR-EPSI(0.07)
789,LR-REAL-Political,0.6745098039215687,1.230070012063716,4.352941176470588,Chain-GBR-RR-EPSI(0.07)
790,LR-REAL-Political,0.6705882352941177,1.2235386733081368,4.235294117647059,Chain-GBR-RR-EPSI(0.07)
791,LR-REAL-Political,0.6784313725490198,1.221183958339744,4.0,Chain-GBR-RR-EPSI(0.07)
792,LR-REAL-Political,0.5843137254901961,1.2302259852845858,4.235294117647059,Chain-GBR-RR-EPSI(0.07)
793,LR-REAL-Political,0.6509803921568629,1.231270581447975,4.0588235294117645,Chain-GBR-RR-EPSI(0.07)
794,LR-REAL-Political,0.6980392156862746,1.2332837745423664,4.176470588235294,Chain-GBR-RR-EPSI(0.07)
795,LR-REAL-Political,0.6549019607843138,1.2135878538447946,4.294117647058823,Chain-GBR-RR-EPSI(0.07)
796,LR-REAL-Political,0.6627450980392157,1.2181106764248277,4.0588235294117645,Chain-GBR-RR-EPSI(0.07)
797,LR-REAL-Political,0.627450980392157,1.2129418743135947,4.411764705882353,Chain-GBR-RR-EPSI(0.07)
798,LR-REAL-Political,0.6588235294117648,1.2144054200099474,3.9411764705882355,Chain-GBR-RR-EPSI(0.07)
799,LR-REAL-Political,0.788235294117647,1.2185705236948847,4.411764705882353,Chain-GBR-RR-EPSI(0.07)
800,LR-REAL-Political,0.7137254901960784,1.2577942815788095,3.764705882352941,Chain-GBR-RR-EPSI(0.09)
801,LR-REAL-Political,0.5254901960784314,1.2397736283016998,3.5294117647058822,Chain-GBR-RR-EPSI(0.09)
802,LR-REAL-Political,0.6745098039215687,1.2571820095340855,3.8823529411764706,Chain-GBR-RR-EPSI(0.09)
803,LR-REAL-Political,0.5411764705882353,1.2426275034072127,3.5294117647058822,Chain-GBR-RR-EPSI(0.09)
804,LR-REAL-Political,0.6235294117647059,1.233431613291699,3.764705882352941,Chain-GBR-RR-EPSI(0.09)
805,LR-REAL-Political,0.6235294117647059,1.237278122831268,3.2941176470588234,Chain-GBR-RR-EPSI(0.09)
806,LR-REAL-Political,0.6313725490196078,1.2404239183050583,3.6470588235294117,Chain-GBR-RR-EPSI(0.09)
807,LR-REAL-Political,0.6627450980392158,1.2574715059546164,3.764705882352941,Chain-GBR-RR-EPSI(0.09)
808,LR-REAL-Political,0.6431372549019607,1.2479746022289597,3.588235294117647,Chain-GBR-RR-EPSI(0.09)
809,LR-REAL-Political,0.5764705882352941,1.2667102256080822,3.5294117647058822,Chain-GBR-RR-EPSI(0.09)
810,LR-REAL-Political,0.7098039215686275,1.2631314837925436,3.7058823529411766,Chain-GBR-RR-EPSI(0.09)
811,LR-REAL-Political,0.6901960784313727,1.2437888730626057,3.5294117647058822,Chain-GBR-RR-EPSI(0.09)
812,LR-REAL-Political,0.6627450980392158,1.2474649517352496,3.764705882352941,Chain-GBR-RR-EPSI(0.09)
813,LR-REAL-Political,0.623529411764706,1.2454723322891845,3.8823529411764706,Chain-GBR-RR-EPSI(0.09)
814,LR-REAL-Political,0.6509803921568628,1.223721039415835,3.6470588235294117,Chain-GBR-RR-EPSI(0.09)
815,LR-REAL-Political,0.6509803921568628,1.2416862977646064,3.764705882352941,Chain-GBR-RR-EPSI(0.09)
816,LR-REAL-Political,0.6000000000000001,1.2420100424224438,3.3529411764705883,Chain-GBR-RR-EPSI(0.09)
817,LR-REAL-Political,0.5647058823529412,1.2956522191679551,3.8823529411764706,Chain-GBR-RR-EPSI(0.09)
818,LR-REAL-Political,0.6274509803921569,1.2357321541181265,3.4705882352941178,Chain-GBR-RR-EPSI(0.09)
819,LR-REAL-Political,0.5607843137254901,1.2577926255812113,3.764705882352941,Chain-GBR-RR-EPSI(0.09)
820,LR-REAL-Political,0.6352941176470589,1.2490508737898658,3.7058823529411766,Chain-GBR-RR-EPSI(0.09)
821,LR-REAL-Political,0.6549019607843136,1.2505839831438095,3.764705882352941,Chain-GBR-RR-EPSI(0.09)
822,LR-REAL-Political,0.5490196078431372,1.2355787784462722,3.4705882352941178,Chain-GBR-RR-EPSI(0.09)
823,LR-REAL-Political,0.6941176470588236,1.2237439835745592,3.8823529411764706,Chain-GBR-RR-EPSI(0.09)
824,LR-REAL-Political,0.5647058823529412,1.2289662546718672,3.588235294117647,Chain-GBR-RR-EPSI(0.09)
825,LR-REAL-Political,0.5843137254901962,1.2322469423168436,3.7058823529411766,Chain-GBR-RR-EPSI(0.09)
826,LR-REAL-Political,0.5529411764705883,1.2381803128472588,3.764705882352941,Chain-GBR-RR-EPSI(0.09)
827,LR-REAL-Political,0.7725490196078431,1.2345699008554123,3.8823529411764706,Chain-GBR-RR-EPSI(0.09)
828,LR-REAL-Political,0.6235294117647059,1.217285691041978,3.588235294117647,Chain-GBR-RR-EPSI(0.09)
829,LR-REAL-Political,0.6117647058823529,1.2289607616758285,3.6470588235294117,Chain-GBR-RR-EPSI(0.09)
830,LR-REAL-Political,0.5921568627450979,1.2179993322049143,3.4705882352941178,Chain-GBR-RR-EPSI(0.09)
831,LR-REAL-Political,0.5098039215686274,1.2231267040727642,3.6470588235294117,Chain-GBR-RR-EPSI(0.09)
832,LR-REAL-Political,0.6862745098039216,1.225132927248123,3.5294117647058822,Chain-GBR-RR-EPSI(0.09)
833,LR-REAL-Political,0.6549019607843136,1.2307412806957467,3.4705882352941178,Chain-GBR-RR-EPSI(0.09)
834,LR-REAL-Political,0.6862745098039216,1.218240120415358,3.823529411764706,Chain-GBR-RR-EPSI(0.09)
835,LR-REAL-Political,0.6235294117647059,1.2294456967024392,3.7058823529411766,Chain-GBR-RR-EPSI(0.09)
836,LR-REAL-Political,0.6784313725490198,1.2270237410784475,4.0,Chain-GBR-RR-EPSI(0.09)
837,LR-REAL-Political,0.619607843137255,1.2216878180991806,3.823529411764706,Chain-GBR-RR-EPSI(0.09)
838,LR-REAL-Political,0.6313725490196078,1.2376858109959312,3.4705882352941178,Chain-GBR-RR-EPSI(0.09)
839,LR-REAL-Political,0.6470588235294119,1.2203446369207238,3.823529411764706,Chain-GBR-RR-EPSI(0.09)
840,LR-REAL-Political,0.6156862745098041,1.2215341508749376,3.6470588235294117,Chain-GBR-RR-EPSI(0.09)
841,LR-REAL-Political,0.6431372549019608,1.2288264365084283,3.588235294117647,Chain-GBR-RR-EPSI(0.09)
842,LR-REAL-Political,0.5607843137254903,1.2296666437413748,3.764705882352941,Chain-GBR-RR-EPSI(0.09)
843,LR-REAL-Political,0.6313725490196078,1.2348392438227103,3.6470588235294117,Chain-GBR-RR-EPSI(0.09)
844,LR-REAL-Political,0.6470588235294118,1.2311336053254514,3.5294117647058822,Chain-GBR-RR-EPSI(0.09)
845,LR-REAL-Political,0.6196078431372549,1.2155278631641193,3.764705882352941,Chain-GBR-RR-EPSI(0.09)
846,LR-REAL-Political,0.6470588235294118,1.214774575211221,3.7058823529411766,Chain-GBR-RR-EPSI(0.09)
847,LR-REAL-Political,0.5490196078431372,1.2156909797237794,3.5294117647058822,Chain-GBR-RR-EPSI(0.09)
848,LR-REAL-Political,0.6235294117647059,1.217309375434787,3.4705882352941178,Chain-GBR-RR-EPSI(0.09)
849,LR-REAL-Political,0.7294117647058824,1.2187148560598207,3.411764705882353,Chain-GBR-RR-EPSI(0.09)
850,LR-REAL-Political,0.49411764705882355,1.2489003023082081,2.6470588235294117,Chain-GBR-RR-EPSI(0.12)
851,LR-REAL-Political,0.44705882352941173,1.2392746189231345,2.8823529411764706,Chain-GBR-RR-EPSI(0.12)
852,LR-REAL-Political,0.4980392156862745,1.2583779151139465,2.7058823529411766,Chain-GBR-RR-EPSI(0.12)
853,LR-REAL-Political,0.4980392156862744,1.2239056912390103,2.8823529411764706,Chain-GBR-RR-EPSI(0.12)
854,LR-REAL-Political,0.5294117647058822,1.2334700142304575,2.9411764705882355,Chain-GBR-RR-EPSI(0.12)
855,LR-REAL-Political,0.5607843137254902,1.2322857350060619,2.823529411764706,Chain-GBR-RR-EPSI(0.12)
856,LR-REAL-Political,0.584313725490196,1.2343407977773968,3.0588235294117645,Chain-GBR-RR-EPSI(0.12)
857,LR-REAL-Political,0.5019607843137255,1.2655782529062556,2.6470588235294117,Chain-GBR-RR-EPSI(0.12)
858,LR-REAL-Political,0.5294117647058824,1.2401104286916387,2.7058823529411766,Chain-GBR-RR-EPSI(0.12)
859,LR-REAL-Political,0.4980392156862745,1.263020516711782,2.6470588235294117,Chain-GBR-RR-EPSI(0.12)
860,LR-REAL-Political,0.6196078431372549,1.2735105614970743,3.0,Chain-GBR-RR-EPSI(0.12)
861,LR-REAL-Political,0.5647058823529411,1.243202886477119,2.764705882352941,Chain-GBR-RR-EPSI(0.12)
862,LR-REAL-Political,0.5529411764705883,1.247623993937949,2.8823529411764706,Chain-GBR-RR-EPSI(0.12)
863,LR-REAL-Political,0.5254901960784314,1.2450202814426505,2.764705882352941,Chain-GBR-RR-EPSI(0.12)
864,LR-REAL-Political,0.5215686274509803,1.219943364791115,2.764705882352941,Chain-GBR-RR-EPSI(0.12)
865,LR-REAL-Political,0.4745098039215686,1.247979387285394,2.7058823529411766,Chain-GBR-RR-EPSI(0.12)
866,LR-REAL-Political,0.5176470588235293,1.2370869362882666,2.5294117647058822,Chain-GBR-RR-EPSI(0.12)
867,LR-REAL-Political,0.5058823529411764,1.2691271248742546,2.7058823529411766,Chain-GBR-RR-EPSI(0.12)
868,LR-REAL-Political,0.5098039215686274,1.248034869689988,2.7058823529411766,Chain-GBR-RR-EPSI(0.12)
869,LR-REAL-Political,0.4745098039215686,1.2689329799060445,2.823529411764706,Chain-GBR-RR-EPSI(0.12)
870,LR-REAL-Political,0.5607843137254903,1.2541174049784798,3.0,Chain-GBR-RR-EPSI(0.12)
871,LR-REAL-Political,0.5647058823529412,1.242545182460872,2.8823529411764706,Chain-GBR-RR-EPSI(0.12)
872,LR-REAL-Political,0.4980392156862744,1.237965596216805,2.9411764705882355,Chain-GBR-RR-EPSI(0.12)
873,LR-REAL-Political,0.584313725490196,1.2282205846738243,2.764705882352941,Chain-GBR-RR-EPSI(0.12)
874,LR-REAL-Political,0.5019607843137255,1.2316342370744457,2.764705882352941,Chain-GBR-RR-EPSI(0.12)
875,LR-REAL-Political,0.5254901960784315,1.2305688862699546,2.588235294117647,Chain-GBR-RR-EPSI(0.12)
876,LR-REAL-Political,0.4549019607843137,1.2297247381915664,2.823529411764706,Chain-GBR-RR-EPSI(0.12)
877,LR-REAL-Political,0.5725490196078431,1.2365316732659875,2.7058823529411766,Chain-GBR-RR-EPSI(0.12)
878,LR-REAL-Political,0.5098039215686274,1.2131044445827952,2.823529411764706,Chain-GBR-RR-EPSI(0.12)
879,LR-REAL-Political,0.4901960784313726,1.224338617539449,2.823529411764706,Chain-GBR-RR-EPSI(0.12)
880,LR-REAL-Political,0.5137254901960784,1.2177419073340938,2.9411764705882355,Chain-GBR-RR-EPSI(0.12)
881,LR-REAL-Political,0.4156862745098039,1.2236298357842872,2.823529411764706,Chain-GBR-RR-EPSI(0.12)
882,LR-REAL-Political,0.607843137254902,1.2245641073350624,2.9411764705882355,Chain-GBR-RR-EPSI(0.12)
883,LR-REAL-Political,0.5098039215686275,1.2217953461009918,2.588235294117647,Chain-GBR-RR-EPSI(0.12)
884,LR-REAL-Political,0.5058823529411764,1.217946510206712,2.764705882352941,Chain-GBR-RR-EPSI(0.12)
885,LR-REAL-Political,0.5254901960784314,1.2298272511818964,2.7058823529411766,Chain-GBR-RR-EPSI(0.12)
886,LR-REAL-Political,0.5176470588235295,1.2271385844550156,2.7058823529411766,Chain-GBR-RR-EPSI(0.12)
887,LR-REAL-Political,0.4784313725490196,1.226924399802054,2.5294117647058822,Chain-GBR-RR-EPSI(0.12)
888,LR-REAL-Political,0.5568627450980392,1.239923182066115,2.823529411764706,Chain-GBR-RR-EPSI(0.12)
889,LR-REAL-Political,0.5215686274509804,1.220145870425451,2.9411764705882355,Chain-GBR-RR-EPSI(0.12)
890,LR-REAL-Political,0.5411764705882353,1.2206003534924155,2.764705882352941,Chain-GBR-RR-EPSI(0.12)
891,LR-REAL-Political,0.5294117647058824,1.226225096619096,2.6470588235294117,Chain-GBR-RR-EPSI(0.12)
892,LR-REAL-Political,0.388235294117647,1.2312888568650362,2.6470588235294117,Chain-GBR-RR-EPSI(0.12)
893,LR-REAL-Political,0.5568627450980392,1.234724157256147,3.1176470588235294,Chain-GBR-RR-EPSI(0.12)
894,LR-REAL-Political,0.5490196078431372,1.23322012224709,2.7058823529411766,Chain-GBR-RR-EPSI(0.12)
895,LR-REAL-Political,0.5176470588235295,1.2132594661912504,2.764705882352941,Chain-GBR-RR-EPSI(0.12)
896,LR-REAL-Political,0.4666666666666666,1.2158510204251938,2.6470588235294117,Chain-GBR-RR-EPSI(0.12)
897,LR-REAL-Political,0.44705882352941173,1.2197351230140736,2.6470588235294117,Chain-GBR-RR-EPSI(0.12)
898,LR-REAL-Political,0.5450980392156862,1.2217921758682475,2.6470588235294117,Chain-GBR-RR-EPSI(0.12)
899,LR-REAL-Political,0.5725490196078432,1.2200999871823595,2.7058823529411766,Chain-GBR-RR-EPSI(0.12)
900,LR-REAL-Political,0.36078431372549025,1.246853208724913,2.0,Chain-GBR-RR-EPSI(0.14)
901,LR-REAL-Political,0.392156862745098,1.2457254356504828,2.411764705882353,Chain-GBR-RR-EPSI(0.14)
902,LR-REAL-Political,0.39215686274509803,1.2638602960163154,2.235294117647059,Chain-GBR-RR-EPSI(0.14)
903,LR-REAL-Political,0.4666666666666666,1.222922142735527,2.3529411764705883,Chain-GBR-RR-EPSI(0.14)
904,LR-REAL-Political,0.39607843137254894,1.2355233589404433,2.3529411764705883,Chain-GBR-RR-EPSI(0.14)
905,LR-REAL-Political,0.45490196078431366,1.231103447298449,2.411764705882353,Chain-GBR-RR-EPSI(0.14)
906,LR-REAL-Political,0.4705882352941176,1.2289718893531307,2.2941176470588234,Chain-GBR-RR-EPSI(0.14)
907,LR-REAL-Political,0.3803921568627451,1.2612215249294223,2.1176470588235294,Chain-GBR-RR-EPSI(0.14)
908,LR-REAL-Political,0.40784313725490196,1.2268214909048534,2.176470588235294,Chain-GBR-RR-EPSI(0.14)
909,LR-REAL-Political,0.3372549019607843,1.2512653268439626,2.0588235294117645,Chain-GBR-RR-EPSI(0.14)
910,LR-REAL-Political,0.5098039215686274,1.2499696694359999,2.5294117647058822,Chain-GBR-RR-EPSI(0.14)
911,LR-REAL-Political,0.5294117647058822,1.2451167719971206,2.5294117647058822,Chain-GBR-RR-EPSI(0.14)
912,LR-REAL-Political,0.43921568627450974,1.2490344647300284,2.3529411764705883,Chain-GBR-RR-EPSI(0.14)
913,LR-REAL-Political,0.3686274509803922,1.232610085484586,2.176470588235294,Chain-GBR-RR-EPSI(0.14)
914,LR-REAL-Political,0.3999999999999999,1.2208139937598008,2.0588235294117645,Chain-GBR-RR-EPSI(0.14)
915,LR-REAL-Political,0.40392156862745093,1.251185474178929,2.2941176470588234,Chain-GBR-RR-EPSI(0.14)
916,LR-REAL-Political,0.4196078431372548,1.2381364248073357,2.1176470588235294,Chain-GBR-RR-EPSI(0.14)
917,LR-REAL-Political,0.4352941176470588,1.2464486359685212,2.3529411764705883,Chain-GBR-RR-EPSI(0.14)
918,LR-REAL-Political,0.4313725490196078,1.252652271358885,2.411764705882353,Chain-GBR-RR-EPSI(0.14)
919,LR-REAL-Political,0.3647058823529412,1.2532301324754977,2.176470588235294,Chain-GBR-RR-EPSI(0.14)
920,LR-REAL-Political,0.4470588235294118,1.2594230969831057,2.3529411764705883,Chain-GBR-RR-EPSI(0.14)
921,LR-REAL-Political,0.4313725490196078,1.2394322177910164,2.2941176470588234,Chain-GBR-RR-EPSI(0.14)
922,LR-REAL-Political,0.396078431372549,1.2642944890033767,2.235294117647059,Chain-GBR-RR-EPSI(0.14)
923,LR-REAL-Political,0.43921568627450974,1.2241177066228117,2.235294117647059,Chain-GBR-RR-EPSI(0.14)
924,LR-REAL-Political,0.49411764705882355,1.2306424960583777,2.411764705882353,Chain-GBR-RR-EPSI(0.14)
925,LR-REAL-Political,0.4666666666666666,1.23166424940048,2.2941176470588234,Chain-GBR-RR-EPSI(0.14)
926,LR-REAL-Political,0.38431372549019605,1.2303072902923045,2.235294117647059,Chain-GBR-RR-EPSI(0.14)
927,LR-REAL-Political,0.3686274509803922,1.2375029722663318,1.8823529411764706,Chain-GBR-RR-EPSI(0.14)
928,LR-REAL-Political,0.392156862745098,1.2146059015005637,2.176470588235294,Chain-GBR-RR-EPSI(0.14)
929,LR-REAL-Political,0.40784313725490184,1.2306166026431682,2.2941176470588234,Chain-GBR-RR-EPSI(0.14)
930,LR-REAL-Political,0.4156862745098039,1.2204508860335226,2.235294117647059,Chain-GBR-RR-EPSI(0.14)
931,LR-REAL-Political,0.3176470588235294,1.223705729118118,2.235294117647059,Chain-GBR-RR-EPSI(0.14)
932,LR-REAL-Political,0.5176470588235295,1.2248388167486446,2.411764705882353,Chain-GBR-RR-EPSI(0.14)
933,LR-REAL-Political,0.3686274509803921,1.2174351898503923,2.0,Chain-GBR-RR-EPSI(0.14)
934,LR-REAL-Political,0.41960784313725485,1.2223901333365834,2.2941176470588234,Chain-GBR-RR-EPSI(0.14)
935,LR-REAL-Political,0.42745098039215684,1.2286876935493005,2.176470588235294,Chain-GBR-RR-EPSI(0.14)
936,LR-REAL-Political,0.3294117647058824,1.2264836648188995,1.9411764705882353,Chain-GBR-RR-EPSI(0.14)
937,LR-REAL-Political,0.3568627450980392,1.2242531014816118,2.1176470588235294,Chain-GBR-RR-EPSI(0.14)
938,LR-REAL-Political,0.4274509803921568,1.2409581839446253,2.2941176470588234,Chain-GBR-RR-EPSI(0.14)
939,LR-REAL-Political,0.42745098039215684,1.2207177290996523,2.4705882352941178,Chain-GBR-RR-EPSI(0.14)
940,LR-REAL-Political,0.4666666666666667,1.2199332502691635,2.4705882352941178,Chain-GBR-RR-EPSI(0.14)
941,LR-REAL-Political,0.4705882352941176,1.2225907395030373,2.3529411764705883,Chain-GBR-RR-EPSI(0.14)
942,LR-REAL-Political,0.2980392156862745,1.231092102859679,2.2941176470588234,Chain-GBR-RR-EPSI(0.14)
943,LR-REAL-Political,0.4392156862745098,1.2290139324823492,2.3529411764705883,Chain-GBR-RR-EPSI(0.14)
944,LR-REAL-Political,0.4666666666666666,1.2351655296053103,2.2941176470588234,Chain-GBR-RR-EPSI(0.14)
945,LR-REAL-Political,0.41960784313725485,1.2137062717219274,2.235294117647059,Chain-GBR-RR-EPSI(0.14)
946,LR-REAL-Political,0.40784313725490196,1.2172423828420016,2.2941176470588234,Chain-GBR-RR-EPSI(0.14)
947,LR-REAL-Political,0.37254901960784315,1.219276078554555,2.235294117647059,Chain-GBR-RR-EPSI(0.14)
948,LR-REAL-Political,0.5058823529411764,1.2211910760292604,2.3529411764705883,Chain-GBR-RR-EPSI(0.14)
949,LR-REAL-Political,0.4431372549019607,1.2220795294981224,2.235294117647059,Chain-GBR-RR-EPSI(0.14)
950,LR-REAL-Political,0.30980392156862746,1.2851668958165035,1.7647058823529411,Chain-GBR-RR-EPSI(0.16)
951,LR-REAL-Political,0.2901960784313725,1.2437728610765213,2.0,Chain-GBR-RR-EPSI(0.16)
952,LR-REAL-Political,0.22745098039215686,1.2518002662982963,1.7647058823529411,Chain-GBR-RR-EPSI(0.16)
953,LR-REAL-Political,0.4117647058823529,1.2396967019018945,2.1176470588235294,Chain-GBR-RR-EPSI(0.16)
954,LR-REAL-Political,0.23529411764705882,1.2260193256074865,1.8235294117647058,Chain-GBR-RR-EPSI(0.16)
955,LR-REAL-Political,0.37254901960784315,1.2287484150860064,2.1176470588235294,Chain-GBR-RR-EPSI(0.16)
956,LR-REAL-Political,0.32156862745098036,1.233955272329566,1.8823529411764706,Chain-GBR-RR-EPSI(0.16)
957,LR-REAL-Political,0.2980392156862745,1.2557813989509379,1.8235294117647058,Chain-GBR-RR-EPSI(0.16)
958,LR-REAL-Political,0.30980392156862746,1.228584984654457,1.8235294117647058,Chain-GBR-RR-EPSI(0.16)
959,LR-REAL-Political,0.2941176470588235,1.266027293170618,1.8823529411764706,Chain-GBR-RR-EPSI(0.16)
960,LR-REAL-Political,0.3215686274509804,1.257457177992967,1.8235294117647058,Chain-GBR-RR-EPSI(0.16)
961,LR-REAL-Political,0.3333333333333333,1.2522279598395956,1.8823529411764706,Chain-GBR-RR-EPSI(0.16)
962,LR-REAL-Political,0.2745098039215686,1.2463931049965502,1.7058823529411764,Chain-GBR-RR-EPSI(0.16)
963,LR-REAL-Political,0.2901960784313726,1.2286246547774413,1.7647058823529411,Chain-GBR-RR-EPSI(0.16)
964,LR-REAL-Political,0.3372549019607843,1.2233775196773737,1.8235294117647058,Chain-GBR-RR-EPSI(0.16)
965,LR-REAL-Political,0.25490196078431376,1.24894096953782,1.8823529411764706,Chain-GBR-RR-EPSI(0.16)
966,LR-REAL-Political,0.30196078431372547,1.2452585988991633,1.7647058823529411,Chain-GBR-RR-EPSI(0.16)
967,LR-REAL-Political,0.3254901960784313,1.2493272051094397,2.0,Chain-GBR-RR-EPSI(0.16)
968,LR-REAL-Political,0.3294117647058824,1.2376473391937761,1.9411764705882353,Chain-GBR-RR-EPSI(0.16)
969,LR-REAL-Political,0.30588235294117644,1.2435661180437305,1.8823529411764706,Chain-GBR-RR-EPSI(0.16)
970,LR-REAL-Political,0.3215686274509804,1.2378327778992542,1.8823529411764706,Chain-GBR-RR-EPSI(0.16)
971,LR-REAL-Political,0.32156862745098036,1.2474607963078153,1.8823529411764706,Chain-GBR-RR-EPSI(0.16)
972,LR-REAL-Political,0.2784313725490196,1.2763357308180925,1.8235294117647058,Chain-GBR-RR-EPSI(0.16)
973,LR-REAL-Political,0.36470588235294116,1.222604548637804,2.0,Chain-GBR-RR-EPSI(0.16)
974,LR-REAL-Political,0.36470588235294116,1.2332236799690581,1.9411764705882353,Chain-GBR-RR-EPSI(0.16)
975,LR-REAL-Political,0.2823529411764706,1.2321987981717275,1.8235294117647058,Chain-GBR-RR-EPSI(0.16)
976,LR-REAL-Political,0.25098039215686274,1.2275015522544974,1.7647058823529411,Chain-GBR-RR-EPSI(0.16)
977,LR-REAL-Political,0.21960784313725493,1.2290945894888248,1.5294117647058822,Chain-GBR-RR-EPSI(0.16)
978,LR-REAL-Political,0.33725490196078434,1.2155198151012112,1.9411764705882353,Chain-GBR-RR-EPSI(0.16)
979,LR-REAL-Political,0.33333333333333337,1.2388529811443325,2.0,Chain-GBR-RR-EPSI(0.16)
980,LR-REAL-Political,0.2666666666666666,1.2195833265621208,1.8235294117647058,Chain-GBR-RR-EPSI(0.16)
981,LR-REAL-Political,0.22745098039215686,1.2260125242303574,1.8235294117647058,Chain-GBR-RR-EPSI(0.16)
982,LR-REAL-Political,0.3607843137254902,1.2282021369685032,1.8823529411764706,Chain-GBR-RR-EPSI(0.16)
983,LR-REAL-Political,0.30980392156862746,1.217410107567795,1.8235294117647058,Chain-GBR-RR-EPSI(0.16)
984,LR-REAL-Political,0.2980392156862745,1.223651285709454,1.9411764705882353,Chain-GBR-RR-EPSI(0.16)
985,LR-REAL-Political,0.30196078431372547,1.2285647625034135,1.7647058823529411,Chain-GBR-RR-EPSI(0.16)
986,LR-REAL-Political,0.24705882352941172,1.227940116802842,1.6470588235294117,Chain-GBR-RR-EPSI(0.16)
987,LR-REAL-Political,0.30588235294117644,1.224296825015318,1.8823529411764706,Chain-GBR-RR-EPSI(0.16)
988,LR-REAL-Political,0.22352941176470587,1.2307229407713054,1.7058823529411764,Chain-GBR-RR-EPSI(0.16)
989,LR-REAL-Political,0.19607843137254902,1.220459007267762,1.7647058823529411,Chain-GBR-RR-EPSI(0.16)
990,LR-REAL-Political,0.30588235294117644,1.2180421639027696,1.9411764705882353,Chain-GBR-RR-EPSI(0.16)
991,LR-REAL-Political,0.35294117647058826,1.2221984409887674,2.0,Chain-GBR-RR-EPSI(0.16)
992,LR-REAL-Political,0.21176470588235294,1.2289272048743578,1.8235294117647058,Chain-GBR-RR-EPSI(0.16)
993,LR-REAL-Political,0.2980392156862745,1.2474159442844006,1.9411764705882353,Chain-GBR-RR-EPSI(0.16)
994,LR-REAL-Political,0.30980392156862746,1.224609177268467,1.8235294117647058,Chain-GBR-RR-EPSI(0.16)
995,LR-REAL-Political,0.28627450980392155,1.215608060839514,1.7647058823529411,Chain-GBR-RR-EPSI(0.16)
996,LR-REAL-Political,0.3333333333333333,1.216341885371818,2.0,Chain-GBR-RR-EPSI(0.16)
997,LR-REAL-Political,0.3254901960784314,1.218991196894515,1.8823529411764706,Chain-GBR-RR-EPSI(0.16)
998,LR-REAL-Political,0.37254901960784315,1.2198643408048078,1.9411764705882353,Chain-GBR-RR-EPSI(0.16)
999,LR-REAL-Political,0.32941176470588235,1.2242089054792715,1.9411764705882353,Chain-GBR-RR-EPSI(0.16)
1000,LR-REAL-Political,0.22352941176470587,1.2474898787832776,1.4705882352941178,Chain-GBR-RR-EPSI(0.18)
1001,LR-REAL-Political,0.17254901960784313,1.2450025584244149,1.6470588235294117,Chain-GBR-RR-EPSI(0.18)
1002,LR-REAL-Political,0.14901960784313728,1.294235221846512,1.5294117647058822,Chain-GBR-RR-EPSI(0.18)
1003,LR-REAL-Political,0.19607843137254902,1.2165926931128044,1.5294117647058822,Chain-GBR-RR-EPSI(0.18)
1004,LR-REAL-Political,0.15294117647058825,1.2265328286767352,1.5294117647058822,Chain-GBR-RR-EPSI(0.18)
1005,LR-REAL-Political,0.29411764705882354,1.2277176623886388,1.8823529411764706,Chain-GBR-RR-EPSI(0.18)
1006,LR-REAL-Political,0.2235294117647059,1.236072484474702,1.588235294117647,Chain-GBR-RR-EPSI(0.18)
1007,LR-REAL-Political,0.19215686274509802,1.2368231339089073,1.5294117647058822,Chain-GBR-RR-EPSI(0.18)
1008,LR-REAL-Political,0.2784313725490196,1.2496702832244866,1.6470588235294117,Chain-GBR-RR-EPSI(0.18)
1009,LR-REAL-Political,0.12941176470588237,1.2486336914971163,1.411764705882353,Chain-GBR-RR-EPSI(0.18)
1010,LR-REAL-Political,0.19607843137254902,1.2631998978997723,1.5294117647058822,Chain-GBR-RR-EPSI(0.18)
1011,LR-REAL-Political,0.3058823529411765,1.2446251038934357,1.7647058823529411,Chain-GBR-RR-EPSI(0.18)
1012,LR-REAL-Political,0.19999999999999998,1.2502422194940086,1.5294117647058822,Chain-GBR-RR-EPSI(0.18)
1013,LR-REAL-Political,0.1803921568627451,1.2336065867277348,1.4705882352941178,Chain-GBR-RR-EPSI(0.18)
1014,LR-REAL-Political,0.2745098039215686,1.2165995467685689,1.6470588235294117,Chain-GBR-RR-EPSI(0.18)
1015,LR-REAL-Political,0.17647058823529413,1.2416327882878369,1.588235294117647,Chain-GBR-RR-EPSI(0.18)
1016,LR-REAL-Political,0.2627450980392157,1.242189591034143,1.6470588235294117,Chain-GBR-RR-EPSI(0.18)
1017,LR-REAL-Political,0.16078431372549024,1.2544609069339334,1.588235294117647,Chain-GBR-RR-EPSI(0.18)
1018,LR-REAL-Political,0.24705882352941178,1.2449811977098701,1.7058823529411764,Chain-GBR-RR-EPSI(0.18)
1019,LR-REAL-Political,0.17647058823529416,1.2619444882111444,1.4705882352941178,Chain-GBR-RR-EPSI(0.18)
1020,LR-REAL-Political,0.19215686274509802,1.237237033861106,1.5294117647058822,Chain-GBR-RR-EPSI(0.18)
1021,LR-REAL-Political,0.23137254901960783,1.2435050805276244,1.588235294117647,Chain-GBR-RR-EPSI(0.18)
1022,LR-REAL-Political,0.16862745098039214,1.2547012438947711,1.4705882352941178,Chain-GBR-RR-EPSI(0.18)
1023,LR-REAL-Political,0.27058823529411763,1.2225438213301476,1.7058823529411764,Chain-GBR-RR-EPSI(0.18)
1024,LR-REAL-Political,0.2823529411764706,1.233321514811694,1.7058823529411764,Chain-GBR-RR-EPSI(0.18)
1025,LR-REAL-Political,0.17647058823529416,1.233831244377609,1.5294117647058822,Chain-GBR-RR-EPSI(0.18)
1026,LR-REAL-Political,0.14901960784313725,1.2329762650696952,1.3529411764705883,Chain-GBR-RR-EPSI(0.18)
1027,LR-REAL-Political,0.21960784313725493,1.2250526350771782,1.5294117647058822,Chain-GBR-RR-EPSI(0.18)
1028,LR-REAL-Political,0.1843137254901961,1.2149890179576839,1.5294117647058822,Chain-GBR-RR-EPSI(0.18)
1029,LR-REAL-Political,0.1843137254901961,1.2326369279318272,1.5294117647058822,Chain-GBR-RR-EPSI(0.18)
1030,LR-REAL-Political,0.16862745098039217,1.2208017343746718,1.4705882352941178,Chain-GBR-RR-EPSI(0.18)
1031,LR-REAL-Political,0.18823529411764706,1.224007314393514,1.588235294117647,Chain-GBR-RR-EPSI(0.18)
1032,LR-REAL-Political,0.20784313725490197,1.2260870915766005,1.4705882352941178,Chain-GBR-RR-EPSI(0.18)
1033,LR-REAL-Political,0.23529411764705882,1.2185290286063197,1.6470588235294117,Chain-GBR-RR-EPSI(0.18)
1034,LR-REAL-Political,0.24313725490196075,1.220789489361256,1.7647058823529411,Chain-GBR-RR-EPSI(0.18)
1035,LR-REAL-Political,0.20392156862745098,1.2294836843164745,1.4705882352941178,Chain-GBR-RR-EPSI(0.18)
1036,LR-REAL-Political,0.1843137254901961,1.2267108094093593,1.411764705882353,Chain-GBR-RR-EPSI(0.18)
1037,LR-REAL-Political,0.196078431372549,1.2208966044636624,1.588235294117647,Chain-GBR-RR-EPSI(0.18)
1038,LR-REAL-Political,0.1843137254901961,1.2227656978912695,1.588235294117647,Chain-GBR-RR-EPSI(0.18)
1039,LR-REAL-Political,0.17254901960784313,1.2203892933833553,1.5294117647058822,Chain-GBR-RR-EPSI(0.18)
1040,LR-REAL-Political,0.2392156862745098,1.2190867273675476,1.7058823529411764,Chain-GBR-RR-EPSI(0.18)
1041,LR-REAL-Political,0.21176470588235294,1.2210098163621073,1.5294117647058822,Chain-GBR-RR-EPSI(0.18)
1042,LR-REAL-Political,0.15686274509803924,1.2273601820444913,1.6470588235294117,Chain-GBR-RR-EPSI(0.18)
1043,LR-REAL-Political,0.19215686274509802,1.2302067046197753,1.5294117647058822,Chain-GBR-RR-EPSI(0.18)
1044,LR-REAL-Political,0.25098039215686274,1.224012814782021,1.6470588235294117,Chain-GBR-RR-EPSI(0.18)
1045,LR-REAL-Political,0.23529411764705882,1.218979996061097,1.588235294117647,Chain-GBR-RR-EPSI(0.18)
1046,LR-REAL-Political,0.21960784313725493,1.2155066188903612,1.6470588235294117,Chain-GBR-RR-EPSI(0.18)
1047,LR-REAL-Political,0.17254901960784316,1.2174375456267963,1.4705882352941178,Chain-GBR-RR-EPSI(0.18)
1048,LR-REAL-Political,0.3058823529411765,1.218788964003268,1.7647058823529411,Chain-GBR-RR-EPSI(0.18)
1049,LR-REAL-Political,0.16078431372549024,1.2230972954771944,1.411764705882353,Chain-GBR-RR-EPSI(0.18)
1050,LR-REAL-Political,0.08627450980392157,1.2484556332424295,1.1764705882352942,Chain-GBR-RR-EPSI(0.2)
1051,LR-REAL-Political,0.11764705882352941,1.2544128818290803,1.411764705882353,Chain-GBR-RR-EPSI(0.2)
1052,LR-REAL-Political,0.08235294117647059,1.2806196144841577,1.2941176470588236,Chain-GBR-RR-EPSI(0.2)
1053,LR-REAL-Political,0.13333333333333333,1.2143529693307835,1.3529411764705883,Chain-GBR-RR-EPSI(0.2)
1054,LR-REAL-Political,0.09019607843137255,1.2282684362529495,1.2941176470588236,Chain-GBR-RR-EPSI(0.2)
1055,LR-REAL-Political,0.1803921568627451,1.2348819062294174,1.5294117647058822,Chain-GBR-RR-EPSI(0.2)
1056,LR-REAL-Political,0.10196078431372549,1.2421489415692126,1.2941176470588236,Chain-GBR-RR-EPSI(0.2)
1057,LR-REAL-Political,0.11764705882352941,1.2348220478171097,1.2941176470588236,Chain-GBR-RR-EPSI(0.2)
1058,LR-REAL-Political,0.18823529411764706,1.2473526696984443,1.3529411764705883,Chain-GBR-RR-EPSI(0.2)
1059,LR-REAL-Political,0.11372549019607843,1.251648202949015,1.2941176470588236,Chain-GBR-RR-EPSI(0.2)
1060,LR-REAL-Political,0.15686274509803924,1.2483047545773898,1.411764705882353,Chain-GBR-RR-EPSI(0.2)
1061,LR-REAL-Political,0.19215686274509802,1.2438448018276913,1.411764705882353,Chain-GBR-RR-EPSI(0.2)
1062,LR-REAL-Political,0.06274509803921569,1.2564693959775968,1.1764705882352942,Chain-GBR-RR-EPSI(0.2)
1063,LR-REAL-Political,0.08235294117647059,1.2401411580926176,1.2352941176470589,Chain-GBR-RR-EPSI(0.2)
1064,LR-REAL-Political,0.12941176470588237,1.219146338919707,1.2941176470588236,Chain-GBR-RR-EPSI(0.2)
1065,LR-REAL-Political,0.10196078431372549,1.2370595101983992,1.3529411764705883,Chain-GBR-RR-EPSI(0.2)
1066,LR-REAL-Political,0.19215686274509805,1.2394608717537146,1.4705882352941178,Chain-GBR-RR-EPSI(0.2)
1067,LR-REAL-Political,0.0392156862745098,1.2428939133251182,1.1764705882352942,Chain-GBR-RR-EPSI(0.2)
1068,LR-REAL-Political,0.18823529411764706,1.2452386336843428,1.5294117647058822,Chain-GBR-RR-EPSI(0.2)
1069,LR-REAL-Political,0.10588235294117647,1.2504173572987354,1.2941176470588236,Chain-GBR-RR-EPSI(0.2)
1070,LR-REAL-Political,0.14117647058823532,1.240488537704924,1.3529411764705883,Chain-GBR-RR-EPSI(0.2)
1071,LR-REAL-Political,0.12549019607843137,1.2897371347404611,1.3529411764705883,Chain-GBR-RR-EPSI(0.2)
1072,LR-REAL-Political,0.12549019607843137,1.2404253440922643,1.3529411764705883,Chain-GBR-RR-EPSI(0.2)
1073,LR-REAL-Political,0.10980392156862745,1.2243680179978862,1.2352941176470589,Chain-GBR-RR-EPSI(0.2)
1074,LR-REAL-Political,0.22745098039215686,1.2326430988958113,1.4705882352941178,Chain-GBR-RR-EPSI(0.2)
1075,LR-REAL-Political,0.11372549019607843,1.2306491954131273,1.3529411764705883,Chain-GBR-RR-EPSI(0.2)
1076,LR-REAL-Political,0.09411764705882353,1.233461321392804,1.2352941176470589,Chain-GBR-RR-EPSI(0.2)
1077,LR-REAL-Political,0.12549019607843137,1.2262026006708011,1.2941176470588236,Chain-GBR-RR-EPSI(0.2)
1078,LR-REAL-Political,0.14901960784313725,1.2182023647428053,1.411764705882353,Chain-GBR-RR-EPSI(0.2)
1079,LR-REAL-Political,0.09411764705882353,1.2353107973391482,1.2941176470588236,Chain-GBR-RR-EPSI(0.2)
1080,LR-REAL-Political,0.10980392156862745,1.2204028053883431,1.2941176470588236,Chain-GBR-RR-EPSI(0.2)
1081,LR-REAL-Political,0.13333333333333333,1.2247915284574213,1.4705882352941178,Chain-GBR-RR-EPSI(0.2)
1082,LR-REAL-Political,0.1176470588235294,1.2236258281286188,1.2352941176470589,Chain-GBR-RR-EPSI(0.2)
1083,LR-REAL-Political,0.13333333333333333,1.2191862134162061,1.3529411764705883,Chain-GBR-RR-EPSI(0.2)
1084,LR-REAL-Political,0.13725490196078433,1.2219564850794344,1.3529411764705883,Chain-GBR-RR-EPSI(0.2)
1085,LR-REAL-Political,0.08627450980392158,1.2302128601421607,1.1764705882352942,Chain-GBR-RR-EPSI(0.2)
1086,LR-REAL-Political,0.08235294117647059,1.2250211428774918,1.1764705882352942,Chain-GBR-RR-EPSI(0.2)
1087,LR-REAL-Political,0.12941176470588237,1.2242499699442875,1.411764705882353,Chain-GBR-RR-EPSI(0.2)
1088,LR-REAL-Political,0.13725490196078433,1.225525474576704,1.411764705882353,Chain-GBR-RR-EPSI(0.2)
1089,LR-REAL-Political,0.10980392156862744,1.2213129919566843,1.3529411764705883,Chain-GBR-RR-EPSI(0.2)
1090,LR-REAL-Political,0.1176470588235294,1.2205757852893238,1.3529411764705883,Chain-GBR-RR-EPSI(0.2)
1091,LR-REAL-Political,0.17647058823529413,1.2218922735783528,1.411764705882353,Chain-GBR-RR-EPSI(0.2)
1092,LR-REAL-Political,0.0980392156862745,1.2285705476046238,1.3529411764705883,Chain-GBR-RR-EPSI(0.2)
1093,LR-REAL-Political,0.0784313725490196,1.227561577201253,1.2352941176470589,Chain-GBR-RR-EPSI(0.2)
1094,LR-REAL-Political,0.14901960784313725,1.2228638130790475,1.411764705882353,Chain-GBR-RR-EPSI(0.2)
1095,LR-REAL-Political,0.1607843137254902,1.2101354419281192,1.3529411764705883,Chain-GBR-RR-EPSI(0.2)
1096,LR-REAL-Political,0.11764705882352941,1.222028947666342,1.3529411764705883,Chain-GBR-RR-EPSI(0.2)
1097,LR-REAL-Political,0.09019607843137255,1.2177995317228452,1.2941176470588236,Chain-GBR-RR-EPSI(0.2)
1098,LR-REAL-Political,0.24705882352941172,1.2169505909315836,1.588235294117647,Chain-GBR-RR-EPSI(0.2)
1099,LR-REAL-Political,0.0392156862745098,1.2215833385813368,1.1176470588235294,Chain-GBR-RR-EPSI(0.2)
