,data,tau_x_score,prediction_time,buckets_per_rank,algo
0,PLR-REAL-Political,0.6157232704402514,1.5935847016121694,6.0,ST-GBR-EPSI(0.0)
1,PLR-REAL-Political,0.5654088050314465,0.8058673203437675,6.0,ST-GBR-EPSI(0.0)
2,PLR-REAL-Political,0.5974842767295597,0.9455387932284595,6.0,ST-GBR-EPSI(0.0)
3,PLR-REAL-Political,0.5765079365079365,0.9133437853378306,6.0,ST-GBR-EPSI(0.0)
4,PLR-REAL-Political,0.5993650793650794,0.8818195289741223,6.0,ST-GBR-EPSI(0.0)
5,PLR-REAL-Political,0.6050793650793651,1.029125361294986,6.0,ST-GBR-EPSI(0.0)
6,PLR-REAL-Political,0.6279365079365078,0.8811942154521035,6.0,ST-GBR-EPSI(0.0)
7,PLR-REAL-Political,0.5326984126984127,1.0212615282436421,6.0,ST-GBR-EPSI(0.0)
8,PLR-REAL-Political,0.6196825396825396,0.8525460910398153,6.0,ST-GBR-EPSI(0.0)
9,PLR-REAL-Political,0.5866666666666666,0.8474309210858466,6.0,ST-GBR-EPSI(0.0)
10,PLR-REAL-Political,0.5691823899371069,0.8476968268821327,6.0,ST-GBR-EPSI(0.0)
11,PLR-REAL-Political,0.580503144654088,0.8453335196636921,6.0,ST-GBR-EPSI(0.0)
12,PLR-REAL-Political,0.6232704402515722,0.8365309827821881,6.0,ST-GBR-EPSI(0.0)
13,PLR-REAL-Political,0.5987301587301588,0.9998877488405008,6.0,ST-GBR-EPSI(0.0)
14,PLR-REAL-Political,0.5961904761904762,0.8742768325251945,6.0,ST-GBR-EPSI(0.0)
15,PLR-REAL-Political,0.5828571428571429,0.8336365575265219,6.0,ST-GBR-EPSI(0.0)
16,PLR-REAL-Political,0.5866666666666666,0.9470487488895534,6.0,ST-GBR-EPSI(0.0)
17,PLR-REAL-Political,0.5885714285714285,0.8362349088088311,6.0,ST-GBR-EPSI(0.0)
18,PLR-REAL-Political,0.5930158730158731,0.8193884822469514,6.0,ST-GBR-EPSI(0.0)
19,PLR-REAL-Political,0.5746031746031746,0.8222065052607384,6.0,ST-GBR-EPSI(0.0)
20,PLR-REAL-Political,0.5849056603773586,0.8213203658943299,6.0,ST-GBR-EPSI(0.0)
21,PLR-REAL-Political,0.5893081761006289,0.8076453526900638,6.0,ST-GBR-EPSI(0.0)
22,PLR-REAL-Political,0.5981132075471698,0.8169161057801231,6.0,ST-GBR-EPSI(0.0)
23,PLR-REAL-Political,0.5415873015873015,0.8428941261230458,6.0,ST-GBR-EPSI(0.0)
24,PLR-REAL-Political,0.6228571428571429,0.9138495740316182,6.0,ST-GBR-EPSI(0.0)
25,PLR-REAL-Political,0.5853968253968254,0.827041854994905,6.0,ST-GBR-EPSI(0.0)
26,PLR-REAL-Political,0.6044444444444443,0.8931218187964226,6.0,ST-GBR-EPSI(0.0)
27,PLR-REAL-Political,0.6184126984126984,0.8576566189089103,6.0,ST-GBR-EPSI(0.0)
28,PLR-REAL-Political,0.5847619047619047,0.9002158472181739,6.0,ST-GBR-EPSI(0.0)
29,PLR-REAL-Political,0.5904761904761905,0.833079341710817,6.0,ST-GBR-EPSI(0.0)
30,PLR-REAL-Political,0.5685534591194967,0.8880629098363587,6.0,ST-GBR-EPSI(0.0)
31,PLR-REAL-Political,0.5867924528301887,0.8604333364570641,6.0,ST-GBR-EPSI(0.0)
32,PLR-REAL-Political,0.5880503144654088,0.8682714423764739,6.0,ST-GBR-EPSI(0.0)
33,PLR-REAL-Political,0.5834920634920635,0.8219939137461386,6.0,ST-GBR-EPSI(0.0)
34,PLR-REAL-Political,0.5739682539682539,0.8633020315430717,6.0,ST-GBR-EPSI(0.0)
35,PLR-REAL-Political,0.5765079365079364,0.8314773328707469,6.0,ST-GBR-EPSI(0.0)
36,PLR-REAL-Political,0.6057142857142855,0.8879179292450495,6.0,ST-GBR-EPSI(0.0)
37,PLR-REAL-Political,0.5898412698412697,0.8413092391265679,6.0,ST-GBR-EPSI(0.0)
38,PLR-REAL-Political,0.5853968253968254,0.892281794032872,6.0,ST-GBR-EPSI(0.0)
39,PLR-REAL-Political,0.6368253968253968,0.8467849349239376,6.0,ST-GBR-EPSI(0.0)
40,PLR-REAL-Political,0.60062893081761,0.8419735638995122,6.0,ST-GBR-EPSI(0.0)
41,PLR-REAL-Political,0.5716981132075472,0.8547921373615454,6.0,ST-GBR-EPSI(0.0)
42,PLR-REAL-Political,0.5685534591194968,0.8477130697253908,6.0,ST-GBR-EPSI(0.0)
43,PLR-REAL-Political,0.5822222222222222,0.858503831028583,6.0,ST-GBR-EPSI(0.0)
44,PLR-REAL-Political,0.5492063492063491,0.9026163884504111,6.0,ST-GBR-EPSI(0.0)
45,PLR-REAL-Political,0.5942857142857143,0.8379859697785488,6.0,ST-GBR-EPSI(0.0)
46,PLR-REAL-Political,0.5968253968253967,0.7948078465043908,6.0,ST-GBR-EPSI(0.0)
47,PLR-REAL-Political,0.6234920634920633,0.8517643449800054,6.0,ST-GBR-EPSI(0.0)
48,PLR-REAL-Political,0.5885714285714285,0.8866548583459392,6.0,ST-GBR-EPSI(0.0)
49,PLR-REAL-Political,0.5993650793650793,0.8511949460122813,6.0,ST-GBR-EPSI(0.0)
50,PLR-REAL-Political,0.6415094339622641,0.8439844085114598,5.584905660377358,ST-GBR-EPSI(0.01)
51,PLR-REAL-Political,0.6012578616352201,0.8378932342622051,5.386792452830188,ST-GBR-EPSI(0.01)
52,PLR-REAL-Political,0.6075471698113208,0.9960674679785703,5.547169811320755,ST-GBR-EPSI(0.01)
53,PLR-REAL-Political,0.5936507936507937,0.9342107260426924,5.533333333333333,ST-GBR-EPSI(0.01)
54,PLR-REAL-Political,0.6196825396825398,0.8374180450302048,5.504761904761905,ST-GBR-EPSI(0.01)
55,PLR-REAL-Political,0.6165079365079367,1.0058985276611236,5.533333333333333,ST-GBR-EPSI(0.01)
56,PLR-REAL-Political,0.6507936507936507,1.0147746951144045,5.504761904761905,ST-GBR-EPSI(0.01)
57,PLR-REAL-Political,0.5549206349206349,0.8803158243933792,5.419047619047619,ST-GBR-EPSI(0.01)
58,PLR-REAL-Political,0.6399999999999999,1.0027743217341323,5.476190476190476,ST-GBR-EPSI(0.01)
59,PLR-REAL-Political,0.6165079365079367,0.8334949948170082,5.466666666666667,ST-GBR-EPSI(0.01)
60,PLR-REAL-Political,0.5893081761006289,0.8328646937157657,5.547169811320755,ST-GBR-EPSI(0.01)
61,PLR-REAL-Political,0.6094339622641509,0.832163111329868,5.433962264150943,ST-GBR-EPSI(0.01)
62,PLR-REAL-Political,0.6484276729559748,0.8642716072619551,5.518867924528302,ST-GBR-EPSI(0.01)
63,PLR-REAL-Political,0.6146031746031746,0.8905464595747192,5.647619047619048,ST-GBR-EPSI(0.01)
64,PLR-REAL-Political,0.6158730158730158,0.794809882431575,5.561904761904762,ST-GBR-EPSI(0.01)
65,PLR-REAL-Political,0.6057142857142858,0.8335819607994135,5.4,ST-GBR-EPSI(0.01)
66,PLR-REAL-Political,0.606984126984127,0.8402244852593312,5.542857142857143,ST-GBR-EPSI(0.01)
67,PLR-REAL-Political,0.6133333333333334,0.9450939128695723,5.476190476190476,ST-GBR-EPSI(0.01)
68,PLR-REAL-Political,0.6196825396825398,0.8281245591504345,5.580952380952381,ST-GBR-EPSI(0.01)
69,PLR-REAL-Political,0.6038095238095239,0.8325886085244335,5.495238095238095,ST-GBR-EPSI(0.01)
70,PLR-REAL-Political,0.6132075471698112,0.8397501449762284,5.509433962264151,ST-GBR-EPSI(0.01)
71,PLR-REAL-Political,0.6245283018867923,0.8029865654193641,5.415094339622642,ST-GBR-EPSI(0.01)
72,PLR-REAL-Political,0.628930817610063,0.7752036060102016,5.4245283018867925,ST-GBR-EPSI(0.01)
73,PLR-REAL-Political,0.5587301587301586,0.8396931624141758,5.609523809523809,ST-GBR-EPSI(0.01)
74,PLR-REAL-Political,0.6565079365079366,0.8499831029890199,5.514285714285714,ST-GBR-EPSI(0.01)
75,PLR-REAL-Political,0.6044444444444443,0.8413758619075521,5.561904761904762,ST-GBR-EPSI(0.01)
76,PLR-REAL-Political,0.6222222222222223,0.847417490707715,5.685714285714286,ST-GBR-EPSI(0.01)
77,PLR-REAL-Political,0.633015873015873,0.8483062780973869,5.6,ST-GBR-EPSI(0.01)
78,PLR-REAL-Political,0.6101587301587301,0.8558604479155786,5.542857142857143,ST-GBR-EPSI(0.01)
79,PLR-REAL-Political,0.6171428571428572,0.8378000905180774,5.619047619047619,ST-GBR-EPSI(0.01)
80,PLR-REAL-Political,0.5849056603773585,0.8367370270220823,5.481132075471698,ST-GBR-EPSI(0.01)
81,PLR-REAL-Political,0.6106918238993709,0.851906769723168,5.556603773584905,ST-GBR-EPSI(0.01)
82,PLR-REAL-Political,0.6163522012578616,0.8444687962707957,5.490566037735849,ST-GBR-EPSI(0.01)
83,PLR-REAL-Political,0.6025396825396825,0.8255403102217721,5.561904761904762,ST-GBR-EPSI(0.01)
84,PLR-REAL-Political,0.5961904761904762,0.8468039579831692,5.428571428571429,ST-GBR-EPSI(0.01)
85,PLR-REAL-Political,0.5942857142857143,0.8530915262917917,5.580952380952381,ST-GBR-EPSI(0.01)
86,PLR-REAL-Political,0.6266666666666666,0.8355765594026415,5.542857142857143,ST-GBR-EPSI(0.01)
87,PLR-REAL-Political,0.6139682539682539,0.843240340601879,5.523809523809524,ST-GBR-EPSI(0.01)
88,PLR-REAL-Political,0.6146031746031746,0.8470537515428227,5.514285714285714,ST-GBR-EPSI(0.01)
89,PLR-REAL-Political,0.6571428571428573,0.8421617599987778,5.571428571428571,ST-GBR-EPSI(0.01)
90,PLR-REAL-Political,0.6333333333333333,0.8222613277911983,5.452830188679245,ST-GBR-EPSI(0.01)
91,PLR-REAL-Political,0.5899371069182389,0.8420721912668327,5.537735849056604,ST-GBR-EPSI(0.01)
92,PLR-REAL-Political,0.5893081761006289,0.8420565093028819,5.490566037735849,ST-GBR-EPSI(0.01)
93,PLR-REAL-Political,0.6057142857142858,0.822320498517943,5.514285714285714,ST-GBR-EPSI(0.01)
94,PLR-REAL-Political,0.5739682539682539,0.8340715127176076,5.523809523809524,ST-GBR-EPSI(0.01)
95,PLR-REAL-Political,0.6126984126984126,0.8252309560131625,5.542857142857143,ST-GBR-EPSI(0.01)
96,PLR-REAL-Political,0.620952380952381,0.8304997747651411,5.523809523809524,ST-GBR-EPSI(0.01)
97,PLR-REAL-Political,0.6444444444444444,0.8548276133906448,5.466666666666667,ST-GBR-EPSI(0.01)
98,PLR-REAL-Political,0.6196825396825398,0.8394030701175238,5.466666666666667,ST-GBR-EPSI(0.01)
99,PLR-REAL-Political,0.6273015873015874,1.0149792080654338,5.504761904761905,ST-GBR-EPSI(0.01)
100,PLR-REAL-Political,0.681132075471698,0.8514794863695195,4.735849056603773,ST-GBR-EPSI(0.03)
101,PLR-REAL-Political,0.650943396226415,0.8258037474075033,4.59433962264151,ST-GBR-EPSI(0.03)
102,PLR-REAL-Political,0.6509433962264151,0.9859115943853011,4.764150943396227,ST-GBR-EPSI(0.03)
103,PLR-REAL-Political,0.6419047619047619,0.9723008178573245,4.619047619047619,ST-GBR-EPSI(0.03)
104,PLR-REAL-Political,0.6546031746031746,0.7837667571591007,4.819047619047619,ST-GBR-EPSI(0.03)
105,PLR-REAL-Political,0.6546031746031747,0.8363138141726166,4.752380952380952,ST-GBR-EPSI(0.03)
106,PLR-REAL-Political,0.6876190476190475,0.8710100936705463,4.6761904761904765,ST-GBR-EPSI(0.03)
107,PLR-REAL-Political,0.6038095238095239,0.840580285156716,4.628571428571429,ST-GBR-EPSI(0.03)
108,PLR-REAL-Political,0.673015873015873,0.887795347194404,4.685714285714286,ST-GBR-EPSI(0.03)
109,PLR-REAL-Political,0.6660317460317461,0.8340672595850198,4.647619047619048,ST-GBR-EPSI(0.03)
110,PLR-REAL-Political,0.6389937106918239,1.0105545487129102,4.726415094339623,ST-GBR-EPSI(0.03)
111,PLR-REAL-Political,0.6547169811320755,0.839227354270671,4.60377358490566,ST-GBR-EPSI(0.03)
112,PLR-REAL-Political,0.6867924528301885,0.8344930603898821,4.754716981132075,ST-GBR-EPSI(0.03)
113,PLR-REAL-Political,0.653968253968254,0.9410943745385076,4.866666666666666,ST-GBR-EPSI(0.03)
114,PLR-REAL-Political,0.6603174603174603,0.9151580844078873,4.733333333333333,ST-GBR-EPSI(0.03)
115,PLR-REAL-Political,0.6558730158730158,0.9230992549937878,4.504761904761905,ST-GBR-EPSI(0.03)
116,PLR-REAL-Political,0.6507936507936509,0.8273751033852269,4.6761904761904765,ST-GBR-EPSI(0.03)
117,PLR-REAL-Political,0.6590476190476191,1.0071449018480767,4.6571428571428575,ST-GBR-EPSI(0.03)
118,PLR-REAL-Political,0.6660317460317461,0.807082919145156,4.819047619047619,ST-GBR-EPSI(0.03)
119,PLR-REAL-Political,0.6526984126984127,0.833487475439477,4.619047619047619,ST-GBR-EPSI(0.03)
120,PLR-REAL-Political,0.6584905660377358,0.8347157101486018,4.613207547169812,ST-GBR-EPSI(0.03)
121,PLR-REAL-Political,0.6597484276729562,0.8329649474819807,4.679245283018868,ST-GBR-EPSI(0.03)
122,PLR-REAL-Political,0.6710691823899372,0.7872912927925135,4.69811320754717,ST-GBR-EPSI(0.03)
123,PLR-REAL-Political,0.6114285714285713,0.8351658084561484,4.780952380952381,ST-GBR-EPSI(0.03)
124,PLR-REAL-Political,0.7009523809523809,0.8510207429150819,4.742857142857143,ST-GBR-EPSI(0.03)
125,PLR-REAL-Political,0.6647619047619048,0.846436681820945,4.523809523809524,ST-GBR-EPSI(0.03)
126,PLR-REAL-Political,0.653968253968254,0.8363005048261354,4.752380952380952,ST-GBR-EPSI(0.03)
127,PLR-REAL-Political,0.6546031746031746,0.8339937810345066,4.876190476190477,ST-GBR-EPSI(0.03)
128,PLR-REAL-Political,0.6431746031746032,0.8527750003397256,4.876190476190477,ST-GBR-EPSI(0.03)
129,PLR-REAL-Political,0.6577777777777778,0.8230032359106473,4.809523809523809,ST-GBR-EPSI(0.03)
130,PLR-REAL-Political,0.6264150943396228,0.84058616669912,4.764150943396227,ST-GBR-EPSI(0.03)
131,PLR-REAL-Political,0.6427672955974842,0.8526087215756711,4.90566037735849,ST-GBR-EPSI(0.03)
132,PLR-REAL-Political,0.6584905660377358,0.8330211006660974,4.632075471698113,ST-GBR-EPSI(0.03)
133,PLR-REAL-Political,0.648888888888889,0.8287840680120531,4.761904761904762,ST-GBR-EPSI(0.03)
134,PLR-REAL-Political,0.6406349206349208,0.8499699129054724,4.6,ST-GBR-EPSI(0.03)
135,PLR-REAL-Political,0.6393650793650795,0.847961147909353,4.771428571428571,ST-GBR-EPSI(0.03)
136,PLR-REAL-Political,0.6634920634920636,0.8449585331500841,4.819047619047619,ST-GBR-EPSI(0.03)
137,PLR-REAL-Political,0.664126984126984,0.8276954894452961,4.647619047619048,ST-GBR-EPSI(0.03)
138,PLR-REAL-Political,0.6615873015873016,0.8367945180641967,4.761904761904762,ST-GBR-EPSI(0.03)
139,PLR-REAL-Political,0.6952380952380952,0.8462410690473424,4.838095238095238,ST-GBR-EPSI(0.03)
140,PLR-REAL-Political,0.6735849056603773,0.9105926018193208,4.7075471698113205,ST-GBR-EPSI(0.03)
141,PLR-REAL-Political,0.6377358490566037,0.861405359966075,4.754716981132075,ST-GBR-EPSI(0.03)
142,PLR-REAL-Political,0.6515723270440252,0.8343586433652254,4.584905660377358,ST-GBR-EPSI(0.03)
143,PLR-REAL-Political,0.6495238095238095,0.8501625315644992,4.666666666666667,ST-GBR-EPSI(0.03)
144,PLR-REAL-Political,0.6196825396825396,0.8516918092944629,4.685714285714286,ST-GBR-EPSI(0.03)
145,PLR-REAL-Political,0.6387301587301588,0.8385188636310289,4.733333333333333,ST-GBR-EPSI(0.03)
146,PLR-REAL-Political,0.6704761904761906,0.8416741308219264,4.752380952380952,ST-GBR-EPSI(0.03)
147,PLR-REAL-Political,0.678095238095238,0.8325490929509403,4.780952380952381,ST-GBR-EPSI(0.03)
148,PLR-REAL-Political,0.6533333333333334,0.8495637294960274,4.704761904761905,ST-GBR-EPSI(0.03)
149,PLR-REAL-Political,0.6755555555555556,0.9713984715092163,4.714285714285714,ST-GBR-EPSI(0.03)
150,PLR-REAL-Political,0.7138364779874214,0.856411147007046,4.1415094339622645,ST-GBR-EPSI(0.05)
151,PLR-REAL-Political,0.6786163522012579,0.9015657861210058,3.981132075471698,ST-GBR-EPSI(0.05)
152,PLR-REAL-Political,0.6723270440251572,1.0142541698542458,4.188679245283019,ST-GBR-EPSI(0.05)
153,PLR-REAL-Political,0.6812698412698414,0.9236148634449346,4.0285714285714285,ST-GBR-EPSI(0.05)
154,PLR-REAL-Political,0.6780952380952381,0.9163291288935128,4.190476190476191,ST-GBR-EPSI(0.05)
155,PLR-REAL-Political,0.6857142857142857,0.9068291782387692,4.095238095238095,ST-GBR-EPSI(0.05)
156,PLR-REAL-Political,0.7161904761904763,1.0144699346282915,4.133333333333334,ST-GBR-EPSI(0.05)
157,PLR-REAL-Political,0.6368253968253967,0.8286709470357992,4.0285714285714285,ST-GBR-EPSI(0.05)
158,PLR-REAL-Political,0.7123809523809522,0.8577335139990461,4.085714285714285,ST-GBR-EPSI(0.05)
159,PLR-REAL-Political,0.6806349206349207,0.8635653992612023,4.161904761904762,ST-GBR-EPSI(0.05)
160,PLR-REAL-Political,0.6710691823899371,0.8945935078781921,4.2075471698113205,ST-GBR-EPSI(0.05)
161,PLR-REAL-Political,0.6767295597484275,0.8236858308339431,4.047169811320755,ST-GBR-EPSI(0.05)
162,PLR-REAL-Political,0.7163522012578616,0.9894054666043579,4.150943396226415,ST-GBR-EPSI(0.05)
163,PLR-REAL-Political,0.6717460317460318,0.992085651554443,4.2,ST-GBR-EPSI(0.05)
164,PLR-REAL-Political,0.6971428571428572,0.8614897987113348,4.0476190476190474,ST-GBR-EPSI(0.05)
165,PLR-REAL-Political,0.6723809523809523,0.8617211000085364,3.8857142857142857,ST-GBR-EPSI(0.05)
166,PLR-REAL-Political,0.6857142857142856,0.8255691770508761,4.066666666666666,ST-GBR-EPSI(0.05)
167,PLR-REAL-Political,0.7117460317460318,0.9536384465910531,4.076190476190476,ST-GBR-EPSI(0.05)
168,PLR-REAL-Political,0.6882539682539682,0.8198534373562943,4.152380952380953,ST-GBR-EPSI(0.05)
169,PLR-REAL-Political,0.6838095238095236,0.7851951071153136,4.095238095238095,ST-GBR-EPSI(0.05)
170,PLR-REAL-Political,0.6792452830188679,0.8258356149546833,4.1415094339622645,ST-GBR-EPSI(0.05)
171,PLR-REAL-Political,0.6974842767295598,0.830532991655502,4.018867924528302,ST-GBR-EPSI(0.05)
172,PLR-REAL-Political,0.6911949685534593,0.8261169585560469,4.09433962264151,ST-GBR-EPSI(0.05)
173,PLR-REAL-Political,0.6634920634920634,0.8543582435259196,4.085714285714285,ST-GBR-EPSI(0.05)
174,PLR-REAL-Political,0.7123809523809523,0.852822364303296,4.161904761904762,ST-GBR-EPSI(0.05)
175,PLR-REAL-Political,0.6996825396825397,0.8345849255729392,3.9523809523809526,ST-GBR-EPSI(0.05)
176,PLR-REAL-Political,0.6831746031746032,0.8355669989799672,4.20952380952381,ST-GBR-EPSI(0.05)
177,PLR-REAL-Political,0.6609523809523808,0.8559922631602539,4.171428571428572,ST-GBR-EPSI(0.05)
178,PLR-REAL-Political,0.6819047619047619,0.8579465660788713,4.228571428571429,ST-GBR-EPSI(0.05)
179,PLR-REAL-Political,0.686984126984127,0.8288977802771503,4.2,ST-GBR-EPSI(0.05)
180,PLR-REAL-Political,0.659748427672956,0.8405438814988322,4.10377358490566,ST-GBR-EPSI(0.05)
181,PLR-REAL-Political,0.6767295597484276,0.8478643023595519,4.216981132075472,ST-GBR-EPSI(0.05)
182,PLR-REAL-Political,0.688679245283019,0.8294618967057213,3.952830188679245,ST-GBR-EPSI(0.05)
183,PLR-REAL-Political,0.6799999999999999,0.8281735960404142,4.123809523809523,ST-GBR-EPSI(0.05)
184,PLR-REAL-Political,0.6723809523809524,0.8541919066195871,3.9047619047619047,ST-GBR-EPSI(0.05)
185,PLR-REAL-Political,0.6812698412698412,0.8575252511915753,4.161904761904762,ST-GBR-EPSI(0.05)
186,PLR-REAL-Political,0.6838095238095238,0.8557335822505567,4.133333333333334,ST-GBR-EPSI(0.05)
187,PLR-REAL-Political,0.6990476190476189,0.8317526425855899,3.942857142857143,ST-GBR-EPSI(0.05)
188,PLR-REAL-Political,0.693968253968254,0.8635834395871752,4.2,ST-GBR-EPSI(0.05)
189,PLR-REAL-Political,0.7390476190476192,0.8513431873644882,4.161904761904762,ST-GBR-EPSI(0.05)
190,PLR-REAL-Political,0.7119496855345913,0.8383580456839497,4.037735849056604,ST-GBR-EPSI(0.05)
191,PLR-REAL-Political,0.6836477987421384,0.8346999039213903,4.19811320754717,ST-GBR-EPSI(0.05)
192,PLR-REAL-Political,0.669182389937107,0.8348450267936557,4.084905660377358,ST-GBR-EPSI(0.05)
193,PLR-REAL-Political,0.6914285714285714,0.8584137303288796,4.0285714285714285,ST-GBR-EPSI(0.05)
194,PLR-REAL-Political,0.6666666666666666,0.8315920717275771,4.0285714285714285,ST-GBR-EPSI(0.05)
195,PLR-REAL-Political,0.6698412698412699,0.833801429256499,4.133333333333334,ST-GBR-EPSI(0.05)
196,PLR-REAL-Political,0.6901587301587302,0.837393928018438,4.085714285714285,ST-GBR-EPSI(0.05)
197,PLR-REAL-Political,0.6907936507936507,0.8352684374976583,4.219047619047619,ST-GBR-EPSI(0.05)
198,PLR-REAL-Political,0.7009523809523809,0.839456530506829,4.038095238095238,ST-GBR-EPSI(0.05)
199,PLR-REAL-Political,0.7098412698412698,0.965832448387464,4.104761904761904,ST-GBR-EPSI(0.05)
200,PLR-REAL-Political,0.7201257861635221,0.8436821434541677,3.5377358490566038,ST-GBR-EPSI(0.07)
201,PLR-REAL-Political,0.6987421383647798,0.9434830207431515,3.4339622641509435,ST-GBR-EPSI(0.07)
202,PLR-REAL-Political,0.6955974842767294,0.9558156623557286,3.7452830188679247,ST-GBR-EPSI(0.07)
203,PLR-REAL-Political,0.6926984126984127,0.8712921659657615,3.619047619047619,ST-GBR-EPSI(0.07)
204,PLR-REAL-Political,0.7034920634920634,0.992062392757626,3.6857142857142855,ST-GBR-EPSI(0.07)
205,PLR-REAL-Political,0.7092063492063492,0.9460524217862054,3.6,ST-GBR-EPSI(0.07)
206,PLR-REAL-Political,0.7238095238095237,0.8874650878025074,3.6857142857142855,ST-GBR-EPSI(0.07)
207,PLR-REAL-Political,0.6577777777777778,0.8341453584481517,3.5428571428571427,ST-GBR-EPSI(0.07)
208,PLR-REAL-Political,0.7326984126984126,0.8346660059661121,3.638095238095238,ST-GBR-EPSI(0.07)
209,PLR-REAL-Political,0.6977777777777777,1.0256708711308882,3.6476190476190475,ST-GBR-EPSI(0.07)
210,PLR-REAL-Political,0.6842767295597484,0.923593770640087,3.830188679245283,ST-GBR-EPSI(0.07)
211,PLR-REAL-Political,0.6867924528301886,0.8159050167112699,3.6320754716981134,ST-GBR-EPSI(0.07)
212,PLR-REAL-Political,0.7358490566037735,0.9060936795030893,3.518867924528302,ST-GBR-EPSI(0.07)
213,PLR-REAL-Political,0.6926984126984128,0.8867326369857634,3.6476190476190475,ST-GBR-EPSI(0.07)
214,PLR-REAL-Political,0.72,0.8388406263060999,3.638095238095238,ST-GBR-EPSI(0.07)
215,PLR-REAL-Political,0.6996825396825397,0.8823923302112276,3.5142857142857142,ST-GBR-EPSI(0.07)
216,PLR-REAL-Political,0.6895238095238094,0.8269922177629762,3.6095238095238096,ST-GBR-EPSI(0.07)
217,PLR-REAL-Political,0.7168253968253968,0.9061579811717565,3.533333333333333,ST-GBR-EPSI(0.07)
218,PLR-REAL-Political,0.7053968253968254,0.8244824032992084,3.6476190476190475,ST-GBR-EPSI(0.07)
219,PLR-REAL-Political,0.7066666666666667,0.7988103226867499,3.5714285714285716,ST-GBR-EPSI(0.07)
220,PLR-REAL-Political,0.6955974842767297,0.8321950666138768,3.6320754716981134,ST-GBR-EPSI(0.07)
221,PLR-REAL-Political,0.7069182389937108,0.8321506214251966,3.5377358490566038,ST-GBR-EPSI(0.07)
222,PLR-REAL-Political,0.7081761006289308,0.7870636570576341,3.6132075471698113,ST-GBR-EPSI(0.07)
223,PLR-REAL-Political,0.700952380952381,0.8407626392553446,3.6476190476190475,ST-GBR-EPSI(0.07)
224,PLR-REAL-Political,0.7155555555555555,0.8708219189595461,3.6857142857142855,ST-GBR-EPSI(0.07)
225,PLR-REAL-Political,0.718095238095238,0.8417031060011871,3.4857142857142858,ST-GBR-EPSI(0.07)
226,PLR-REAL-Political,0.6996825396825396,0.8311962305242654,3.552380952380952,ST-GBR-EPSI(0.07)
227,PLR-REAL-Political,0.6850793650793651,0.8520319808153732,3.6857142857142855,ST-GBR-EPSI(0.07)
228,PLR-REAL-Political,0.6984126984126984,0.8573325529909,3.6476190476190475,ST-GBR-EPSI(0.07)
229,PLR-REAL-Political,0.7117460317460318,0.8270247500921114,3.676190476190476,ST-GBR-EPSI(0.07)
230,PLR-REAL-Political,0.6842767295597484,0.8362975604045932,3.6226415094339623,ST-GBR-EPSI(0.07)
231,PLR-REAL-Political,0.7044025157232704,0.8505123957387531,3.6132075471698113,ST-GBR-EPSI(0.07)
232,PLR-REAL-Political,0.6955974842767295,0.8117169265432869,3.518867924528302,ST-GBR-EPSI(0.07)
233,PLR-REAL-Political,0.6971428571428571,0.8031983867561532,3.638095238095238,ST-GBR-EPSI(0.07)
234,PLR-REAL-Political,0.6882539682539682,0.8354642054040207,3.3333333333333335,ST-GBR-EPSI(0.07)
235,PLR-REAL-Political,0.7015873015873016,0.8265113060020939,3.704761904761905,ST-GBR-EPSI(0.07)
236,PLR-REAL-Political,0.7028571428571428,0.8373756304336506,3.6666666666666665,ST-GBR-EPSI(0.07)
237,PLR-REAL-Political,0.7206349206349206,0.8340241754357166,3.533333333333333,ST-GBR-EPSI(0.07)
238,PLR-REAL-Political,0.7282539682539683,0.8576067940158848,3.6666666666666665,ST-GBR-EPSI(0.07)
239,PLR-REAL-Political,0.7282539682539682,0.854339189728606,3.6952380952380954,ST-GBR-EPSI(0.07)
240,PLR-REAL-Political,0.7144654088050315,0.8500510175029146,3.556603773584906,ST-GBR-EPSI(0.07)
241,PLR-REAL-Political,0.6880503144654089,0.8482690230052432,3.6037735849056602,ST-GBR-EPSI(0.07)
242,PLR-REAL-Political,0.6905660377358489,0.835333190722188,3.641509433962264,ST-GBR-EPSI(0.07)
243,PLR-REAL-Political,0.72,1.027052187068536,3.5714285714285716,ST-GBR-EPSI(0.07)
244,PLR-REAL-Political,0.6768253968253968,0.8520871572736115,3.580952380952381,ST-GBR-EPSI(0.07)
245,PLR-REAL-Political,0.6876190476190477,0.8014833181387085,3.6857142857142855,ST-GBR-EPSI(0.07)
246,PLR-REAL-Political,0.7034920634920636,0.8067236129106952,3.5619047619047617,ST-GBR-EPSI(0.07)
247,PLR-REAL-Political,0.7022222222222222,0.8526781914655942,3.7142857142857144,ST-GBR-EPSI(0.07)
248,PLR-REAL-Political,0.7003174603174601,0.848152994037896,3.619047619047619,ST-GBR-EPSI(0.07)
249,PLR-REAL-Political,0.7206349206349206,0.8418483574562494,3.5619047619047617,ST-GBR-EPSI(0.07)
250,PLR-REAL-Political,0.7226415094339623,0.8350920434827355,3.1132075471698113,ST-GBR-EPSI(0.09)
251,PLR-REAL-Political,0.7138364779874214,1.0006382389052069,3.169811320754717,ST-GBR-EPSI(0.09)
252,PLR-REAL-Political,0.6993710691823898,0.9248274077310356,3.2641509433962264,ST-GBR-EPSI(0.09)
253,PLR-REAL-Political,0.706031746031746,0.8306209203197963,3.1809523809523808,ST-GBR-EPSI(0.09)
254,PLR-REAL-Political,0.7028571428571428,0.9208436810101223,3.1619047619047618,ST-GBR-EPSI(0.09)
255,PLR-REAL-Political,0.6984126984126983,0.9186385085454093,3.219047619047619,ST-GBR-EPSI(0.09)
256,PLR-REAL-Political,0.7104761904761904,0.8399618498247237,3.1714285714285713,ST-GBR-EPSI(0.09)
257,PLR-REAL-Political,0.6768253968253968,0.8253762379776681,3.1523809523809523,ST-GBR-EPSI(0.09)
258,PLR-REAL-Political,0.7447619047619047,0.8130164625535853,3.2,ST-GBR-EPSI(0.09)
259,PLR-REAL-Political,0.7085714285714285,1.0194286609058545,3.057142857142857,ST-GBR-EPSI(0.09)
260,PLR-REAL-Political,0.7025157232704401,0.8819670685299406,3.2264150943396226,ST-GBR-EPSI(0.09)
261,PLR-REAL-Political,0.6893081761006288,0.8283787998588572,3.2358490566037736,ST-GBR-EPSI(0.09)
262,PLR-REAL-Political,0.720125786163522,0.8416555334683081,3.1226415094339623,ST-GBR-EPSI(0.09)
263,PLR-REAL-Political,0.6952380952380952,0.8741571238906857,3.2095238095238097,ST-GBR-EPSI(0.09)
264,PLR-REAL-Political,0.7149206349206351,0.8854226347661367,3.1809523809523808,ST-GBR-EPSI(0.09)
265,PLR-REAL-Political,0.7161904761904763,1.0056399907053681,3.066666666666667,ST-GBR-EPSI(0.09)
266,PLR-REAL-Political,0.7104761904761904,0.7542090234164851,3.1714285714285713,ST-GBR-EPSI(0.09)
267,PLR-REAL-Political,0.72,0.8489216487463158,3.1714285714285713,ST-GBR-EPSI(0.09)
268,PLR-REAL-Political,0.7200000000000001,0.8269441154090095,3.1904761904761907,ST-GBR-EPSI(0.09)
269,PLR-REAL-Political,0.7225396825396826,0.8268835883395569,3.1904761904761907,ST-GBR-EPSI(0.09)
270,PLR-REAL-Political,0.70062893081761,0.829064491934959,3.141509433962264,ST-GBR-EPSI(0.09)
271,PLR-REAL-Political,0.7163522012578617,0.7899481387446263,3.0377358490566038,ST-GBR-EPSI(0.09)
272,PLR-REAL-Political,0.7037735849056603,0.8487093263248158,3.2641509433962264,ST-GBR-EPSI(0.09)
273,PLR-REAL-Political,0.716190476190476,0.7374254923498482,3.2095238095238097,ST-GBR-EPSI(0.09)
274,PLR-REAL-Political,0.723174603174603,0.8571927985484084,3.1714285714285713,ST-GBR-EPSI(0.09)
275,PLR-REAL-Political,0.7212698412698412,0.8390314343276178,3.123809523809524,ST-GBR-EPSI(0.09)
276,PLR-REAL-Political,0.7092063492063491,0.8398284250901625,3.1142857142857143,ST-GBR-EPSI(0.09)
277,PLR-REAL-Political,0.6831746031746032,0.8574472789650618,3.2476190476190476,ST-GBR-EPSI(0.09)
278,PLR-REAL-Political,0.6958730158730159,0.8634496466344542,3.1523809523809523,ST-GBR-EPSI(0.09)
279,PLR-REAL-Political,0.7149206349206348,0.8261062869963591,3.2,ST-GBR-EPSI(0.09)
280,PLR-REAL-Political,0.6981132075471698,0.8290865141914924,3.1320754716981134,ST-GBR-EPSI(0.09)
281,PLR-REAL-Political,0.7352201257861636,0.8377677959720512,3.19811320754717,ST-GBR-EPSI(0.09)
282,PLR-REAL-Political,0.7094339622641508,0.8400033810187739,3.141509433962264,ST-GBR-EPSI(0.09)
283,PLR-REAL-Political,0.7079365079365079,0.824231964046081,3.2,ST-GBR-EPSI(0.09)
284,PLR-REAL-Political,0.6901587301587303,0.8320861527412756,3.0476190476190474,ST-GBR-EPSI(0.09)
285,PLR-REAL-Political,0.7009523809523809,0.8599059994910315,3.2666666666666666,ST-GBR-EPSI(0.09)
286,PLR-REAL-Political,0.7003174603174603,0.8273687013100198,3.1904761904761907,ST-GBR-EPSI(0.09)
287,PLR-REAL-Political,0.7352380952380952,0.8355695831749544,3.123809523809524,ST-GBR-EPSI(0.09)
288,PLR-REAL-Political,0.7174603174603175,0.8445864136700774,3.1523809523809523,ST-GBR-EPSI(0.09)
289,PLR-REAL-Political,0.7339682539682538,0.847785248807055,3.2,ST-GBR-EPSI(0.09)
290,PLR-REAL-Political,0.7113207547169812,0.8431497244359167,3.2358490566037736,ST-GBR-EPSI(0.09)
291,PLR-REAL-Political,0.6962264150943396,0.8089044125021935,3.1320754716981134,ST-GBR-EPSI(0.09)
292,PLR-REAL-Political,0.7044025157232705,0.8281872743907527,3.2641509433962264,ST-GBR-EPSI(0.09)
293,PLR-REAL-Political,0.7174603174603175,0.9369232499747895,3.1333333333333333,ST-GBR-EPSI(0.09)
294,PLR-REAL-Political,0.6914285714285713,0.838820860297369,3.2,ST-GBR-EPSI(0.09)
295,PLR-REAL-Political,0.6933333333333334,0.7532336385958232,3.2,ST-GBR-EPSI(0.09)
296,PLR-REAL-Political,0.7174603174603175,0.8463784911866172,3.1809523809523808,ST-GBR-EPSI(0.09)
297,PLR-REAL-Political,0.7123809523809523,0.8386732089214617,3.276190476190476,ST-GBR-EPSI(0.09)
298,PLR-REAL-Political,0.7073015873015873,0.8350747175938541,3.1904761904761907,ST-GBR-EPSI(0.09)
299,PLR-REAL-Political,0.7161904761904763,0.8197274057185372,3.066666666666667,ST-GBR-EPSI(0.09)
300,PLR-REAL-Political,0.6754716981132075,0.8183635669455219,2.556603773584906,ST-GBR-EPSI(0.12)
301,PLR-REAL-Political,0.7025157232704403,0.9329906549686868,2.6037735849056602,ST-GBR-EPSI(0.12)
302,PLR-REAL-Political,0.6628930817610061,0.9519765517780687,2.650943396226415,ST-GBR-EPSI(0.12)
303,PLR-REAL-Political,0.7009523809523809,0.9548926002615653,2.638095238095238,ST-GBR-EPSI(0.12)
304,PLR-REAL-Political,0.6958730158730159,0.9572941127153651,2.6476190476190475,ST-GBR-EPSI(0.12)
305,PLR-REAL-Political,0.700952380952381,0.9172103808106222,2.657142857142857,ST-GBR-EPSI(0.12)
306,PLR-REAL-Political,0.6882539682539682,0.8889720257906155,2.723809523809524,ST-GBR-EPSI(0.12)
307,PLR-REAL-Political,0.6679365079365078,0.8243847613130911,2.6095238095238096,ST-GBR-EPSI(0.12)
308,PLR-REAL-Political,0.6914285714285714,1.0154682143860458,2.580952380952381,ST-GBR-EPSI(0.12)
309,PLR-REAL-Political,0.6984126984126984,0.9220638480764857,2.5238095238095237,ST-GBR-EPSI(0.12)
310,PLR-REAL-Political,0.6855345911949685,0.9560605049930437,2.5943396226415096,ST-GBR-EPSI(0.12)
311,PLR-REAL-Political,0.6767295597484276,0.8452105668046219,2.707547169811321,ST-GBR-EPSI(0.12)
312,PLR-REAL-Political,0.6867924528301886,0.904051131438406,2.5849056603773586,ST-GBR-EPSI(0.12)
313,PLR-REAL-Political,0.6501587301587302,0.9911945576559339,2.5714285714285716,ST-GBR-EPSI(0.12)
314,PLR-REAL-Political,0.6996825396825397,0.8524230220427901,2.5619047619047617,ST-GBR-EPSI(0.12)
315,PLR-REAL-Political,0.7028571428571428,0.8322897345016589,2.5714285714285716,ST-GBR-EPSI(0.12)
316,PLR-REAL-Political,0.7028571428571428,0.8069458134767101,2.6,ST-GBR-EPSI(0.12)
317,PLR-REAL-Political,0.7009523809523809,0.9921798170723407,2.638095238095238,ST-GBR-EPSI(0.12)
318,PLR-REAL-Political,0.7231746031746032,0.8249519988250877,2.676190476190476,ST-GBR-EPSI(0.12)
319,PLR-REAL-Political,0.6946031746031747,0.8279117841690402,2.6952380952380954,ST-GBR-EPSI(0.12)
320,PLR-REAL-Political,0.6698113207547169,0.826114570826267,2.5849056603773586,ST-GBR-EPSI(0.12)
321,PLR-REAL-Political,0.6974842767295598,0.7455875829263893,2.5943396226415096,ST-GBR-EPSI(0.12)
322,PLR-REAL-Political,0.6817610062893081,0.843581990892923,2.660377358490566,ST-GBR-EPSI(0.12)
323,PLR-REAL-Political,0.7092063492063492,0.8210947258142249,2.619047619047619,ST-GBR-EPSI(0.12)
324,PLR-REAL-Political,0.7079365079365079,0.8544917695180688,2.676190476190476,ST-GBR-EPSI(0.12)
325,PLR-REAL-Political,0.716190476190476,0.8393972074684046,2.638095238095238,ST-GBR-EPSI(0.12)
326,PLR-REAL-Political,0.6838095238095236,0.8367331436131995,2.5428571428571427,ST-GBR-EPSI(0.12)
327,PLR-REAL-Political,0.6520634920634922,0.8578932021739544,2.5714285714285716,ST-GBR-EPSI(0.12)
328,PLR-REAL-Political,0.6825396825396826,0.840196029944417,2.5904761904761906,ST-GBR-EPSI(0.12)
329,PLR-REAL-Political,0.6990476190476191,0.8195937652399532,2.6285714285714286,ST-GBR-EPSI(0.12)
330,PLR-REAL-Political,0.6874213836477988,0.8338630368007952,2.660377358490566,ST-GBR-EPSI(0.12)
331,PLR-REAL-Political,0.7069182389937106,0.852085728188245,2.6792452830188678,ST-GBR-EPSI(0.12)
332,PLR-REAL-Political,0.7031446540880503,0.8483647251180009,2.7169811320754715,ST-GBR-EPSI(0.12)
333,PLR-REAL-Political,0.6857142857142857,0.82040096612012,2.619047619047619,ST-GBR-EPSI(0.12)
334,PLR-REAL-Political,0.6825396825396826,0.8426456509246643,2.619047619047619,ST-GBR-EPSI(0.12)
335,PLR-REAL-Political,0.7180952380952381,0.8340164855117714,2.6952380952380954,ST-GBR-EPSI(0.12)
336,PLR-REAL-Political,0.6787301587301586,0.8326781667105612,2.6,ST-GBR-EPSI(0.12)
337,PLR-REAL-Political,0.7015873015873016,0.8416807737408517,2.5904761904761906,ST-GBR-EPSI(0.12)
338,PLR-REAL-Political,0.673015873015873,0.8549206117453171,2.5619047619047617,ST-GBR-EPSI(0.12)
339,PLR-REAL-Political,0.6831746031746032,0.8616790472907013,2.5619047619047617,ST-GBR-EPSI(0.12)
340,PLR-REAL-Political,0.6974842767295597,0.8415787103250085,2.69811320754717,ST-GBR-EPSI(0.12)
341,PLR-REAL-Political,0.70062893081761,0.836696963267019,2.5849056603773586,ST-GBR-EPSI(0.12)
342,PLR-REAL-Political,0.7125786163522012,0.844170107055247,2.650943396226415,ST-GBR-EPSI(0.12)
343,PLR-REAL-Political,0.713015873015873,1.031004734747795,2.5714285714285716,ST-GBR-EPSI(0.12)
344,PLR-REAL-Political,0.674920634920635,0.8513537624645724,2.7142857142857144,ST-GBR-EPSI(0.12)
345,PLR-REAL-Political,0.6825396825396826,0.8779325766298409,2.6285714285714286,ST-GBR-EPSI(0.12)
346,PLR-REAL-Political,0.6990476190476191,0.8489170180206003,2.657142857142857,ST-GBR-EPSI(0.12)
347,PLR-REAL-Political,0.678095238095238,0.8387626326332019,2.6285714285714286,ST-GBR-EPSI(0.12)
348,PLR-REAL-Political,0.7053968253968252,0.8271979910499054,2.580952380952381,ST-GBR-EPSI(0.12)
349,PLR-REAL-Political,0.6971428571428572,0.8350646027130322,2.5904761904761906,ST-GBR-EPSI(0.12)
350,PLR-REAL-Political,0.6616352201257861,0.841843672334465,2.292452830188679,ST-GBR-EPSI(0.14)
351,PLR-REAL-Political,0.6767295597484276,0.9106269701780608,2.3679245283018866,ST-GBR-EPSI(0.14)
352,PLR-REAL-Political,0.6427672955974842,0.9226688996440302,2.339622641509434,ST-GBR-EPSI(0.14)
353,PLR-REAL-Political,0.6799999999999999,0.9318809274340073,2.4,ST-GBR-EPSI(0.14)
354,PLR-REAL-Political,0.6647619047619046,1.003856437371272,2.361904761904762,ST-GBR-EPSI(0.14)
355,PLR-REAL-Political,0.6711111111111112,0.870871889296185,2.361904761904762,ST-GBR-EPSI(0.14)
356,PLR-REAL-Political,0.6609523809523808,0.921415110212812,2.4571428571428573,ST-GBR-EPSI(0.14)
357,PLR-REAL-Political,0.6571428571428571,0.8306351912966153,2.380952380952381,ST-GBR-EPSI(0.14)
358,PLR-REAL-Political,0.6755555555555555,0.8124581776684925,2.3714285714285714,ST-GBR-EPSI(0.14)
359,PLR-REAL-Political,0.6952380952380952,0.8421531490873763,2.276190476190476,ST-GBR-EPSI(0.14)
360,PLR-REAL-Political,0.6389937106918239,0.8307808145723176,2.2169811320754715,ST-GBR-EPSI(0.14)
361,PLR-REAL-Political,0.6635220125786163,0.7911398277966177,2.3867924528301887,ST-GBR-EPSI(0.14)
362,PLR-REAL-Political,0.6723270440251571,0.8386629897465584,2.2735849056603774,ST-GBR-EPSI(0.14)
363,PLR-REAL-Political,0.6234920634920635,1.0053621442710505,2.3333333333333335,ST-GBR-EPSI(0.14)
364,PLR-REAL-Political,0.6698412698412698,0.9399159891234213,2.295238095238095,ST-GBR-EPSI(0.14)
365,PLR-REAL-Political,0.6774603174603175,0.8086898661353384,2.323809523809524,ST-GBR-EPSI(0.14)
366,PLR-REAL-Political,0.6876190476190475,0.7893787897363334,2.361904761904762,ST-GBR-EPSI(0.14)
367,PLR-REAL-Political,0.674920634920635,0.8643749049980348,2.3714285714285714,ST-GBR-EPSI(0.14)
368,PLR-REAL-Political,0.6996825396825397,0.8101634779132233,2.419047619047619,ST-GBR-EPSI(0.14)
369,PLR-REAL-Political,0.6723809523809523,0.8228855440913135,2.380952380952381,ST-GBR-EPSI(0.14)
370,PLR-REAL-Political,0.6415094339622641,0.7704600578033244,2.311320754716981,ST-GBR-EPSI(0.14)
371,PLR-REAL-Political,0.6685534591194969,0.7901051243769114,2.30188679245283,ST-GBR-EPSI(0.14)
372,PLR-REAL-Political,0.6578616352201256,0.7899310753748421,2.349056603773585,ST-GBR-EPSI(0.14)
373,PLR-REAL-Political,0.6952380952380952,0.842103809792532,2.3714285714285714,ST-GBR-EPSI(0.14)
374,PLR-REAL-Political,0.685079365079365,0.8503870660394607,2.447619047619048,ST-GBR-EPSI(0.14)
375,PLR-REAL-Political,0.7104761904761906,0.8342621182223743,2.4380952380952383,ST-GBR-EPSI(0.14)
376,PLR-REAL-Political,0.6596825396825396,0.831935020711539,2.2857142857142856,ST-GBR-EPSI(0.14)
377,PLR-REAL-Political,0.6133333333333334,0.8505274460189555,2.2666666666666666,ST-GBR-EPSI(0.14)
378,PLR-REAL-Political,0.6666666666666666,0.8345987142144271,2.342857142857143,ST-GBR-EPSI(0.14)
379,PLR-REAL-Political,0.6806349206349207,0.8341642421425933,2.3523809523809525,ST-GBR-EPSI(0.14)
380,PLR-REAL-Political,0.6547169811320755,0.7439579076043795,2.311320754716981,ST-GBR-EPSI(0.14)
381,PLR-REAL-Political,0.6716981132075474,0.8293616860696602,2.349056603773585,ST-GBR-EPSI(0.14)
382,PLR-REAL-Political,0.671698113207547,0.8441140125877677,2.4622641509433962,ST-GBR-EPSI(0.14)
383,PLR-REAL-Political,0.6622222222222222,0.8125041167219115,2.3523809523809525,ST-GBR-EPSI(0.14)
384,PLR-REAL-Political,0.6812698412698412,0.8524156095429906,2.361904761904762,ST-GBR-EPSI(0.14)
385,PLR-REAL-Political,0.6933333333333334,0.8315747877115899,2.466666666666667,ST-GBR-EPSI(0.14)
386,PLR-REAL-Political,0.6666666666666666,0.8410175122143753,2.3523809523809525,ST-GBR-EPSI(0.14)
387,PLR-REAL-Political,0.688888888888889,0.8288841872465487,2.3714285714285714,ST-GBR-EPSI(0.14)
388,PLR-REAL-Political,0.6615873015873015,0.8429561176095963,2.276190476190476,ST-GBR-EPSI(0.14)
389,PLR-REAL-Political,0.6463492063492063,0.8560802258993131,2.2666666666666666,ST-GBR-EPSI(0.14)
390,PLR-REAL-Political,0.6710691823899371,0.8417755586708819,2.358490566037736,ST-GBR-EPSI(0.14)
391,PLR-REAL-Political,0.6754716981132076,0.8354385069846532,2.349056603773585,ST-GBR-EPSI(0.14)
392,PLR-REAL-Political,0.6761006289308177,0.8232328186995352,2.3962264150943398,ST-GBR-EPSI(0.14)
393,PLR-REAL-Political,0.6761904761904763,0.954709984519266,2.342857142857143,ST-GBR-EPSI(0.14)
394,PLR-REAL-Political,0.6546031746031746,0.8454696925578717,2.3714285714285714,ST-GBR-EPSI(0.14)
395,PLR-REAL-Political,0.6622222222222222,0.9450119507258808,2.3523809523809525,ST-GBR-EPSI(0.14)
396,PLR-REAL-Political,0.6590476190476191,0.8339664705217249,2.257142857142857,ST-GBR-EPSI(0.14)
397,PLR-REAL-Political,0.6596825396825395,0.8217545782144268,2.3523809523809525,ST-GBR-EPSI(0.14)
398,PLR-REAL-Political,0.6812698412698411,0.8286816029882592,2.3333333333333335,ST-GBR-EPSI(0.14)
399,PLR-REAL-Political,0.6717460317460316,0.9651094106624194,2.3142857142857145,ST-GBR-EPSI(0.14)
400,PLR-REAL-Political,0.6339622641509435,0.9031764699490274,2.0754716981132075,ST-GBR-EPSI(0.16)
401,PLR-REAL-Political,0.6402515723270441,0.8897330205176942,2.0754716981132075,ST-GBR-EPSI(0.16)
402,PLR-REAL-Political,0.611320754716981,0.8845974507615092,2.1132075471698113,ST-GBR-EPSI(0.16)
403,PLR-REAL-Political,0.6482539682539682,0.8861184976845423,2.1619047619047618,ST-GBR-EPSI(0.16)
404,PLR-REAL-Political,0.6120634920634921,1.00289865313897,2.0285714285714285,ST-GBR-EPSI(0.16)
405,PLR-REAL-Political,0.6241269841269842,0.919261177273882,2.104761904761905,ST-GBR-EPSI(0.16)
406,PLR-REAL-Political,0.6107936507936507,0.8540165345712499,2.0476190476190474,ST-GBR-EPSI(0.16)
407,PLR-REAL-Political,0.6253968253968254,0.8279741949522209,2.1333333333333333,ST-GBR-EPSI(0.16)
408,PLR-REAL-Political,0.6266666666666666,0.8052229916604493,2.1333333333333333,ST-GBR-EPSI(0.16)
409,PLR-REAL-Political,0.6774603174603175,0.8440610783488021,2.085714285714286,ST-GBR-EPSI(0.16)
410,PLR-REAL-Political,0.6119496855345913,0.8492330846919,1.9811320754716981,ST-GBR-EPSI(0.16)
411,PLR-REAL-Political,0.6150943396226415,0.8330713048889334,2.1037735849056602,ST-GBR-EPSI(0.16)
412,PLR-REAL-Political,0.6421383647798742,0.8218109726895619,2.0849056603773586,ST-GBR-EPSI(0.16)
413,PLR-REAL-Political,0.5885714285714285,0.9601765450652082,2.123809523809524,ST-GBR-EPSI(0.16)
414,PLR-REAL-Political,0.6355555555555555,0.8936723772308155,2.038095238095238,ST-GBR-EPSI(0.16)
415,PLR-REAL-Political,0.6615873015873016,0.7434106585582654,2.1333333333333333,ST-GBR-EPSI(0.16)
416,PLR-REAL-Political,0.6387301587301587,0.7608336508764136,2.019047619047619,ST-GBR-EPSI(0.16)
417,PLR-REAL-Political,0.6387301587301587,0.8389348673357875,2.0952380952380953,ST-GBR-EPSI(0.16)
418,PLR-REAL-Political,0.6552380952380954,0.8127381383846695,2.142857142857143,ST-GBR-EPSI(0.16)
419,PLR-REAL-Political,0.6393650793650792,0.8346203382600973,2.142857142857143,ST-GBR-EPSI(0.16)
420,PLR-REAL-Political,0.6125786163522013,0.7551503416793612,2.0377358490566038,ST-GBR-EPSI(0.16)
421,PLR-REAL-Political,0.6415094339622642,0.8492314046023917,2.1320754716981134,ST-GBR-EPSI(0.16)
422,PLR-REAL-Political,0.6295597484276728,0.840203293642689,2.0943396226415096,ST-GBR-EPSI(0.16)
423,PLR-REAL-Political,0.6711111111111111,0.9066138631518829,2.0761904761904764,ST-GBR-EPSI(0.16)
424,PLR-REAL-Political,0.6298412698412699,0.8348681297924483,2.1523809523809523,ST-GBR-EPSI(0.16)
425,PLR-REAL-Political,0.6768253968253969,0.8204122431605582,2.1714285714285713,ST-GBR-EPSI(0.16)
426,PLR-REAL-Political,0.6177777777777778,0.8418808168348006,2.057142857142857,ST-GBR-EPSI(0.16)
427,PLR-REAL-Political,0.5619047619047619,0.8485808378530358,1.980952380952381,ST-GBR-EPSI(0.16)
428,PLR-REAL-Political,0.6273015873015872,0.8172325904333596,2.1142857142857143,ST-GBR-EPSI(0.16)
429,PLR-REAL-Political,0.6273015873015874,0.8260279715003251,2.057142857142857,ST-GBR-EPSI(0.16)
430,PLR-REAL-Political,0.6169811320754718,0.8456480931179431,2.009433962264151,ST-GBR-EPSI(0.16)
431,PLR-REAL-Political,0.6389937106918239,0.8396542119015965,2.0849056603773586,ST-GBR-EPSI(0.16)
432,PLR-REAL-Political,0.6345911949685534,0.8406731967510435,2.150943396226415,ST-GBR-EPSI(0.16)
433,PLR-REAL-Political,0.6342857142857142,0.827385745072367,2.123809523809524,ST-GBR-EPSI(0.16)
434,PLR-REAL-Political,0.6704761904761906,0.8482716596306844,2.142857142857143,ST-GBR-EPSI(0.16)
435,PLR-REAL-Political,0.6253968253968254,0.8416672919963687,2.0476190476190474,ST-GBR-EPSI(0.16)
436,PLR-REAL-Political,0.6317460317460317,0.8317990645077686,2.1333333333333333,ST-GBR-EPSI(0.16)
437,PLR-REAL-Political,0.6368253968253968,0.8478184843607918,2.0952380952380953,ST-GBR-EPSI(0.16)
438,PLR-REAL-Political,0.6126984126984126,0.8407698282732505,2.0761904761904764,ST-GBR-EPSI(0.16)
439,PLR-REAL-Political,0.5936507936507937,0.8378572496244914,2.0095238095238095,ST-GBR-EPSI(0.16)
440,PLR-REAL-Political,0.6345911949685534,0.8546244344553555,2.1037735849056602,ST-GBR-EPSI(0.16)
441,PLR-REAL-Political,0.6402515723270441,0.8345597083910945,2.0849056603773586,ST-GBR-EPSI(0.16)
442,PLR-REAL-Political,0.6327044025157232,0.8381345306093912,2.1037735849056602,ST-GBR-EPSI(0.16)
443,PLR-REAL-Political,0.6222222222222222,0.8674018547683935,2.0952380952380953,ST-GBR-EPSI(0.16)
444,PLR-REAL-Political,0.6107936507936509,0.8038484414023104,2.0285714285714285,ST-GBR-EPSI(0.16)
445,PLR-REAL-Political,0.6247619047619049,0.9556667838495436,2.1142857142857143,ST-GBR-EPSI(0.16)
446,PLR-REAL-Political,0.6241269841269841,0.8544942370798871,2.0952380952380953,ST-GBR-EPSI(0.16)
447,PLR-REAL-Political,0.6215873015873017,0.8432614851632648,2.066666666666667,ST-GBR-EPSI(0.16)
448,PLR-REAL-Political,0.6469841269841269,0.8483535704452358,2.085714285714286,ST-GBR-EPSI(0.16)
449,PLR-REAL-Political,0.6311111111111111,0.9037192886350868,2.104761904761905,ST-GBR-EPSI(0.16)
450,PLR-REAL-Political,0.6069182389937107,0.8929409446834433,1.8867924528301887,ST-GBR-EPSI(0.18)
451,PLR-REAL-Political,0.608176100628931,0.9416766624158405,1.8773584905660377,ST-GBR-EPSI(0.18)
452,PLR-REAL-Political,0.530188679245283,0.9483047836928241,1.7924528301886793,ST-GBR-EPSI(0.18)
453,PLR-REAL-Political,0.6215873015873016,0.9651031507409347,1.9142857142857144,ST-GBR-EPSI(0.18)
454,PLR-REAL-Political,0.5644444444444445,0.9935833843774508,1.8285714285714285,ST-GBR-EPSI(0.18)
455,PLR-REAL-Political,0.5574603174603174,0.937958590778801,1.8285714285714285,ST-GBR-EPSI(0.18)
456,PLR-REAL-Political,0.5485714285714285,1.0134252241705948,1.7523809523809524,ST-GBR-EPSI(0.18)
457,PLR-REAL-Political,0.5866666666666668,0.8212025224856676,1.9333333333333333,ST-GBR-EPSI(0.18)
458,PLR-REAL-Political,0.5771428571428572,0.8824386095036577,1.8952380952380952,ST-GBR-EPSI(0.18)
459,PLR-REAL-Political,0.6361904761904762,0.7932360473427481,1.9238095238095239,ST-GBR-EPSI(0.18)
460,PLR-REAL-Political,0.5578616352201259,0.8422856698518376,1.820754716981132,ST-GBR-EPSI(0.18)
461,PLR-REAL-Political,0.5584905660377358,0.7900678089509078,1.8867924528301887,ST-GBR-EPSI(0.18)
462,PLR-REAL-Political,0.5823899371069182,0.8467270838969178,1.8584905660377358,ST-GBR-EPSI(0.18)
463,PLR-REAL-Political,0.5434920634920635,0.9777179253322595,1.8666666666666667,ST-GBR-EPSI(0.18)
464,PLR-REAL-Political,0.5873015873015873,0.9257878427029316,1.8571428571428572,ST-GBR-EPSI(0.18)
465,PLR-REAL-Political,0.6298412698412699,0.8156824708062257,1.9619047619047618,ST-GBR-EPSI(0.18)
466,PLR-REAL-Political,0.5803174603174603,0.7929683436312832,1.8,ST-GBR-EPSI(0.18)
467,PLR-REAL-Political,0.5784126984126984,0.8349749720102209,1.8666666666666667,ST-GBR-EPSI(0.18)
468,PLR-REAL-Political,0.591111111111111,0.8198135413905349,1.8857142857142857,ST-GBR-EPSI(0.18)
469,PLR-REAL-Political,0.5917460317460317,0.8241717796365766,1.9238095238095239,ST-GBR-EPSI(0.18)
470,PLR-REAL-Political,0.579874213836478,0.8013827727994345,1.8396226415094339,ST-GBR-EPSI(0.18)
471,PLR-REAL-Political,0.610691823899371,0.7816263692977062,1.9622641509433962,ST-GBR-EPSI(0.18)
472,PLR-REAL-Political,0.5628930817610063,0.8403976537825977,1.8018867924528301,ST-GBR-EPSI(0.18)
473,PLR-REAL-Political,0.6234920634920635,0.9090300128465035,1.8857142857142857,ST-GBR-EPSI(0.18)
474,PLR-REAL-Political,0.5828571428571429,0.8433496890984984,1.8857142857142857,ST-GBR-EPSI(0.18)
475,PLR-REAL-Political,0.6126984126984126,0.8440504080168595,1.9428571428571428,ST-GBR-EPSI(0.18)
476,PLR-REAL-Political,0.5930158730158731,0.833684120691537,1.8666666666666667,ST-GBR-EPSI(0.18)
477,PLR-REAL-Political,0.5149206349206349,0.849424211012088,1.8285714285714285,ST-GBR-EPSI(0.18)
478,PLR-REAL-Political,0.5955555555555555,0.8467416586630485,1.9428571428571428,ST-GBR-EPSI(0.18)
479,PLR-REAL-Political,0.5815873015873017,0.8328372578358391,1.8761904761904762,ST-GBR-EPSI(0.18)
480,PLR-REAL-Political,0.5880503144654088,0.8446030548520131,1.8773584905660377,ST-GBR-EPSI(0.18)
481,PLR-REAL-Political,0.568553459119497,0.8513873865155968,1.8584905660377358,ST-GBR-EPSI(0.18)
482,PLR-REAL-Political,0.5949685534591195,0.8529503279333704,1.9622641509433962,ST-GBR-EPSI(0.18)
483,PLR-REAL-Political,0.5555555555555556,0.8263237483301901,1.8666666666666667,ST-GBR-EPSI(0.18)
484,PLR-REAL-Political,0.6419047619047619,0.8443083157677124,2.0095238095238095,ST-GBR-EPSI(0.18)
485,PLR-REAL-Political,0.5638095238095239,0.8459787811529916,1.8095238095238095,ST-GBR-EPSI(0.18)
486,PLR-REAL-Political,0.584126984126984,0.8116223921046534,1.9047619047619047,ST-GBR-EPSI(0.18)
487,PLR-REAL-Political,0.5898412698412698,0.8489177256313531,1.8761904761904762,ST-GBR-EPSI(0.18)
488,PLR-REAL-Political,0.5492063492063491,0.844345594505767,1.838095238095238,ST-GBR-EPSI(0.18)
489,PLR-REAL-Political,0.56,0.8453966850881067,1.838095238095238,ST-GBR-EPSI(0.18)
490,PLR-REAL-Political,0.5867924528301887,0.8561933384937547,1.9339622641509433,ST-GBR-EPSI(0.18)
491,PLR-REAL-Political,0.6119496855345912,0.8401445155195992,1.8679245283018868,ST-GBR-EPSI(0.18)
492,PLR-REAL-Political,0.5861635220125786,0.8347844288626622,1.8773584905660377,ST-GBR-EPSI(0.18)
493,PLR-REAL-Political,0.5936507936507937,0.8486714551839112,1.9142857142857144,ST-GBR-EPSI(0.18)
494,PLR-REAL-Political,0.5847619047619048,0.8442772971559254,1.8476190476190477,ST-GBR-EPSI(0.18)
495,PLR-REAL-Political,0.5714285714285715,0.9531196233527386,1.8952380952380952,ST-GBR-EPSI(0.18)
496,PLR-REAL-Political,0.5784126984126984,0.8456533028593289,1.8285714285714285,ST-GBR-EPSI(0.18)
497,PLR-REAL-Political,0.5523809523809523,0.8665707420437955,1.838095238095238,ST-GBR-EPSI(0.18)
498,PLR-REAL-Political,0.6038095238095238,0.8461649467394892,1.9238095238095239,ST-GBR-EPSI(0.18)
499,PLR-REAL-Political,0.5796825396825397,0.9605930799522993,1.9047619047619047,ST-GBR-EPSI(0.18)
500,PLR-REAL-Political,0.5308176100628931,0.989356140096578,1.6981132075471699,ST-GBR-EPSI(0.2)
501,PLR-REAL-Political,0.5547169811320755,0.9102373634466452,1.7358490566037736,ST-GBR-EPSI(0.2)
502,PLR-REAL-Political,0.479245283018868,0.9717546620988571,1.6037735849056605,ST-GBR-EPSI(0.2)
503,PLR-REAL-Political,0.5828571428571429,0.9314534366138987,1.7428571428571429,ST-GBR-EPSI(0.2)
504,PLR-REAL-Political,0.4984126984126984,0.9384036348411195,1.6285714285714286,ST-GBR-EPSI(0.2)
505,PLR-REAL-Political,0.49777777777777776,0.9074545605619213,1.6095238095238096,ST-GBR-EPSI(0.2)
506,PLR-REAL-Political,0.5161904761904762,0.9500570941617797,1.6666666666666667,ST-GBR-EPSI(0.2)
507,PLR-REAL-Political,0.5453968253968254,0.826200848831134,1.7619047619047619,ST-GBR-EPSI(0.2)
508,PLR-REAL-Political,0.5301587301587302,0.8298805405569276,1.7333333333333334,ST-GBR-EPSI(0.2)
509,PLR-REAL-Political,0.5714285714285714,0.7648972499886156,1.723809523809524,ST-GBR-EPSI(0.2)
510,PLR-REAL-Political,0.5308176100628931,0.7870589280349968,1.7358490566037736,ST-GBR-EPSI(0.2)
511,PLR-REAL-Political,0.5345911949685535,0.8337141689174821,1.7169811320754718,ST-GBR-EPSI(0.2)
512,PLR-REAL-Political,0.5125786163522013,0.85234657334333,1.669811320754717,ST-GBR-EPSI(0.2)
513,PLR-REAL-Political,0.49460317460317454,1.0136919938371287,1.6857142857142857,ST-GBR-EPSI(0.2)
514,PLR-REAL-Political,0.5149206349206349,0.8421794570722811,1.6571428571428573,ST-GBR-EPSI(0.2)
515,PLR-REAL-Political,0.5834920634920635,0.7570374749629443,1.819047619047619,ST-GBR-EPSI(0.2)
516,PLR-REAL-Political,0.5117460317460317,0.8274729682047053,1.6095238095238096,ST-GBR-EPSI(0.2)
517,PLR-REAL-Political,0.5485714285714286,0.8200383011901575,1.7333333333333334,ST-GBR-EPSI(0.2)
518,PLR-REAL-Political,0.532063492063492,0.8202721932136213,1.6952380952380952,ST-GBR-EPSI(0.2)
519,PLR-REAL-Political,0.5434920634920635,0.8013028481372055,1.723809523809524,ST-GBR-EPSI(0.2)
520,PLR-REAL-Political,0.5333333333333333,0.8332211197860628,1.650943396226415,ST-GBR-EPSI(0.2)
521,PLR-REAL-Political,0.559748427672956,0.8225366888624791,1.7924528301886793,ST-GBR-EPSI(0.2)
522,PLR-REAL-Political,0.5138364779874214,0.849624267535296,1.6415094339622642,ST-GBR-EPSI(0.2)
523,PLR-REAL-Political,0.5847619047619048,0.9624233069379403,1.7142857142857142,ST-GBR-EPSI(0.2)
524,PLR-REAL-Political,0.5168253968253969,0.8121530016529173,1.6761904761904762,ST-GBR-EPSI(0.2)
525,PLR-REAL-Political,0.5542857142857143,0.8449754805761859,1.7714285714285714,ST-GBR-EPSI(0.2)
526,PLR-REAL-Political,0.5231746031746032,0.8425155589891307,1.6666666666666667,ST-GBR-EPSI(0.2)
527,PLR-REAL-Political,0.48444444444444446,0.8686964936211113,1.7047619047619047,ST-GBR-EPSI(0.2)
528,PLR-REAL-Political,0.5396825396825398,0.8132367101056366,1.6666666666666667,ST-GBR-EPSI(0.2)
529,PLR-REAL-Political,0.5098412698412699,0.8406531780334694,1.6761904761904762,ST-GBR-EPSI(0.2)
530,PLR-REAL-Political,0.5352201257861636,0.841955720912177,1.6886792452830188,ST-GBR-EPSI(0.2)
531,PLR-REAL-Political,0.5018867924528302,0.8444639415102931,1.650943396226415,ST-GBR-EPSI(0.2)
532,PLR-REAL-Political,0.5559748427672956,0.8534441673604333,1.8113207547169812,ST-GBR-EPSI(0.2)
533,PLR-REAL-Political,0.5047619047619049,0.8313234608455465,1.723809523809524,ST-GBR-EPSI(0.2)
534,PLR-REAL-Political,0.6038095238095239,0.8364854230176753,1.8095238095238095,ST-GBR-EPSI(0.2)
535,PLR-REAL-Political,0.5161904761904763,0.8497583850546214,1.619047619047619,ST-GBR-EPSI(0.2)
536,PLR-REAL-Political,0.525079365079365,0.8510976389837592,1.6857142857142857,ST-GBR-EPSI(0.2)
537,PLR-REAL-Political,0.5434920634920635,0.8452323452279643,1.723809523809524,ST-GBR-EPSI(0.2)
538,PLR-REAL-Political,0.518095238095238,0.8439657351630002,1.723809523809524,ST-GBR-EPSI(0.2)
539,PLR-REAL-Political,0.52,0.8414666995344666,1.6857142857142857,ST-GBR-EPSI(0.2)
540,PLR-REAL-Political,0.5207547169811321,0.8663309733407367,1.6981132075471699,ST-GBR-EPSI(0.2)
541,PLR-REAL-Political,0.5427672955974843,0.9841420053065226,1.7075471698113207,ST-GBR-EPSI(0.2)
542,PLR-REAL-Political,0.5534591194968554,0.8416064327981699,1.7452830188679245,ST-GBR-EPSI(0.2)
543,PLR-REAL-Political,0.5434920634920636,0.8535702145619183,1.723809523809524,ST-GBR-EPSI(0.2)
544,PLR-REAL-Political,0.5422222222222223,0.8539267816500855,1.6571428571428573,ST-GBR-EPSI(0.2)
545,PLR-REAL-Political,0.5231746031746032,1.0089475940132242,1.7142857142857142,ST-GBR-EPSI(0.2)
546,PLR-REAL-Political,0.5377777777777778,0.8475250288699935,1.6666666666666667,ST-GBR-EPSI(0.2)
547,PLR-REAL-Political,0.49142857142857144,0.8409013205171519,1.6666666666666667,ST-GBR-EPSI(0.2)
548,PLR-REAL-Political,0.5346031746031746,0.84650681665719,1.6761904761904762,ST-GBR-EPSI(0.2)
549,PLR-REAL-Political,0.528888888888889,0.8955245000850617,1.723809523809524,ST-GBR-EPSI(0.2)
550,PLR-REAL-Political,0.6119496855345912,1.9238930342708376,6.0,Chain-GBR-RR-EPSI(0.0)
551,PLR-REAL-Political,0.5666666666666667,1.923398634851442,6.0,Chain-GBR-RR-EPSI(0.0)
552,PLR-REAL-Political,0.5823899371069183,1.925494010842475,6.0,Chain-GBR-RR-EPSI(0.0)
553,PLR-REAL-Political,0.5599999999999999,1.9197777954050796,6.0,Chain-GBR-RR-EPSI(0.0)
554,PLR-REAL-Political,0.5942857142857143,1.9237206419338382,6.0,Chain-GBR-RR-EPSI(0.0)
555,PLR-REAL-Political,0.5834920634920635,1.9322413013439423,6.0,Chain-GBR-RR-EPSI(0.0)
556,PLR-REAL-Political,0.6279365079365078,1.9483092337140633,6.0,Chain-GBR-RR-EPSI(0.0)
557,PLR-REAL-Political,0.5276190476190477,1.919589813122735,6.0,Chain-GBR-RR-EPSI(0.0)
558,PLR-REAL-Political,0.6107936507936507,1.9215378712742885,6.0,Chain-GBR-RR-EPSI(0.0)
559,PLR-REAL-Political,0.598095238095238,1.928014617481438,6.0,Chain-GBR-RR-EPSI(0.0)
560,PLR-REAL-Political,0.5742138364779874,1.9248306455560145,6.0,Chain-GBR-RR-EPSI(0.0)
561,PLR-REAL-Political,0.5628930817610063,1.9188429052870788,6.0,Chain-GBR-RR-EPSI(0.0)
562,PLR-REAL-Political,0.620754716981132,1.9232375225964722,6.0,Chain-GBR-RR-EPSI(0.0)
563,PLR-REAL-Political,0.5987301587301588,1.9202930047106381,6.0,Chain-GBR-RR-EPSI(0.0)
564,PLR-REAL-Political,0.5987301587301587,1.9190704516018737,6.0,Chain-GBR-RR-EPSI(0.0)
565,PLR-REAL-Political,0.5726984126984127,1.918274077257339,6.0,Chain-GBR-RR-EPSI(0.0)
566,PLR-REAL-Political,0.5853968253968254,1.921656942693359,6.0,Chain-GBR-RR-EPSI(0.0)
567,PLR-REAL-Political,0.5847619047619047,1.9244458235610398,6.0,Chain-GBR-RR-EPSI(0.0)
568,PLR-REAL-Political,0.5968253968253969,1.9215154270265635,6.0,Chain-GBR-RR-EPSI(0.0)
569,PLR-REAL-Political,0.5796825396825397,1.9150291077385735,6.0,Chain-GBR-RR-EPSI(0.0)
570,PLR-REAL-Political,0.5823899371069182,1.9179841393476842,6.0,Chain-GBR-RR-EPSI(0.0)
571,PLR-REAL-Political,0.5716981132075472,1.9269636332327649,6.0,Chain-GBR-RR-EPSI(0.0)
572,PLR-REAL-Political,0.5955974842767295,1.922317273725728,6.0,Chain-GBR-RR-EPSI(0.0)
573,PLR-REAL-Political,0.5517460317460317,1.933734707799997,6.0,Chain-GBR-RR-EPSI(0.0)
574,PLR-REAL-Political,0.6241269841269842,1.9276661227897114,6.0,Chain-GBR-RR-EPSI(0.0)
575,PLR-REAL-Political,0.6006349206349206,1.9253333467471887,6.0,Chain-GBR-RR-EPSI(0.0)
576,PLR-REAL-Political,0.593015873015873,1.948816173535553,6.0,Chain-GBR-RR-EPSI(0.0)
577,PLR-REAL-Political,0.606984126984127,1.9419239162824058,6.0,Chain-GBR-RR-EPSI(0.0)
578,PLR-REAL-Political,0.5796825396825396,1.9240209857974233,6.0,Chain-GBR-RR-EPSI(0.0)
579,PLR-REAL-Political,0.5942857142857143,1.9161336521714307,6.0,Chain-GBR-RR-EPSI(0.0)
580,PLR-REAL-Political,0.5610062893081761,1.9341729845051996,6.0,Chain-GBR-RR-EPSI(0.0)
581,PLR-REAL-Political,0.5817610062893083,1.9247482495716475,6.0,Chain-GBR-RR-EPSI(0.0)
582,PLR-REAL-Political,0.5880503144654088,1.928812997749326,6.0,Chain-GBR-RR-EPSI(0.0)
583,PLR-REAL-Political,0.5733333333333333,1.9379989362305072,6.0,Chain-GBR-RR-EPSI(0.0)
584,PLR-REAL-Political,0.5701587301587301,1.9339811820761055,6.0,Chain-GBR-RR-EPSI(0.0)
585,PLR-REAL-Political,0.5726984126984126,1.9213669224534786,6.0,Chain-GBR-RR-EPSI(0.0)
586,PLR-REAL-Political,0.6133333333333334,1.9257335768170754,6.0,Chain-GBR-RR-EPSI(0.0)
587,PLR-REAL-Political,0.5746031746031746,1.9293051704812303,6.0,Chain-GBR-RR-EPSI(0.0)
588,PLR-REAL-Political,0.587936507936508,1.9406382084403138,6.0,Chain-GBR-RR-EPSI(0.0)
589,PLR-REAL-Political,0.6190476190476191,1.9316459297458333,6.0,Chain-GBR-RR-EPSI(0.0)
590,PLR-REAL-Political,0.5981132075471697,1.9574558880956219,6.0,Chain-GBR-RR-EPSI(0.0)
591,PLR-REAL-Political,0.5754716981132075,1.9251799694184033,6.0,Chain-GBR-RR-EPSI(0.0)
592,PLR-REAL-Political,0.5748427672955974,1.9307825173240856,6.0,Chain-GBR-RR-EPSI(0.0)
593,PLR-REAL-Political,0.5784126984126984,1.9425384716590792,6.0,Chain-GBR-RR-EPSI(0.0)
594,PLR-REAL-Political,0.5365079365079365,1.931437900230804,6.0,Chain-GBR-RR-EPSI(0.0)
595,PLR-REAL-Political,0.5777777777777778,1.9186115518208984,6.0,Chain-GBR-RR-EPSI(0.0)
596,PLR-REAL-Political,0.5968253968253967,1.919836453762116,6.0,Chain-GBR-RR-EPSI(0.0)
597,PLR-REAL-Political,0.6146031746031746,1.9287037366418776,6.0,Chain-GBR-RR-EPSI(0.0)
598,PLR-REAL-Political,0.6025396825396825,1.9233424868714415,6.0,Chain-GBR-RR-EPSI(0.0)
599,PLR-REAL-Political,0.5917460317460317,1.9192035581358917,6.0,Chain-GBR-RR-EPSI(0.0)
600,PLR-REAL-Political,0.6383647798742137,1.9207231551206834,5.4245283018867925,Chain-GBR-RR-EPSI(0.01)
601,PLR-REAL-Political,0.5930817610062893,1.9219610276875194,5.39622641509434,Chain-GBR-RR-EPSI(0.01)
602,PLR-REAL-Political,0.5955974842767295,1.9261939654014795,5.613207547169812,Chain-GBR-RR-EPSI(0.01)
603,PLR-REAL-Political,0.584126984126984,1.9218549339673534,5.542857142857143,Chain-GBR-RR-EPSI(0.01)
604,PLR-REAL-Political,0.6095238095238096,1.929101555055605,5.6380952380952385,Chain-GBR-RR-EPSI(0.01)
605,PLR-REAL-Political,0.6038095238095239,1.9317729401279116,5.580952380952381,Chain-GBR-RR-EPSI(0.01)
606,PLR-REAL-Political,0.6444444444444444,1.9302909299479942,5.580952380952381,Chain-GBR-RR-EPSI(0.01)
607,PLR-REAL-Political,0.5517460317460318,1.9240743360930592,5.571428571428571,Chain-GBR-RR-EPSI(0.01)
608,PLR-REAL-Political,0.6323809523809523,1.9240544546673015,5.580952380952381,Chain-GBR-RR-EPSI(0.01)
609,PLR-REAL-Political,0.6298412698412699,1.9291949150213166,5.428571428571429,Chain-GBR-RR-EPSI(0.01)
610,PLR-REAL-Political,0.5943396226415094,1.9240254751149541,5.566037735849057,Chain-GBR-RR-EPSI(0.01)
611,PLR-REAL-Political,0.589937106918239,1.921740825987876,5.490566037735849,Chain-GBR-RR-EPSI(0.01)
612,PLR-REAL-Political,0.6383647798742137,1.9264657236130978,5.547169811320755,Chain-GBR-RR-EPSI(0.01)
613,PLR-REAL-Political,0.6101587301587302,1.9171232282203394,5.6,Chain-GBR-RR-EPSI(0.01)
614,PLR-REAL-Political,0.6241269841269841,1.9183808005982643,5.495238095238095,Chain-GBR-RR-EPSI(0.01)
615,PLR-REAL-Political,0.5993650793650793,1.9276877018844907,5.485714285714286,Chain-GBR-RR-EPSI(0.01)
616,PLR-REAL-Political,0.6006349206349206,1.9316584289277998,5.609523809523809,Chain-GBR-RR-EPSI(0.01)
617,PLR-REAL-Political,0.6012698412698412,1.921412895053411,5.609523809523809,Chain-GBR-RR-EPSI(0.01)
618,PLR-REAL-Political,0.6203174603174604,1.9185000830091983,5.495238095238095,Chain-GBR-RR-EPSI(0.01)
619,PLR-REAL-Political,0.6057142857142858,1.9192961624444025,5.533333333333333,Chain-GBR-RR-EPSI(0.01)
620,PLR-REAL-Political,0.6119496855345912,1.9162639759302755,5.481132075471698,Chain-GBR-RR-EPSI(0.01)
621,PLR-REAL-Political,0.5962264150943396,1.928161356162397,5.5754716981132075,Chain-GBR-RR-EPSI(0.01)
622,PLR-REAL-Political,0.6075471698113208,1.9409861138814775,5.632075471698113,Chain-GBR-RR-EPSI(0.01)
623,PLR-REAL-Political,0.5625396825396826,1.9345687991853173,5.580952380952381,Chain-GBR-RR-EPSI(0.01)
624,PLR-REAL-Political,0.6457142857142857,1.9388871327459223,5.6,Chain-GBR-RR-EPSI(0.01)
625,PLR-REAL-Political,0.6133333333333334,1.9234680705387466,5.59047619047619,Chain-GBR-RR-EPSI(0.01)
626,PLR-REAL-Political,0.6139682539682539,1.9398097399973033,5.609523809523809,Chain-GBR-RR-EPSI(0.01)
627,PLR-REAL-Political,0.6228571428571428,1.933372977686742,5.619047619047619,Chain-GBR-RR-EPSI(0.01)
628,PLR-REAL-Political,0.6019047619047619,1.928874415217602,5.504761904761905,Chain-GBR-RR-EPSI(0.01)
629,PLR-REAL-Political,0.6165079365079366,1.9169569779872826,5.571428571428571,Chain-GBR-RR-EPSI(0.01)
630,PLR-REAL-Political,0.5817610062893083,1.9329054895954754,5.59433962264151,Chain-GBR-RR-EPSI(0.01)
631,PLR-REAL-Political,0.6006289308176102,1.9274560945856403,5.584905660377358,Chain-GBR-RR-EPSI(0.01)
632,PLR-REAL-Political,0.6144654088050314,1.9277544506094375,5.556603773584905,Chain-GBR-RR-EPSI(0.01)
633,PLR-REAL-Political,0.5961904761904762,1.924279242841288,5.504761904761905,Chain-GBR-RR-EPSI(0.01)
634,PLR-REAL-Political,0.5917460317460317,1.928329735519134,5.476190476190476,Chain-GBR-RR-EPSI(0.01)
635,PLR-REAL-Political,0.5949206349206348,1.9197268098304552,5.619047619047619,Chain-GBR-RR-EPSI(0.01)
636,PLR-REAL-Political,0.627936507936508,1.9339970322258135,5.580952380952381,Chain-GBR-RR-EPSI(0.01)
637,PLR-REAL-Political,0.6,1.9350322863099392,5.6,Chain-GBR-RR-EPSI(0.01)
638,PLR-REAL-Political,0.6044444444444445,1.9493582676549777,5.571428571428571,Chain-GBR-RR-EPSI(0.01)
639,PLR-REAL-Political,0.6374603174603175,1.9383790272694363,5.609523809523809,Chain-GBR-RR-EPSI(0.01)
640,PLR-REAL-Political,0.6188679245283019,1.9533655192576784,5.60377358490566,Chain-GBR-RR-EPSI(0.01)
641,PLR-REAL-Political,0.590566037735849,1.9280283553024162,5.60377358490566,Chain-GBR-RR-EPSI(0.01)
642,PLR-REAL-Political,0.5981132075471699,1.9419797464271662,5.528301886792453,Chain-GBR-RR-EPSI(0.01)
643,PLR-REAL-Political,0.5955555555555555,1.9514198572833779,5.609523809523809,Chain-GBR-RR-EPSI(0.01)
644,PLR-REAL-Political,0.5568253968253969,1.930788501169595,5.561904761904762,Chain-GBR-RR-EPSI(0.01)
645,PLR-REAL-Political,0.6019047619047619,1.9221391976006683,5.533333333333333,Chain-GBR-RR-EPSI(0.01)
646,PLR-REAL-Political,0.6158730158730159,1.931744870409453,5.552380952380952,Chain-GBR-RR-EPSI(0.01)
647,PLR-REAL-Political,0.6292063492063492,1.9324711811452462,5.609523809523809,Chain-GBR-RR-EPSI(0.01)
648,PLR-REAL-Political,0.620952380952381,1.923392890940462,5.628571428571429,Chain-GBR-RR-EPSI(0.01)
649,PLR-REAL-Political,0.6177777777777778,1.9154923511433224,5.580952380952381,Chain-GBR-RR-EPSI(0.01)
650,PLR-REAL-Political,0.6660377358490566,1.9182496202682864,4.820754716981132,Chain-GBR-RR-EPSI(0.03)
651,PLR-REAL-Political,0.6339622641509435,1.928838767149384,4.69811320754717,Chain-GBR-RR-EPSI(0.03)
652,PLR-REAL-Political,0.6371069182389938,1.9255943875060173,4.820754716981132,Chain-GBR-RR-EPSI(0.03)
653,PLR-REAL-Political,0.6190476190476191,1.927036335115351,4.780952380952381,Chain-GBR-RR-EPSI(0.03)
654,PLR-REAL-Political,0.633015873015873,1.949920886420548,5.0476190476190474,Chain-GBR-RR-EPSI(0.03)
655,PLR-REAL-Political,0.6355555555555554,1.9332949327998081,4.79047619047619,Chain-GBR-RR-EPSI(0.03)
656,PLR-REAL-Political,0.6787301587301587,1.9246029278740306,4.904761904761905,Chain-GBR-RR-EPSI(0.03)
657,PLR-REAL-Political,0.5936507936507937,1.9263827884096105,4.6761904761904765,Chain-GBR-RR-EPSI(0.03)
658,PLR-REAL-Political,0.6736507936507935,1.9337120699083066,4.819047619047619,Chain-GBR-RR-EPSI(0.03)
659,PLR-REAL-Political,0.6571428571428571,1.9327543131952016,4.828571428571428,Chain-GBR-RR-EPSI(0.03)
660,PLR-REAL-Political,0.6415094339622641,1.9211760229703738,4.915094339622642,Chain-GBR-RR-EPSI(0.03)
661,PLR-REAL-Political,0.6238993710691825,1.9265148105794423,4.9245283018867925,Chain-GBR-RR-EPSI(0.03)
662,PLR-REAL-Political,0.6578616352201258,1.924801238592533,4.990566037735849,Chain-GBR-RR-EPSI(0.03)
663,PLR-REAL-Political,0.6596825396825396,1.918982353532414,4.838095238095238,Chain-GBR-RR-EPSI(0.03)
664,PLR-REAL-Political,0.6590476190476191,1.915069485490311,4.857142857142857,Chain-GBR-RR-EPSI(0.03)
665,PLR-REAL-Political,0.6495238095238095,1.9179701751695921,4.6571428571428575,Chain-GBR-RR-EPSI(0.03)
666,PLR-REAL-Political,0.6171428571428571,1.9239054729674954,4.914285714285715,Chain-GBR-RR-EPSI(0.03)
667,PLR-REAL-Political,0.6444444444444444,1.9182683313530864,4.857142857142857,Chain-GBR-RR-EPSI(0.03)
668,PLR-REAL-Political,0.648888888888889,1.9173031881146343,4.885714285714286,Chain-GBR-RR-EPSI(0.03)
669,PLR-REAL-Political,0.6495238095238095,1.9163135414582597,4.714285714285714,Chain-GBR-RR-EPSI(0.03)
670,PLR-REAL-Political,0.6415094339622641,1.9175887865305166,4.867924528301887,Chain-GBR-RR-EPSI(0.03)
671,PLR-REAL-Political,0.6433962264150944,1.9228524762156782,4.80188679245283,Chain-GBR-RR-EPSI(0.03)
672,PLR-REAL-Political,0.6534591194968553,1.954605102955979,4.745283018867925,Chain-GBR-RR-EPSI(0.03)
673,PLR-REAL-Political,0.6114285714285714,1.9531273322091482,4.780952380952381,Chain-GBR-RR-EPSI(0.03)
674,PLR-REAL-Political,0.6723809523809524,1.9285481910610056,4.904761904761905,Chain-GBR-RR-EPSI(0.03)
675,PLR-REAL-Political,0.6552380952380952,1.9255859745577775,4.723809523809524,Chain-GBR-RR-EPSI(0.03)
676,PLR-REAL-Political,0.6501587301587302,1.9375791869978307,4.809523809523809,Chain-GBR-RR-EPSI(0.03)
677,PLR-REAL-Political,0.6520634920634919,1.9413674531049663,4.904761904761905,Chain-GBR-RR-EPSI(0.03)
678,PLR-REAL-Political,0.6342857142857142,1.9582030600900295,4.809523809523809,Chain-GBR-RR-EPSI(0.03)
679,PLR-REAL-Political,0.6438095238095237,1.9273038110820147,4.961904761904762,Chain-GBR-RR-EPSI(0.03)
680,PLR-REAL-Political,0.620125786163522,1.927199771731309,4.745283018867925,Chain-GBR-RR-EPSI(0.03)
681,PLR-REAL-Political,0.6333333333333334,1.9418399310091559,4.943396226415095,Chain-GBR-RR-EPSI(0.03)
682,PLR-REAL-Political,0.6465408805031446,1.9327542117630612,4.726415094339623,Chain-GBR-RR-EPSI(0.03)
683,PLR-REAL-Political,0.6393650793650795,1.9169681118091193,4.733333333333333,Chain-GBR-RR-EPSI(0.03)
684,PLR-REAL-Political,0.6285714285714286,1.932906089708669,4.628571428571429,Chain-GBR-RR-EPSI(0.03)
685,PLR-REAL-Political,0.6342857142857142,1.9350734684132047,4.819047619047619,Chain-GBR-RR-EPSI(0.03)
686,PLR-REAL-Political,0.6558730158730158,1.9483730059517486,4.838095238095238,Chain-GBR-RR-EPSI(0.03)
687,PLR-REAL-Political,0.6457142857142857,1.9422113715470959,4.79047619047619,Chain-GBR-RR-EPSI(0.03)
688,PLR-REAL-Political,0.6482539682539682,1.927067906676655,4.876190476190477,Chain-GBR-RR-EPSI(0.03)
689,PLR-REAL-Political,0.6882539682539681,1.9321019120411775,4.714285714285714,Chain-GBR-RR-EPSI(0.03)
690,PLR-REAL-Political,0.6628930817610063,1.9408961595953422,4.8584905660377355,Chain-GBR-RR-EPSI(0.03)
691,PLR-REAL-Political,0.642767295597484,1.9337441263101172,4.764150943396227,Chain-GBR-RR-EPSI(0.03)
692,PLR-REAL-Political,0.6371069182389937,1.9474814729618812,4.688679245283019,Chain-GBR-RR-EPSI(0.03)
693,PLR-REAL-Political,0.6311111111111111,1.9390593150056599,4.904761904761905,Chain-GBR-RR-EPSI(0.03)
694,PLR-REAL-Political,0.5968253968253968,1.9436458402868997,4.847619047619047,Chain-GBR-RR-EPSI(0.03)
695,PLR-REAL-Political,0.6412698412698412,1.9175390582341196,4.809523809523809,Chain-GBR-RR-EPSI(0.03)
696,PLR-REAL-Political,0.6704761904761906,1.9314673633418014,4.733333333333333,Chain-GBR-RR-EPSI(0.03)
697,PLR-REAL-Political,0.6603174603174603,1.9274362668870868,4.8,Chain-GBR-RR-EPSI(0.03)
698,PLR-REAL-Political,0.6584126984126984,1.9572378345058707,4.8,Chain-GBR-RR-EPSI(0.03)
699,PLR-REAL-Political,0.6565079365079366,1.9200634828948961,4.914285714285715,Chain-GBR-RR-EPSI(0.03)
700,PLR-REAL-Political,0.6968553459119496,1.9165869134797755,4.169811320754717,Chain-GBR-RR-EPSI(0.05)
701,PLR-REAL-Political,0.6622641509433964,1.9337715531972324,4.160377358490566,Chain-GBR-RR-EPSI(0.05)
702,PLR-REAL-Political,0.6622641509433963,1.9239319780560806,4.254716981132075,Chain-GBR-RR-EPSI(0.05)
703,PLR-REAL-Political,0.6577777777777778,1.927907847026773,4.190476190476191,Chain-GBR-RR-EPSI(0.05)
704,PLR-REAL-Political,0.6685714285714285,1.9249364393151536,4.390476190476191,Chain-GBR-RR-EPSI(0.05)
705,PLR-REAL-Political,0.6742857142857144,1.9299705638977809,4.20952380952381,Chain-GBR-RR-EPSI(0.05)
706,PLR-REAL-Political,0.7015873015873015,1.9284137216757773,4.238095238095238,Chain-GBR-RR-EPSI(0.05)
707,PLR-REAL-Political,0.634920634920635,1.925688901209398,4.133333333333334,Chain-GBR-RR-EPSI(0.05)
708,PLR-REAL-Political,0.6984126984126984,1.9526149241057933,4.295238095238095,Chain-GBR-RR-EPSI(0.05)
709,PLR-REAL-Political,0.6863492063492063,1.9267709050553,4.114285714285714,Chain-GBR-RR-EPSI(0.05)
710,PLR-REAL-Political,0.679874213836478,1.9387212670909915,4.273584905660377,Chain-GBR-RR-EPSI(0.05)
711,PLR-REAL-Political,0.6698113207547168,1.9270459494745007,4.216981132075472,Chain-GBR-RR-EPSI(0.05)
712,PLR-REAL-Political,0.6679245283018866,1.9232784626064514,4.367924528301887,Chain-GBR-RR-EPSI(0.05)
713,PLR-REAL-Political,0.6723809523809523,1.9243252034580312,4.333333333333333,Chain-GBR-RR-EPSI(0.05)
714,PLR-REAL-Political,0.6819047619047619,1.9160006505048552,4.104761904761904,Chain-GBR-RR-EPSI(0.05)
715,PLR-REAL-Political,0.6806349206349208,1.924375156143643,4.0285714285714285,Chain-GBR-RR-EPSI(0.05)
716,PLR-REAL-Political,0.666031746031746,1.9173542429946437,4.20952380952381,Chain-GBR-RR-EPSI(0.05)
717,PLR-REAL-Political,0.6800000000000002,1.921355096733721,4.247619047619048,Chain-GBR-RR-EPSI(0.05)
718,PLR-REAL-Political,0.6723809523809524,1.9200703351529866,4.295238095238095,Chain-GBR-RR-EPSI(0.05)
719,PLR-REAL-Political,0.6755555555555556,1.9158766350510978,4.133333333333334,Chain-GBR-RR-EPSI(0.05)
720,PLR-REAL-Political,0.6654088050314465,1.9165169342472914,4.254716981132075,Chain-GBR-RR-EPSI(0.05)
721,PLR-REAL-Political,0.6710691823899372,1.9248669939393468,4.226415094339623,Chain-GBR-RR-EPSI(0.05)
722,PLR-REAL-Political,0.6817610062893081,1.9458489331900939,4.2075471698113205,Chain-GBR-RR-EPSI(0.05)
723,PLR-REAL-Political,0.6514285714285715,1.9425228448642753,4.104761904761904,Chain-GBR-RR-EPSI(0.05)
724,PLR-REAL-Political,0.7015873015873016,1.9374740703639661,4.266666666666667,Chain-GBR-RR-EPSI(0.05)
725,PLR-REAL-Political,0.6806349206349205,1.9348415815695819,4.161904761904762,Chain-GBR-RR-EPSI(0.05)
726,PLR-REAL-Political,0.667936507936508,1.9288332168832962,4.133333333333334,Chain-GBR-RR-EPSI(0.05)
727,PLR-REAL-Political,0.6685714285714286,1.9376849177104503,4.161904761904762,Chain-GBR-RR-EPSI(0.05)
728,PLR-REAL-Political,0.648888888888889,1.9674776067877204,4.20952380952381,Chain-GBR-RR-EPSI(0.05)
729,PLR-REAL-Political,0.6755555555555555,1.931359023453103,4.295238095238095,Chain-GBR-RR-EPSI(0.05)
730,PLR-REAL-Political,0.6415094339622641,1.932434297941585,4.235849056603773,Chain-GBR-RR-EPSI(0.05)
731,PLR-REAL-Political,0.6729559748427674,1.9334348541053301,4.264150943396227,Chain-GBR-RR-EPSI(0.05)
732,PLR-REAL-Political,0.6779874213836476,1.9462203610875444,4.160377358490566,Chain-GBR-RR-EPSI(0.05)
733,PLR-REAL-Political,0.662222222222222,1.9203319160203072,4.190476190476191,Chain-GBR-RR-EPSI(0.05)
734,PLR-REAL-Political,0.6666666666666666,1.9320177858977172,4.0476190476190474,Chain-GBR-RR-EPSI(0.05)
735,PLR-REAL-Political,0.6698412698412698,1.9229799652043778,4.152380952380953,Chain-GBR-RR-EPSI(0.05)
736,PLR-REAL-Political,0.6698412698412698,1.9427515972478742,4.228571428571429,Chain-GBR-RR-EPSI(0.05)
737,PLR-REAL-Political,0.6876190476190478,1.942912981627249,4.133333333333334,Chain-GBR-RR-EPSI(0.05)
738,PLR-REAL-Political,0.6774603174603174,1.9257263445136235,4.285714285714286,Chain-GBR-RR-EPSI(0.05)
739,PLR-REAL-Political,0.7053968253968254,1.945706310156647,4.2,Chain-GBR-RR-EPSI(0.05)
740,PLR-REAL-Political,0.6937106918238994,1.9549842880072994,4.254716981132075,Chain-GBR-RR-EPSI(0.05)
741,PLR-REAL-Political,0.6691823899371068,1.92983288014612,4.09433962264151,Chain-GBR-RR-EPSI(0.05)
742,PLR-REAL-Political,0.6729559748427673,2.068682190177743,4.122641509433962,Chain-GBR-RR-EPSI(0.05)
743,PLR-REAL-Political,0.6641269841269842,1.9418847918535973,4.266666666666667,Chain-GBR-RR-EPSI(0.05)
744,PLR-REAL-Political,0.627936507936508,1.9453246317814552,4.2,Chain-GBR-RR-EPSI(0.05)
745,PLR-REAL-Political,0.6628571428571429,1.920656832650541,4.276190476190476,Chain-GBR-RR-EPSI(0.05)
746,PLR-REAL-Political,0.6939682539682539,1.930701909299684,4.20952380952381,Chain-GBR-RR-EPSI(0.05)
747,PLR-REAL-Political,0.6844444444444444,1.935633671611109,4.219047619047619,Chain-GBR-RR-EPSI(0.05)
748,PLR-REAL-Political,0.6806349206349207,1.9379859154442427,4.123809523809523,Chain-GBR-RR-EPSI(0.05)
749,PLR-REAL-Political,0.695873015873016,1.9161027959948211,4.3619047619047615,Chain-GBR-RR-EPSI(0.05)
750,PLR-REAL-Political,0.6999999999999998,1.917915588475402,3.5754716981132075,Chain-GBR-RR-EPSI(0.07)
751,PLR-REAL-Political,0.6880503144654087,1.9181491714503915,3.7264150943396226,Chain-GBR-RR-EPSI(0.07)
752,PLR-REAL-Political,0.6767295597484276,1.9498861549669455,3.849056603773585,Chain-GBR-RR-EPSI(0.07)
753,PLR-REAL-Political,0.6857142857142858,1.9414671592348989,3.742857142857143,Chain-GBR-RR-EPSI(0.07)
754,PLR-REAL-Political,0.6863492063492063,1.9246284093509796,3.857142857142857,Chain-GBR-RR-EPSI(0.07)
755,PLR-REAL-Political,0.686984126984127,1.9415415674961072,3.7333333333333334,Chain-GBR-RR-EPSI(0.07)
756,PLR-REAL-Political,0.7022222222222222,1.930940709531987,3.761904761904762,Chain-GBR-RR-EPSI(0.07)
757,PLR-REAL-Political,0.6577777777777778,1.9246470216464575,3.6,Chain-GBR-RR-EPSI(0.07)
758,PLR-REAL-Political,0.7155555555555555,1.9352635449055258,3.6857142857142855,Chain-GBR-RR-EPSI(0.07)
759,PLR-REAL-Political,0.7149206349206351,1.9233942844911045,3.552380952380952,Chain-GBR-RR-EPSI(0.07)
760,PLR-REAL-Political,0.70125786163522,1.9291175510245624,3.69811320754717,Chain-GBR-RR-EPSI(0.07)
761,PLR-REAL-Political,0.6716981132075472,1.923855183987162,3.7169811320754715,Chain-GBR-RR-EPSI(0.07)
762,PLR-REAL-Political,0.6836477987421382,1.9350208499701385,3.80188679245283,Chain-GBR-RR-EPSI(0.07)
763,PLR-REAL-Political,0.6971428571428571,1.9156629340330926,3.7523809523809524,Chain-GBR-RR-EPSI(0.07)
764,PLR-REAL-Political,0.6946031746031746,1.917249641872566,3.6285714285714286,Chain-GBR-RR-EPSI(0.07)
765,PLR-REAL-Political,0.6977777777777777,1.9167888623892821,3.6,Chain-GBR-RR-EPSI(0.07)
766,PLR-REAL-Political,0.6844444444444444,1.9193097700297705,3.6,Chain-GBR-RR-EPSI(0.07)
767,PLR-REAL-Political,0.7066666666666667,1.9230308335325026,3.742857142857143,Chain-GBR-RR-EPSI(0.07)
768,PLR-REAL-Political,0.688888888888889,1.9216222184919531,3.7714285714285714,Chain-GBR-RR-EPSI(0.07)
769,PLR-REAL-Political,0.6933333333333334,1.9174863583537691,3.742857142857143,Chain-GBR-RR-EPSI(0.07)
770,PLR-REAL-Political,0.6911949685534591,1.9192635575630619,3.6320754716981134,Chain-GBR-RR-EPSI(0.07)
771,PLR-REAL-Political,0.6899371069182391,1.9239668960674194,3.6226415094339623,Chain-GBR-RR-EPSI(0.07)
772,PLR-REAL-Political,0.7012578616352202,1.9327047375417727,3.707547169811321,Chain-GBR-RR-EPSI(0.07)
773,PLR-REAL-Political,0.6768253968253968,1.9446279978430334,3.6095238095238096,Chain-GBR-RR-EPSI(0.07)
774,PLR-REAL-Political,0.7193650793650794,1.9447864751004982,3.6666666666666665,Chain-GBR-RR-EPSI(0.07)
775,PLR-REAL-Political,0.6965079365079365,1.9366594965081192,3.6952380952380954,Chain-GBR-RR-EPSI(0.07)
776,PLR-REAL-Political,0.6914285714285715,1.942043050333754,3.6095238095238096,Chain-GBR-RR-EPSI(0.07)
777,PLR-REAL-Political,0.6857142857142857,1.9352169629018556,3.704761904761905,Chain-GBR-RR-EPSI(0.07)
778,PLR-REAL-Political,0.6711111111111111,1.9455460054937674,3.723809523809524,Chain-GBR-RR-EPSI(0.07)
779,PLR-REAL-Political,0.6952380952380952,1.9223651636476338,3.7523809523809524,Chain-GBR-RR-EPSI(0.07)
780,PLR-REAL-Political,0.6698113207547168,1.9305626611510698,3.7264150943396226,Chain-GBR-RR-EPSI(0.07)
781,PLR-REAL-Political,0.6974842767295597,1.9374880542790642,3.69811320754717,Chain-GBR-RR-EPSI(0.07)
782,PLR-REAL-Political,0.6874213836477986,1.95190665153662,3.707547169811321,Chain-GBR-RR-EPSI(0.07)
783,PLR-REAL-Political,0.6926984126984126,1.9239211740114763,3.7333333333333334,Chain-GBR-RR-EPSI(0.07)
784,PLR-REAL-Political,0.6831746031746032,1.9379564125514428,3.552380952380952,Chain-GBR-RR-EPSI(0.07)
785,PLR-REAL-Political,0.6787301587301587,1.9297257556675376,3.8190476190476192,Chain-GBR-RR-EPSI(0.07)
786,PLR-REAL-Political,0.6914285714285714,1.9427983396684303,3.638095238095238,Chain-GBR-RR-EPSI(0.07)
787,PLR-REAL-Political,0.7022222222222224,1.9500735862862966,3.7333333333333334,Chain-GBR-RR-EPSI(0.07)
788,PLR-REAL-Political,0.702857142857143,1.9316453552766744,3.742857142857143,Chain-GBR-RR-EPSI(0.07)
789,PLR-REAL-Political,0.7149206349206348,1.937732962765583,3.7523809523809524,Chain-GBR-RR-EPSI(0.07)
790,PLR-REAL-Political,0.7119496855345913,1.953050614609429,3.669811320754717,Chain-GBR-RR-EPSI(0.07)
791,PLR-REAL-Political,0.6830188679245284,1.9318011791379386,3.6226415094339623,Chain-GBR-RR-EPSI(0.07)
792,PLR-REAL-Political,0.6880503144654087,1.9320070164649605,3.660377358490566,Chain-GBR-RR-EPSI(0.07)
793,PLR-REAL-Political,0.6895238095238095,1.9351883312206524,3.723809523809524,Chain-GBR-RR-EPSI(0.07)
794,PLR-REAL-Political,0.6609523809523808,1.9440245081969332,3.6476190476190475,Chain-GBR-RR-EPSI(0.07)
795,PLR-REAL-Political,0.6730158730158731,1.9234207097098504,3.723809523809524,Chain-GBR-RR-EPSI(0.07)
796,PLR-REAL-Political,0.7066666666666667,1.9345195480533794,3.6952380952380954,Chain-GBR-RR-EPSI(0.07)
797,PLR-REAL-Political,0.6869841269841269,1.9276538446045282,3.676190476190476,Chain-GBR-RR-EPSI(0.07)
798,PLR-REAL-Political,0.7066666666666667,1.9372893652034568,3.638095238095238,Chain-GBR-RR-EPSI(0.07)
799,PLR-REAL-Political,0.7174603174603176,1.9175666064096917,3.7142857142857144,Chain-GBR-RR-EPSI(0.07)
800,PLR-REAL-Political,0.7150943396226414,1.9489834417434257,3.2264150943396226,Chain-GBR-RR-EPSI(0.09)
801,PLR-REAL-Political,0.7012578616352201,1.9208284582511832,3.339622641509434,Chain-GBR-RR-EPSI(0.09)
802,PLR-REAL-Political,0.6849056603773584,1.92645292291469,3.3773584905660377,Chain-GBR-RR-EPSI(0.09)
803,PLR-REAL-Political,0.6952380952380952,1.925079673466753,3.238095238095238,Chain-GBR-RR-EPSI(0.09)
804,PLR-REAL-Political,0.6926984126984127,1.9306059892764418,3.219047619047619,Chain-GBR-RR-EPSI(0.09)
805,PLR-REAL-Political,0.6971428571428572,1.93121830891483,3.323809523809524,Chain-GBR-RR-EPSI(0.09)
806,PLR-REAL-Political,0.6946031746031747,1.9239527860422785,3.295238095238095,Chain-GBR-RR-EPSI(0.09)
807,PLR-REAL-Political,0.6723809523809524,1.9234936643704639,3.123809523809524,Chain-GBR-RR-EPSI(0.09)
808,PLR-REAL-Political,0.7288888888888889,1.9264049494516415,3.1809523809523808,Chain-GBR-RR-EPSI(0.09)
809,PLR-REAL-Political,0.7187301587301588,1.925736927814629,3.2095238095238097,Chain-GBR-RR-EPSI(0.09)
810,PLR-REAL-Political,0.7062893081761006,1.918265917679766,3.207547169811321,Chain-GBR-RR-EPSI(0.09)
811,PLR-REAL-Political,0.6786163522012577,1.9333950159748006,3.2169811320754715,Chain-GBR-RR-EPSI(0.09)
812,PLR-REAL-Political,0.691194968553459,1.9296970055902005,3.30188679245283,Chain-GBR-RR-EPSI(0.09)
813,PLR-REAL-Political,0.685079365079365,1.9143763243548133,3.2095238095238097,Chain-GBR-RR-EPSI(0.09)
814,PLR-REAL-Political,0.700952380952381,1.9270165603685285,3.1714285714285713,Chain-GBR-RR-EPSI(0.09)
815,PLR-REAL-Political,0.6939682539682539,1.9148856937595866,3.1904761904761907,Chain-GBR-RR-EPSI(0.09)
816,PLR-REAL-Political,0.6850793650793651,1.9254630652433296,3.0952380952380953,Chain-GBR-RR-EPSI(0.09)
817,PLR-REAL-Political,0.7104761904761904,1.9226641101048718,3.2476190476190476,Chain-GBR-RR-EPSI(0.09)
818,PLR-REAL-Political,0.7092063492063492,1.9204359668730442,3.3333333333333335,Chain-GBR-RR-EPSI(0.09)
819,PLR-REAL-Political,0.7034920634920634,1.9165755592606768,3.276190476190476,Chain-GBR-RR-EPSI(0.09)
820,PLR-REAL-Political,0.6987421383647798,1.9191385904678315,3.188679245283019,Chain-GBR-RR-EPSI(0.09)
821,PLR-REAL-Political,0.7012578616352201,1.9328365447207088,3.2169811320754715,Chain-GBR-RR-EPSI(0.09)
822,PLR-REAL-Political,0.7075471698113207,1.9315185178014047,3.188679245283019,Chain-GBR-RR-EPSI(0.09)
823,PLR-REAL-Political,0.6990476190476191,1.9294815568933257,3.1809523809523808,Chain-GBR-RR-EPSI(0.09)
824,PLR-REAL-Political,0.7060317460317461,1.938450458792859,3.2,Chain-GBR-RR-EPSI(0.09)
825,PLR-REAL-Political,0.7288888888888889,1.9280456083501392,3.1904761904761907,Chain-GBR-RR-EPSI(0.09)
826,PLR-REAL-Political,0.7212698412698412,1.9333907408541346,3.1809523809523808,Chain-GBR-RR-EPSI(0.09)
827,PLR-REAL-Political,0.6717460317460318,1.9468655297173783,3.2,Chain-GBR-RR-EPSI(0.09)
828,PLR-REAL-Political,0.6914285714285714,1.9441428114940267,3.3142857142857145,Chain-GBR-RR-EPSI(0.09)
829,PLR-REAL-Political,0.7003174603174603,1.9192574671810847,3.3142857142857145,Chain-GBR-RR-EPSI(0.09)
830,PLR-REAL-Political,0.6981132075471698,1.9424405588030784,3.19811320754717,Chain-GBR-RR-EPSI(0.09)
831,PLR-REAL-Political,0.7044025157232705,1.9354162415092766,3.2641509433962264,Chain-GBR-RR-EPSI(0.09)
832,PLR-REAL-Political,0.6855345911949685,1.9508102917734174,3.2358490566037736,Chain-GBR-RR-EPSI(0.09)
833,PLR-REAL-Political,0.6914285714285714,1.9298447738391018,3.3142857142857145,Chain-GBR-RR-EPSI(0.09)
834,PLR-REAL-Political,0.693968253968254,1.9429059858369515,3.1142857142857143,Chain-GBR-RR-EPSI(0.09)
835,PLR-REAL-Political,0.6946031746031747,1.9223247802305043,3.2285714285714286,Chain-GBR-RR-EPSI(0.09)
836,PLR-REAL-Political,0.6958730158730158,1.9371833266084673,3.1523809523809523,Chain-GBR-RR-EPSI(0.09)
837,PLR-REAL-Political,0.7263492063492065,1.9505351144955823,3.1809523809523808,Chain-GBR-RR-EPSI(0.09)
838,PLR-REAL-Political,0.6901587301587302,1.946122915580789,3.1714285714285713,Chain-GBR-RR-EPSI(0.09)
839,PLR-REAL-Political,0.728888888888889,1.9303224726432144,3.323809523809524,Chain-GBR-RR-EPSI(0.09)
840,PLR-REAL-Political,0.7144654088050315,1.9517069558780635,3.19811320754717,Chain-GBR-RR-EPSI(0.09)
841,PLR-REAL-Political,0.6968553459119496,1.932975502106438,3.2264150943396226,Chain-GBR-RR-EPSI(0.09)
842,PLR-REAL-Political,0.6943396226415095,1.9391099200206263,3.19811320754717,Chain-GBR-RR-EPSI(0.09)
843,PLR-REAL-Political,0.6946031746031747,1.9360628005816536,3.2285714285714286,Chain-GBR-RR-EPSI(0.09)
844,PLR-REAL-Political,0.6863492063492063,1.9526586362043186,3.238095238095238,Chain-GBR-RR-EPSI(0.09)
845,PLR-REAL-Political,0.6685714285714286,1.919555402309964,3.3142857142857145,Chain-GBR-RR-EPSI(0.09)
846,PLR-REAL-Political,0.716190476190476,1.9469963930719552,3.2857142857142856,Chain-GBR-RR-EPSI(0.09)
847,PLR-REAL-Political,0.6825396825396824,1.9194432711787919,3.219047619047619,Chain-GBR-RR-EPSI(0.09)
848,PLR-REAL-Political,0.7053968253968254,1.9423055530351532,3.123809523809524,Chain-GBR-RR-EPSI(0.09)
849,PLR-REAL-Political,0.7161904761904763,1.9166963186682808,3.1714285714285713,Chain-GBR-RR-EPSI(0.09)
850,PLR-REAL-Political,0.7044025157232704,1.9212289253402477,2.669811320754717,Chain-GBR-RR-EPSI(0.12)
851,PLR-REAL-Political,0.6993710691823898,1.918924410417398,2.7264150943396226,Chain-GBR-RR-EPSI(0.12)
852,PLR-REAL-Political,0.6540880503144654,1.9239948108515694,2.669811320754717,Chain-GBR-RR-EPSI(0.12)
853,PLR-REAL-Political,0.6958730158730159,1.9225362794822898,2.742857142857143,Chain-GBR-RR-EPSI(0.12)
854,PLR-REAL-Political,0.6793650793650793,1.9244153293290687,2.6285714285714286,Chain-GBR-RR-EPSI(0.12)
855,PLR-REAL-Political,0.660952380952381,1.9304043573939111,2.5238095238095237,Chain-GBR-RR-EPSI(0.12)
856,PLR-REAL-Political,0.7022222222222222,1.9216027398924225,2.6857142857142855,Chain-GBR-RR-EPSI(0.12)
857,PLR-REAL-Political,0.6641269841269841,1.933178180773371,2.619047619047619,Chain-GBR-RR-EPSI(0.12)
858,PLR-REAL-Political,0.7161904761904763,1.9234067753178576,2.6095238095238096,Chain-GBR-RR-EPSI(0.12)
859,PLR-REAL-Political,0.72,1.9192469158433545,2.638095238095238,Chain-GBR-RR-EPSI(0.12)
860,PLR-REAL-Political,0.6635220125786163,1.9192742070718787,2.547169811320755,Chain-GBR-RR-EPSI(0.12)
861,PLR-REAL-Political,0.6654088050314465,1.9212144682378474,2.707547169811321,Chain-GBR-RR-EPSI(0.12)
862,PLR-REAL-Political,0.6685534591194968,1.9207886946688348,2.6226415094339623,Chain-GBR-RR-EPSI(0.12)
863,PLR-REAL-Political,0.6412698412698412,1.922235802960009,2.5714285714285716,Chain-GBR-RR-EPSI(0.12)
864,PLR-REAL-Political,0.6755555555555556,1.9278601319881596,2.580952380952381,Chain-GBR-RR-EPSI(0.12)
865,PLR-REAL-Political,0.6825396825396826,1.92169329076931,2.638095238095238,Chain-GBR-RR-EPSI(0.12)
866,PLR-REAL-Political,0.6895238095238095,1.9161586525813477,2.4857142857142858,Chain-GBR-RR-EPSI(0.12)
867,PLR-REAL-Political,0.7073015873015873,1.9217861812118326,2.676190476190476,Chain-GBR-RR-EPSI(0.12)
868,PLR-REAL-Political,0.7098412698412699,1.9172919430590991,2.6857142857142855,Chain-GBR-RR-EPSI(0.12)
869,PLR-REAL-Political,0.6838095238095238,1.9198627445840308,2.761904761904762,Chain-GBR-RR-EPSI(0.12)
870,PLR-REAL-Political,0.6647798742138363,1.9202109715363953,2.5754716981132075,Chain-GBR-RR-EPSI(0.12)
871,PLR-REAL-Political,0.6748427672955976,1.9330835109907987,2.6226415094339623,Chain-GBR-RR-EPSI(0.12)
872,PLR-REAL-Political,0.6836477987421384,1.9462726827277692,2.650943396226415,Chain-GBR-RR-EPSI(0.12)
873,PLR-REAL-Political,0.6850793650793651,1.938655625199703,2.6666666666666665,Chain-GBR-RR-EPSI(0.12)
874,PLR-REAL-Political,0.6926984126984128,1.9435405179525878,2.580952380952381,Chain-GBR-RR-EPSI(0.12)
875,PLR-REAL-Political,0.7225396825396826,1.944985659078791,2.704761904761905,Chain-GBR-RR-EPSI(0.12)
876,PLR-REAL-Political,0.6844444444444444,1.929796356005359,2.580952380952381,Chain-GBR-RR-EPSI(0.12)
877,PLR-REAL-Political,0.6374603174603175,1.9379027555128712,2.6095238095238096,Chain-GBR-RR-EPSI(0.12)
878,PLR-REAL-Political,0.674920634920635,1.9485716388238754,2.657142857142857,Chain-GBR-RR-EPSI(0.12)
879,PLR-REAL-Political,0.671111111111111,1.9272493974180396,2.6476190476190475,Chain-GBR-RR-EPSI(0.12)
880,PLR-REAL-Political,0.6830188679245285,1.9266680088953403,2.650943396226415,Chain-GBR-RR-EPSI(0.12)
881,PLR-REAL-Political,0.6874213836477988,1.923643664651781,2.6132075471698113,Chain-GBR-RR-EPSI(0.12)
882,PLR-REAL-Political,0.6893081761006289,1.9440628269005498,2.7169811320754715,Chain-GBR-RR-EPSI(0.12)
883,PLR-REAL-Political,0.6838095238095239,1.9306282352235626,2.657142857142857,Chain-GBR-RR-EPSI(0.12)
884,PLR-REAL-Political,0.6812698412698412,1.9422284839802684,2.657142857142857,Chain-GBR-RR-EPSI(0.12)
885,PLR-REAL-Political,0.6926984126984128,1.92814812645382,2.7333333333333334,Chain-GBR-RR-EPSI(0.12)
886,PLR-REAL-Political,0.6863492063492063,1.930806434989116,2.6285714285714286,Chain-GBR-RR-EPSI(0.12)
887,PLR-REAL-Political,0.6984126984126985,1.9428485905968362,2.657142857142857,Chain-GBR-RR-EPSI(0.12)
888,PLR-REAL-Political,0.6895238095238094,1.9395474349023247,2.657142857142857,Chain-GBR-RR-EPSI(0.12)
889,PLR-REAL-Political,0.667936507936508,1.9335981474932362,2.638095238095238,Chain-GBR-RR-EPSI(0.12)
890,PLR-REAL-Political,0.6855345911949686,1.9422526615625175,2.6226415094339623,Chain-GBR-RR-EPSI(0.12)
891,PLR-REAL-Political,0.6911949685534591,1.9384355821769896,2.707547169811321,Chain-GBR-RR-EPSI(0.12)
892,PLR-REAL-Political,0.6943396226415094,1.9393916089097094,2.669811320754717,Chain-GBR-RR-EPSI(0.12)
893,PLR-REAL-Political,0.6793650793650793,1.9522150239661287,2.6285714285714286,Chain-GBR-RR-EPSI(0.12)
894,PLR-REAL-Political,0.6590476190476191,1.9396311578834629,2.723809523809524,Chain-GBR-RR-EPSI(0.12)
895,PLR-REAL-Political,0.6526984126984128,1.9264743488143221,2.552380952380952,Chain-GBR-RR-EPSI(0.12)
896,PLR-REAL-Political,0.6965079365079365,1.9289902204801415,2.704761904761905,Chain-GBR-RR-EPSI(0.12)
897,PLR-REAL-Political,0.678095238095238,1.9221359517716448,2.676190476190476,Chain-GBR-RR-EPSI(0.12)
898,PLR-REAL-Political,0.6946031746031747,1.9456921289853535,2.6095238095238096,Chain-GBR-RR-EPSI(0.12)
899,PLR-REAL-Political,0.6819047619047619,1.9198868960321003,2.5714285714285716,Chain-GBR-RR-EPSI(0.12)
900,PLR-REAL-Political,0.6710691823899372,1.9174878297804863,2.339622641509434,Chain-GBR-RR-EPSI(0.14)
901,PLR-REAL-Political,0.6572327044025157,1.9218278286444408,2.330188679245283,Chain-GBR-RR-EPSI(0.14)
902,PLR-REAL-Political,0.6169811320754717,1.917808300209979,2.2830188679245285,Chain-GBR-RR-EPSI(0.14)
903,PLR-REAL-Political,0.6622222222222222,1.9205781403432811,2.4,Chain-GBR-RR-EPSI(0.14)
904,PLR-REAL-Political,0.636190476190476,1.926233552855406,2.3047619047619046,Chain-GBR-RR-EPSI(0.14)
905,PLR-REAL-Political,0.6285714285714286,1.9243692406789326,2.2666666666666666,Chain-GBR-RR-EPSI(0.14)
906,PLR-REAL-Political,0.6584126984126983,1.926539214369395,2.342857142857143,Chain-GBR-RR-EPSI(0.14)
907,PLR-REAL-Political,0.6590476190476191,1.9192718727884537,2.4095238095238094,Chain-GBR-RR-EPSI(0.14)
908,PLR-REAL-Political,0.6641269841269842,1.927812768430161,2.3047619047619046,Chain-GBR-RR-EPSI(0.14)
909,PLR-REAL-Political,0.6965079365079364,1.92767587894748,2.3714285714285714,Chain-GBR-RR-EPSI(0.14)
910,PLR-REAL-Political,0.6358490566037736,1.9180387741036038,2.2830188679245285,Chain-GBR-RR-EPSI(0.14)
911,PLR-REAL-Political,0.6446540880503144,1.9185273613178342,2.349056603773585,Chain-GBR-RR-EPSI(0.14)
912,PLR-REAL-Political,0.6490566037735849,1.9243914929046664,2.311320754716981,Chain-GBR-RR-EPSI(0.14)
913,PLR-REAL-Political,0.6120634920634921,1.9183223671762226,2.4095238095238094,Chain-GBR-RR-EPSI(0.14)
914,PLR-REAL-Political,0.6622222222222222,1.917709970205901,2.380952380952381,Chain-GBR-RR-EPSI(0.14)
915,PLR-REAL-Political,0.6431746031746032,1.9266364684856134,2.3142857142857145,Chain-GBR-RR-EPSI(0.14)
916,PLR-REAL-Political,0.6761904761904762,1.9207496655756482,2.3047619047619046,Chain-GBR-RR-EPSI(0.14)
917,PLR-REAL-Political,0.6584126984126983,1.9201992592234696,2.3047619047619046,Chain-GBR-RR-EPSI(0.14)
918,PLR-REAL-Political,0.6768253968253969,1.919660496358409,2.380952380952381,Chain-GBR-RR-EPSI(0.14)
919,PLR-REAL-Political,0.666031746031746,1.9207244041742837,2.4,Chain-GBR-RR-EPSI(0.14)
920,PLR-REAL-Political,0.6484276729559747,1.9193824573479579,2.358490566037736,Chain-GBR-RR-EPSI(0.14)
921,PLR-REAL-Political,0.6534591194968554,1.9364700747672279,2.339622641509434,Chain-GBR-RR-EPSI(0.14)
922,PLR-REAL-Political,0.6559748427672955,1.9386342294409529,2.3207547169811322,Chain-GBR-RR-EPSI(0.14)
923,PLR-REAL-Political,0.6704761904761904,1.9255386858934034,2.380952380952381,Chain-GBR-RR-EPSI(0.14)
924,PLR-REAL-Political,0.68,1.9410477653624574,2.3523809523809525,Chain-GBR-RR-EPSI(0.14)
925,PLR-REAL-Political,0.6946031746031747,1.9381244181025044,2.380952380952381,Chain-GBR-RR-EPSI(0.14)
926,PLR-REAL-Political,0.664126984126984,1.933018910088144,2.323809523809524,Chain-GBR-RR-EPSI(0.14)
927,PLR-REAL-Political,0.6006349206349206,1.9368202128267384,2.2476190476190476,Chain-GBR-RR-EPSI(0.14)
928,PLR-REAL-Political,0.6558730158730159,1.9450394223802978,2.323809523809524,Chain-GBR-RR-EPSI(0.14)
929,PLR-REAL-Political,0.660952380952381,1.9251501091805823,2.3047619047619046,Chain-GBR-RR-EPSI(0.14)
930,PLR-REAL-Political,0.6459119496855348,1.9251494536772542,2.2641509433962264,Chain-GBR-RR-EPSI(0.14)
931,PLR-REAL-Political,0.6503144654088051,1.9190016677579533,2.2735849056603774,Chain-GBR-RR-EPSI(0.14)
932,PLR-REAL-Political,0.6616352201257862,1.9437386039705697,2.4245283018867925,Chain-GBR-RR-EPSI(0.14)
933,PLR-REAL-Political,0.6533333333333333,1.93480521383396,2.380952380952381,Chain-GBR-RR-EPSI(0.14)
934,PLR-REAL-Political,0.6685714285714285,1.9584902718342634,2.3714285714285714,Chain-GBR-RR-EPSI(0.14)
935,PLR-REAL-Political,0.6711111111111111,1.9375475194606533,2.3333333333333335,Chain-GBR-RR-EPSI(0.14)
936,PLR-REAL-Political,0.6488888888888888,1.923670680724627,2.3142857142857145,Chain-GBR-RR-EPSI(0.14)
937,PLR-REAL-Political,0.6774603174603174,1.9431419011258606,2.3523809523809525,Chain-GBR-RR-EPSI(0.14)
938,PLR-REAL-Political,0.6482539682539682,1.9430621550061458,2.3142857142857145,Chain-GBR-RR-EPSI(0.14)
939,PLR-REAL-Political,0.6476190476190478,1.940925086866078,2.295238095238095,Chain-GBR-RR-EPSI(0.14)
940,PLR-REAL-Political,0.6641509433962265,1.9476804994381058,2.349056603773585,Chain-GBR-RR-EPSI(0.14)
941,PLR-REAL-Political,0.6742138364779876,1.9296031727879002,2.4056603773584904,Chain-GBR-RR-EPSI(0.14)
942,PLR-REAL-Political,0.6748427672955973,1.9395484103779952,2.349056603773585,Chain-GBR-RR-EPSI(0.14)
943,PLR-REAL-Political,0.6666666666666669,1.9467921269613526,2.3333333333333335,Chain-GBR-RR-EPSI(0.14)
944,PLR-REAL-Political,0.6406349206349207,1.949370946370081,2.3523809523809525,Chain-GBR-RR-EPSI(0.14)
945,PLR-REAL-Political,0.64,1.9280343126751573,2.323809523809524,Chain-GBR-RR-EPSI(0.14)
946,PLR-REAL-Political,0.6501587301587302,1.9479806389839418,2.295238095238095,Chain-GBR-RR-EPSI(0.14)
947,PLR-REAL-Political,0.6476190476190476,1.931182445865405,2.3714285714285714,Chain-GBR-RR-EPSI(0.14)
948,PLR-REAL-Political,0.6584126984126983,1.945490203730246,2.276190476190476,Chain-GBR-RR-EPSI(0.14)
949,PLR-REAL-Political,0.6584126984126984,1.915330228112765,2.3142857142857145,Chain-GBR-RR-EPSI(0.14)
950,PLR-REAL-Political,0.630817610062893,1.9463157173471424,2.056603773584906,Chain-GBR-RR-EPSI(0.16)
951,PLR-REAL-Political,0.640251572327044,1.9181525325418907,2.0660377358490565,Chain-GBR-RR-EPSI(0.16)
952,PLR-REAL-Political,0.5748427672955975,1.9182476003176132,2.018867924528302,Chain-GBR-RR-EPSI(0.16)
953,PLR-REAL-Political,0.6298412698412699,1.922521674529835,2.066666666666667,Chain-GBR-RR-EPSI(0.16)
954,PLR-REAL-Political,0.5873015873015873,1.9211735518694333,2.0476190476190474,Chain-GBR-RR-EPSI(0.16)
955,PLR-REAL-Political,0.5828571428571429,1.9430721614649076,2.019047619047619,Chain-GBR-RR-EPSI(0.16)
956,PLR-REAL-Political,0.6146031746031746,1.9219386857808687,2.0476190476190474,Chain-GBR-RR-EPSI(0.16)
957,PLR-REAL-Political,0.627936507936508,1.920200321160247,2.1714285714285713,Chain-GBR-RR-EPSI(0.16)
958,PLR-REAL-Political,0.6234920634920635,1.932167402061825,2.0952380952380953,Chain-GBR-RR-EPSI(0.16)
959,PLR-REAL-Political,0.6463492063492065,1.9227715664986946,2.0476190476190474,Chain-GBR-RR-EPSI(0.16)
960,PLR-REAL-Political,0.609433962264151,1.928424064210104,2.047169811320755,Chain-GBR-RR-EPSI(0.16)
961,PLR-REAL-Political,0.5937106918238994,1.9183469785920126,2.0660377358490565,Chain-GBR-RR-EPSI(0.16)
962,PLR-REAL-Political,0.6276729559748427,1.9210430470458362,2.0943396226415096,Chain-GBR-RR-EPSI(0.16)
963,PLR-REAL-Political,0.5726984126984126,1.9211052815710583,2.066666666666667,Chain-GBR-RR-EPSI(0.16)
964,PLR-REAL-Political,0.638095238095238,1.9182609570532843,2.1142857142857143,Chain-GBR-RR-EPSI(0.16)
965,PLR-REAL-Political,0.6165079365079366,1.9200737326551942,2.0476190476190474,Chain-GBR-RR-EPSI(0.16)
966,PLR-REAL-Political,0.648888888888889,1.9234957301353293,2.1142857142857143,Chain-GBR-RR-EPSI(0.16)
967,PLR-REAL-Political,0.5917460317460317,1.9209489987850528,2.0476190476190474,Chain-GBR-RR-EPSI(0.16)
968,PLR-REAL-Political,0.6444444444444444,1.9222897546304494,2.142857142857143,Chain-GBR-RR-EPSI(0.16)
969,PLR-REAL-Political,0.6285714285714284,1.9208816043715462,2.104761904761905,Chain-GBR-RR-EPSI(0.16)
970,PLR-REAL-Political,0.6056603773584905,1.9150579690850995,2.0377358490566038,Chain-GBR-RR-EPSI(0.16)
971,PLR-REAL-Political,0.6226415094339623,1.9490963963386376,2.1226415094339623,Chain-GBR-RR-EPSI(0.16)
972,PLR-REAL-Political,0.6081761006289308,1.9292414819176507,2.056603773584906,Chain-GBR-RR-EPSI(0.16)
973,PLR-REAL-Political,0.6469841269841269,1.9368310728235718,2.1333333333333333,Chain-GBR-RR-EPSI(0.16)
974,PLR-REAL-Political,0.6266666666666666,1.9511232331850386,2.0952380952380953,Chain-GBR-RR-EPSI(0.16)
975,PLR-REAL-Political,0.6253968253968254,1.941233944634204,2.085714285714286,Chain-GBR-RR-EPSI(0.16)
976,PLR-REAL-Political,0.6241269841269841,1.9369991413628376,2.0761904761904764,Chain-GBR-RR-EPSI(0.16)
977,PLR-REAL-Political,0.5561904761904762,1.9400510024887416,2.0476190476190474,Chain-GBR-RR-EPSI(0.16)
978,PLR-REAL-Political,0.6139682539682539,1.9365953157005895,2.057142857142857,Chain-GBR-RR-EPSI(0.16)
979,PLR-REAL-Political,0.6133333333333334,1.9322022717428868,2.057142857142857,Chain-GBR-RR-EPSI(0.16)
980,PLR-REAL-Political,0.6044025157232704,1.9348915758616627,1.9811320754716981,Chain-GBR-RR-EPSI(0.16)
981,PLR-REAL-Political,0.5993710691823899,1.9306547678915225,2.0283018867924527,Chain-GBR-RR-EPSI(0.16)
982,PLR-REAL-Political,0.6119496855345912,1.9529319097916589,2.1037735849056602,Chain-GBR-RR-EPSI(0.16)
983,PLR-REAL-Political,0.6,1.9203113474233287,2.123809523809524,Chain-GBR-RR-EPSI(0.16)
984,PLR-REAL-Political,0.6323809523809525,1.9569450243306667,2.1523809523809523,Chain-GBR-RR-EPSI(0.16)
985,PLR-REAL-Political,0.6552380952380952,1.9254007019097357,2.0476190476190474,Chain-GBR-RR-EPSI(0.16)
986,PLR-REAL-Political,0.5961904761904762,1.9240697428213986,2.019047619047619,Chain-GBR-RR-EPSI(0.16)
987,PLR-REAL-Political,0.6088888888888888,1.9373003134287266,2.038095238095238,Chain-GBR-RR-EPSI(0.16)
988,PLR-REAL-Political,0.6126984126984126,1.9584242979483961,2.066666666666667,Chain-GBR-RR-EPSI(0.16)
989,PLR-REAL-Political,0.5942857142857143,1.9350857835043873,2.066666666666667,Chain-GBR-RR-EPSI(0.16)
990,PLR-REAL-Political,0.6163522012578616,1.9483770797037048,2.0377358490566038,Chain-GBR-RR-EPSI(0.16)
991,PLR-REAL-Political,0.6389937106918239,1.9458474114166235,2.1132075471698113,Chain-GBR-RR-EPSI(0.16)
992,PLR-REAL-Political,0.6283018867924527,1.941517101640377,2.0754716981132075,Chain-GBR-RR-EPSI(0.16)
993,PLR-REAL-Political,0.6088888888888889,1.93805701834798,2.0761904761904764,Chain-GBR-RR-EPSI(0.16)
994,PLR-REAL-Political,0.6012698412698413,1.9347152087633972,2.066666666666667,Chain-GBR-RR-EPSI(0.16)
995,PLR-REAL-Political,0.5892063492063492,1.925344744611827,2.085714285714286,Chain-GBR-RR-EPSI(0.16)
996,PLR-REAL-Political,0.6126984126984126,1.9547644045735897,2.0476190476190474,Chain-GBR-RR-EPSI(0.16)
997,PLR-REAL-Political,0.6152380952380954,1.9330644962124481,2.1714285714285713,Chain-GBR-RR-EPSI(0.16)
998,PLR-REAL-Political,0.6374603174603175,1.9438010811226702,2.1142857142857143,Chain-GBR-RR-EPSI(0.16)
999,PLR-REAL-Political,0.6304761904761904,1.9157084642674,2.0476190476190474,Chain-GBR-RR-EPSI(0.16)
1000,PLR-REAL-Political,0.5691823899371069,1.9189296037453218,1.849056603773585,Chain-GBR-RR-EPSI(0.18)
1001,PLR-REAL-Political,0.5672955974842768,1.919286737571298,1.7924528301886793,Chain-GBR-RR-EPSI(0.18)
1002,PLR-REAL-Political,0.5283018867924528,1.9206985610607448,1.7735849056603774,Chain-GBR-RR-EPSI(0.18)
1003,PLR-REAL-Political,0.5879365079365079,1.9166128482348326,1.8476190476190477,Chain-GBR-RR-EPSI(0.18)
1004,PLR-REAL-Political,0.5517460317460318,1.9187453447259817,1.8571428571428572,Chain-GBR-RR-EPSI(0.18)
1005,PLR-REAL-Political,0.5104761904761905,1.9190128576606806,1.7619047619047619,Chain-GBR-RR-EPSI(0.18)
1006,PLR-REAL-Political,0.5739682539682539,1.9183813984584868,1.838095238095238,Chain-GBR-RR-EPSI(0.18)
1007,PLR-REAL-Political,0.5796825396825398,1.9202949002924463,1.9142857142857144,Chain-GBR-RR-EPSI(0.18)
1008,PLR-REAL-Political,0.5701587301587302,1.9329251908456857,1.8476190476190477,Chain-GBR-RR-EPSI(0.18)
1009,PLR-REAL-Political,0.5917460317460317,1.9198977771092696,1.8666666666666667,Chain-GBR-RR-EPSI(0.18)
1010,PLR-REAL-Political,0.5540880503144654,1.9186186247879138,1.8018867924528301,Chain-GBR-RR-EPSI(0.18)
1011,PLR-REAL-Political,0.5440251572327044,1.9306702099993116,1.8867924528301887,Chain-GBR-RR-EPSI(0.18)
1012,PLR-REAL-Political,0.5352201257861635,1.919882664808831,1.7452830188679245,Chain-GBR-RR-EPSI(0.18)
1013,PLR-REAL-Political,0.544126984126984,1.91800716608347,1.9047619047619047,Chain-GBR-RR-EPSI(0.18)
1014,PLR-REAL-Political,0.6006349206349206,1.9154673498163195,1.9238095238095239,Chain-GBR-RR-EPSI(0.18)
1015,PLR-REAL-Political,0.5834920634920635,1.9242868883394866,1.8476190476190477,Chain-GBR-RR-EPSI(0.18)
1016,PLR-REAL-Political,0.593015873015873,1.9162772162424486,1.8666666666666667,Chain-GBR-RR-EPSI(0.18)
1017,PLR-REAL-Political,0.533968253968254,1.9214177343635352,1.7714285714285714,Chain-GBR-RR-EPSI(0.18)
1018,PLR-REAL-Political,0.5568253968253968,1.9279450061866965,1.8476190476190477,Chain-GBR-RR-EPSI(0.18)
1019,PLR-REAL-Political,0.5739682539682539,1.9198176442024073,1.7809523809523808,Chain-GBR-RR-EPSI(0.18)
1020,PLR-REAL-Political,0.5672955974842768,1.9133215873990337,1.849056603773585,Chain-GBR-RR-EPSI(0.18)
1021,PLR-REAL-Political,0.5981132075471698,1.943823879406033,1.8867924528301887,Chain-GBR-RR-EPSI(0.18)
1022,PLR-REAL-Political,0.559748427672956,1.94932081054722,1.830188679245283,Chain-GBR-RR-EPSI(0.18)
1023,PLR-REAL-Political,0.6050793650793651,1.935930171780267,1.9238095238095239,Chain-GBR-RR-EPSI(0.18)
1024,PLR-REAL-Political,0.5593650793650794,1.9381250596069504,1.8571428571428572,Chain-GBR-RR-EPSI(0.18)
1025,PLR-REAL-Political,0.5841269841269842,1.9475692978074015,1.8857142857142857,Chain-GBR-RR-EPSI(0.18)
1026,PLR-REAL-Political,0.5657142857142857,1.9464986700719273,1.8761904761904762,Chain-GBR-RR-EPSI(0.18)
1027,PLR-REAL-Political,0.5180952380952382,1.9314661135205826,1.838095238095238,Chain-GBR-RR-EPSI(0.18)
1028,PLR-REAL-Political,0.5866666666666667,1.9330323247134917,1.9047619047619047,Chain-GBR-RR-EPSI(0.18)
1029,PLR-REAL-Political,0.5663492063492063,1.9244655276937088,1.8285714285714285,Chain-GBR-RR-EPSI(0.18)
1030,PLR-REAL-Political,0.5496855345911951,1.9375593040315577,1.7641509433962264,Chain-GBR-RR-EPSI(0.18)
1031,PLR-REAL-Political,0.5314465408805031,1.9315292904400023,1.8113207547169812,Chain-GBR-RR-EPSI(0.18)
1032,PLR-REAL-Political,0.5647798742138366,1.9240956868330326,1.849056603773585,Chain-GBR-RR-EPSI(0.18)
1033,PLR-REAL-Political,0.5485714285714286,1.9299167528730365,1.8952380952380952,Chain-GBR-RR-EPSI(0.18)
1034,PLR-REAL-Political,0.6120634920634921,1.9539445087625447,2.0,Chain-GBR-RR-EPSI(0.18)
1035,PLR-REAL-Political,0.605079365079365,1.930863237743693,1.8571428571428572,Chain-GBR-RR-EPSI(0.18)
1036,PLR-REAL-Political,0.5555555555555557,1.923997161671486,1.8761904761904762,Chain-GBR-RR-EPSI(0.18)
1037,PLR-REAL-Political,0.5707936507936507,1.9521129811508153,1.8476190476190477,Chain-GBR-RR-EPSI(0.18)
1038,PLR-REAL-Political,0.5301587301587302,1.9562637959605484,1.7714285714285714,Chain-GBR-RR-EPSI(0.18)
1039,PLR-REAL-Political,0.5473015873015874,1.9499593039405512,1.8285714285714285,Chain-GBR-RR-EPSI(0.18)
1040,PLR-REAL-Political,0.560377358490566,1.966848547464109,1.8773584905660377,Chain-GBR-RR-EPSI(0.18)
1041,PLR-REAL-Political,0.5836477987421383,1.948282062868176,1.849056603773585,Chain-GBR-RR-EPSI(0.18)
1042,PLR-REAL-Political,0.5792452830188679,1.9412044575221614,1.8867924528301887,Chain-GBR-RR-EPSI(0.18)
1043,PLR-REAL-Political,0.5549206349206349,1.9397541429116139,1.8285714285714285,Chain-GBR-RR-EPSI(0.18)
1044,PLR-REAL-Political,0.56,1.9353469676591588,1.838095238095238,Chain-GBR-RR-EPSI(0.18)
1045,PLR-REAL-Political,0.5384126984126983,1.926640392665958,1.838095238095238,Chain-GBR-RR-EPSI(0.18)
1046,PLR-REAL-Political,0.5593650793650794,1.9357911912290406,1.8095238095238095,Chain-GBR-RR-EPSI(0.18)
1047,PLR-REAL-Political,0.5631746031746032,1.9216720037232076,1.9142857142857144,Chain-GBR-RR-EPSI(0.18)
1048,PLR-REAL-Political,0.5993650793650793,1.9363437084412052,1.9142857142857144,Chain-GBR-RR-EPSI(0.18)
1049,PLR-REAL-Political,0.5892063492063492,1.920983241371164,1.8666666666666667,Chain-GBR-RR-EPSI(0.18)
1050,PLR-REAL-Political,0.5150943396226415,1.9166525733287507,1.6886792452830188,Chain-GBR-RR-EPSI(0.2)
1051,PLR-REAL-Political,0.5270440251572328,1.916125052600482,1.6415094339622642,Chain-GBR-RR-EPSI(0.2)
1052,PLR-REAL-Political,0.5012578616352201,1.9186539642335685,1.6415094339622642,Chain-GBR-RR-EPSI(0.2)
1053,PLR-REAL-Political,0.5530158730158731,1.9192805184301542,1.7047619047619047,Chain-GBR-RR-EPSI(0.2)
1054,PLR-REAL-Political,0.4895238095238095,1.9258423107866438,1.619047619047619,Chain-GBR-RR-EPSI(0.2)
1055,PLR-REAL-Political,0.46984126984126995,1.9232372339850607,1.638095238095238,Chain-GBR-RR-EPSI(0.2)
1056,PLR-REAL-Political,0.5047619047619047,1.9162361502240215,1.6285714285714286,Chain-GBR-RR-EPSI(0.2)
1057,PLR-REAL-Political,0.5549206349206349,1.9205148606766038,1.7142857142857142,Chain-GBR-RR-EPSI(0.2)
1058,PLR-REAL-Political,0.528888888888889,1.9324350273617015,1.6857142857142857,Chain-GBR-RR-EPSI(0.2)
1059,PLR-REAL-Political,0.5523809523809524,1.9217153852171067,1.6952380952380952,Chain-GBR-RR-EPSI(0.2)
1060,PLR-REAL-Political,0.5163522012578616,1.9217628518002097,1.679245283018868,Chain-GBR-RR-EPSI(0.2)
1061,PLR-REAL-Political,0.48993710691823905,1.9281587875097606,1.650943396226415,Chain-GBR-RR-EPSI(0.2)
1062,PLR-REAL-Political,0.47232704402515724,1.9145022942868821,1.5471698113207548,Chain-GBR-RR-EPSI(0.2)
1063,PLR-REAL-Political,0.5015873015873016,1.9197116719272982,1.7333333333333334,Chain-GBR-RR-EPSI(0.2)
1064,PLR-REAL-Political,0.5384126984126983,1.91857302235694,1.7142857142857142,Chain-GBR-RR-EPSI(0.2)
1065,PLR-REAL-Political,0.5504761904761906,1.924078822623916,1.7047619047619047,Chain-GBR-RR-EPSI(0.2)
1066,PLR-REAL-Political,0.5415873015873016,1.9149018067772894,1.7047619047619047,Chain-GBR-RR-EPSI(0.2)
1067,PLR-REAL-Political,0.49904761904761913,1.9213812162715544,1.6095238095238096,Chain-GBR-RR-EPSI(0.2)
1068,PLR-REAL-Political,0.49587301587301585,1.9410999131244955,1.6476190476190475,Chain-GBR-RR-EPSI(0.2)
1069,PLR-REAL-Political,0.5079365079365079,1.9227452410998145,1.561904761904762,Chain-GBR-RR-EPSI(0.2)
1070,PLR-REAL-Political,0.5308176100628931,1.918881528100054,1.679245283018868,Chain-GBR-RR-EPSI(0.2)
1071,PLR-REAL-Political,0.5333333333333334,1.9400768722410624,1.7075471698113207,Chain-GBR-RR-EPSI(0.2)
1072,PLR-REAL-Political,0.5037735849056604,1.9531783943030392,1.6886792452830188,Chain-GBR-RR-EPSI(0.2)
1073,PLR-REAL-Political,0.5860317460317461,1.9319854169214927,1.7619047619047619,Chain-GBR-RR-EPSI(0.2)
1074,PLR-REAL-Political,0.49460317460317454,1.934508964176276,1.6761904761904762,Chain-GBR-RR-EPSI(0.2)
1075,PLR-REAL-Political,0.5174603174603175,1.9352531732339429,1.6666666666666667,Chain-GBR-RR-EPSI(0.2)
1076,PLR-REAL-Political,0.526984126984127,1.9464563392612069,1.6857142857142857,Chain-GBR-RR-EPSI(0.2)
1077,PLR-REAL-Political,0.4723809523809524,1.9427546391719055,1.6476190476190475,Chain-GBR-RR-EPSI(0.2)
1078,PLR-REAL-Political,0.5282539682539683,1.9283468025854626,1.6761904761904762,Chain-GBR-RR-EPSI(0.2)
1079,PLR-REAL-Political,0.513015873015873,1.9239768290293318,1.6285714285714286,Chain-GBR-RR-EPSI(0.2)
1080,PLR-REAL-Political,0.529559748427673,1.9393946762728007,1.6226415094339623,Chain-GBR-RR-EPSI(0.2)
1081,PLR-REAL-Political,0.4880503144654088,1.9317236741209258,1.650943396226415,Chain-GBR-RR-EPSI(0.2)
1082,PLR-REAL-Political,0.5333333333333333,1.9198404781903249,1.669811320754717,Chain-GBR-RR-EPSI(0.2)
1083,PLR-REAL-Political,0.4926984126984127,1.9288822235632739,1.6857142857142857,Chain-GBR-RR-EPSI(0.2)
1084,PLR-REAL-Political,0.5504761904761906,1.9558210352405825,1.7333333333333334,Chain-GBR-RR-EPSI(0.2)
1085,PLR-REAL-Political,0.5530158730158731,1.9326089749925557,1.6761904761904762,Chain-GBR-RR-EPSI(0.2)
1086,PLR-REAL-Political,0.5111111111111111,1.9316564345701221,1.7047619047619047,Chain-GBR-RR-EPSI(0.2)
1087,PLR-REAL-Political,0.5295238095238095,1.9533458303541797,1.6761904761904762,Chain-GBR-RR-EPSI(0.2)
1088,PLR-REAL-Political,0.467936507936508,1.9582343091789312,1.5809523809523809,Chain-GBR-RR-EPSI(0.2)
1089,PLR-REAL-Political,0.5117460317460317,1.9563959103090103,1.6761904761904762,Chain-GBR-RR-EPSI(0.2)
1090,PLR-REAL-Political,0.5044025157232704,1.9451906269457608,1.6415094339622642,Chain-GBR-RR-EPSI(0.2)
1091,PLR-REAL-Political,0.5364779874213836,1.935056881082043,1.6415094339622642,Chain-GBR-RR-EPSI(0.2)
1092,PLR-REAL-Political,0.5566037735849056,1.9302719448345913,1.7547169811320755,Chain-GBR-RR-EPSI(0.2)
1093,PLR-REAL-Political,0.5206349206349207,1.940786322201706,1.6571428571428573,Chain-GBR-RR-EPSI(0.2)
1094,PLR-REAL-Political,0.5079365079365079,1.9217843789352251,1.6285714285714286,Chain-GBR-RR-EPSI(0.2)
1095,PLR-REAL-Political,0.5155555555555555,1.9290337548326562,1.7047619047619047,Chain-GBR-RR-EPSI(0.2)
1096,PLR-REAL-Political,0.5225396825396825,1.93072327695235,1.6571428571428573,Chain-GBR-RR-EPSI(0.2)
1097,PLR-REAL-Political,0.48571428571428565,1.9190815966989507,1.6476190476190475,Chain-GBR-RR-EPSI(0.2)
1098,PLR-REAL-Political,0.5498412698412698,1.9406051899544625,1.7428571428571429,Chain-GBR-RR-EPSI(0.2)
1099,PLR-REAL-Political,0.5307936507936508,1.9228099987542133,1.723809523809524,Chain-GBR-RR-EPSI(0.2)
