,data,tau_x_score,prediction_time,buckets_per_rank,algo,percentage
0,PLR-REAL-Political,0.459748427672956,1.9467767892039733,2.481132075471698,Chain-GBR-PI,0.1
1,PLR-REAL-Political,0.47547169811320755,1.9563258982057412,2.5660377358490565,Chain-GBR-PI,0.1
2,PLR-REAL-Political,0.4226415094339622,1.9462918201026005,2.518867924528302,Chain-GBR-PI,0.1
3,PLR-REAL-Political,0.5358730158730158,1.9419680380925055,2.6285714285714286,Chain-GBR-PI,0.1
4,PLR-REAL-Political,0.4984126984126984,1.9502275428856977,2.6857142857142855,Chain-GBR-PI,0.1
5,PLR-REAL-Political,0.48888888888888893,1.940143756781205,2.6095238095238096,Chain-GBR-PI,0.1
6,PLR-REAL-Political,0.49460317460317466,1.9420668837630468,2.676190476190476,Chain-GBR-PI,0.1
7,PLR-REAL-Political,0.49460317460317466,1.9455413287904535,2.419047619047619,Chain-GBR-PI,0.1
8,PLR-REAL-Political,0.47238095238095235,1.9443167612200951,2.533333333333333,Chain-GBR-PI,0.1
9,PLR-REAL-Political,0.5326984126984128,1.9367305886454549,2.552380952380952,Chain-GBR-PI,0.1
10,PLR-REAL-Political,0.479874213836478,1.9458369291943247,2.6226415094339623,Chain-GBR-PI,0.1
11,PLR-REAL-Political,0.5006289308176101,1.948456584067453,2.509433962264151,Chain-GBR-PI,0.1
12,PLR-REAL-Political,0.479874213836478,1.9425355335241723,2.641509433962264,Chain-GBR-PI,0.1
13,PLR-REAL-Political,0.45587301587301593,1.9554509132221534,2.552380952380952,Chain-GBR-PI,0.1
14,PLR-REAL-Political,0.48634920634920636,1.950303196430154,2.447619047619048,Chain-GBR-PI,0.1
15,PLR-REAL-Political,0.47301587301587306,1.9401938678815749,2.638095238095238,Chain-GBR-PI,0.1
16,PLR-REAL-Political,0.5447619047619048,1.9605261683950053,2.5904761904761906,Chain-GBR-PI,0.1
17,PLR-REAL-Political,0.466031746031746,1.9380318315273661,2.6476190476190475,Chain-GBR-PI,0.1
18,PLR-REAL-Political,0.5155555555555554,1.9349391468523183,2.6476190476190475,Chain-GBR-PI,0.1
19,PLR-REAL-Political,0.4958730158730159,1.947942392627779,2.5142857142857142,Chain-GBR-PI,0.1
20,PLR-REAL-Political,0.4886792452830188,1.9375637243687516,2.707547169811321,Chain-GBR-PI,0.1
21,PLR-REAL-Political,0.48679245283018874,1.9471241252176834,2.5,Chain-GBR-PI,0.1
22,PLR-REAL-Political,0.4666666666666667,1.9595239329960246,2.6037735849056602,Chain-GBR-PI,0.1
23,PLR-REAL-Political,0.4965079365079365,1.9413054996604995,2.704761904761905,Chain-GBR-PI,0.1
24,PLR-REAL-Political,0.5295238095238095,1.9449199263700743,2.4857142857142858,Chain-GBR-PI,0.1
25,PLR-REAL-Political,0.5276190476190477,1.9524532322169372,2.6666666666666665,Chain-GBR-PI,0.1
26,PLR-REAL-Political,0.5136507936507937,1.9400266825547778,2.638095238095238,Chain-GBR-PI,0.1
27,PLR-REAL-Political,0.5174603174603175,1.9424659196449159,2.7523809523809524,Chain-GBR-PI,0.1
28,PLR-REAL-Political,0.5530158730158731,1.9438350019974941,2.619047619047619,Chain-GBR-PI,0.1
29,PLR-REAL-Political,0.537142857142857,1.9424444051173895,2.5714285714285716,Chain-GBR-PI,0.1
30,PLR-REAL-Political,0.49874213836477993,1.9493944706074193,2.5943396226415096,Chain-GBR-PI,0.1
31,PLR-REAL-Political,0.49937106918239,1.9453021708646552,2.481132075471698,Chain-GBR-PI,0.1
32,PLR-REAL-Political,0.5113207547169812,1.9388676543273404,2.7641509433962264,Chain-GBR-PI,0.1
33,PLR-REAL-Political,0.4895238095238095,1.9875951584855247,2.5238095238095237,Chain-GBR-PI,0.1
34,PLR-REAL-Political,0.5263492063492063,1.9436502198140038,2.580952380952381,Chain-GBR-PI,0.1
35,PLR-REAL-Political,0.5288888888888889,1.939876028514601,2.5428571428571427,Chain-GBR-PI,0.1
36,PLR-REAL-Political,0.5085714285714286,1.9366755742883897,2.4857142857142858,Chain-GBR-PI,0.1
37,PLR-REAL-Political,0.49777777777777776,1.9399344073948748,2.6952380952380954,Chain-GBR-PI,0.1
38,PLR-REAL-Political,0.48888888888888893,1.9420571865925802,2.3904761904761904,Chain-GBR-PI,0.1
39,PLR-REAL-Political,0.506031746031746,1.9410263220664203,2.5428571428571427,Chain-GBR-PI,0.1
40,PLR-REAL-Political,0.4647798742138365,1.9415363254340117,2.69811320754717,Chain-GBR-PI,0.1
41,PLR-REAL-Political,0.4666666666666667,1.9411854908671724,2.650943396226415,Chain-GBR-PI,0.1
42,PLR-REAL-Political,0.4691823899371069,1.939457897447398,2.69811320754717,Chain-GBR-PI,0.1
43,PLR-REAL-Political,0.5053968253968254,1.9430583261961596,2.5142857142857142,Chain-GBR-PI,0.1
44,PLR-REAL-Political,0.5085714285714286,1.9400582359821401,2.4857142857142858,Chain-GBR-PI,0.1
45,PLR-REAL-Political,0.513015873015873,1.9458614434289483,2.704761904761905,Chain-GBR-PI,0.1
46,PLR-REAL-Political,0.5155555555555555,1.950297558065871,2.552380952380952,Chain-GBR-PI,0.1
47,PLR-REAL-Political,0.5326984126984128,1.9432730276517116,2.552380952380952,Chain-GBR-PI,0.1
48,PLR-REAL-Political,0.4634920634920635,1.946248149118806,2.4571428571428573,Chain-GBR-PI,0.1
49,PLR-REAL-Political,0.5168253968253969,1.9427057072499179,2.361904761904762,Chain-GBR-PI,0.1
50,PLR-REAL-Political,0.6251572327044024,1.924685309862397,3.2735849056603774,Chain-GBR-RR,0.1
51,PLR-REAL-Political,0.5930817610062893,1.9283865693766191,3.141509433962264,Chain-GBR-RR,0.1
52,PLR-REAL-Political,0.6144654088050315,1.9437626735304372,3.292452830188679,Chain-GBR-RR,0.1
53,PLR-REAL-Political,0.6292063492063493,1.9302301336934202,3.4,Chain-GBR-RR,0.1
54,PLR-REAL-Political,0.586031746031746,1.928177054640708,3.4761904761904763,Chain-GBR-RR,0.1
55,PLR-REAL-Political,0.660952380952381,1.9357043118754353,3.276190476190476,Chain-GBR-RR,0.1
56,PLR-REAL-Political,0.6203174603174603,1.9303661572391841,3.2857142857142856,Chain-GBR-RR,0.1
57,PLR-REAL-Political,0.5746031746031747,1.9310924516974268,3.323809523809524,Chain-GBR-RR,0.1
58,PLR-REAL-Political,0.6215873015873016,1.9288275837935156,3.295238095238095,Chain-GBR-RR,0.1
59,PLR-REAL-Political,0.6304761904761906,1.9212198596091334,3.257142857142857,Chain-GBR-RR,0.1
60,PLR-REAL-Political,0.6056603773584905,1.9273244809922743,3.2547169811320753,Chain-GBR-RR,0.1
61,PLR-REAL-Political,0.6138364779874214,1.9372077653037318,3.30188679245283,Chain-GBR-RR,0.1
62,PLR-REAL-Political,0.6050314465408805,1.9263828749785654,3.4339622641509435,Chain-GBR-RR,0.1
63,PLR-REAL-Political,0.6088888888888888,1.927294916463452,3.4095238095238094,Chain-GBR-RR,0.1
64,PLR-REAL-Political,0.6298412698412699,1.9408256686354486,3.2666666666666666,Chain-GBR-RR,0.1
65,PLR-REAL-Political,0.5968253968253968,1.9254466762360807,3.295238095238095,Chain-GBR-RR,0.1
66,PLR-REAL-Political,0.6050793650793651,1.9294461070393167,3.2476190476190476,Chain-GBR-RR,0.1
67,PLR-REAL-Political,0.6120634920634921,1.9357202388332468,3.2285714285714286,Chain-GBR-RR,0.1
68,PLR-REAL-Political,0.6228571428571429,1.922290571958246,3.419047619047619,Chain-GBR-RR,0.1
69,PLR-REAL-Political,0.6457142857142857,1.9295288463800484,3.238095238095238,Chain-GBR-RR,0.1
70,PLR-REAL-Political,0.6037735849056604,1.935428991195929,3.30188679245283,Chain-GBR-RR,0.1
71,PLR-REAL-Political,0.6094339622641509,1.9272678166287065,3.2358490566037736,Chain-GBR-RR,0.1
72,PLR-REAL-Political,0.652830188679245,1.9395510323265595,3.2547169811320753,Chain-GBR-RR,0.1
73,PLR-REAL-Political,0.5980952380952381,1.9333849407195909,3.2285714285714286,Chain-GBR-RR,0.1
74,PLR-REAL-Political,0.6266666666666668,1.927152396413847,3.276190476190476,Chain-GBR-RR,0.1
75,PLR-REAL-Political,0.6266666666666666,1.9323836811126096,3.257142857142857,Chain-GBR-RR,0.1
76,PLR-REAL-Political,0.6063492063492063,1.922827075687426,3.361904761904762,Chain-GBR-RR,0.1
77,PLR-REAL-Political,0.6323809523809525,1.922295462988044,3.3523809523809525,Chain-GBR-RR,0.1
78,PLR-REAL-Political,0.6596825396825396,1.9378175399104913,3.361904761904762,Chain-GBR-RR,0.1
79,PLR-REAL-Political,0.6317460317460317,1.9277833055047044,3.2666666666666666,Chain-GBR-RR,0.1
80,PLR-REAL-Political,0.6044025157232704,1.9251346412683068,3.2641509433962264,Chain-GBR-RR,0.1
81,PLR-REAL-Political,0.6081761006289308,1.940283178296756,3.311320754716981,Chain-GBR-RR,0.1
82,PLR-REAL-Political,0.6119496855345912,1.9246361876977451,3.4339622641509435,Chain-GBR-RR,0.1
83,PLR-REAL-Political,0.6082539682539683,1.9343509539478307,3.1809523809523808,Chain-GBR-RR,0.1
84,PLR-REAL-Political,0.6177777777777779,1.9331607333595693,3.1809523809523808,Chain-GBR-RR,0.1
85,PLR-REAL-Political,0.6184126984126984,1.9237204443500326,3.342857142857143,Chain-GBR-RR,0.1
86,PLR-REAL-Political,0.6374603174603175,1.9231855323925549,3.2476190476190476,Chain-GBR-RR,0.1
87,PLR-REAL-Political,0.6323809523809525,1.924797955111846,3.361904761904762,Chain-GBR-RR,0.1
88,PLR-REAL-Political,0.6114285714285714,1.9241889616125194,3.1333333333333333,Chain-GBR-RR,0.1
89,PLR-REAL-Political,0.6361904761904763,1.9269133594959225,3.257142857142857,Chain-GBR-RR,0.1
90,PLR-REAL-Political,0.6163522012578616,1.9256116095832096,3.349056603773585,Chain-GBR-RR,0.1
91,PLR-REAL-Political,0.5949685534591196,1.9255319083242595,3.207547169811321,Chain-GBR-RR,0.1
92,PLR-REAL-Political,0.6188679245283019,1.9250764535495268,3.2830188679245285,Chain-GBR-RR,0.1
93,PLR-REAL-Political,0.6260317460317459,1.926076660998227,3.3333333333333335,Chain-GBR-RR,0.1
94,PLR-REAL-Political,0.6050793650793651,1.9246668490916012,3.219047619047619,Chain-GBR-RR,0.1
95,PLR-REAL-Political,0.6247619047619047,1.9285164977249265,3.3142857142857145,Chain-GBR-RR,0.1
96,PLR-REAL-Political,0.620952380952381,1.9295557540499653,3.1809523809523808,Chain-GBR-RR,0.1
97,PLR-REAL-Political,0.6355555555555555,1.92682519290755,3.3047619047619046,Chain-GBR-RR,0.1
98,PLR-REAL-Political,0.6158730158730159,1.9254148327192426,3.123809523809524,Chain-GBR-RR,0.1
99,PLR-REAL-Political,0.6158730158730159,1.9267642211819564,3.1619047619047618,Chain-GBR-RR,0.1
100,PLR-REAL-Political,0.6817610062893081,1.5309445904291785,3.6226415094339623,ST-GBR-RR,0.1
101,PLR-REAL-Political,0.6660377358490565,0.8074534816344892,3.3773584905660377,ST-GBR-RR,0.1
102,PLR-REAL-Political,0.6679245283018866,0.8532945358999156,3.4716981132075473,ST-GBR-RR,0.1
103,PLR-REAL-Political,0.6742857142857143,0.7149538320764351,3.5619047619047617,ST-GBR-RR,0.1
104,PLR-REAL-Political,0.6787301587301589,0.8046741054444959,3.6666666666666665,ST-GBR-RR,0.1
105,PLR-REAL-Political,0.6863492063492063,0.9334692512257134,3.5904761904761906,ST-GBR-RR,0.1
106,PLR-REAL-Political,0.6774603174603175,0.8213645682626722,3.6857142857142855,ST-GBR-RR,0.1
107,PLR-REAL-Political,0.6438095238095237,0.8145965878915866,3.3904761904761904,ST-GBR-RR,0.1
108,PLR-REAL-Political,0.6806349206349207,0.8181796972380125,3.619047619047619,ST-GBR-RR,0.1
109,PLR-REAL-Political,0.678095238095238,0.8165642614163482,3.5428571428571427,ST-GBR-RR,0.1
110,PLR-REAL-Political,0.6490566037735848,0.8214321743201423,3.518867924528302,ST-GBR-RR,0.1
111,PLR-REAL-Political,0.6672955974842767,0.8201220134761524,3.4056603773584904,ST-GBR-RR,0.1
112,PLR-REAL-Political,0.6823899371069182,0.822865696240007,3.5660377358490565,ST-GBR-RR,0.1
113,PLR-REAL-Political,0.6457142857142857,0.7926976447810568,3.6,ST-GBR-RR,0.1
114,PLR-REAL-Political,0.6717460317460316,0.8430359600798961,3.5428571428571427,ST-GBR-RR,0.1
115,PLR-REAL-Political,0.653968253968254,0.8156875743995021,3.533333333333333,ST-GBR-RR,0.1
116,PLR-REAL-Political,0.6768253968253969,0.8095447004319669,3.5238095238095237,ST-GBR-RR,0.1
117,PLR-REAL-Political,0.6831746031746032,0.8216949190360634,3.4761904761904763,ST-GBR-RR,0.1
118,PLR-REAL-Political,0.6704761904761904,0.7641296493363906,3.552380952380952,ST-GBR-RR,0.1
119,PLR-REAL-Political,0.6933333333333335,0.8124985556606834,3.5904761904761906,ST-GBR-RR,0.1
120,PLR-REAL-Political,0.6993710691823898,0.832297246202053,3.5377358490566038,ST-GBR-RR,0.1
121,PLR-REAL-Political,0.6748427672955976,0.8206004015394297,3.547169811320755,ST-GBR-RR,0.1
122,PLR-REAL-Political,0.6660377358490565,0.8167081430781296,3.641509433962264,ST-GBR-RR,0.1
123,PLR-REAL-Political,0.6653968253968253,0.8306413576186831,3.552380952380952,ST-GBR-RR,0.1
124,PLR-REAL-Political,0.686984126984127,0.8099650264071176,3.5904761904761906,ST-GBR-RR,0.1
125,PLR-REAL-Political,0.6812698412698412,0.7767921697473138,3.552380952380952,ST-GBR-RR,0.1
126,PLR-REAL-Political,0.6799999999999999,0.819590747269215,3.4952380952380953,ST-GBR-RR,0.1
127,PLR-REAL-Political,0.6857142857142857,0.8095759859579396,3.676190476190476,ST-GBR-RR,0.1
128,PLR-REAL-Political,0.6673015873015874,0.8247757689153679,3.6285714285714286,ST-GBR-RR,0.1
129,PLR-REAL-Political,0.6844444444444444,0.8173322598244693,3.5238095238095237,ST-GBR-RR,0.1
130,PLR-REAL-Political,0.6716981132075472,0.7920145320547807,3.4056603773584904,ST-GBR-RR,0.1
131,PLR-REAL-Political,0.6559748427672956,0.8241295165220193,3.5377358490566038,ST-GBR-RR,0.1
132,PLR-REAL-Political,0.6823899371069181,0.8183434358657171,3.5377358490566038,ST-GBR-RR,0.1
133,PLR-REAL-Political,0.681904761904762,0.8223652041384675,3.6,ST-GBR-RR,0.1
134,PLR-REAL-Political,0.6647619047619048,0.7992728720821218,3.5238095238095237,ST-GBR-RR,0.1
135,PLR-REAL-Political,0.6717460317460318,0.8133121528766855,3.580952380952381,ST-GBR-RR,0.1
136,PLR-REAL-Political,0.6571428571428571,0.8023272779886682,3.780952380952381,ST-GBR-RR,0.1
137,PLR-REAL-Political,0.6939682539682539,0.8105796456893606,3.5142857142857142,ST-GBR-RR,0.1
138,PLR-REAL-Political,0.6863492063492063,0.8117271967932914,3.4857142857142858,ST-GBR-RR,0.1
139,PLR-REAL-Political,0.6939682539682539,0.8093099214898776,3.533333333333333,ST-GBR-RR,0.1
140,PLR-REAL-Political,0.6911949685534591,0.7915836594976244,3.669811320754717,ST-GBR-RR,0.1
141,PLR-REAL-Political,0.6559748427672957,0.8097401219129852,3.6226415094339623,ST-GBR-RR,0.1
142,PLR-REAL-Political,0.6427672955974842,0.8228903657282992,3.5754716981132075,ST-GBR-RR,0.1
143,PLR-REAL-Political,0.688888888888889,0.804018482368956,3.5047619047619047,ST-GBR-RR,0.1
144,PLR-REAL-Political,0.6380952380952379,0.8154639133748651,3.5619047619047617,ST-GBR-RR,0.1
145,PLR-REAL-Political,0.6780952380952381,0.813793564135942,3.6952380952380954,ST-GBR-RR,0.1
146,PLR-REAL-Political,0.6768253968253968,0.8106396116855464,3.704761904761905,ST-GBR-RR,0.1
147,PLR-REAL-Political,0.6717460317460318,0.8232482741864524,3.5619047619047617,ST-GBR-RR,0.1
148,PLR-REAL-Political,0.6590476190476191,0.8029680940050922,3.4571428571428573,ST-GBR-RR,0.1
149,PLR-REAL-Political,0.6971428571428571,0.8091699407352707,3.4761904761904763,ST-GBR-RR,0.1
150,PLR-REAL-Political,0.5949685534591195,1.6216799314274857,3.0,ST-GBR-PI,0.1
151,PLR-REAL-Political,0.5729559748427673,1.4733380677983747,3.056603773584906,ST-GBR-PI,0.1
152,PLR-REAL-Political,0.5779874213836478,1.5573908420722051,3.1792452830188678,ST-GBR-PI,0.1
153,PLR-REAL-Political,0.6215873015873016,0.8150955085064767,2.8285714285714287,ST-GBR-PI,0.1
154,PLR-REAL-Political,0.6273015873015874,0.8026745816281285,3.104761904761905,ST-GBR-PI,0.1
155,PLR-REAL-Political,0.6266666666666666,0.8218011614633947,3.142857142857143,ST-GBR-PI,0.1
156,PLR-REAL-Political,0.6279365079365078,0.8208292764205574,3.2,ST-GBR-PI,0.1
157,PLR-REAL-Political,0.579047619047619,1.6966275846476782,3.085714285714286,ST-GBR-PI,0.1
158,PLR-REAL-Political,0.6006349206349206,0.8237765018233021,3.2095238095238097,ST-GBR-PI,0.1
159,PLR-REAL-Political,0.6196825396825396,0.8181680964197214,2.9714285714285715,ST-GBR-PI,0.1
160,PLR-REAL-Political,0.5955974842767295,0.8078896539747937,3.018867924528302,ST-GBR-PI,0.1
161,PLR-REAL-Political,0.5861635220125786,0.818807834580772,3.018867924528302,ST-GBR-PI,0.1
162,PLR-REAL-Political,0.6088050314465409,0.8052894367919259,3.160377358490566,ST-GBR-PI,0.1
163,PLR-REAL-Political,0.5974603174603174,0.8025834212164502,3.1142857142857143,ST-GBR-PI,0.1
164,PLR-REAL-Political,0.6234920634920635,0.801517033511818,3.142857142857143,ST-GBR-PI,0.1
165,PLR-REAL-Political,0.5726984126984127,0.7393771649065554,3.1523809523809523,ST-GBR-PI,0.1
166,PLR-REAL-Political,0.6158730158730159,0.8001181612741921,3.057142857142857,ST-GBR-PI,0.1
167,PLR-REAL-Political,0.5917460317460317,0.8195314265070053,3.1714285714285713,ST-GBR-PI,0.1
168,PLR-REAL-Political,0.633015873015873,0.7320152436623988,3.0761904761904764,ST-GBR-PI,0.1
169,PLR-REAL-Political,0.6406349206349207,0.812677965101372,3.123809523809524,ST-GBR-PI,0.1
170,PLR-REAL-Political,0.60188679245283,0.8212587186747894,3.009433962264151,ST-GBR-PI,0.1
171,PLR-REAL-Political,0.5836477987421383,0.8031778613675761,3.018867924528302,ST-GBR-PI,0.1
172,PLR-REAL-Political,0.6056603773584905,0.8002498609934956,3.0,ST-GBR-PI,0.1
173,PLR-REAL-Political,0.6177777777777778,0.8365571725880749,3.0476190476190474,ST-GBR-PI,0.1
174,PLR-REAL-Political,0.6298412698412698,0.806901335978934,3.1142857142857143,ST-GBR-PI,0.1
175,PLR-REAL-Political,0.598095238095238,0.7005768665581786,3.1809523809523808,ST-GBR-PI,0.1
176,PLR-REAL-Political,0.6292063492063492,0.8192144328408014,3.0476190476190474,ST-GBR-PI,0.1
177,PLR-REAL-Political,0.594920634920635,0.7971863734354353,3.104761904761905,ST-GBR-PI,0.1
178,PLR-REAL-Political,0.6285714285714286,0.8166189625669863,2.9714285714285715,ST-GBR-PI,0.1
179,PLR-REAL-Political,0.6177777777777779,0.8288455718602121,3.123809523809524,ST-GBR-PI,0.1
180,PLR-REAL-Political,0.6025157232704402,0.7087365900025475,2.981132075471698,ST-GBR-PI,0.1
181,PLR-REAL-Political,0.5836477987421383,0.8255137321552075,2.9339622641509435,ST-GBR-PI,0.1
182,PLR-REAL-Political,0.6106918238993709,0.8183504622077624,3.150943396226415,ST-GBR-PI,0.1
183,PLR-REAL-Political,0.6152380952380951,0.8033397251185614,3.057142857142857,ST-GBR-PI,0.1
184,PLR-REAL-Political,0.5961904761904762,0.8132491155850395,3.1904761904761907,ST-GBR-PI,0.1
185,PLR-REAL-Political,0.6082539682539683,0.7952458814721582,3.0095238095238095,ST-GBR-PI,0.1
186,PLR-REAL-Political,0.5892063492063492,0.8025992586431757,3.0285714285714285,ST-GBR-PI,0.1
187,PLR-REAL-Political,0.6215873015873016,0.8621092169896116,3.1809523809523808,ST-GBR-PI,0.1
188,PLR-REAL-Political,0.6120634920634921,0.8083521689322898,3.123809523809524,ST-GBR-PI,0.1
189,PLR-REAL-Political,0.6139682539682539,0.7933432529742194,3.085714285714286,ST-GBR-PI,0.1
190,PLR-REAL-Political,0.6069182389937107,0.7773712150505712,3.2641509433962264,ST-GBR-PI,0.1
191,PLR-REAL-Political,0.6037735849056604,0.8104148727816235,3.188679245283019,ST-GBR-PI,0.1
192,PLR-REAL-Political,0.5773584905660377,0.7429306804844501,3.0283018867924527,ST-GBR-PI,0.1
193,PLR-REAL-Political,0.6012698412698412,0.8081111192145551,3.019047619047619,ST-GBR-PI,0.1
194,PLR-REAL-Political,0.5898412698412698,0.8380597311476861,3.066666666666667,ST-GBR-PI,0.1
195,PLR-REAL-Political,0.6165079365079367,0.8452776875043762,3.123809523809524,ST-GBR-PI,0.1
196,PLR-REAL-Political,0.6146031746031746,0.8117102863415626,3.142857142857143,ST-GBR-PI,0.1
197,PLR-REAL-Political,0.606984126984127,0.8168502359599693,3.038095238095238,ST-GBR-PI,0.1
198,PLR-REAL-Political,0.5784126984126984,0.8097886773806753,3.0285714285714285,ST-GBR-PI,0.1
199,PLR-REAL-Political,0.64,0.8262610840345906,3.0761904761904764,ST-GBR-PI,0.1
200,PLR-REAL-Political,0.7446540880503145,1.7871598854118516,3.141509433962264,RPC-GB,0.1
201,PLR-REAL-Political,0.7654088050314465,1.7690494292038854,3.0660377358490565,RPC-GB,0.1
202,PLR-REAL-Political,0.7056603773584905,1.7879819347383914,3.3773584905660377,RPC-GB,0.1
203,PLR-REAL-Political,0.7453968253968254,1.8098636979042042,3.219047619047619,RPC-GB,0.1
204,PLR-REAL-Political,0.7326984126984127,1.7951768358498001,3.6285714285714286,RPC-GB,0.1
205,PLR-REAL-Political,0.7447619047619047,1.7816660206115615,3.342857142857143,RPC-GB,0.1
206,PLR-REAL-Political,0.7453968253968254,1.831921260306108,3.361904761904762,RPC-GB,0.1
207,PLR-REAL-Political,0.6780952380952381,1.7806748641985293,3.1904761904761907,RPC-GB,0.1
208,PLR-REAL-Political,0.739047619047619,1.7919812473832393,3.295238095238095,RPC-GB,0.1
209,PLR-REAL-Political,0.7333333333333333,1.8137853646437088,3.2476190476190476,RPC-GB,0.1
210,PLR-REAL-Political,0.7056603773584906,1.7616634823286716,3.207547169811321,RPC-GB,0.1
211,PLR-REAL-Political,0.7194968553459119,1.8078589629660724,3.19811320754717,RPC-GB,0.1
212,PLR-REAL-Political,0.7270440251572328,1.9287804030028974,3.207547169811321,RPC-GB,0.1
213,PLR-REAL-Political,0.7003174603174603,1.8466512421068073,3.2476190476190476,RPC-GB,0.1
214,PLR-REAL-Political,0.7066666666666667,1.8085133206584525,3.3047619047619046,RPC-GB,0.1
215,PLR-REAL-Political,0.7193650793650793,1.806861085972369,3.3142857142857145,RPC-GB,0.1
216,PLR-REAL-Political,0.7574603174603173,1.7894914403212792,3.3142857142857145,RPC-GB,0.1
217,PLR-REAL-Political,0.7396825396825397,1.896626893190047,3.1523809523809523,RPC-GB,0.1
218,PLR-REAL-Political,0.7523809523809523,1.7658964706388174,3.2666666666666666,RPC-GB,0.1
219,PLR-REAL-Political,0.7574603174603174,1.7890319083214945,3.323809523809524,RPC-GB,0.1
220,PLR-REAL-Political,0.7088050314465407,1.866548485317868,3.330188679245283,RPC-GB,0.1
221,PLR-REAL-Political,0.7371069182389938,1.9070609479087721,3.2169811320754715,RPC-GB,0.1
222,PLR-REAL-Political,0.7515723270440251,1.7778545179545333,3.349056603773585,RPC-GB,0.1
223,PLR-REAL-Political,0.7244444444444444,1.8545863455237035,3.1142857142857143,RPC-GB,0.1
224,PLR-REAL-Political,0.7314285714285714,1.78215745543703,3.380952380952381,RPC-GB,0.1
225,PLR-REAL-Political,0.7295238095238096,1.7698389983353353,3.295238095238095,RPC-GB,0.1
226,PLR-REAL-Political,0.7587301587301588,1.797123983194237,3.2095238095238097,RPC-GB,0.1
227,PLR-REAL-Political,0.7212698412698414,1.7638424660353476,3.3523809523809525,RPC-GB,0.1
228,PLR-REAL-Political,0.7384126984126984,1.8516077216740898,3.3142857142857145,RPC-GB,0.1
229,PLR-REAL-Political,0.7219047619047618,1.8591410223500877,3.3333333333333335,RPC-GB,0.1
230,PLR-REAL-Political,0.7150943396226415,1.7686606214792833,3.1226415094339623,RPC-GB,0.1
231,PLR-REAL-Political,0.7081761006289308,1.8580924530235545,3.2169811320754715,RPC-GB,0.1
232,PLR-REAL-Political,0.7245283018867923,1.8396932893699653,3.2641509433962264,RPC-GB,0.1
233,PLR-REAL-Political,0.7136507936507936,1.9203265326438161,3.1619047619047618,RPC-GB,0.1
234,PLR-REAL-Political,0.7238095238095238,1.8078385801770886,3.238095238095238,RPC-GB,0.1
235,PLR-REAL-Political,0.7079365079365078,1.8183096845664173,3.3714285714285714,RPC-GB,0.1
236,PLR-REAL-Political,0.7041269841269842,1.808142147898109,3.3142857142857145,RPC-GB,0.1
237,PLR-REAL-Political,0.7707936507936507,1.8884053574335455,3.4285714285714284,RPC-GB,0.1
238,PLR-REAL-Political,0.7358730158730159,1.772389340136873,3.238095238095238,RPC-GB,0.1
239,PLR-REAL-Political,0.7269841269841271,1.8417787109163979,3.219047619047619,RPC-GB,0.1
240,PLR-REAL-Political,0.7339622641509433,1.771075054882148,3.349056603773585,RPC-GB,0.1
241,PLR-REAL-Political,0.7232704402515724,1.8255047764945074,3.292452830188679,RPC-GB,0.1
242,PLR-REAL-Political,0.718867924528302,1.7635700286622653,3.4150943396226414,RPC-GB,0.1
243,PLR-REAL-Political,0.7244444444444442,1.8055289443688867,3.1904761904761907,RPC-GB,0.1
244,PLR-REAL-Political,0.6965079365079364,1.8415825137621191,3.4,RPC-GB,0.1
245,PLR-REAL-Political,0.7212698412698413,1.8820557919479342,3.4952380952380953,RPC-GB,0.1
246,PLR-REAL-Political,0.7320634920634921,1.8332299402966203,3.219047619047619,RPC-GB,0.1
247,PLR-REAL-Political,0.7339682539682539,1.8321725595694107,3.3333333333333335,RPC-GB,0.1
248,PLR-REAL-Political,0.7434920634920634,1.8349382300200132,3.057142857142857,RPC-GB,0.1
249,PLR-REAL-Political,0.7479365079365079,1.8419936614999657,3.219047619047619,RPC-GB,0.1
250,PLR-REAL-Political,0.459748427672956,1.9396324303974302,2.2641509433962264,Chain-GBR-PI,0.2
251,PLR-REAL-Political,0.5264150943396226,1.9406783422361684,2.358490566037736,Chain-GBR-PI,0.2
252,PLR-REAL-Political,0.4371069182389938,1.9429745916951786,2.3207547169811322,Chain-GBR-PI,0.2
253,PLR-REAL-Political,0.4965079365079365,1.9451924637477738,2.219047619047619,Chain-GBR-PI,0.2
254,PLR-REAL-Political,0.47365079365079366,1.943049975172376,2.342857142857143,Chain-GBR-PI,0.2
255,PLR-REAL-Political,0.47365079365079366,1.946217153864974,2.2095238095238097,Chain-GBR-PI,0.2
256,PLR-REAL-Political,0.47746031746031753,1.9439061734007956,2.4095238095238094,Chain-GBR-PI,0.2
257,PLR-REAL-Political,0.44825396825396824,1.9456452464279654,2.257142857142857,Chain-GBR-PI,0.2
258,PLR-REAL-Political,0.45142857142857146,1.941661694264854,2.4,Chain-GBR-PI,0.2
259,PLR-REAL-Political,0.47809523809523813,1.941252271349449,2.361904761904762,Chain-GBR-PI,0.2
260,PLR-REAL-Political,0.48490566037735855,1.9436711455425089,2.2169811320754715,Chain-GBR-PI,0.2
261,PLR-REAL-Political,0.4616352201257861,1.9386030168659705,2.339622641509434,Chain-GBR-PI,0.2
262,PLR-REAL-Political,0.48805031446540886,1.939154037974397,2.339622641509434,Chain-GBR-PI,0.2
263,PLR-REAL-Political,0.43619047619047624,1.9431292350130211,2.342857142857143,Chain-GBR-PI,0.2
264,PLR-REAL-Political,0.4660317460317459,1.946145801845158,2.5428571428571427,Chain-GBR-PI,0.2
265,PLR-REAL-Political,0.4647619047619048,1.946541060186988,2.2095238095238097,Chain-GBR-PI,0.2
266,PLR-REAL-Political,0.4666666666666667,1.943707424220436,2.3333333333333335,Chain-GBR-PI,0.2
267,PLR-REAL-Political,0.47555555555555556,1.941075051866761,2.4380952380952383,Chain-GBR-PI,0.2
268,PLR-REAL-Political,0.48063492063492064,1.939881507202993,2.5238095238095237,Chain-GBR-PI,0.2
269,PLR-REAL-Political,0.5041269841269842,1.941680156205487,2.361904761904762,Chain-GBR-PI,0.2
270,PLR-REAL-Political,0.49748427672955975,1.9392115103856329,2.30188679245283,Chain-GBR-PI,0.2
271,PLR-REAL-Political,0.4955974842767296,1.94310716070352,2.3867924528301887,Chain-GBR-PI,0.2
272,PLR-REAL-Political,0.49559748427672956,1.942088479185294,2.490566037735849,Chain-GBR-PI,0.2
273,PLR-REAL-Political,0.4476190476190475,1.9415806506490834,2.2,Chain-GBR-PI,0.2
274,PLR-REAL-Political,0.45333333333333325,1.9399617150799349,2.361904761904762,Chain-GBR-PI,0.2
275,PLR-REAL-Political,0.4882539682539682,1.9426096527492551,2.3142857142857145,Chain-GBR-PI,0.2
276,PLR-REAL-Political,0.4742857142857143,1.9425551536475882,2.447619047619048,Chain-GBR-PI,0.2
277,PLR-REAL-Political,0.43809523809523804,1.955403434332916,2.3142857142857145,Chain-GBR-PI,0.2
278,PLR-REAL-Political,0.4863492063492065,1.9449862655052435,2.342857142857143,Chain-GBR-PI,0.2
279,PLR-REAL-Political,0.4647619047619047,1.9523581643790529,2.4761904761904763,Chain-GBR-PI,0.2
280,PLR-REAL-Political,0.5062893081761006,1.9410888843587235,2.4245283018867925,Chain-GBR-PI,0.2
281,PLR-REAL-Political,0.4584905660377359,1.9449120427370785,2.1792452830188678,Chain-GBR-PI,0.2
282,PLR-REAL-Political,0.49182389937106924,1.944909446720869,2.4339622641509435,Chain-GBR-PI,0.2
283,PLR-REAL-Political,0.4831746031746031,1.9422574723693116,2.447619047619048,Chain-GBR-PI,0.2
284,PLR-REAL-Political,0.4666666666666667,1.9484727704072733,2.3523809523809525,Chain-GBR-PI,0.2
285,PLR-REAL-Political,0.48,1.955544882886885,2.5047619047619047,Chain-GBR-PI,0.2
286,PLR-REAL-Political,0.4736507936507936,1.9589115173962468,2.4,Chain-GBR-PI,0.2
287,PLR-REAL-Political,0.47746031746031753,1.9610004780785932,2.4571428571428573,Chain-GBR-PI,0.2
288,PLR-REAL-Political,0.4844444444444445,1.9559399088422655,2.361904761904762,Chain-GBR-PI,0.2
289,PLR-REAL-Political,0.46793650793650793,1.952430194904616,2.361904761904762,Chain-GBR-PI,0.2
290,PLR-REAL-Political,0.47106918238993706,1.9554778952933378,2.4150943396226414,Chain-GBR-PI,0.2
291,PLR-REAL-Political,0.4735849056603773,1.9442519679802797,2.490566037735849,Chain-GBR-PI,0.2
292,PLR-REAL-Political,0.47547169811320755,1.947327286822253,2.30188679245283,Chain-GBR-PI,0.2
293,PLR-REAL-Political,0.4971428571428571,1.9514644526530536,2.2666666666666666,Chain-GBR-PI,0.2
294,PLR-REAL-Political,0.46984126984126984,1.9530376350711645,2.3904761904761904,Chain-GBR-PI,0.2
295,PLR-REAL-Political,0.48,1.954854197115954,2.5238095238095237,Chain-GBR-PI,0.2
296,PLR-REAL-Political,0.48000000000000004,1.9564486936781058,2.4952380952380953,Chain-GBR-PI,0.2
297,PLR-REAL-Political,0.46666666666666673,1.9492753309931243,2.361904761904762,Chain-GBR-PI,0.2
298,PLR-REAL-Political,0.4209523809523809,1.9442779011689033,2.2857142857142856,Chain-GBR-PI,0.2
299,PLR-REAL-Political,0.48,1.9451368735840335,2.466666666666667,Chain-GBR-PI,0.2
300,PLR-REAL-Political,0.5918238993710692,1.9348398737335541,3.292452830188679,Chain-GBR-RR,0.2
301,PLR-REAL-Political,0.5528301886792453,1.9230197071314727,3.047169811320755,Chain-GBR-RR,0.2
302,PLR-REAL-Political,0.5572327044025157,1.9254857576752933,3.2735849056603774,Chain-GBR-RR,0.2
303,PLR-REAL-Political,0.5815873015873015,1.9290434505292016,3.0095238095238095,Chain-GBR-RR,0.2
304,PLR-REAL-Political,0.5479365079365079,1.927901731146518,3.1809523809523808,Chain-GBR-RR,0.2
305,PLR-REAL-Political,0.5796825396825397,1.9294718510446287,3.085714285714286,Chain-GBR-RR,0.2
306,PLR-REAL-Political,0.5682539682539683,1.9308356108092737,3.1523809523809523,Chain-GBR-RR,0.2
307,PLR-REAL-Political,0.5295238095238095,1.933383413350593,3.066666666666667,Chain-GBR-RR,0.2
308,PLR-REAL-Political,0.5447619047619048,1.9295626027804547,3.1333333333333333,Chain-GBR-RR,0.2
309,PLR-REAL-Political,0.5650793650793651,1.9290686786528195,3.085714285714286,Chain-GBR-RR,0.2
310,PLR-REAL-Political,0.5352201257861635,1.932409834376034,3.1320754716981134,Chain-GBR-RR,0.2
311,PLR-REAL-Political,0.5566037735849056,1.9265235550112927,3.047169811320755,Chain-GBR-RR,0.2
312,PLR-REAL-Political,0.5798742138364781,1.9250258548837713,3.30188679245283,Chain-GBR-RR,0.2
313,PLR-REAL-Political,0.5009523809523809,1.9331223042111028,3.1809523809523808,Chain-GBR-RR,0.2
314,PLR-REAL-Political,0.5542857142857143,1.931140540713255,3.1333333333333333,Chain-GBR-RR,0.2
315,PLR-REAL-Political,0.5625396825396825,1.9386818563149162,3.1904761904761907,Chain-GBR-RR,0.2
316,PLR-REAL-Political,0.5434920634920635,1.9275020516258599,3.123809523809524,Chain-GBR-RR,0.2
317,PLR-REAL-Political,0.5752380952380952,1.9285143709665207,3.057142857142857,Chain-GBR-RR,0.2
318,PLR-REAL-Political,0.5555555555555556,1.9278076556005392,3.066666666666667,Chain-GBR-RR,0.2
319,PLR-REAL-Political,0.5593650793650794,1.9286806534399552,3.2,Chain-GBR-RR,0.2
320,PLR-REAL-Political,0.5534591194968552,1.9276068943099463,3.169811320754717,Chain-GBR-RR,0.2
321,PLR-REAL-Political,0.5735849056603773,1.9267666192398472,3.19811320754717,Chain-GBR-RR,0.2
322,PLR-REAL-Political,0.5867924528301887,1.9298418554380006,3.160377358490566,Chain-GBR-RR,0.2
323,PLR-REAL-Political,0.5155555555555555,1.9296288972320743,3.057142857142857,Chain-GBR-RR,0.2
324,PLR-REAL-Political,0.5739682539682539,1.927971045941653,3.1714285714285713,Chain-GBR-RR,0.2
325,PLR-REAL-Political,0.5466666666666666,1.9283998952469392,3.1904761904761907,Chain-GBR-RR,0.2
326,PLR-REAL-Political,0.572063492063492,1.928011699661205,3.1523809523809523,Chain-GBR-RR,0.2
327,PLR-REAL-Political,0.5574603174603173,1.942248102320442,3.238095238095238,Chain-GBR-RR,0.2
328,PLR-REAL-Political,0.5587301587301587,1.943862256698016,3.238095238095238,Chain-GBR-RR,0.2
329,PLR-REAL-Political,0.5644444444444444,1.92910715643276,3.0476190476190474,Chain-GBR-RR,0.2
330,PLR-REAL-Political,0.5547169811320755,1.9284818191941684,3.0849056603773586,Chain-GBR-RR,0.2
331,PLR-REAL-Political,0.5616352201257861,1.930067666690148,3.0943396226415096,Chain-GBR-RR,0.2
332,PLR-REAL-Political,0.5345911949685535,1.9506611658628406,3.2169811320754715,Chain-GBR-RR,0.2
333,PLR-REAL-Political,0.5841269841269842,1.9291963241133507,3.1142857142857143,Chain-GBR-RR,0.2
334,PLR-REAL-Political,0.5542857142857143,1.9379969187231905,3.0476190476190474,Chain-GBR-RR,0.2
335,PLR-REAL-Political,0.5568253968253969,1.9300884430593739,3.019047619047619,Chain-GBR-RR,0.2
336,PLR-REAL-Political,0.5892063492063492,1.9290512639690258,3.257142857142857,Chain-GBR-RR,0.2
337,PLR-REAL-Political,0.5549206349206349,1.927474882331673,3.1523809523809523,Chain-GBR-RR,0.2
338,PLR-REAL-Political,0.5688888888888889,1.9252105136858044,3.123809523809524,Chain-GBR-RR,0.2
339,PLR-REAL-Political,0.5466666666666666,1.9441372827034975,3.142857142857143,Chain-GBR-RR,0.2
340,PLR-REAL-Political,0.5874213836477987,1.9357285561361641,3.1792452830188678,Chain-GBR-RR,0.2
341,PLR-REAL-Political,0.5597484276729561,1.9278242362830609,3.188679245283019,Chain-GBR-RR,0.2
342,PLR-REAL-Political,0.5452830188679245,1.933702635363423,3.1132075471698113,Chain-GBR-RR,0.2
343,PLR-REAL-Political,0.5892063492063492,1.9335482401441138,3.1619047619047618,Chain-GBR-RR,0.2
344,PLR-REAL-Political,0.5428571428571429,1.938218225842051,3.1333333333333333,Chain-GBR-RR,0.2
345,PLR-REAL-Political,0.5536507936507937,1.9462373716966452,3.219047619047619,Chain-GBR-RR,0.2
346,PLR-REAL-Political,0.5917460317460318,1.9367889696502922,3.1714285714285713,Chain-GBR-RR,0.2
347,PLR-REAL-Political,0.5638095238095239,1.9388968154648303,3.1904761904761907,Chain-GBR-RR,0.2
348,PLR-REAL-Political,0.5771428571428572,1.9389054376178219,3.1523809523809523,Chain-GBR-RR,0.2
349,PLR-REAL-Political,0.5498412698412698,1.9394444390141568,3.0476190476190474,Chain-GBR-RR,0.2
350,PLR-REAL-Political,0.6710691823899371,0.7751643045134209,3.4622641509433962,ST-GBR-RR,0.2
351,PLR-REAL-Political,0.6899371069182391,0.7831046565075183,3.4716981132075473,ST-GBR-RR,0.2
352,PLR-REAL-Political,0.641509433962264,0.8161263817507932,3.5283018867924527,ST-GBR-RR,0.2
353,PLR-REAL-Political,0.6736507936507936,0.8437012427161815,3.619047619047619,ST-GBR-RR,0.2
354,PLR-REAL-Political,0.6634920634920637,0.7785239925379863,3.6,ST-GBR-RR,0.2
355,PLR-REAL-Political,0.6793650793650795,0.7835670564534837,3.5714285714285716,ST-GBR-RR,0.2
356,PLR-REAL-Political,0.673015873015873,0.7829655828991886,3.6,ST-GBR-RR,0.2
357,PLR-REAL-Political,0.6253968253968256,0.7721670615949665,3.5047619047619047,ST-GBR-RR,0.2
358,PLR-REAL-Political,0.6780952380952381,0.7920502420601413,3.619047619047619,ST-GBR-RR,0.2
359,PLR-REAL-Political,0.6723809523809524,0.7720439948878881,3.5142857142857142,ST-GBR-RR,0.2
360,PLR-REAL-Political,0.6610062893081761,0.7039047279315654,3.509433962264151,ST-GBR-RR,0.2
361,PLR-REAL-Political,0.6578616352201258,0.7522292855027337,3.509433962264151,ST-GBR-RR,0.2
362,PLR-REAL-Political,0.6880503144654089,0.7516499258349159,3.641509433962264,ST-GBR-RR,0.2
363,PLR-REAL-Political,0.6507936507936507,0.8019052993037867,3.5904761904761906,ST-GBR-RR,0.2
364,PLR-REAL-Political,0.6698412698412698,0.8076998198873453,3.5142857142857142,ST-GBR-RR,0.2
365,PLR-REAL-Political,0.6653968253968254,0.7844274848697816,3.6095238095238096,ST-GBR-RR,0.2
366,PLR-REAL-Political,0.6787301587301587,0.836587856707744,3.5619047619047617,ST-GBR-RR,0.2
367,PLR-REAL-Political,0.6634920634920634,0.7754935028860296,3.4761904761904763,ST-GBR-RR,0.2
368,PLR-REAL-Political,0.6761904761904762,0.7779928245197018,3.657142857142857,ST-GBR-RR,0.2
369,PLR-REAL-Political,0.6996825396825397,0.7752671140012598,3.638095238095238,ST-GBR-RR,0.2
370,PLR-REAL-Political,0.6471698113207547,0.7826928510003447,3.6226415094339623,ST-GBR-RR,0.2
371,PLR-REAL-Political,0.6660377358490567,0.7725054297673034,3.490566037735849,ST-GBR-RR,0.2
372,PLR-REAL-Political,0.6836477987421384,0.7778111821039674,3.660377358490566,ST-GBR-RR,0.2
373,PLR-REAL-Political,0.6546031746031746,0.7815480701863825,3.5238095238095237,ST-GBR-RR,0.2
374,PLR-REAL-Political,0.6787301587301587,0.7805778782455034,3.5142857142857142,ST-GBR-RR,0.2
375,PLR-REAL-Political,0.6952380952380952,0.7025332824562319,3.533333333333333,ST-GBR-RR,0.2
376,PLR-REAL-Political,0.6742857142857144,0.7862791864366874,3.4761904761904763,ST-GBR-RR,0.2
377,PLR-REAL-Political,0.6711111111111111,0.7798959872975941,3.657142857142857,ST-GBR-RR,0.2
378,PLR-REAL-Political,0.6603174603174604,0.7749924031630232,3.6666666666666665,ST-GBR-RR,0.2
379,PLR-REAL-Political,0.695873015873016,0.7492751624232197,3.5238095238095237,ST-GBR-RR,0.2
380,PLR-REAL-Political,0.6484276729559748,0.773803848557551,3.5660377358490565,ST-GBR-RR,0.2
381,PLR-REAL-Political,0.6918238993710691,0.6987804734249657,3.4622641509433962,ST-GBR-RR,0.2
382,PLR-REAL-Political,0.6748427672955973,0.8481894664714598,3.5943396226415096,ST-GBR-RR,0.2
383,PLR-REAL-Political,0.6438095238095237,0.7726113796675201,3.5904761904761906,ST-GBR-RR,0.2
384,PLR-REAL-Political,0.6488888888888888,0.7634563097975029,3.466666666666667,ST-GBR-RR,0.2
385,PLR-REAL-Political,0.6552380952380954,0.7844254706736873,3.6,ST-GBR-RR,0.2
386,PLR-REAL-Political,0.6831746031746031,0.8730890779354277,3.6476190476190475,ST-GBR-RR,0.2
387,PLR-REAL-Political,0.6958730158730159,0.6823368017673779,3.533333333333333,ST-GBR-RR,0.2
388,PLR-REAL-Political,0.6850793650793651,0.7185380685737351,3.552380952380952,ST-GBR-RR,0.2
389,PLR-REAL-Political,0.6939682539682539,0.7352287650559965,3.5047619047619047,ST-GBR-RR,0.2
390,PLR-REAL-Political,0.70062893081761,0.7276764919904307,3.7830188679245285,ST-GBR-RR,0.2
391,PLR-REAL-Political,0.6672955974842767,0.7740916709125474,3.650943396226415,ST-GBR-RR,0.2
392,PLR-REAL-Political,0.6566037735849057,0.6798957368353212,3.641509433962264,ST-GBR-RR,0.2
393,PLR-REAL-Political,0.7060317460317461,0.687981419786279,3.5238095238095237,ST-GBR-RR,0.2
394,PLR-REAL-Political,0.6330158730158731,0.7050968522087225,3.5047619047619047,ST-GBR-RR,0.2
395,PLR-REAL-Political,0.6736507936507936,0.7219981128958047,3.657142857142857,ST-GBR-RR,0.2
396,PLR-REAL-Political,0.6844444444444444,0.6798018682228147,3.6,ST-GBR-RR,0.2
397,PLR-REAL-Political,0.6831746031746033,0.7531585032188433,3.7333333333333334,ST-GBR-RR,0.2
398,PLR-REAL-Political,0.6577777777777776,0.7612169119179498,3.5047619047619047,ST-GBR-RR,0.2
399,PLR-REAL-Political,0.7022222222222221,0.7797240236360672,3.4952380952380953,ST-GBR-RR,0.2
400,PLR-REAL-Political,0.6025157232704402,0.7689551879345805,3.0849056603773586,ST-GBR-PI,0.2
401,PLR-REAL-Political,0.5943396226415094,0.775366741636551,3.009433962264151,ST-GBR-PI,0.2
402,PLR-REAL-Political,0.5584905660377358,0.7724117095403531,3.018867924528302,ST-GBR-PI,0.2
403,PLR-REAL-Political,0.6228571428571429,0.7774129211827849,2.961904761904762,ST-GBR-PI,0.2
404,PLR-REAL-Political,0.6101587301587301,0.7810611058400954,3.0476190476190474,ST-GBR-PI,0.2
405,PLR-REAL-Political,0.5784126984126984,0.7782495107779132,2.9904761904761905,ST-GBR-PI,0.2
406,PLR-REAL-Political,0.6177777777777778,0.785044371376085,3.123809523809524,ST-GBR-PI,0.2
407,PLR-REAL-Political,0.5834920634920635,0.7673450612389234,2.9523809523809526,ST-GBR-PI,0.2
408,PLR-REAL-Political,0.6253968253968254,0.7719987040205326,3.1619047619047618,ST-GBR-PI,0.2
409,PLR-REAL-Political,0.6253968253968254,0.7209341037981424,3.0761904761904764,ST-GBR-PI,0.2
410,PLR-REAL-Political,0.5955974842767295,0.6876840408171894,2.9622641509433962,ST-GBR-PI,0.2
411,PLR-REAL-Political,0.5553459119496855,0.7751457830861441,2.9716981132075473,ST-GBR-PI,0.2
412,PLR-REAL-Political,0.6182389937106918,0.7532512057789313,3.169811320754717,ST-GBR-PI,0.2
413,PLR-REAL-Political,0.5936507936507937,0.7820253569942919,3.0,ST-GBR-PI,0.2
414,PLR-REAL-Political,0.6317460317460318,0.807718983295304,3.104761904761905,ST-GBR-PI,0.2
415,PLR-REAL-Political,0.5676190476190477,0.784116011826167,3.1142857142857143,ST-GBR-PI,0.2
416,PLR-REAL-Political,0.6304761904761905,0.7972625991444615,3.104761904761905,ST-GBR-PI,0.2
417,PLR-REAL-Political,0.5892063492063492,0.7835219607448054,3.323809523809524,ST-GBR-PI,0.2
418,PLR-REAL-Political,0.6374603174603174,0.772031419028247,3.0095238095238095,ST-GBR-PI,0.2
419,PLR-REAL-Political,0.6247619047619047,0.7822364572177218,3.1904761904761907,ST-GBR-PI,0.2
420,PLR-REAL-Political,0.5779874213836479,0.7936327885225446,3.0943396226415096,ST-GBR-PI,0.2
421,PLR-REAL-Political,0.6232704402515722,0.7830430064691672,2.990566037735849,ST-GBR-PI,0.2
422,PLR-REAL-Political,0.6025157232704402,0.7844187918224419,3.0849056603773586,ST-GBR-PI,0.2
423,PLR-REAL-Political,0.6,0.7798340156735025,3.0285714285714285,ST-GBR-PI,0.2
424,PLR-REAL-Political,0.6165079365079366,0.7697913268856698,3.0285714285714285,ST-GBR-PI,0.2
425,PLR-REAL-Political,0.6196825396825396,0.680044654394899,3.1142857142857143,ST-GBR-PI,0.2
426,PLR-REAL-Political,0.6273015873015874,0.7705372184456226,3.085714285714286,ST-GBR-PI,0.2
427,PLR-REAL-Political,0.5923809523809525,0.7877125529127086,3.1714285714285713,ST-GBR-PI,0.2
428,PLR-REAL-Political,0.6158730158730158,0.7827562155679869,3.1619047619047618,ST-GBR-PI,0.2
429,PLR-REAL-Political,0.6177777777777778,0.7811134130318598,3.1904761904761907,ST-GBR-PI,0.2
430,PLR-REAL-Political,0.5943396226415094,0.7273283680552879,3.018867924528302,ST-GBR-PI,0.2
431,PLR-REAL-Political,0.5949685534591196,0.679854242467128,2.9622641509433962,ST-GBR-PI,0.2
432,PLR-REAL-Political,0.6163522012578615,0.737217380394443,3.1792452830188678,ST-GBR-PI,0.2
433,PLR-REAL-Political,0.5968253968253968,0.7743614679205622,2.9714285714285715,ST-GBR-PI,0.2
434,PLR-REAL-Political,0.5587301587301587,0.7835834174013355,3.123809523809524,ST-GBR-PI,0.2
435,PLR-REAL-Political,0.6190476190476192,0.7686464531800856,2.9904761904761905,ST-GBR-PI,0.2
436,PLR-REAL-Political,0.6044444444444446,0.7573367190205585,3.085714285714286,ST-GBR-PI,0.2
437,PLR-REAL-Political,0.6177777777777778,0.7215730489685332,3.085714285714286,ST-GBR-PI,0.2
438,PLR-REAL-Political,0.6050793650793651,0.699075753408504,2.980952380952381,ST-GBR-PI,0.2
439,PLR-REAL-Political,0.6120634920634921,0.7144269430806545,3.142857142857143,ST-GBR-PI,0.2
440,PLR-REAL-Political,0.6138364779874214,0.687557983730299,3.2169811320754715,ST-GBR-PI,0.2
441,PLR-REAL-Political,0.6044025157232704,0.7103992806741317,2.990566037735849,ST-GBR-PI,0.2
442,PLR-REAL-Political,0.5880503144654088,0.7607003982932541,3.009433962264151,ST-GBR-PI,0.2
443,PLR-REAL-Political,0.6063492063492063,0.6768189602756398,3.0476190476190474,ST-GBR-PI,0.2
444,PLR-REAL-Political,0.6082539682539683,0.7145541463034726,3.0952380952380953,ST-GBR-PI,0.2
445,PLR-REAL-Political,0.638095238095238,0.6839940950051874,3.1333333333333333,ST-GBR-PI,0.2
446,PLR-REAL-Political,0.6158730158730159,0.7157715298841756,3.1619047619047618,ST-GBR-PI,0.2
447,PLR-REAL-Political,0.606984126984127,0.6878818743309326,2.942857142857143,ST-GBR-PI,0.2
448,PLR-REAL-Political,0.587936507936508,0.6805787544413869,3.019047619047619,ST-GBR-PI,0.2
449,PLR-REAL-Political,0.6139682539682539,0.7238374161336265,3.0,ST-GBR-PI,0.2
450,PLR-REAL-Political,0.7440251572327045,1.6569127783163697,3.150943396226415,RPC-GB,0.2
451,PLR-REAL-Political,0.7421383647798743,1.6930022876528596,3.1037735849056602,RPC-GB,0.2
452,PLR-REAL-Political,0.6962264150943395,1.6614079161925226,3.339622641509434,RPC-GB,0.2
453,PLR-REAL-Political,0.728888888888889,1.6904768907066716,3.238095238095238,RPC-GB,0.2
454,PLR-REAL-Political,0.7168253968253969,1.7078449642848694,3.533333333333333,RPC-GB,0.2
455,PLR-REAL-Political,0.7371428571428571,1.653299090012077,3.295238095238095,RPC-GB,0.2
456,PLR-REAL-Political,0.7225396825396826,1.6393440871249236,3.3904761904761904,RPC-GB,0.2
457,PLR-REAL-Political,0.6952380952380951,1.6354598600938046,3.142857142857143,RPC-GB,0.2
458,PLR-REAL-Political,0.7282539682539683,1.700931679398846,3.257142857142857,RPC-GB,0.2
459,PLR-REAL-Political,0.7212698412698413,1.646587753801366,3.2476190476190476,RPC-GB,0.2
460,PLR-REAL-Political,0.7012578616352201,1.6421061071237915,3.30188679245283,RPC-GB,0.2
461,PLR-REAL-Political,0.7094339622641508,1.7113617735584918,3.0754716981132075,RPC-GB,0.2
462,PLR-REAL-Political,0.7339622641509432,1.6427717501200567,3.3773584905660377,RPC-GB,0.2
463,PLR-REAL-Political,0.6844444444444444,1.6542445704991868,3.2095238095238097,RPC-GB,0.2
464,PLR-REAL-Political,0.7187301587301588,1.698361015810258,3.342857142857143,RPC-GB,0.2
465,PLR-REAL-Political,0.7358730158730159,1.6995949991126067,3.1619047619047618,RPC-GB,0.2
466,PLR-REAL-Political,0.7511111111111111,1.646320855430746,3.3523809523809525,RPC-GB,0.2
467,PLR-REAL-Political,0.7441269841269841,1.6369932330460648,3.2476190476190476,RPC-GB,0.2
468,PLR-REAL-Political,0.7365079365079364,1.63630716921876,3.4095238095238094,RPC-GB,0.2
469,PLR-REAL-Political,0.7428571428571429,1.7250989554384395,3.3714285714285714,RPC-GB,0.2
470,PLR-REAL-Political,0.6949685534591196,1.759433406238646,3.2264150943396226,RPC-GB,0.2
471,PLR-REAL-Political,0.7138364779874214,1.6953318023358745,3.358490566037736,RPC-GB,0.2
472,PLR-REAL-Political,0.7327044025157232,1.628462784642309,3.2641509433962264,RPC-GB,0.2
473,PLR-REAL-Political,0.7193650793650793,1.657446647713343,3.104761904761905,RPC-GB,0.2
474,PLR-REAL-Political,0.7384126984126984,1.6510221979007813,3.3714285714285714,RPC-GB,0.2
475,PLR-REAL-Political,0.7358730158730157,1.6405351733589923,3.3714285714285714,RPC-GB,0.2
476,PLR-REAL-Political,0.7498412698412699,1.626527111678977,3.142857142857143,RPC-GB,0.2
477,PLR-REAL-Political,0.7212698412698412,1.6491104026115988,3.2857142857142856,RPC-GB,0.2
478,PLR-REAL-Political,0.72,1.6444060858004388,3.3523809523809525,RPC-GB,0.2
479,PLR-REAL-Political,0.7117460317460319,1.6543538678282945,3.238095238095238,RPC-GB,0.2
480,PLR-REAL-Political,0.7176100628930817,1.6782284364858824,3.2452830188679247,RPC-GB,0.2
481,PLR-REAL-Political,0.722012578616352,1.6285220612623845,3.292452830188679,RPC-GB,0.2
482,PLR-REAL-Political,0.7150943396226415,1.6401007810497092,3.1792452830188678,RPC-GB,0.2
483,PLR-REAL-Political,0.7263492063492063,1.7061207671127228,3.3714285714285714,RPC-GB,0.2
484,PLR-REAL-Political,0.7326984126984127,1.699021250606985,3.1523809523809523,RPC-GB,0.2
485,PLR-REAL-Political,0.7174603174603176,1.6533602840956616,3.3714285714285714,RPC-GB,0.2
486,PLR-REAL-Political,0.7219047619047617,1.6400340152054116,3.4285714285714284,RPC-GB,0.2
487,PLR-REAL-Political,0.7644444444444445,1.647353975630256,3.3047619047619046,RPC-GB,0.2
488,PLR-REAL-Political,0.726984126984127,1.630961463978702,3.257142857142857,RPC-GB,0.2
489,PLR-REAL-Political,0.7187301587301588,1.6766671211117012,3.3047619047619046,RPC-GB,0.2
490,PLR-REAL-Political,0.7415094339622642,1.632780386630195,3.4339622641509435,RPC-GB,0.2
491,PLR-REAL-Political,0.7289308176100631,1.6211168097958604,3.2264150943396226,RPC-GB,0.2
492,PLR-REAL-Political,0.7150943396226415,1.6471313636145495,3.19811320754717,RPC-GB,0.2
493,PLR-REAL-Political,0.7346031746031745,1.631544182067078,3.295238095238095,RPC-GB,0.2
494,PLR-REAL-Political,0.7034920634920636,1.6159488370555524,3.3523809523809525,RPC-GB,0.2
495,PLR-REAL-Political,0.723174603174603,1.6215872838088314,3.3523809523809525,RPC-GB,0.2
496,PLR-REAL-Political,0.7276190476190477,1.6237439702848024,3.3142857142857145,RPC-GB,0.2
497,PLR-REAL-Political,0.7123809523809522,1.624971371447085,3.2476190476190476,RPC-GB,0.2
498,PLR-REAL-Political,0.7034920634920634,1.6248122128294193,3.1619047619047618,RPC-GB,0.2
499,PLR-REAL-Political,0.739047619047619,1.6347417505483839,3.2285714285714286,RPC-GB,0.2
500,PLR-REAL-Political,0.43270440251572334,1.944135899575265,2.1792452830188678,Chain-GBR-PI,0.3
501,PLR-REAL-Political,0.4742138364779875,1.9445697444406524,2.2169811320754715,Chain-GBR-PI,0.3
502,PLR-REAL-Political,0.41069182389937103,1.942010533696027,2.0849056603773586,Chain-GBR-PI,0.3
503,PLR-REAL-Political,0.460952380952381,1.9422331654538503,2.3333333333333335,Chain-GBR-PI,0.3
504,PLR-REAL-Political,0.46349206349206346,1.946064850916076,2.4,Chain-GBR-PI,0.3
505,PLR-REAL-Political,0.45714285714285713,1.9524381616331525,2.142857142857143,Chain-GBR-PI,0.3
506,PLR-REAL-Political,0.49460317460317466,1.9557401371280503,2.2476190476190476,Chain-GBR-PI,0.3
507,PLR-REAL-Political,0.45650793650793653,1.9484130645211442,2.3333333333333335,Chain-GBR-PI,0.3
508,PLR-REAL-Political,0.4444444444444445,1.9544631342093932,2.219047619047619,Chain-GBR-PI,0.3
509,PLR-REAL-Political,0.47492063492063497,1.9567877347960636,2.2476190476190476,Chain-GBR-PI,0.3
510,PLR-REAL-Political,0.41509433962264153,1.954307167005678,2.1226415094339623,Chain-GBR-PI,0.3
511,PLR-REAL-Political,0.40628930817610065,1.957565423166315,2.2358490566037736,Chain-GBR-PI,0.3
512,PLR-REAL-Political,0.41509433962264153,1.948914316989064,2.160377358490566,Chain-GBR-PI,0.3
513,PLR-REAL-Political,0.4374603174603175,1.9533565178833887,2.1619047619047618,Chain-GBR-PI,0.3
514,PLR-REAL-Political,0.42349206349206353,1.9840311655900809,2.1904761904761907,Chain-GBR-PI,0.3
515,PLR-REAL-Political,0.45650793650793653,1.9741316095853336,2.1714285714285713,Chain-GBR-PI,0.3
516,PLR-REAL-Political,0.4653968253968254,1.947818921265932,2.1904761904761907,Chain-GBR-PI,0.3
517,PLR-REAL-Political,0.433015873015873,1.946189707858737,2.4,Chain-GBR-PI,0.3
518,PLR-REAL-Political,0.4590476190476191,1.9467678349097424,2.1904761904761907,Chain-GBR-PI,0.3
519,PLR-REAL-Political,0.47492063492063497,1.9470442211234638,2.2,Chain-GBR-PI,0.3
520,PLR-REAL-Political,0.46226415094339623,1.9482787200393428,2.1320754716981134,Chain-GBR-PI,0.3
521,PLR-REAL-Political,0.4540880503144655,1.9423822494472935,2.19811320754717,Chain-GBR-PI,0.3
522,PLR-REAL-Political,0.469182389937107,1.9432831733856053,2.2264150943396226,Chain-GBR-PI,0.3
523,PLR-REAL-Political,0.4571428571428572,1.9392412869418727,2.1142857142857143,Chain-GBR-PI,0.3
524,PLR-REAL-Political,0.43174603174603177,1.938539358639502,2.2476190476190476,Chain-GBR-PI,0.3
525,PLR-REAL-Political,0.4431746031746032,1.9405742678332862,2.4095238095238094,Chain-GBR-PI,0.3
526,PLR-REAL-Political,0.4533333333333334,1.9582847226685816,2.4,Chain-GBR-PI,0.3
527,PLR-REAL-Political,0.4355555555555556,1.9502061037313985,2.257142857142857,Chain-GBR-PI,0.3
528,PLR-REAL-Political,0.4406349206349207,1.9402662732104534,2.1809523809523808,Chain-GBR-PI,0.3
529,PLR-REAL-Political,0.433015873015873,1.963732248055314,2.295238095238095,Chain-GBR-PI,0.3
530,PLR-REAL-Political,0.42578616352201265,1.9410342124851274,2.19811320754717,Chain-GBR-PI,0.3
531,PLR-REAL-Political,0.42452830188679247,1.9388985525253257,2.0377358490566038,Chain-GBR-PI,0.3
532,PLR-REAL-Political,0.4459119496855346,1.9393255250253707,2.311320754716981,Chain-GBR-PI,0.3
533,PLR-REAL-Political,0.4730158730158731,1.941778028506197,2.342857142857143,Chain-GBR-PI,0.3
534,PLR-REAL-Political,0.4577777777777778,1.9407893262673064,2.1904761904761907,Chain-GBR-PI,0.3
535,PLR-REAL-Political,0.45142857142857146,1.9452030456925036,2.123809523809524,Chain-GBR-PI,0.3
536,PLR-REAL-Political,0.42920634920634926,1.952128252710571,2.238095238095238,Chain-GBR-PI,0.3
537,PLR-REAL-Political,0.5079365079365079,1.9436345693144919,2.342857142857143,Chain-GBR-PI,0.3
538,PLR-REAL-Political,0.4457142857142857,1.945665458908941,2.219047619047619,Chain-GBR-PI,0.3
539,PLR-REAL-Political,0.3961904761904762,1.9417791432110838,2.3047619047619046,Chain-GBR-PI,0.3
540,PLR-REAL-Political,0.479245283018868,1.9374874696451359,2.188679245283019,Chain-GBR-PI,0.3
541,PLR-REAL-Political,0.39056603773584914,1.937416317687851,2.1226415094339623,Chain-GBR-PI,0.3
542,PLR-REAL-Political,0.41132075471698115,1.9400711157079573,2.207547169811321,Chain-GBR-PI,0.3
543,PLR-REAL-Political,0.4120634920634921,1.9389321870642682,2.1333333333333333,Chain-GBR-PI,0.3
544,PLR-REAL-Political,0.46666666666666673,1.939752584998537,2.257142857142857,Chain-GBR-PI,0.3
545,PLR-REAL-Political,0.4895238095238096,1.9445982549048915,2.323809523809524,Chain-GBR-PI,0.3
546,PLR-REAL-Political,0.43555555555555564,1.940855496438803,2.2857142857142856,Chain-GBR-PI,0.3
547,PLR-REAL-Political,0.4006349206349206,1.9453384530716078,2.2095238095238097,Chain-GBR-PI,0.3
548,PLR-REAL-Political,0.3828571428571429,1.9466664591044651,2.323809523809524,Chain-GBR-PI,0.3
549,PLR-REAL-Political,0.5028571428571429,1.9417638713297518,2.1523809523809523,Chain-GBR-PI,0.3
550,PLR-REAL-Political,0.5069182389937106,1.9404151012106885,2.9622641509433962,Chain-GBR-RR,0.3
551,PLR-REAL-Political,0.549685534591195,1.9547844975859585,2.9056603773584904,Chain-GBR-RR,0.3
552,PLR-REAL-Political,0.5125786163522013,1.9486926966621678,2.943396226415094,Chain-GBR-RR,0.3
553,PLR-REAL-Political,0.5212698412698413,1.9313172326062025,3.1619047619047618,Chain-GBR-RR,0.3
554,PLR-REAL-Political,0.5161904761904762,1.9353785611711964,3.219047619047619,Chain-GBR-RR,0.3
555,PLR-REAL-Political,0.5504761904761905,1.9320751305134805,3.0285714285714285,Chain-GBR-RR,0.3
556,PLR-REAL-Political,0.5796825396825397,1.929718534148502,3.1333333333333333,Chain-GBR-RR,0.3
557,PLR-REAL-Political,0.46793650793650793,1.9287404405474078,2.942857142857143,Chain-GBR-RR,0.3
558,PLR-REAL-Political,0.5453968253968254,1.929809326072565,3.0952380952380953,Chain-GBR-RR,0.3
559,PLR-REAL-Political,0.5555555555555557,1.9365402624234482,2.933333333333333,Chain-GBR-RR,0.3
560,PLR-REAL-Political,0.47861635220125787,1.9366382307949217,2.8867924528301887,Chain-GBR-RR,0.3
561,PLR-REAL-Political,0.5270440251572326,1.9419871284324395,2.8773584905660377,Chain-GBR-RR,0.3
562,PLR-REAL-Political,0.5169811320754717,1.9360557662388789,2.981132075471698,Chain-GBR-RR,0.3
563,PLR-REAL-Political,0.4901587301587302,1.9411380473757671,3.1523809523809523,Chain-GBR-RR,0.3
564,PLR-REAL-Political,0.49523809523809526,1.9672010687795614,3.0476190476190474,Chain-GBR-RR,0.3
565,PLR-REAL-Political,0.5326984126984127,1.9459642725396542,3.142857142857143,Chain-GBR-RR,0.3
566,PLR-REAL-Political,0.5555555555555555,1.937043164715343,3.1142857142857143,Chain-GBR-RR,0.3
567,PLR-REAL-Political,0.5396825396825397,1.9366557417357821,3.066666666666667,Chain-GBR-RR,0.3
568,PLR-REAL-Political,0.5485714285714286,1.9368649026187073,3.0761904761904764,Chain-GBR-RR,0.3
569,PLR-REAL-Political,0.5511111111111111,1.9429032469466718,3.1714285714285713,Chain-GBR-RR,0.3
570,PLR-REAL-Political,0.5125786163522013,1.940255494526119,2.9622641509433962,Chain-GBR-RR,0.3
571,PLR-REAL-Political,0.5364779874213836,1.941625490668079,2.952830188679245,Chain-GBR-RR,0.3
572,PLR-REAL-Political,0.5226415094339623,1.9362564757746668,3.0283018867924527,Chain-GBR-RR,0.3
573,PLR-REAL-Political,0.4749206349206349,1.9256179943154075,3.0,Chain-GBR-RR,0.3
574,PLR-REAL-Political,0.5282539682539682,1.9279413484308487,3.1714285714285713,Chain-GBR-RR,0.3
575,PLR-REAL-Political,0.5028571428571429,1.9374901721034776,3.104761904761905,Chain-GBR-RR,0.3
576,PLR-REAL-Political,0.5276190476190477,1.9714078527755217,3.2,Chain-GBR-RR,0.3
577,PLR-REAL-Political,0.5612698412698413,1.960115218288385,3.1809523809523808,Chain-GBR-RR,0.3
578,PLR-REAL-Political,0.5219047619047619,1.9474837524360775,3.0476190476190474,Chain-GBR-RR,0.3
579,PLR-REAL-Political,0.5276190476190477,1.949061561615,3.219047619047619,Chain-GBR-RR,0.3
580,PLR-REAL-Political,0.5012578616352201,1.925490226150058,2.943396226415094,Chain-GBR-RR,0.3
581,PLR-REAL-Political,0.4742138364779875,1.9260165983267274,2.943396226415094,Chain-GBR-RR,0.3
582,PLR-REAL-Political,0.5138364779874214,1.9244998495773025,3.0660377358490565,Chain-GBR-RR,0.3
583,PLR-REAL-Political,0.5441269841269841,1.9276000983151476,3.1619047619047618,Chain-GBR-RR,0.3
584,PLR-REAL-Political,0.5212698412698413,1.9267743121611391,3.085714285714286,Chain-GBR-RR,0.3
585,PLR-REAL-Political,0.5073015873015873,1.9291205338246908,2.9714285714285715,Chain-GBR-RR,0.3
586,PLR-REAL-Political,0.48634920634920636,1.9312181955869838,3.1904761904761907,Chain-GBR-RR,0.3
587,PLR-REAL-Political,0.5746031746031746,1.9272026442528079,3.038095238095238,Chain-GBR-RR,0.3
588,PLR-REAL-Political,0.5098412698412699,1.9367992268283047,3.019047619047619,Chain-GBR-RR,0.3
589,PLR-REAL-Political,0.5155555555555555,1.9261421821776232,3.104761904761905,Chain-GBR-RR,0.3
590,PLR-REAL-Political,0.5188679245283018,1.9224990457839959,2.990566037735849,Chain-GBR-RR,0.3
591,PLR-REAL-Political,0.4742138364779875,1.921510871683481,2.858490566037736,Chain-GBR-RR,0.3
592,PLR-REAL-Political,0.49937106918239,1.921711628461042,3.009433962264151,Chain-GBR-RR,0.3
593,PLR-REAL-Political,0.5111111111111111,1.922806582050692,2.961904761904762,Chain-GBR-RR,0.3
594,PLR-REAL-Political,0.5041269841269842,1.9240457148814105,3.038095238095238,Chain-GBR-RR,0.3
595,PLR-REAL-Political,0.5314285714285715,1.9254098979178982,3.1809523809523808,Chain-GBR-RR,0.3
596,PLR-REAL-Political,0.5225396825396825,1.9465444379663153,3.2,Chain-GBR-RR,0.3
597,PLR-REAL-Political,0.5098412698412699,1.9278676258931537,3.038095238095238,Chain-GBR-RR,0.3
598,PLR-REAL-Political,0.48444444444444446,1.9302198765882124,3.104761904761905,Chain-GBR-RR,0.3
599,PLR-REAL-Political,0.5333333333333333,1.9272473185820223,3.0761904761904764,Chain-GBR-RR,0.3
600,PLR-REAL-Political,0.6842767295597483,0.684827425692759,3.481132075471698,ST-GBR-RR,0.3
601,PLR-REAL-Political,0.6584905660377357,0.6788044740695653,3.518867924528302,ST-GBR-RR,0.3
602,PLR-REAL-Political,0.6591194968553459,0.7025628235370472,3.481132075471698,ST-GBR-RR,0.3
603,PLR-REAL-Political,0.662222222222222,0.7373641841137603,3.6476190476190475,ST-GBR-RR,0.3
604,PLR-REAL-Political,0.6463492063492063,0.746400583499169,3.7523809523809524,ST-GBR-RR,0.3
605,PLR-REAL-Political,0.6692063492063492,0.7437850543105808,3.580952380952381,ST-GBR-RR,0.3
606,PLR-REAL-Political,0.6641269841269841,0.73758447786492,3.676190476190476,ST-GBR-RR,0.3
607,PLR-REAL-Political,0.6273015873015872,0.6589707246901009,3.419047619047619,ST-GBR-RR,0.3
608,PLR-REAL-Political,0.6768253968253968,0.6724398932237324,3.657142857142857,ST-GBR-RR,0.3
609,PLR-REAL-Political,0.68,0.7445135599834388,3.4761904761904763,ST-GBR-RR,0.3
610,PLR-REAL-Political,0.6333333333333334,0.745855197089534,3.4150943396226414,ST-GBR-RR,0.3
611,PLR-REAL-Political,0.6584905660377357,0.6726292641670747,3.5283018867924527,ST-GBR-RR,0.3
612,PLR-REAL-Political,0.6924528301886793,0.6953660841852111,3.7641509433962264,ST-GBR-RR,0.3
613,PLR-REAL-Political,0.6558730158730159,0.6720118064546595,3.6095238095238096,ST-GBR-RR,0.3
614,PLR-REAL-Political,0.6685714285714286,0.7415508890015985,3.4952380952380953,ST-GBR-RR,0.3
615,PLR-REAL-Political,0.6596825396825398,0.701360846483237,3.4857142857142858,ST-GBR-RR,0.3
616,PLR-REAL-Political,0.6774603174603175,0.6841312483659215,3.5428571428571427,ST-GBR-RR,0.3
617,PLR-REAL-Political,0.6736507936507936,0.6836855453778887,3.4952380952380953,ST-GBR-RR,0.3
618,PLR-REAL-Political,0.6641269841269841,0.6958536447972548,3.638095238095238,ST-GBR-RR,0.3
619,PLR-REAL-Political,0.6863492063492065,0.6796383383920908,3.6,ST-GBR-RR,0.3
620,PLR-REAL-Political,0.6572327044025157,0.7113393957840761,3.481132075471698,ST-GBR-RR,0.3
621,PLR-REAL-Political,0.6578616352201258,0.6843419467014231,3.641509433962264,ST-GBR-RR,0.3
622,PLR-REAL-Political,0.671698113207547,0.6806578031711166,3.547169811320755,ST-GBR-RR,0.3
623,PLR-REAL-Political,0.6628571428571429,0.680705697764744,3.533333333333333,ST-GBR-RR,0.3
624,PLR-REAL-Political,0.6812698412698412,0.654593305773887,3.5238095238095237,ST-GBR-RR,0.3
625,PLR-REAL-Political,0.6501587301587302,0.6795808038502245,3.4952380952380953,ST-GBR-RR,0.3
626,PLR-REAL-Political,0.6882539682539682,0.6763595471224618,3.4952380952380953,ST-GBR-RR,0.3
627,PLR-REAL-Political,0.6641269841269841,0.6841545943759916,3.6095238095238096,ST-GBR-RR,0.3
628,PLR-REAL-Political,0.6457142857142858,0.6820156933414323,3.6476190476190475,ST-GBR-RR,0.3
629,PLR-REAL-Political,0.6552380952380954,0.6609765964188147,3.533333333333333,ST-GBR-RR,0.3
630,PLR-REAL-Political,0.6616352201257862,0.7384801127607097,3.518867924528302,ST-GBR-RR,0.3
631,PLR-REAL-Political,0.6641509433962264,0.7289852495179165,3.556603773584906,ST-GBR-RR,0.3
632,PLR-REAL-Political,0.6547169811320755,0.7294399577584391,3.6132075471698113,ST-GBR-RR,0.3
633,PLR-REAL-Political,0.6609523809523808,0.7120995456930184,3.5428571428571427,ST-GBR-RR,0.3
634,PLR-REAL-Political,0.6222222222222222,0.6858481559564749,3.5238095238095237,ST-GBR-RR,0.3
635,PLR-REAL-Political,0.6647619047619048,0.7443622740228039,3.5428571428571427,ST-GBR-RR,0.3
636,PLR-REAL-Political,0.6768253968253967,0.6829289106514909,3.7333333333333334,ST-GBR-RR,0.3
637,PLR-REAL-Political,0.6717460317460319,0.7022015351895864,3.5619047619047617,ST-GBR-RR,0.3
638,PLR-REAL-Political,0.6831746031746032,0.6542472812553588,3.533333333333333,ST-GBR-RR,0.3
639,PLR-REAL-Political,0.6730158730158731,0.743132619366491,3.4571428571428573,ST-GBR-RR,0.3
640,PLR-REAL-Political,0.6918238993710693,0.7365827726418263,3.660377358490566,ST-GBR-RR,0.3
641,PLR-REAL-Political,0.6578616352201258,0.6897193226198941,3.490566037735849,ST-GBR-RR,0.3
642,PLR-REAL-Political,0.6465408805031447,0.6764162949256042,3.6226415094339623,ST-GBR-RR,0.3
643,PLR-REAL-Political,0.6850793650793651,0.6815721766872429,3.533333333333333,ST-GBR-RR,0.3
644,PLR-REAL-Political,0.6374603174603174,0.6762845769303348,3.5714285714285716,ST-GBR-RR,0.3
645,PLR-REAL-Political,0.666031746031746,0.7403608390413563,3.638095238095238,ST-GBR-RR,0.3
646,PLR-REAL-Political,0.6711111111111111,0.681135811699103,3.533333333333333,ST-GBR-RR,0.3
647,PLR-REAL-Political,0.6552380952380951,0.7054777530228237,3.657142857142857,ST-GBR-RR,0.3
648,PLR-REAL-Political,0.6565079365079366,0.6801625239438547,3.419047619047619,ST-GBR-RR,0.3
649,PLR-REAL-Political,0.6615873015873016,0.7508395740752382,3.4,ST-GBR-RR,0.3
650,PLR-REAL-Political,0.6018867924528303,0.6783123425227061,3.0,ST-GBR-PI,0.3
651,PLR-REAL-Political,0.59937106918239,0.6741007677001747,3.0849056603773586,ST-GBR-PI,0.3
652,PLR-REAL-Political,0.5603773584905661,0.6789627986508094,2.981132075471698,ST-GBR-PI,0.3
653,PLR-REAL-Political,0.6184126984126984,0.7347193668522966,2.914285714285714,ST-GBR-PI,0.3
654,PLR-REAL-Political,0.6317460317460317,0.7533071279422827,3.1142857142857143,ST-GBR-PI,0.3
655,PLR-REAL-Political,0.579047619047619,0.681861037142979,3.0285714285714285,ST-GBR-PI,0.3
656,PLR-REAL-Political,0.5961904761904762,0.743540772235695,3.0476190476190474,ST-GBR-PI,0.3
657,PLR-REAL-Political,0.5771428571428572,0.6511680336194874,2.8285714285714287,ST-GBR-PI,0.3
658,PLR-REAL-Political,0.5968253968253968,0.719748790200721,3.2,ST-GBR-PI,0.3
659,PLR-REAL-Political,0.598095238095238,0.6810759590416369,3.0285714285714285,ST-GBR-PI,0.3
660,PLR-REAL-Political,0.5943396226415094,0.7357102574976764,3.0,ST-GBR-PI,0.3
661,PLR-REAL-Political,0.5628930817610063,0.7315590010366054,3.0,ST-GBR-PI,0.3
662,PLR-REAL-Political,0.6163522012578616,0.6473491662217036,3.1226415094339623,ST-GBR-PI,0.3
663,PLR-REAL-Political,0.5949206349206348,0.6864630966339033,2.961904761904762,ST-GBR-PI,0.3
664,PLR-REAL-Political,0.6209523809523808,0.6865928291458614,2.942857142857143,ST-GBR-PI,0.3
665,PLR-REAL-Political,0.5885714285714285,0.649282194405387,2.961904761904762,ST-GBR-PI,0.3
666,PLR-REAL-Political,0.6298412698412698,0.6811587597432013,3.0476190476190474,ST-GBR-PI,0.3
667,PLR-REAL-Political,0.5841269841269842,0.6837662422162146,3.0761904761904764,ST-GBR-PI,0.3
668,PLR-REAL-Political,0.5961904761904762,0.6466254379517888,3.0476190476190474,ST-GBR-PI,0.3
669,PLR-REAL-Political,0.5923809523809525,0.6889128841979496,3.1714285714285713,ST-GBR-PI,0.3
670,PLR-REAL-Political,0.5849056603773585,0.7368991050483734,3.0283018867924527,ST-GBR-PI,0.3
671,PLR-REAL-Political,0.5949685534591195,0.6544670664277981,2.9056603773584904,ST-GBR-PI,0.3
672,PLR-REAL-Political,0.5823899371069182,0.6859010504671276,3.0283018867924527,ST-GBR-PI,0.3
673,PLR-REAL-Political,0.6253968253968256,0.6694472055126033,2.895238095238095,ST-GBR-PI,0.3
674,PLR-REAL-Political,0.6107936507936509,0.6398834284623478,3.038095238095238,ST-GBR-PI,0.3
675,PLR-REAL-Political,0.598095238095238,0.6796682013948756,3.1619047619047618,ST-GBR-PI,0.3
676,PLR-REAL-Political,0.631111111111111,0.6711775569657361,3.104761904761905,ST-GBR-PI,0.3
677,PLR-REAL-Political,0.5682539682539683,0.6781820028615592,3.1809523809523808,ST-GBR-PI,0.3
678,PLR-REAL-Political,0.5885714285714286,0.743381938172816,3.085714285714286,ST-GBR-PI,0.3
679,PLR-REAL-Political,0.5949206349206348,0.6493928472022156,3.0285714285714285,ST-GBR-PI,0.3
680,PLR-REAL-Political,0.6081761006289308,0.6404097586814242,3.0660377358490565,ST-GBR-PI,0.3
681,PLR-REAL-Political,0.5893081761006289,0.6501240389330433,2.9339622641509435,ST-GBR-PI,0.3
682,PLR-REAL-Political,0.5981132075471698,0.739165755425652,3.169811320754717,ST-GBR-PI,0.3
683,PLR-REAL-Political,0.591111111111111,0.6472594356125831,3.0,ST-GBR-PI,0.3
684,PLR-REAL-Political,0.572063492063492,0.6783295121373656,3.066666666666667,ST-GBR-PI,0.3
685,PLR-REAL-Political,0.5968253968253968,0.6864110503564393,3.0285714285714285,ST-GBR-PI,0.3
686,PLR-REAL-Political,0.6253968253968254,0.6453540516705262,3.0095238095238095,ST-GBR-PI,0.3
687,PLR-REAL-Political,0.6273015873015872,0.6723446690633086,3.057142857142857,ST-GBR-PI,0.3
688,PLR-REAL-Political,0.5917460317460317,0.6573307485193066,3.0476190476190474,ST-GBR-PI,0.3
689,PLR-REAL-Political,0.593015873015873,0.6775007608815934,3.0952380952380953,ST-GBR-PI,0.3
690,PLR-REAL-Political,0.6081761006289308,0.7339880067013871,3.0,ST-GBR-PI,0.3
691,PLR-REAL-Political,0.579245283018868,0.6798650138355176,3.1037735849056602,ST-GBR-PI,0.3
692,PLR-REAL-Political,0.5817610062893082,0.6505478844777108,3.188679245283019,ST-GBR-PI,0.3
693,PLR-REAL-Political,0.6228571428571429,0.6474392751645103,2.9238095238095236,ST-GBR-PI,0.3
694,PLR-REAL-Political,0.594920634920635,0.6542829189128767,3.0095238095238095,ST-GBR-PI,0.3
695,PLR-REAL-Political,0.6266666666666666,0.6887849853297116,3.0761904761904764,ST-GBR-PI,0.3
696,PLR-REAL-Political,0.6019047619047618,0.6804510621619207,3.1333333333333333,ST-GBR-PI,0.3
697,PLR-REAL-Political,0.5815873015873015,0.6624570491718018,3.0476190476190474,ST-GBR-PI,0.3
698,PLR-REAL-Political,0.5504761904761905,0.6904925372736247,3.0095238095238095,ST-GBR-PI,0.3
699,PLR-REAL-Political,0.6234920634920633,0.6943803727240558,2.914285714285714,ST-GBR-PI,0.3
700,PLR-REAL-Political,0.7270440251572327,1.4976298270885142,3.2358490566037736,RPC-GB,0.3
701,PLR-REAL-Political,0.7320754716981132,1.5002557145317104,3.0849056603773586,RPC-GB,0.3
702,PLR-REAL-Political,0.6943396226415094,1.4973322166615748,3.2830188679245285,RPC-GB,0.3
703,PLR-REAL-Political,0.7377777777777776,1.4949182281872981,3.3333333333333335,RPC-GB,0.3
704,PLR-REAL-Political,0.7034920634920636,1.4934565735230505,3.447619047619048,RPC-GB,0.3
705,PLR-REAL-Political,0.7320634920634921,1.5183383572140472,3.3142857142857145,RPC-GB,0.3
706,PLR-REAL-Political,0.7295238095238095,1.4881702970391926,3.5238095238095237,RPC-GB,0.3
707,PLR-REAL-Political,0.6755555555555556,1.4837774125542285,3.1809523809523808,RPC-GB,0.3
708,PLR-REAL-Political,0.7225396825396826,1.4857508387939948,3.1523809523809523,RPC-GB,0.3
709,PLR-REAL-Political,0.7314285714285714,1.4876182988320135,3.2476190476190476,RPC-GB,0.3
710,PLR-REAL-Political,0.6924528301886792,1.4889361638438023,3.3679245283018866,RPC-GB,0.3
711,PLR-REAL-Political,0.6918238993710691,1.4883315957721732,3.349056603773585,RPC-GB,0.3
712,PLR-REAL-Political,0.7113207547169811,1.484685022830402,3.443396226415094,RPC-GB,0.3
713,PLR-REAL-Political,0.6857142857142857,1.519082724546988,3.3523809523809525,RPC-GB,0.3
714,PLR-REAL-Political,0.7053968253968255,1.5018955206761118,3.342857142857143,RPC-GB,0.3
715,PLR-REAL-Political,0.7187301587301588,1.479286688575993,3.2,RPC-GB,0.3
716,PLR-REAL-Political,0.7384126984126984,1.484312142375287,3.295238095238095,RPC-GB,0.3
717,PLR-REAL-Political,0.7180952380952381,1.4821472356084135,3.2095238095238097,RPC-GB,0.3
718,PLR-REAL-Political,0.7422222222222222,1.495666778391634,3.342857142857143,RPC-GB,0.3
719,PLR-REAL-Political,0.7580952380952382,1.5140736580598761,3.295238095238095,RPC-GB,0.3
720,PLR-REAL-Political,0.6987421383647798,1.482632591715511,3.207547169811321,RPC-GB,0.3
721,PLR-REAL-Political,0.7037735849056604,1.5192422041830402,3.292452830188679,RPC-GB,0.3
722,PLR-REAL-Political,0.7238993710691822,1.477875683538602,3.292452830188679,RPC-GB,0.3
723,PLR-REAL-Political,0.7333333333333333,1.479487209461197,3.1809523809523808,RPC-GB,0.3
724,PLR-REAL-Political,0.7295238095238095,1.5033438884565133,3.3523809523809525,RPC-GB,0.3
725,PLR-REAL-Political,0.7168253968253969,1.51845012265307,3.238095238095238,RPC-GB,0.3
726,PLR-REAL-Political,0.7358730158730159,1.4981882815502954,3.1809523809523808,RPC-GB,0.3
727,PLR-REAL-Political,0.7053968253968255,1.4856395599181067,3.3333333333333335,RPC-GB,0.3
728,PLR-REAL-Political,0.7180952380952381,1.4984818537561797,3.4095238095238094,RPC-GB,0.3
729,PLR-REAL-Political,0.7384126984126984,1.506509826040073,3.361904761904762,RPC-GB,0.3
730,PLR-REAL-Political,0.7075471698113206,1.4820067219743338,3.2547169811320753,RPC-GB,0.3
731,PLR-REAL-Political,0.7081761006289308,1.4919873980620875,3.3207547169811322,RPC-GB,0.3
732,PLR-REAL-Political,0.7182389937106919,1.489803694772222,3.2264150943396226,RPC-GB,0.3
733,PLR-REAL-Political,0.7168253968253968,1.4822170546183753,3.2666666666666666,RPC-GB,0.3
734,PLR-REAL-Political,0.7212698412698413,1.4930971254318577,3.1714285714285713,RPC-GB,0.3
735,PLR-REAL-Political,0.6799999999999999,1.4945874865817308,3.342857142857143,RPC-GB,0.3
736,PLR-REAL-Political,0.7053968253968254,1.4990390515252043,3.4,RPC-GB,0.3
737,PLR-REAL-Political,0.7657142857142857,1.5126719304060647,3.3142857142857145,RPC-GB,0.3
738,PLR-REAL-Political,0.716190476190476,1.4997339554056053,3.2285714285714286,RPC-GB,0.3
739,PLR-REAL-Political,0.7257142857142858,1.485499405600098,3.295238095238095,RPC-GB,0.3
740,PLR-REAL-Political,0.7327044025157232,1.4898131644619659,3.311320754716981,RPC-GB,0.3
741,PLR-REAL-Political,0.7069182389937109,1.4986751822849895,3.30188679245283,RPC-GB,0.3
742,PLR-REAL-Political,0.7144654088050315,1.493354036399808,3.4245283018867925,RPC-GB,0.3
743,PLR-REAL-Political,0.732063492063492,1.4741057153357982,3.1809523809523808,RPC-GB,0.3
744,PLR-REAL-Political,0.6933333333333334,1.4980878452310227,3.1904761904761907,RPC-GB,0.3
745,PLR-REAL-Political,0.6831746031746032,1.4897481955008933,3.419047619047619,RPC-GB,0.3
746,PLR-REAL-Political,0.7168253968253968,1.476395613647377,3.342857142857143,RPC-GB,0.3
747,PLR-REAL-Political,0.7161904761904763,1.4914506585740528,3.3714285714285714,RPC-GB,0.3
748,PLR-REAL-Political,0.7047619047619049,1.488980467955099,3.142857142857143,RPC-GB,0.3
749,PLR-REAL-Political,0.7098412698412698,1.478352200248087,3.4285714285714284,RPC-GB,0.3
750,PLR-REAL-Political,0.3880503144654087,1.942820459536163,1.9528301886792452,Chain-GBR-PI,0.4
751,PLR-REAL-Political,0.43333333333333335,1.9451170296431457,1.9056603773584906,Chain-GBR-PI,0.4
752,PLR-REAL-Political,0.39685534591194965,1.938121760106457,2.018867924528302,Chain-GBR-PI,0.4
753,PLR-REAL-Political,0.4253968253968254,1.934960572985706,1.9333333333333333,Chain-GBR-PI,0.4
754,PLR-REAL-Political,0.4044444444444444,1.9405858903931694,2.0285714285714285,Chain-GBR-PI,0.4
755,PLR-REAL-Political,0.4203174603174603,1.9387092131078567,1.9238095238095239,Chain-GBR-PI,0.4
756,PLR-REAL-Political,0.4323809523809524,1.9375249606211156,2.123809523809524,Chain-GBR-PI,0.4
757,PLR-REAL-Political,0.40317460317460324,1.9360253650085772,1.819047619047619,Chain-GBR-PI,0.4
758,PLR-REAL-Political,0.40888888888888886,1.9406379345343405,2.019047619047619,Chain-GBR-PI,0.4
759,PLR-REAL-Political,0.44952380952380955,1.9442646630639813,2.057142857142857,Chain-GBR-PI,0.4
760,PLR-REAL-Political,0.3861635220125786,1.9449829073754257,1.9811320754716981,Chain-GBR-PI,0.4
761,PLR-REAL-Political,0.37735849056603776,1.9499190449829291,1.9056603773584906,Chain-GBR-PI,0.4
762,PLR-REAL-Political,0.37735849056603776,1.948899602859349,2.056603773584906,Chain-GBR-PI,0.4
763,PLR-REAL-Political,0.3993650793650794,1.9739494691997714,2.057142857142857,Chain-GBR-PI,0.4
764,PLR-REAL-Political,0.4120634920634921,1.9609431610824788,2.085714285714286,Chain-GBR-PI,0.4
765,PLR-REAL-Political,0.3936507936507937,1.9376278048168325,2.0476190476190474,Chain-GBR-PI,0.4
766,PLR-REAL-Political,0.4380952380952381,1.945662966706453,2.104761904761905,Chain-GBR-PI,0.4
767,PLR-REAL-Political,0.44634920634920644,1.9468396179320133,2.1333333333333333,Chain-GBR-PI,0.4
768,PLR-REAL-Political,0.4628571428571428,1.9453745921926213,2.104761904761905,Chain-GBR-PI,0.4
769,PLR-REAL-Political,0.40380952380952384,1.9383542091151529,2.1142857142857143,Chain-GBR-PI,0.4
770,PLR-REAL-Political,0.4226415094339622,1.9365815900803822,1.9433962264150944,Chain-GBR-PI,0.4
771,PLR-REAL-Political,0.4025157232704402,1.9406078166390959,1.9811320754716981,Chain-GBR-PI,0.4
772,PLR-REAL-Political,0.4364779874213837,1.9429039909362003,2.169811320754717,Chain-GBR-PI,0.4
773,PLR-REAL-Political,0.42095238095238097,1.9386746361811011,1.8952380952380952,Chain-GBR-PI,0.4
774,PLR-REAL-Political,0.43682539682539684,1.9415355652257542,2.0952380952380953,Chain-GBR-PI,0.4
775,PLR-REAL-Political,0.45587301587301593,1.9552407002699679,2.085714285714286,Chain-GBR-PI,0.4
776,PLR-REAL-Political,0.4419047619047619,1.9407246118326307,1.9523809523809523,Chain-GBR-PI,0.4
777,PLR-REAL-Political,0.40444444444444444,1.933711377377701,2.038095238095238,Chain-GBR-PI,0.4
778,PLR-REAL-Political,0.42920634920634915,1.936098616553331,1.9523809523809523,Chain-GBR-PI,0.4
779,PLR-REAL-Political,0.394920634920635,1.9385854296387484,1.9714285714285715,Chain-GBR-PI,0.4
780,PLR-REAL-Political,0.44339622641509435,1.9400720638577627,1.9528301886792452,Chain-GBR-PI,0.4
781,PLR-REAL-Political,0.40125786163522004,1.9394550672821047,2.0283018867924527,Chain-GBR-PI,0.4
782,PLR-REAL-Political,0.4157232704402516,1.9430969067477397,2.0660377358490565,Chain-GBR-PI,0.4
783,PLR-REAL-Political,0.3955555555555556,1.9357617503125149,2.0095238095238095,Chain-GBR-PI,0.4
784,PLR-REAL-Political,0.4374603174603175,1.9385331560138472,2.123809523809524,Chain-GBR-PI,0.4
785,PLR-REAL-Political,0.4342857142857143,1.9367243384058572,2.0095238095238095,Chain-GBR-PI,0.4
786,PLR-REAL-Political,0.3980952380952381,1.9354804116876967,1.9142857142857144,Chain-GBR-PI,0.4
787,PLR-REAL-Political,0.42730158730158735,1.9377832206016516,1.9523809523809523,Chain-GBR-PI,0.4
788,PLR-REAL-Political,0.47111111111111104,1.9409976221030558,2.2095238095238097,Chain-GBR-PI,0.4
789,PLR-REAL-Political,0.41904761904761906,1.9368406243171692,2.019047619047619,Chain-GBR-PI,0.4
790,PLR-REAL-Political,0.4270440251572328,1.9435798514561562,2.2358490566037736,Chain-GBR-PI,0.4
791,PLR-REAL-Political,0.4081761006289309,1.9386910844718175,2.009433962264151,Chain-GBR-PI,0.4
792,PLR-REAL-Political,0.42641509433962266,1.940514130850561,1.971698113207547,Chain-GBR-PI,0.4
793,PLR-REAL-Political,0.4317460317460318,1.9383956740063595,2.1142857142857143,Chain-GBR-PI,0.4
794,PLR-REAL-Political,0.4876190476190476,1.9367104009112779,2.1904761904761907,Chain-GBR-PI,0.4
795,PLR-REAL-Political,0.42603174603174604,1.9400792615243905,2.038095238095238,Chain-GBR-PI,0.4
796,PLR-REAL-Political,0.42920634920634915,1.9419059297468348,2.085714285714286,Chain-GBR-PI,0.4
797,PLR-REAL-Political,0.3707936507936509,1.937516304956219,2.0095238095238095,Chain-GBR-PI,0.4
798,PLR-REAL-Political,0.35873015873015873,1.9382936049458095,2.0095238095238095,Chain-GBR-PI,0.4
799,PLR-REAL-Political,0.41206349206349213,1.94870570506563,2.0,Chain-GBR-PI,0.4
800,PLR-REAL-Political,0.4666666666666667,1.9375203627353432,2.9622641509433962,Chain-GBR-RR,0.4
801,PLR-REAL-Political,0.4886792452830189,1.92936583182155,2.9056603773584904,Chain-GBR-RR,0.4
802,PLR-REAL-Political,0.4861635220125787,1.9219726928310974,3.0,Chain-GBR-RR,0.4
803,PLR-REAL-Political,0.5028571428571429,1.9260883183359252,3.0095238095238095,Chain-GBR-RR,0.4
804,PLR-REAL-Political,0.49206349206349204,1.9270957573461869,2.9523809523809526,Chain-GBR-RR,0.4
805,PLR-REAL-Political,0.46793650793650793,1.9358415146915118,2.9047619047619047,Chain-GBR-RR,0.4
806,PLR-REAL-Political,0.5136507936507936,1.9271871538671852,3.0476190476190474,Chain-GBR-RR,0.4
807,PLR-REAL-Political,0.45396825396825397,1.9310453811343655,2.933333333333333,Chain-GBR-RR,0.4
808,PLR-REAL-Political,0.48507936507936505,1.9341329163193481,3.066666666666667,Chain-GBR-RR,0.4
809,PLR-REAL-Political,0.4755555555555555,1.928113755971809,2.9523809523809526,Chain-GBR-RR,0.4
810,PLR-REAL-Political,0.4578616352201258,1.9290836179388593,2.811320754716981,Chain-GBR-RR,0.4
811,PLR-REAL-Political,0.4553459119496856,1.92576586634849,2.830188679245283,Chain-GBR-RR,0.4
812,PLR-REAL-Political,0.4490566037735849,1.9252682202677656,3.1037735849056602,Chain-GBR-RR,0.4
813,PLR-REAL-Political,0.4660317460317461,1.9320055447529105,3.0,Chain-GBR-RR,0.4
814,PLR-REAL-Political,0.47365079365079366,1.9276606016079696,3.0095238095238095,Chain-GBR-RR,0.4
815,PLR-REAL-Political,0.45777777777777773,1.9218913385086351,3.019047619047619,Chain-GBR-RR,0.4
816,PLR-REAL-Political,0.4876190476190476,1.9269559348748473,2.914285714285714,Chain-GBR-RR,0.4
817,PLR-REAL-Political,0.513015873015873,1.9286027885548813,2.9047619047619047,Chain-GBR-RR,0.4
818,PLR-REAL-Political,0.514920634920635,1.928679522623673,3.1714285714285713,Chain-GBR-RR,0.4
819,PLR-REAL-Political,0.46285714285714286,1.9239864365314594,2.9904761904761905,Chain-GBR-RR,0.4
820,PLR-REAL-Political,0.48238993710691824,1.9214929159328042,2.9716981132075473,Chain-GBR-RR,0.4
821,PLR-REAL-Political,0.4836477987421385,1.924378662059987,2.8867924528301887,Chain-GBR-RR,0.4
822,PLR-REAL-Political,0.4937106918238995,1.9259158717245328,3.0,Chain-GBR-RR,0.4
823,PLR-REAL-Political,0.47111111111111115,1.9253104874322753,2.8666666666666667,Chain-GBR-RR,0.4
824,PLR-REAL-Political,0.49968253968253973,1.9254144912121094,3.1619047619047618,Chain-GBR-RR,0.4
825,PLR-REAL-Political,0.4920634920634921,1.9404566210082008,2.895238095238095,Chain-GBR-RR,0.4
826,PLR-REAL-Political,0.49714285714285716,1.9266036385252632,2.933333333333333,Chain-GBR-RR,0.4
827,PLR-REAL-Political,0.4628571428571429,1.920732486576363,3.0095238095238095,Chain-GBR-RR,0.4
828,PLR-REAL-Political,0.4749206349206349,1.9262062830960474,2.9714285714285715,Chain-GBR-RR,0.4
829,PLR-REAL-Political,0.4793650793650794,1.9274323093257906,2.9714285714285715,Chain-GBR-RR,0.4
830,PLR-REAL-Political,0.4691823899371069,1.9255457356222112,2.849056603773585,Chain-GBR-RR,0.4
831,PLR-REAL-Political,0.46352201257861636,1.9251398871129273,2.981132075471698,Chain-GBR-RR,0.4
832,PLR-REAL-Political,0.4710691823899372,1.9263024476904946,3.0754716981132075,Chain-GBR-RR,0.4
833,PLR-REAL-Political,0.4831746031746032,1.922653705948073,2.961904761904762,Chain-GBR-RR,0.4
834,PLR-REAL-Political,0.4793650793650794,1.9275876794587334,2.980952380952381,Chain-GBR-RR,0.4
835,PLR-REAL-Political,0.46920634920634924,1.928206975410178,2.8666666666666667,Chain-GBR-RR,0.4
836,PLR-REAL-Political,0.466031746031746,1.9241160292459067,2.933333333333333,Chain-GBR-RR,0.4
837,PLR-REAL-Political,0.4863492063492063,1.9384684867144164,2.8380952380952382,Chain-GBR-RR,0.4
838,PLR-REAL-Political,0.48698412698412696,1.9289885437643874,3.0476190476190474,Chain-GBR-RR,0.4
839,PLR-REAL-Political,0.48571428571428577,1.9275495547376404,2.942857142857143,Chain-GBR-RR,0.4
840,PLR-REAL-Political,0.5270440251572326,1.9292847589173945,3.009433962264151,Chain-GBR-RR,0.4
841,PLR-REAL-Political,0.4767295597484277,1.9250049994727867,2.9150943396226414,Chain-GBR-RR,0.4
842,PLR-REAL-Political,0.4679245283018868,1.925558851608908,3.009433962264151,Chain-GBR-RR,0.4
843,PLR-REAL-Political,0.4984126984126984,1.927622352016722,3.1809523809523808,Chain-GBR-RR,0.4
844,PLR-REAL-Political,0.5155555555555555,1.9221756790197442,2.9238095238095236,Chain-GBR-RR,0.4
845,PLR-REAL-Political,0.46666666666666673,1.9252402115071152,3.0,Chain-GBR-RR,0.4
846,PLR-REAL-Political,0.5161904761904763,1.9259351448119084,3.0285714285714285,Chain-GBR-RR,0.4
847,PLR-REAL-Political,0.47682539682539676,1.9232281494980557,2.961904761904762,Chain-GBR-RR,0.4
848,PLR-REAL-Political,0.43174603174603177,1.9230562162806841,2.9047619047619047,Chain-GBR-RR,0.4
849,PLR-REAL-Political,0.44825396825396824,1.929930651858714,2.961904761904762,Chain-GBR-RR,0.4
850,PLR-REAL-Political,0.6723270440251572,0.6717841082045345,3.490566037735849,ST-GBR-RR,0.4
851,PLR-REAL-Political,0.659119496855346,0.7097979184456891,3.490566037735849,ST-GBR-RR,0.4
852,PLR-REAL-Political,0.6440251572327045,0.6514555970820787,3.5377358490566038,ST-GBR-RR,0.4
853,PLR-REAL-Political,0.6501587301587302,0.649671088352173,3.7142857142857144,ST-GBR-RR,0.4
854,PLR-REAL-Political,0.6685714285714285,0.703721636012367,3.742857142857143,ST-GBR-RR,0.4
855,PLR-REAL-Political,0.6920634920634919,0.6212749238513076,3.4857142857142858,ST-GBR-RR,0.4
856,PLR-REAL-Political,0.6520634920634919,0.6641058138963474,3.6476190476190475,ST-GBR-RR,0.4
857,PLR-REAL-Political,0.6196825396825396,0.7049593967094304,3.5142857142857142,ST-GBR-RR,0.4
858,PLR-REAL-Political,0.6653968253968254,0.6566087046320235,3.533333333333333,ST-GBR-RR,0.4
859,PLR-REAL-Political,0.6914285714285714,0.659595877779861,3.4285714285714284,ST-GBR-RR,0.4
860,PLR-REAL-Political,0.6452830188679246,0.6447192668321444,3.5,ST-GBR-RR,0.4
861,PLR-REAL-Political,0.6559748427672956,0.7020146501286669,3.443396226415094,ST-GBR-RR,0.4
862,PLR-REAL-Political,0.6635220125786163,0.6754448400810852,3.669811320754717,ST-GBR-RR,0.4
863,PLR-REAL-Political,0.64,0.6550093854219562,3.580952380952381,ST-GBR-RR,0.4
864,PLR-REAL-Political,0.6622222222222222,0.6888539460648582,3.5904761904761906,ST-GBR-RR,0.4
865,PLR-REAL-Political,0.6552380952380952,0.6513711944925803,3.5714285714285716,ST-GBR-RR,0.4
866,PLR-REAL-Political,0.6666666666666669,0.6565958711552062,3.6666666666666665,ST-GBR-RR,0.4
867,PLR-REAL-Political,0.6628571428571428,0.6546501195371447,3.5904761904761906,ST-GBR-RR,0.4
868,PLR-REAL-Political,0.6482539682539682,0.6159730440148807,3.8380952380952382,ST-GBR-RR,0.4
869,PLR-REAL-Political,0.6768253968253969,0.6974280593738513,3.5428571428571427,ST-GBR-RR,0.4
870,PLR-REAL-Political,0.6553459119496855,0.6978287174974077,3.6320754716981134,ST-GBR-RR,0.4
871,PLR-REAL-Political,0.630817610062893,0.7023982431745484,3.4056603773584904,ST-GBR-RR,0.4
872,PLR-REAL-Political,0.681132075471698,0.6922803333926089,3.650943396226415,ST-GBR-RR,0.4
873,PLR-REAL-Political,0.638095238095238,0.7077207464703258,3.4,ST-GBR-RR,0.4
874,PLR-REAL-Political,0.6787301587301587,0.6748391601000839,3.5428571428571427,ST-GBR-RR,0.4
875,PLR-REAL-Political,0.6533333333333333,0.6538797022306106,3.6095238095238096,ST-GBR-RR,0.4
876,PLR-REAL-Political,0.6984126984126984,0.7045507057493031,3.4761904761904763,ST-GBR-RR,0.4
877,PLR-REAL-Political,0.6514285714285715,0.6603904231547945,3.619047619047619,ST-GBR-RR,0.4
878,PLR-REAL-Political,0.6495238095238097,0.6590649937702464,3.5619047619047617,ST-GBR-RR,0.4
879,PLR-REAL-Political,0.6552380952380952,0.649272119365353,3.5238095238095237,ST-GBR-RR,0.4
880,PLR-REAL-Political,0.6484276729559748,0.6513259989860739,3.5377358490566038,ST-GBR-RR,0.4
881,PLR-REAL-Political,0.6471698113207548,0.6412581032718591,3.4622641509433962,ST-GBR-RR,0.4
882,PLR-REAL-Political,0.6572327044025157,0.6515042179263422,3.547169811320755,ST-GBR-RR,0.4
883,PLR-REAL-Political,0.6469841269841269,0.6901311266376202,3.552380952380952,ST-GBR-RR,0.4
884,PLR-REAL-Political,0.6615873015873017,0.6448866179231821,3.4095238095238094,ST-GBR-RR,0.4
885,PLR-REAL-Political,0.6399999999999999,0.7037635021749702,3.533333333333333,ST-GBR-RR,0.4
886,PLR-REAL-Political,0.6584126984126983,0.6506939072953082,3.638095238095238,ST-GBR-RR,0.4
887,PLR-REAL-Political,0.6774603174603174,0.6418067614515964,3.533333333333333,ST-GBR-RR,0.4
888,PLR-REAL-Political,0.6780952380952383,0.6800831676831787,3.7142857142857144,ST-GBR-RR,0.4
889,PLR-REAL-Political,0.6958730158730159,0.6565598456835581,3.5238095238095237,ST-GBR-RR,0.4
890,PLR-REAL-Political,0.6974842767295598,0.6614779965996896,3.660377358490566,ST-GBR-RR,0.4
891,PLR-REAL-Political,0.6578616352201258,0.6902776151726265,3.556603773584906,ST-GBR-RR,0.4
892,PLR-REAL-Political,0.6641509433962265,0.7091199087544962,3.5660377358490565,ST-GBR-RR,0.4
893,PLR-REAL-Political,0.6647619047619049,0.6527638340450552,3.4857142857142858,ST-GBR-RR,0.4
894,PLR-REAL-Political,0.6482539682539683,0.6753199641582219,3.5047619047619047,ST-GBR-RR,0.4
895,PLR-REAL-Political,0.6507936507936507,0.6616910245579097,3.676190476190476,ST-GBR-RR,0.4
896,PLR-REAL-Political,0.6819047619047619,0.7033687176615414,3.6476190476190475,ST-GBR-RR,0.4
897,PLR-REAL-Political,0.6660317460317461,0.7037643220286581,3.552380952380952,ST-GBR-RR,0.4
898,PLR-REAL-Political,0.6717460317460318,0.6471483601095865,3.4952380952380953,ST-GBR-RR,0.4
899,PLR-REAL-Political,0.673015873015873,0.6465696667716331,3.3714285714285714,ST-GBR-RR,0.4
900,PLR-REAL-Political,0.5867924528301887,0.6774991077409055,2.9245283018867925,ST-GBR-PI,0.4
901,PLR-REAL-Political,0.5742138364779874,0.7110307145300884,3.056603773584906,ST-GBR-PI,0.4
902,PLR-REAL-Political,0.5622641509433962,0.6186815004602395,3.0377358490566038,ST-GBR-PI,0.4
903,PLR-REAL-Political,0.6165079365079363,0.6516513722829707,2.914285714285714,ST-GBR-PI,0.4
904,PLR-REAL-Political,0.638095238095238,0.6452852222363497,3.0476190476190474,ST-GBR-PI,0.4
905,PLR-REAL-Political,0.6203174603174604,0.6162518275745361,3.057142857142857,ST-GBR-PI,0.4
906,PLR-REAL-Political,0.6107936507936509,0.621516011081466,3.0285714285714285,ST-GBR-PI,0.4
907,PLR-REAL-Political,0.5707936507936509,0.6448801268660237,2.9523809523809526,ST-GBR-PI,0.4
908,PLR-REAL-Political,0.6063492063492064,0.6221149716654117,3.0285714285714285,ST-GBR-PI,0.4
909,PLR-REAL-Political,0.6285714285714286,0.6316010560557668,3.019047619047619,ST-GBR-PI,0.4
910,PLR-REAL-Political,0.5874213836477987,0.6567008344617175,2.952830188679245,ST-GBR-PI,0.4
911,PLR-REAL-Political,0.5628930817610063,0.6565758494074262,3.056603773584906,ST-GBR-PI,0.4
912,PLR-REAL-Political,0.6176100628930816,0.7102422368480783,3.0849056603773586,ST-GBR-PI,0.4
913,PLR-REAL-Political,0.5923809523809523,0.62746409461454,2.8857142857142857,ST-GBR-PI,0.4
914,PLR-REAL-Political,0.6158730158730158,0.6245607192088685,2.9904761904761905,ST-GBR-PI,0.4
915,PLR-REAL-Political,0.5923809523809523,0.6691303363623969,3.0095238095238095,ST-GBR-PI,0.4
916,PLR-REAL-Political,0.6546031746031746,0.6254806903360628,3.0476190476190474,ST-GBR-PI,0.4
917,PLR-REAL-Political,0.593015873015873,0.614614479990929,3.038095238095238,ST-GBR-PI,0.4
918,PLR-REAL-Political,0.6095238095238096,0.6530040467177446,3.019047619047619,ST-GBR-PI,0.4
919,PLR-REAL-Political,0.6146031746031746,0.6197038300662768,3.038095238095238,ST-GBR-PI,0.4
920,PLR-REAL-Political,0.5867924528301887,0.6155890625959315,3.009433962264151,ST-GBR-PI,0.4
921,PLR-REAL-Political,0.5849056603773586,0.662122545297696,2.9339622641509435,ST-GBR-PI,0.4
922,PLR-REAL-Political,0.6113207547169812,0.6169476607066701,2.9622641509433962,ST-GBR-PI,0.4
923,PLR-REAL-Political,0.5866666666666667,0.6966785973774835,2.914285714285714,ST-GBR-PI,0.4
924,PLR-REAL-Political,0.606984126984127,0.6888186851347776,3.104761904761905,ST-GBR-PI,0.4
925,PLR-REAL-Political,0.6139682539682539,0.6192153236344358,3.0761904761904764,ST-GBR-PI,0.4
926,PLR-REAL-Political,0.6368253968253967,0.7073119431907384,3.104761904761905,ST-GBR-PI,0.4
927,PLR-REAL-Political,0.5726984126984127,0.6163209699413549,3.142857142857143,ST-GBR-PI,0.4
928,PLR-REAL-Political,0.6012698412698413,0.6145804219278818,2.933333333333333,ST-GBR-PI,0.4
929,PLR-REAL-Political,0.5923809523809523,0.6296487615963177,3.1142857142857143,ST-GBR-PI,0.4
930,PLR-REAL-Political,0.560377358490566,0.6068080858069141,2.8773584905660377,ST-GBR-PI,0.4
931,PLR-REAL-Political,0.5817610062893083,0.6148095087323255,2.8962264150943398,ST-GBR-PI,0.4
932,PLR-REAL-Political,0.6144654088050312,0.6393315384274793,3.056603773584906,ST-GBR-PI,0.4
933,PLR-REAL-Political,0.5803174603174603,0.6528777113737958,2.9238095238095236,ST-GBR-PI,0.4
934,PLR-REAL-Political,0.598095238095238,0.6507079429073256,3.0285714285714285,ST-GBR-PI,0.4
935,PLR-REAL-Political,0.5904761904761905,0.6494191335358213,2.914285714285714,ST-GBR-PI,0.4
936,PLR-REAL-Political,0.6114285714285714,0.6511147463780437,3.1142857142857143,ST-GBR-PI,0.4
937,PLR-REAL-Political,0.6266666666666666,0.6858494754653627,3.2476190476190476,ST-GBR-PI,0.4
938,PLR-REAL-Political,0.5993650793650793,0.6215854341836332,3.038095238095238,ST-GBR-PI,0.4
939,PLR-REAL-Political,0.6273015873015874,0.665755059300527,3.1142857142857143,ST-GBR-PI,0.4
940,PLR-REAL-Political,0.610691823899371,0.6542071514475091,3.19811320754717,ST-GBR-PI,0.4
941,PLR-REAL-Political,0.5817610062893082,0.6525075731398061,2.981132075471698,ST-GBR-PI,0.4
942,PLR-REAL-Political,0.5918238993710692,0.7008222756313258,3.0283018867924527,ST-GBR-PI,0.4
943,PLR-REAL-Political,0.5980952380952381,0.6617315074859464,3.066666666666667,ST-GBR-PI,0.4
944,PLR-REAL-Political,0.6158730158730158,0.6278186322331982,3.1619047619047618,ST-GBR-PI,0.4
945,PLR-REAL-Political,0.6317460317460317,0.6573132525798632,3.085714285714286,ST-GBR-PI,0.4
946,PLR-REAL-Political,0.6114285714285714,0.6547701291287923,2.980952380952381,ST-GBR-PI,0.4
947,PLR-REAL-Political,0.5873015873015873,0.7002551849257164,2.8666666666666667,ST-GBR-PI,0.4
948,PLR-REAL-Political,0.6120634920634921,0.6400819275519548,2.942857142857143,ST-GBR-PI,0.4
949,PLR-REAL-Political,0.5847619047619047,0.6293667738322676,2.9904761904761905,ST-GBR-PI,0.4
950,PLR-REAL-Political,0.7150943396226415,1.3803808173902148,3.30188679245283,RPC-GB,0.4
951,PLR-REAL-Political,0.7402515723270441,1.3865867718793385,3.3773584905660377,RPC-GB,0.4
952,PLR-REAL-Political,0.7012578616352201,1.3646569426127044,3.3962264150943398,RPC-GB,0.4
953,PLR-REAL-Political,0.7301587301587302,1.3864241620204663,3.380952380952381,RPC-GB,0.4
954,PLR-REAL-Political,0.7155555555555556,1.352511369618802,3.4761904761904763,RPC-GB,0.4
955,PLR-REAL-Political,0.728888888888889,1.3704996647230043,3.380952380952381,RPC-GB,0.4
956,PLR-REAL-Political,0.7244444444444444,1.3816646919696953,3.466666666666667,RPC-GB,0.4
957,PLR-REAL-Political,0.6825396825396826,1.3609994651015132,3.2,RPC-GB,0.4
958,PLR-REAL-Political,0.7396825396825397,1.3833663152044675,3.219047619047619,RPC-GB,0.4
959,PLR-REAL-Political,0.7453968253968253,1.3733729981429166,3.2285714285714286,RPC-GB,0.4
960,PLR-REAL-Political,0.7257861635220126,1.355154123712726,3.330188679245283,RPC-GB,0.4
961,PLR-REAL-Political,0.6999999999999998,1.35137255113293,3.2830188679245285,RPC-GB,0.4
962,PLR-REAL-Political,0.7088050314465408,1.400130140010452,3.3867924528301887,RPC-GB,0.4
963,PLR-REAL-Political,0.6895238095238094,1.3651448091549592,3.3904761904761904,RPC-GB,0.4
964,PLR-REAL-Political,0.7155555555555554,1.39852668297853,3.276190476190476,RPC-GB,0.4
965,PLR-REAL-Political,0.704126984126984,1.3776612758568798,3.257142857142857,RPC-GB,0.4
966,PLR-REAL-Political,0.7193650793650794,1.3752521481518722,3.323809523809524,RPC-GB,0.4
967,PLR-REAL-Political,0.6933333333333334,1.3892074117894306,3.1714285714285713,RPC-GB,0.4
968,PLR-REAL-Political,0.7282539682539683,1.3659000812529845,3.342857142857143,RPC-GB,0.4
969,PLR-REAL-Political,0.7257142857142858,1.3559635050459047,3.380952380952381,RPC-GB,0.4
970,PLR-REAL-Political,0.6911949685534591,1.3628692006168437,3.339622641509434,RPC-GB,0.4
971,PLR-REAL-Political,0.7075471698113206,1.3496766327449854,3.330188679245283,RPC-GB,0.4
972,PLR-REAL-Political,0.7333333333333334,1.3483699447922393,3.349056603773585,RPC-GB,0.4
973,PLR-REAL-Political,0.7149206349206348,1.370180762896642,3.1714285714285713,RPC-GB,0.4
974,PLR-REAL-Political,0.7219047619047618,1.3586085149876885,3.3904761904761904,RPC-GB,0.4
975,PLR-REAL-Political,0.7003174603174603,1.387626939065799,3.3047619047619046,RPC-GB,0.4
976,PLR-REAL-Political,0.733968253968254,1.363190108163857,3.276190476190476,RPC-GB,0.4
977,PLR-REAL-Political,0.7155555555555555,1.3701004123858849,3.4285714285714284,RPC-GB,0.4
978,PLR-REAL-Political,0.6958730158730159,1.390947101440991,3.2285714285714286,RPC-GB,0.4
979,PLR-REAL-Political,0.718095238095238,1.358942031141559,3.2666666666666666,RPC-GB,0.4
980,PLR-REAL-Political,0.688050314465409,1.351880630839444,3.2641509433962264,RPC-GB,0.4
981,PLR-REAL-Political,0.6786163522012579,1.3525456306361734,3.0849056603773586,RPC-GB,0.4
982,PLR-REAL-Political,0.6987421383647798,1.3504252841182147,3.3207547169811322,RPC-GB,0.4
983,PLR-REAL-Political,0.7111111111111111,1.3700910426056352,3.323809523809524,RPC-GB,0.4
984,PLR-REAL-Political,0.7396825396825396,1.3740788885689446,3.1714285714285713,RPC-GB,0.4
985,PLR-REAL-Political,0.7053968253968254,1.3595240200149783,3.1809523809523808,RPC-GB,0.4
986,PLR-REAL-Political,0.7015873015873016,1.3553299340018699,3.4285714285714284,RPC-GB,0.4
987,PLR-REAL-Political,0.7682539682539682,1.3685926333297975,3.238095238095238,RPC-GB,0.4
988,PLR-REAL-Political,0.7326984126984126,1.353555598032536,3.323809523809524,RPC-GB,0.4
989,PLR-REAL-Political,0.7276190476190477,1.3842803253035756,3.219047619047619,RPC-GB,0.4
990,PLR-REAL-Political,0.7377358490566038,1.3476923514019166,3.547169811320755,RPC-GB,0.4
991,PLR-REAL-Political,0.6993710691823899,1.3574314630807869,3.2547169811320753,RPC-GB,0.4
992,PLR-REAL-Political,0.7044025157232704,1.3517515529910462,3.358490566037736,RPC-GB,0.4
993,PLR-REAL-Political,0.6920634920634922,1.3700546631376063,3.342857142857143,RPC-GB,0.4
994,PLR-REAL-Political,0.664126984126984,1.3804949764557226,3.295238095238095,RPC-GB,0.4
995,PLR-REAL-Political,0.6952380952380952,1.3792025358848208,3.466666666666667,RPC-GB,0.4
996,PLR-REAL-Political,0.7149206349206351,1.3780527573158734,3.3904761904761904,RPC-GB,0.4
997,PLR-REAL-Political,0.7034920634920634,1.3869895017609555,3.219047619047619,RPC-GB,0.4
998,PLR-REAL-Political,0.7028571428571428,1.3545294754935153,3.104761904761905,RPC-GB,0.4
999,PLR-REAL-Political,0.7174603174603175,1.3812709705230906,3.066666666666667,RPC-GB,0.4
1000,PLR-REAL-Political,0.33396226415094343,1.9356188113871193,1.7641509433962264,Chain-GBR-PI,0.5
1001,PLR-REAL-Political,0.42515723270440253,1.936167101254339,2.018867924528302,Chain-GBR-PI,0.5
1002,PLR-REAL-Political,0.3465408805031447,1.9292813490945553,1.971698113207547,Chain-GBR-PI,0.5
1003,PLR-REAL-Political,0.38412698412698415,1.9341528877009668,2.085714285714286,Chain-GBR-PI,0.5
1004,PLR-REAL-Political,0.4101587301587301,1.9307044393103336,2.0285714285714285,Chain-GBR-PI,0.5
1005,PLR-REAL-Political,0.3301587301587302,1.9315704121192172,1.9333333333333333,Chain-GBR-PI,0.5
1006,PLR-REAL-Political,0.3663492063492064,1.9363730818171123,1.9523809523809523,Chain-GBR-PI,0.5
1007,PLR-REAL-Political,0.37396825396825395,1.9309653072984558,1.9714285714285715,Chain-GBR-PI,0.5
1008,PLR-REAL-Political,0.3650793650793651,1.9274841529854139,1.9619047619047618,Chain-GBR-PI,0.5
1009,PLR-REAL-Political,0.3682539682539683,1.932916704360675,1.7619047619047619,Chain-GBR-PI,0.5
1010,PLR-REAL-Political,0.39245283018867927,1.9306201267893184,2.0660377358490565,Chain-GBR-PI,0.5
1011,PLR-REAL-Political,0.34213836477987414,1.9273019524745862,1.8396226415094339,Chain-GBR-PI,0.5
1012,PLR-REAL-Political,0.39937106918238996,1.9312601531097593,1.8867924528301887,Chain-GBR-PI,0.5
1013,PLR-REAL-Political,0.3517460317460317,1.93246452049671,1.819047619047619,Chain-GBR-PI,0.5
1014,PLR-REAL-Political,0.34285714285714286,1.929866638919679,1.9904761904761905,Chain-GBR-PI,0.5
1015,PLR-REAL-Political,0.35873015873015873,1.9303320367267545,1.8761904761904762,Chain-GBR-PI,0.5
1016,PLR-REAL-Political,0.40126984126984133,1.9576748624334426,2.019047619047619,Chain-GBR-PI,0.5
1017,PLR-REAL-Political,0.36444444444444446,1.9368811504576444,1.8761904761904762,Chain-GBR-PI,0.5
1018,PLR-REAL-Political,0.38412698412698415,1.93680689537798,1.9428571428571428,Chain-GBR-PI,0.5
1019,PLR-REAL-Political,0.39111111111111113,1.9303620453269934,2.0095238095238095,Chain-GBR-PI,0.5
1020,PLR-REAL-Political,0.3578616352201258,1.9274212152488521,2.0283018867924527,Chain-GBR-PI,0.5
1021,PLR-REAL-Political,0.37358490566037733,1.9318175327960547,1.9150943396226414,Chain-GBR-PI,0.5
1022,PLR-REAL-Political,0.37861635220125783,1.93216050470792,1.9622641509433962,Chain-GBR-PI,0.5
1023,PLR-REAL-Political,0.44507936507936513,1.9301342476594012,1.9523809523809523,Chain-GBR-PI,0.5
1024,PLR-REAL-Political,0.34222222222222226,1.9307017959716746,1.8571428571428572,Chain-GBR-PI,0.5
1025,PLR-REAL-Political,0.3784126984126985,1.9454097748316994,1.6952380952380952,Chain-GBR-PI,0.5
1026,PLR-REAL-Political,0.40444444444444455,1.9449823554451569,1.9047619047619047,Chain-GBR-PI,0.5
1027,PLR-REAL-Political,0.3771428571428571,1.9425094882724947,1.9047619047619047,Chain-GBR-PI,0.5
1028,PLR-REAL-Political,0.4088888888888889,1.9455006864593578,1.8952380952380952,Chain-GBR-PI,0.5
1029,PLR-REAL-Political,0.36380952380952386,1.9456798282391283,1.9714285714285715,Chain-GBR-PI,0.5
1030,PLR-REAL-Political,0.4044025157232705,1.9491303317008626,1.7641509433962264,Chain-GBR-PI,0.5
1031,PLR-REAL-Political,0.36037735849056607,1.9475765538117964,1.9433962264150944,Chain-GBR-PI,0.5
1032,PLR-REAL-Political,0.3767295597484277,1.9486171383713402,2.0943396226415096,Chain-GBR-PI,0.5
1033,PLR-REAL-Political,0.3847619047619048,1.9478358999100212,2.0761904761904764,Chain-GBR-PI,0.5
1034,PLR-REAL-Political,0.39238095238095233,1.9460695275277906,1.9428571428571428,Chain-GBR-PI,0.5
1035,PLR-REAL-Political,0.3898412698412699,1.9409194298054937,1.9714285714285715,Chain-GBR-PI,0.5
1036,PLR-REAL-Political,0.3644444444444445,1.93905203978229,1.838095238095238,Chain-GBR-PI,0.5
1037,PLR-REAL-Political,0.3726984126984127,1.9333227040470444,1.9333333333333333,Chain-GBR-PI,0.5
1038,PLR-REAL-Political,0.4133333333333334,1.9303539235019915,1.7428571428571429,Chain-GBR-PI,0.5
1039,PLR-REAL-Political,0.35428571428571426,1.9322641035776729,1.8476190476190477,Chain-GBR-PI,0.5
1040,PLR-REAL-Political,0.3672955974842767,1.9349462749599355,1.8396226415094339,Chain-GBR-PI,0.5
1041,PLR-REAL-Political,0.4025157232704402,1.931089829341503,1.9433962264150944,Chain-GBR-PI,0.5
1042,PLR-REAL-Political,0.35220125786163525,1.9313909544634744,1.849056603773585,Chain-GBR-PI,0.5
1043,PLR-REAL-Political,0.3644444444444445,1.930241531260767,1.9333333333333333,Chain-GBR-PI,0.5
1044,PLR-REAL-Political,0.4000000000000001,1.9269923362506463,2.0095238095238095,Chain-GBR-PI,0.5
1045,PLR-REAL-Political,0.39619047619047615,1.9290288051344002,1.980952380952381,Chain-GBR-PI,0.5
1046,PLR-REAL-Political,0.4006349206349207,1.9276334252026899,1.9047619047619047,Chain-GBR-PI,0.5
1047,PLR-REAL-Political,0.3676190476190477,1.9415777728526213,2.0,Chain-GBR-PI,0.5
1048,PLR-REAL-Political,0.3403174603174604,1.9357007710368335,1.9523809523809523,Chain-GBR-PI,0.5
1049,PLR-REAL-Political,0.39238095238095233,1.9354138234469662,1.9142857142857144,Chain-GBR-PI,0.5
1050,PLR-REAL-Political,0.4220125786163522,1.9186737377670269,2.7641509433962264,Chain-GBR-RR,0.5
1051,PLR-REAL-Political,0.4603773584905661,1.9168609965126304,2.792452830188679,Chain-GBR-RR,0.5
1052,PLR-REAL-Political,0.4044025157232705,1.9134589938143218,2.7641509433962264,Chain-GBR-RR,0.5
1053,PLR-REAL-Political,0.40507936507936504,1.9185267689035765,2.895238095238095,Chain-GBR-RR,0.5
1054,PLR-REAL-Political,0.46095238095238095,1.9193699177083252,2.8285714285714287,Chain-GBR-RR,0.5
1055,PLR-REAL-Political,0.4482539682539683,1.9182375546363082,2.657142857142857,Chain-GBR-RR,0.5
1056,PLR-REAL-Political,0.4406349206349207,1.9201975291643583,2.8095238095238093,Chain-GBR-RR,0.5
1057,PLR-REAL-Political,0.398095238095238,1.9169817789916714,2.8380952380952382,Chain-GBR-RR,0.5
1058,PLR-REAL-Political,0.3796825396825396,1.9170696505360958,2.8190476190476192,Chain-GBR-RR,0.5
1059,PLR-REAL-Political,0.38857142857142857,1.9225723716023484,2.7523809523809524,Chain-GBR-RR,0.5
1060,PLR-REAL-Political,0.44339622641509435,1.9197601350310884,2.7452830188679247,Chain-GBR-RR,0.5
1061,PLR-REAL-Political,0.41761006289308183,1.914384785257508,2.6226415094339623,Chain-GBR-RR,0.5
1062,PLR-REAL-Political,0.4515723270440252,1.913442647171159,2.7830188679245285,Chain-GBR-RR,0.5
1063,PLR-REAL-Political,0.4228571428571428,1.9178738571642933,2.7523809523809524,Chain-GBR-RR,0.5
1064,PLR-REAL-Political,0.39111111111111113,1.9125371251243315,2.895238095238095,Chain-GBR-RR,0.5
1065,PLR-REAL-Political,0.38285714285714284,1.9118815604064383,2.552380952380952,Chain-GBR-RR,0.5
1066,PLR-REAL-Political,0.41968253968253966,1.9180452309459204,2.7904761904761903,Chain-GBR-RR,0.5
1067,PLR-REAL-Political,0.406984126984127,1.9181567498446073,2.761904761904762,Chain-GBR-RR,0.5
1068,PLR-REAL-Political,0.453968253968254,1.9168157822307061,2.8476190476190477,Chain-GBR-RR,0.5
1069,PLR-REAL-Political,0.4565079365079365,1.9130636162974564,2.7904761904761903,Chain-GBR-RR,0.5
1070,PLR-REAL-Political,0.44339622641509435,1.9142071721721774,2.7641509433962264,Chain-GBR-RR,0.5
1071,PLR-REAL-Political,0.4339622641509434,1.9162943179491294,2.7641509433962264,Chain-GBR-RR,0.5
1072,PLR-REAL-Political,0.43584905660377365,1.9172129347113716,2.707547169811321,Chain-GBR-RR,0.5
1073,PLR-REAL-Political,0.4647619047619047,1.914671493495743,2.895238095238095,Chain-GBR-RR,0.5
1074,PLR-REAL-Political,0.39428571428571435,1.9163141360450853,2.9047619047619047,Chain-GBR-RR,0.5
1075,PLR-REAL-Political,0.43301587301587297,1.9266591862665645,2.6857142857142855,Chain-GBR-RR,0.5
1076,PLR-REAL-Political,0.42920634920634915,1.9291534589023354,2.8285714285714287,Chain-GBR-RR,0.5
1077,PLR-REAL-Political,0.40507936507936515,1.9265029449729858,2.8666666666666667,Chain-GBR-RR,0.5
1078,PLR-REAL-Political,0.433015873015873,1.9256316921944405,2.8190476190476192,Chain-GBR-RR,0.5
1079,PLR-REAL-Political,0.40952380952380946,1.9304700077914703,2.780952380952381,Chain-GBR-RR,0.5
1080,PLR-REAL-Political,0.43207547169811317,1.933623281302137,2.7641509433962264,Chain-GBR-RR,0.5
1081,PLR-REAL-Political,0.39119496855345914,1.9317094786788078,2.7169811320754715,Chain-GBR-RR,0.5
1082,PLR-REAL-Political,0.4031446540880504,1.9327781742957828,2.9056603773584904,Chain-GBR-RR,0.5
1083,PLR-REAL-Political,0.4234920634920636,1.9335399698475182,2.942857142857143,Chain-GBR-RR,0.5
1084,PLR-REAL-Political,0.4158730158730159,1.9338168385351513,2.657142857142857,Chain-GBR-RR,0.5
1085,PLR-REAL-Political,0.43238095238095237,1.9303287510143812,2.857142857142857,Chain-GBR-RR,0.5
1086,PLR-REAL-Political,0.45269841269841277,1.9216383811620275,2.8380952380952382,Chain-GBR-RR,0.5
1087,PLR-REAL-Political,0.39555555555555555,1.920987606933406,2.895238095238095,Chain-GBR-RR,0.5
1088,PLR-REAL-Political,0.45206349206349217,1.919077033106665,2.657142857142857,Chain-GBR-RR,0.5
1089,PLR-REAL-Political,0.4120634920634921,1.9177960897876127,2.6857142857142855,Chain-GBR-RR,0.5
1090,PLR-REAL-Political,0.46981132075471704,1.918868463693687,2.7452830188679247,Chain-GBR-RR,0.5
1091,PLR-REAL-Political,0.44591194968553466,1.924122815462807,2.7735849056603774,Chain-GBR-RR,0.5
1092,PLR-REAL-Political,0.4006289308176101,1.9183536373580146,2.7641509433962264,Chain-GBR-RR,0.5
1093,PLR-REAL-Political,0.43936507936507935,1.91847576346176,2.7523809523809524,Chain-GBR-RR,0.5
1094,PLR-REAL-Political,0.4241269841269842,1.91457053460774,2.8285714285714287,Chain-GBR-RR,0.5
1095,PLR-REAL-Political,0.4685714285714286,1.9157293665879194,2.9047619047619047,Chain-GBR-RR,0.5
1096,PLR-REAL-Political,0.4298412698412699,1.9164559228017053,2.857142857142857,Chain-GBR-RR,0.5
1097,PLR-REAL-Political,0.40698412698412706,1.9236271177128756,2.895238095238095,Chain-GBR-RR,0.5
1098,PLR-REAL-Political,0.40571428571428575,1.9309719140959414,2.8380952380952382,Chain-GBR-RR,0.5
1099,PLR-REAL-Political,0.3923809523809525,1.9324113162023144,2.6952380952380954,Chain-GBR-RR,0.5
1100,PLR-REAL-Political,0.671698113207547,0.6867301136874665,3.509433962264151,ST-GBR-RR,0.5
1101,PLR-REAL-Political,0.6465408805031447,0.6735970449460371,3.3867924528301887,ST-GBR-RR,0.5
1102,PLR-REAL-Political,0.6559748427672956,0.625062922433992,3.641509433962264,ST-GBR-RR,0.5
1103,PLR-REAL-Political,0.6546031746031746,0.609326938516633,3.6285714285714286,ST-GBR-RR,0.5
1104,PLR-REAL-Political,0.6584126984126984,0.664721170881199,3.6476190476190475,ST-GBR-RR,0.5
1105,PLR-REAL-Political,0.6546031746031746,0.6382790659073502,3.6666666666666665,ST-GBR-RR,0.5
1106,PLR-REAL-Political,0.6660317460317461,0.6378158488095468,3.742857142857143,ST-GBR-RR,0.5
1107,PLR-REAL-Political,0.6241269841269841,0.6342160483546894,3.5142857142857142,ST-GBR-RR,0.5
1108,PLR-REAL-Political,0.6526984126984126,0.5865378896500429,3.552380952380952,ST-GBR-RR,0.5
1109,PLR-REAL-Political,0.6558730158730159,0.5951521855554093,3.5904761904761906,ST-GBR-RR,0.5
1110,PLR-REAL-Political,0.6333333333333333,0.6621814350722675,3.4245283018867925,ST-GBR-RR,0.5
1111,PLR-REAL-Political,0.628930817610063,0.6201102974463834,3.5,ST-GBR-RR,0.5
1112,PLR-REAL-Political,0.6591194968553459,0.6420805346608256,3.641509433962264,ST-GBR-RR,0.5
1113,PLR-REAL-Political,0.64,0.6630063989338695,3.5619047619047617,ST-GBR-RR,0.5
1114,PLR-REAL-Political,0.634920634920635,0.6156961036280294,3.580952380952381,ST-GBR-RR,0.5
1115,PLR-REAL-Political,0.6438095238095239,0.5932944774904212,3.4571428571428573,ST-GBR-RR,0.5
1116,PLR-REAL-Political,0.6495238095238097,0.6797817135126206,3.552380952380952,ST-GBR-RR,0.5
1117,PLR-REAL-Political,0.6571428571428571,0.61049395163936,3.5619047619047617,ST-GBR-RR,0.5
1118,PLR-REAL-Political,0.6692063492063492,0.6551024431299579,3.657142857142857,ST-GBR-RR,0.5
1119,PLR-REAL-Political,0.674920634920635,0.6566105451585861,3.6,ST-GBR-RR,0.5
1120,PLR-REAL-Political,0.6238993710691825,0.6136855953900463,3.5660377358490565,ST-GBR-RR,0.5
1121,PLR-REAL-Political,0.6295597484276729,0.6392683521077753,3.518867924528302,ST-GBR-RR,0.5
1122,PLR-REAL-Political,0.6446540880503144,0.6785340411372314,3.6037735849056602,ST-GBR-RR,0.5
1123,PLR-REAL-Political,0.6533333333333333,0.6248205614667086,3.5238095238095237,ST-GBR-RR,0.5
1124,PLR-REAL-Political,0.6774603174603175,0.6726947064024845,3.4285714285714284,ST-GBR-RR,0.5
1125,PLR-REAL-Political,0.6273015873015872,0.6226969086110316,3.552380952380952,ST-GBR-RR,0.5
1126,PLR-REAL-Political,0.6488888888888888,0.623857809937309,3.4952380952380953,ST-GBR-RR,0.5
1127,PLR-REAL-Political,0.6330158730158731,0.680755868156606,3.6095238095238096,ST-GBR-RR,0.5
1128,PLR-REAL-Political,0.6507936507936509,0.6622154392558253,3.5904761904761906,ST-GBR-RR,0.5
1129,PLR-REAL-Political,0.6552380952380952,0.6453084704157697,3.5619047619047617,ST-GBR-RR,0.5
1130,PLR-REAL-Political,0.6371069182389938,0.6282156230497089,3.518867924528302,ST-GBR-RR,0.5
1131,PLR-REAL-Political,0.6440251572327043,0.6206994876505926,3.490566037735849,ST-GBR-RR,0.5
1132,PLR-REAL-Political,0.6440251572327044,0.635121250669247,3.490566037735849,ST-GBR-RR,0.5
1133,PLR-REAL-Political,0.6457142857142858,0.6395599440064482,3.6095238095238096,ST-GBR-RR,0.5
1134,PLR-REAL-Political,0.6336507936507938,0.624201696574192,3.5047619047619047,ST-GBR-RR,0.5
1135,PLR-REAL-Political,0.6406349206349207,0.6219674758351748,3.6,ST-GBR-RR,0.5
1136,PLR-REAL-Political,0.6666666666666666,0.631152102077697,3.6666666666666665,ST-GBR-RR,0.5
1137,PLR-REAL-Political,0.6628571428571428,0.6260445032262354,3.580952380952381,ST-GBR-RR,0.5
1138,PLR-REAL-Political,0.6768253968253967,0.6199591413666535,3.466666666666667,ST-GBR-RR,0.5
1139,PLR-REAL-Political,0.6761904761904762,0.6313812414446316,3.533333333333333,ST-GBR-RR,0.5
1140,PLR-REAL-Political,0.6798742138364781,0.6004245739480927,3.660377358490566,ST-GBR-RR,0.5
1141,PLR-REAL-Political,0.6534591194968553,0.6802926767088424,3.6037735849056602,ST-GBR-RR,0.5
1142,PLR-REAL-Political,0.6459119496855346,0.6203086127196472,3.5943396226415096,ST-GBR-RR,0.5
1143,PLR-REAL-Political,0.6641269841269841,0.6579133468664234,3.5142857142857142,ST-GBR-RR,0.5
1144,PLR-REAL-Political,0.6285714285714284,0.7020128873500348,3.5238095238095237,ST-GBR-RR,0.5
1145,PLR-REAL-Political,0.648888888888889,0.6597579972976392,3.6,ST-GBR-RR,0.5
1146,PLR-REAL-Political,0.6660317460317461,0.6580817061700358,3.6476190476190475,ST-GBR-RR,0.5
1147,PLR-REAL-Political,0.6425396825396825,0.6241103003270981,3.533333333333333,ST-GBR-RR,0.5
1148,PLR-REAL-Political,0.6444444444444445,0.6648610697144957,3.4380952380952383,ST-GBR-RR,0.5
1149,PLR-REAL-Political,0.6495238095238095,0.6689872891245287,3.552380952380952,ST-GBR-RR,0.5
1150,PLR-REAL-Political,0.5817610062893083,0.6253444962731072,2.9716981132075473,ST-GBR-PI,0.5
1151,PLR-REAL-Political,0.5698113207547169,0.6184487594026918,2.839622641509434,ST-GBR-PI,0.5
1152,PLR-REAL-Political,0.5433962264150943,0.6016160403440104,3.009433962264151,ST-GBR-PI,0.5
1153,PLR-REAL-Political,0.6203174603174603,0.6185217247525213,2.9047619047619047,ST-GBR-PI,0.5
1154,PLR-REAL-Political,0.6095238095238096,0.6289419249595661,3.123809523809524,ST-GBR-PI,0.5
1155,PLR-REAL-Political,0.6025396825396826,0.5981104714077395,2.9238095238095236,ST-GBR-PI,0.5
1156,PLR-REAL-Political,0.6114285714285713,0.5894956471420207,3.038095238095238,ST-GBR-PI,0.5
1157,PLR-REAL-Political,0.5625396825396826,0.5957443520573263,2.9238095238095236,ST-GBR-PI,0.5
1158,PLR-REAL-Political,0.5638095238095239,0.5882919054784846,2.933333333333333,ST-GBR-PI,0.5
1159,PLR-REAL-Political,0.5777777777777777,0.6347763559002922,3.1333333333333333,ST-GBR-PI,0.5
1160,PLR-REAL-Political,0.581761006289308,0.6187805604243746,2.811320754716981,ST-GBR-PI,0.5
1161,PLR-REAL-Political,0.539622641509434,0.5917205700372271,2.9056603773584904,ST-GBR-PI,0.5
1162,PLR-REAL-Political,0.5943396226415094,0.6394802092503464,3.2264150943396226,ST-GBR-PI,0.5
1163,PLR-REAL-Political,0.5726984126984127,0.6158607269586602,2.9238095238095236,ST-GBR-PI,0.5
1164,PLR-REAL-Political,0.591111111111111,0.5822451494169176,2.9714285714285715,ST-GBR-PI,0.5
1165,PLR-REAL-Political,0.5726984126984126,0.649786964351956,2.8380952380952382,ST-GBR-PI,0.5
1166,PLR-REAL-Political,0.6228571428571428,0.640191455751531,2.9714285714285715,ST-GBR-PI,0.5
1167,PLR-REAL-Political,0.5968253968253968,0.6357986638716026,3.0476190476190474,ST-GBR-PI,0.5
1168,PLR-REAL-Political,0.6482539682539682,0.5839514654811796,3.038095238095238,ST-GBR-PI,0.5
1169,PLR-REAL-Political,0.6323809523809525,0.5893869764439877,3.057142857142857,ST-GBR-PI,0.5
1170,PLR-REAL-Political,0.5584905660377358,0.5828080670295066,2.990566037735849,ST-GBR-PI,0.5
1171,PLR-REAL-Political,0.5893081761006289,0.6119860684440217,2.9622641509433962,ST-GBR-PI,0.5
1172,PLR-REAL-Political,0.5691823899371069,0.6274583842526085,3.160377358490566,ST-GBR-PI,0.5
1173,PLR-REAL-Political,0.6171428571428571,0.5902891189803512,2.9047619047619047,ST-GBR-PI,0.5
1174,PLR-REAL-Political,0.6082539682539683,0.6280603211748672,2.9904761904761905,ST-GBR-PI,0.5
1175,PLR-REAL-Political,0.5657142857142857,0.5951602943946451,3.066666666666667,ST-GBR-PI,0.5
1176,PLR-REAL-Political,0.5955555555555556,0.6011666798924847,3.038095238095238,ST-GBR-PI,0.5
1177,PLR-REAL-Political,0.5714285714285714,0.6620318912412149,2.933333333333333,ST-GBR-PI,0.5
1178,PLR-REAL-Political,0.5961904761904762,0.6215443057495772,2.9047619047619047,ST-GBR-PI,0.5
1179,PLR-REAL-Political,0.5765079365079365,0.6708785150674603,3.123809523809524,ST-GBR-PI,0.5
1180,PLR-REAL-Political,0.5691823899371069,0.6295104010307857,2.9245283018867925,ST-GBR-PI,0.5
1181,PLR-REAL-Political,0.5955974842767295,0.6462842555557571,2.9150943396226414,ST-GBR-PI,0.5
1182,PLR-REAL-Political,0.5672955974842768,0.5928011631255515,2.981132075471698,ST-GBR-PI,0.5
1183,PLR-REAL-Political,0.6019047619047619,0.582047365732746,2.9904761904761905,ST-GBR-PI,0.5
1184,PLR-REAL-Political,0.5936507936507937,0.6723585516892101,3.0476190476190474,ST-GBR-PI,0.5
1185,PLR-REAL-Political,0.6076190476190477,0.5885631257552708,2.9238095238095236,ST-GBR-PI,0.5
1186,PLR-REAL-Political,0.5841269841269842,0.6281470727374652,3.104761904761905,ST-GBR-PI,0.5
1187,PLR-REAL-Political,0.6234920634920635,0.6257398692717433,3.1714285714285713,ST-GBR-PI,0.5
1188,PLR-REAL-Political,0.5993650793650793,0.632119374805196,2.9523809523809526,ST-GBR-PI,0.5
1189,PLR-REAL-Political,0.5993650793650793,0.6685505186253105,3.066666666666667,ST-GBR-PI,0.5
1190,PLR-REAL-Political,0.6031446540880502,0.6614209348298838,2.8773584905660377,ST-GBR-PI,0.5
1191,PLR-REAL-Political,0.6056603773584905,0.6259820852039761,2.8867924528301887,ST-GBR-PI,0.5
1192,PLR-REAL-Political,0.570440251572327,0.5913998334484117,2.9245283018867925,ST-GBR-PI,0.5
1193,PLR-REAL-Political,0.6031746031746033,0.6222185829518343,3.0,ST-GBR-PI,0.5
1194,PLR-REAL-Political,0.5834920634920635,0.6346173067309274,2.9523809523809526,ST-GBR-PI,0.5
1195,PLR-REAL-Political,0.6025396825396826,0.584494011053839,2.9047619047619047,ST-GBR-PI,0.5
1196,PLR-REAL-Political,0.6152380952380951,0.5941738272570042,3.0095238095238095,ST-GBR-PI,0.5
1197,PLR-REAL-Political,0.5619047619047619,0.6205938414209275,2.961904761904762,ST-GBR-PI,0.5
1198,PLR-REAL-Political,0.5758730158730159,0.6405395444546814,2.9238095238095236,ST-GBR-PI,0.5
1199,PLR-REAL-Political,0.6120634920634921,0.669038646862496,3.104761904761905,ST-GBR-PI,0.5
1200,PLR-REAL-Political,0.7176100628930818,1.285545250843944,3.141509433962264,RPC-GB,0.5
1201,PLR-REAL-Political,0.7119496855345913,1.2333895037790765,3.160377358490566,RPC-GB,0.5
1202,PLR-REAL-Political,0.6823899371069183,1.2347149926059395,3.5943396226415096,RPC-GB,0.5
1203,PLR-REAL-Political,0.7155555555555556,1.2248158212672229,3.3904761904761904,RPC-GB,0.5
1204,PLR-REAL-Political,0.6914285714285715,1.225914018605496,3.552380952380952,RPC-GB,0.5
1205,PLR-REAL-Political,0.728888888888889,1.2260065876649486,3.2857142857142856,RPC-GB,0.5
1206,PLR-REAL-Political,0.704126984126984,1.2457184862726534,3.466666666666667,RPC-GB,0.5
1207,PLR-REAL-Political,0.6825396825396824,1.2225866415286812,3.1523809523809523,RPC-GB,0.5
1208,PLR-REAL-Political,0.7225396825396825,1.2446354108792352,3.1714285714285713,RPC-GB,0.5
1209,PLR-REAL-Political,0.7180952380952381,1.2293794943099903,3.3142857142857145,RPC-GB,0.5
1210,PLR-REAL-Political,0.7012578616352201,1.236320949422697,3.349056603773585,RPC-GB,0.5
1211,PLR-REAL-Political,0.6817610062893081,1.2647437443822587,3.160377358490566,RPC-GB,0.5
1212,PLR-REAL-Political,0.7025157232704403,1.246071666890691,3.443396226415094,RPC-GB,0.5
1213,PLR-REAL-Political,0.6565079365079364,1.2269681719579855,3.2476190476190476,RPC-GB,0.5
1214,PLR-REAL-Political,0.6939682539682539,1.2262679495172415,3.323809523809524,RPC-GB,0.5
1215,PLR-REAL-Political,0.6952380952380952,1.2524621822584079,3.2095238095238097,RPC-GB,0.5
1216,PLR-REAL-Political,0.7238095238095238,1.2286178311534406,3.219047619047619,RPC-GB,0.5
1217,PLR-REAL-Political,0.7073015873015873,1.2475692121264745,3.380952380952381,RPC-GB,0.5
1218,PLR-REAL-Political,0.7314285714285714,1.224196942483178,3.5238095238095237,RPC-GB,0.5
1219,PLR-REAL-Political,0.7403174603174602,1.2512722421591596,3.5238095238095237,RPC-GB,0.5
1220,PLR-REAL-Political,0.6742138364779875,1.2527160631985654,3.3207547169811322,RPC-GB,0.5
1221,PLR-REAL-Political,0.6924528301886793,1.2475508182007113,3.311320754716981,RPC-GB,0.5
1222,PLR-REAL-Political,0.7176100628930818,1.2784687211581627,3.4622641509433962,RPC-GB,0.5
1223,PLR-REAL-Political,0.6920634920634922,1.2282614542383448,3.1809523809523808,RPC-GB,0.5
1224,PLR-REAL-Political,0.7231746031746032,1.228025528662802,3.4857142857142858,RPC-GB,0.5
1225,PLR-REAL-Political,0.6926984126984128,1.225617364417801,3.2095238095238097,RPC-GB,0.5
1226,PLR-REAL-Political,0.7174603174603175,1.2290113974440675,3.361904761904762,RPC-GB,0.5
1227,PLR-REAL-Political,0.6876190476190477,1.2487964721936071,3.1904761904761907,RPC-GB,0.5
1228,PLR-REAL-Political,0.713015873015873,1.2548961255790443,3.238095238095238,RPC-GB,0.5
1229,PLR-REAL-Political,0.7225396825396826,1.2343837511238684,3.4571428571428573,RPC-GB,0.5
1230,PLR-REAL-Political,0.6861635220125788,1.234780848173794,3.2264150943396226,RPC-GB,0.5
1231,PLR-REAL-Political,0.7163522012578617,1.2575235914283445,3.30188679245283,RPC-GB,0.5
1232,PLR-REAL-Political,0.670440251572327,1.254450388027081,3.2264150943396226,RPC-GB,0.5
1233,PLR-REAL-Political,0.6952380952380952,1.265357754940951,3.419047619047619,RPC-GB,0.5
1234,PLR-REAL-Political,0.7015873015873016,1.241878618864862,3.257142857142857,RPC-GB,0.5
1235,PLR-REAL-Political,0.6603174603174604,1.243223020232635,3.2857142857142856,RPC-GB,0.5
1236,PLR-REAL-Political,0.6825396825396824,1.2385860676540053,3.4,RPC-GB,0.5
1237,PLR-REAL-Political,0.7117460317460318,1.2440138733131636,3.276190476190476,RPC-GB,0.5
1238,PLR-REAL-Political,0.706031746031746,1.2441437513392257,3.1714285714285713,RPC-GB,0.5
1239,PLR-REAL-Political,0.706031746031746,1.252923529182212,3.3333333333333335,RPC-GB,0.5
1240,PLR-REAL-Political,0.70062893081761,1.2407304521893354,3.292452830188679,RPC-GB,0.5
1241,PLR-REAL-Political,0.7169811320754716,1.2724255408602811,3.330188679245283,RPC-GB,0.5
1242,PLR-REAL-Political,0.6849056603773586,1.242434883211829,3.3773584905660377,RPC-GB,0.5
1243,PLR-REAL-Political,0.7168253968253968,1.2476679935004165,3.4380952380952383,RPC-GB,0.5
1244,PLR-REAL-Political,0.7034920634920633,1.265342234722693,3.1809523809523808,RPC-GB,0.5
1245,PLR-REAL-Political,0.6990476190476189,1.2309908549435105,3.4285714285714284,RPC-GB,0.5
1246,PLR-REAL-Political,0.7136507936507936,1.2534256970360882,3.2666666666666666,RPC-GB,0.5
1247,PLR-REAL-Political,0.6971428571428571,1.229172240995848,3.238095238095238,RPC-GB,0.5
1248,PLR-REAL-Political,0.6920634920634922,1.225881351102553,3.1333333333333333,RPC-GB,0.5
1249,PLR-REAL-Political,0.6939682539682539,1.256620346422797,3.2095238095238097,RPC-GB,0.5
1250,PLR-REAL-Political,0.35723270440251575,1.9214560658441213,1.8396226415094339,Chain-GBR-PI,0.6
1251,PLR-REAL-Political,0.37798742138364777,1.9255752543072182,1.7735849056603774,Chain-GBR-PI,0.6
1252,PLR-REAL-Political,0.3150943396226415,1.9292352171303997,1.9056603773584906,Chain-GBR-PI,0.6
1253,PLR-REAL-Political,0.40571428571428575,1.916345178718977,1.838095238095238,Chain-GBR-PI,0.6
1254,PLR-REAL-Political,0.38095238095238104,1.9080612534725627,1.9714285714285715,Chain-GBR-PI,0.6
1255,PLR-REAL-Political,0.31746031746031755,1.9086501711923918,1.8,Chain-GBR-PI,0.6
1256,PLR-REAL-Political,0.37396825396825395,1.9103073074740797,2.019047619047619,Chain-GBR-PI,0.6
1257,PLR-REAL-Political,0.3473015873015873,1.9209794127030833,1.9904761904761905,Chain-GBR-PI,0.6
1258,PLR-REAL-Political,0.34031746031746024,1.9205785904227384,1.980952380952381,Chain-GBR-PI,0.6
1259,PLR-REAL-Political,0.3936507936507937,1.926405719468213,1.9238095238095239,Chain-GBR-PI,0.6
1260,PLR-REAL-Political,0.3427672955974843,1.913318479240446,1.8962264150943395,Chain-GBR-PI,0.6
1261,PLR-REAL-Political,0.3433962264150943,1.9132914022674388,1.9150943396226414,Chain-GBR-PI,0.6
1262,PLR-REAL-Political,0.3534591194968554,1.9075026002614508,2.009433962264151,Chain-GBR-PI,0.6
1263,PLR-REAL-Political,0.38476190476190475,1.9085307972398995,1.9523809523809523,Chain-GBR-PI,0.6
1264,PLR-REAL-Political,0.35428571428571426,1.9099755430238496,1.838095238095238,Chain-GBR-PI,0.6
1265,PLR-REAL-Political,0.3936507936507937,1.9030823728889803,1.819047619047619,Chain-GBR-PI,0.6
1266,PLR-REAL-Political,0.3587301587301588,1.9159320481235007,1.8761904761904762,Chain-GBR-PI,0.6
1267,PLR-REAL-Political,0.36253968253968266,1.9228833030130483,2.1333333333333333,Chain-GBR-PI,0.6
1268,PLR-REAL-Political,0.36063492063492064,1.9284145003077175,2.057142857142857,Chain-GBR-PI,0.6
1269,PLR-REAL-Political,0.3752380952380952,1.9267589187504095,1.9142857142857144,Chain-GBR-PI,0.6
1270,PLR-REAL-Political,0.3616352201257862,1.9264320156787438,1.9056603773584906,Chain-GBR-PI,0.6
1271,PLR-REAL-Political,0.3314465408805032,1.9232938571651232,1.9433962264150944,Chain-GBR-PI,0.6
1272,PLR-REAL-Political,0.310062893081761,1.9125945785661798,1.8018867924528301,Chain-GBR-PI,0.6
1273,PLR-REAL-Political,0.43111111111111117,1.9103730154056573,2.0095238095238095,Chain-GBR-PI,0.6
1274,PLR-REAL-Political,0.31682539682539684,1.9065174940229672,2.0952380952380953,Chain-GBR-PI,0.6
1275,PLR-REAL-Political,0.36380952380952386,1.908374233737639,1.9714285714285715,Chain-GBR-PI,0.6
1276,PLR-REAL-Political,0.41460317460317464,1.9208576766569567,2.085714285714286,Chain-GBR-PI,0.6
1277,PLR-REAL-Political,0.3206349206349206,1.914029570568141,1.8476190476190477,Chain-GBR-PI,0.6
1278,PLR-REAL-Political,0.38666666666666677,1.9241187190532625,2.019047619047619,Chain-GBR-PI,0.6
1279,PLR-REAL-Political,0.3415873015873016,1.92768399484425,1.8285714285714285,Chain-GBR-PI,0.6
1280,PLR-REAL-Political,0.39056603773584914,1.923741964753263,1.830188679245283,Chain-GBR-PI,0.6
1281,PLR-REAL-Political,0.32955974842767294,1.9199633897471242,1.820754716981132,Chain-GBR-PI,0.6
1282,PLR-REAL-Political,0.32704402515723274,1.9208299635878594,1.8962264150943395,Chain-GBR-PI,0.6
1283,PLR-REAL-Political,0.33714285714285713,1.902976703231226,1.9142857142857144,Chain-GBR-PI,0.6
1284,PLR-REAL-Political,0.34793650793650793,1.9065304574067181,2.123809523809524,Chain-GBR-PI,0.6
1285,PLR-REAL-Political,0.3898412698412698,1.9221945882223066,1.8666666666666667,Chain-GBR-PI,0.6
1286,PLR-REAL-Political,0.32952380952380955,1.9236122743363908,1.7523809523809524,Chain-GBR-PI,0.6
1287,PLR-REAL-Political,0.3733333333333333,1.9293221589544762,1.9142857142857144,Chain-GBR-PI,0.6
1288,PLR-REAL-Political,0.34031746031746035,1.927174053885602,1.8761904761904762,Chain-GBR-PI,0.6
1289,PLR-REAL-Political,0.33904761904761904,1.921993270541978,1.9904761904761905,Chain-GBR-PI,0.6
1290,PLR-REAL-Political,0.34716981132075475,1.915635186559852,2.018867924528302,Chain-GBR-PI,0.6
1291,PLR-REAL-Political,0.33207547169811324,1.9087255292457845,1.7924528301886793,Chain-GBR-PI,0.6
1292,PLR-REAL-Political,0.3213836477987421,1.9059466671422445,1.7075471698113207,Chain-GBR-PI,0.6
1293,PLR-REAL-Political,0.39746031746031746,1.9076254312549359,1.8571428571428572,Chain-GBR-PI,0.6
1294,PLR-REAL-Political,0.39428571428571435,1.9055357863443956,1.9714285714285715,Chain-GBR-PI,0.6
1295,PLR-REAL-Political,0.34920634920634924,1.9147625429720068,1.980952380952381,Chain-GBR-PI,0.6
1296,PLR-REAL-Political,0.4,1.9130576264229955,1.9142857142857144,Chain-GBR-PI,0.6
1297,PLR-REAL-Political,0.31746031746031744,1.9167978101476966,1.9714285714285715,Chain-GBR-PI,0.6
1298,PLR-REAL-Political,0.3326984126984127,1.9139287194051249,2.0,Chain-GBR-PI,0.6
1299,PLR-REAL-Political,0.38222222222222224,1.9162918663416277,1.9238095238095239,Chain-GBR-PI,0.6
1300,PLR-REAL-Political,0.3817610062893082,1.9213350155616267,2.650943396226415,Chain-GBR-RR,0.6
1301,PLR-REAL-Political,0.3710691823899371,1.9125250040209458,2.5754716981132075,Chain-GBR-RR,0.6
1302,PLR-REAL-Political,0.34591194968553457,1.8969045205349915,2.5754716981132075,Chain-GBR-RR,0.6
1303,PLR-REAL-Political,0.41650793650793644,1.8950286314490725,2.7904761904761903,Chain-GBR-RR,0.6
1304,PLR-REAL-Political,0.41523809523809524,1.8941367637939004,2.6,Chain-GBR-RR,0.6
1305,PLR-REAL-Political,0.3968253968253968,1.8947217130750098,2.5714285714285716,Chain-GBR-RR,0.6
1306,PLR-REAL-Political,0.42349206349206353,1.8933505491547715,2.657142857142857,Chain-GBR-RR,0.6
1307,PLR-REAL-Political,0.3504761904761905,1.902442451950957,2.552380952380952,Chain-GBR-RR,0.6
1308,PLR-REAL-Political,0.3453968253968255,1.9117142249796686,2.5904761904761906,Chain-GBR-RR,0.6
1309,PLR-REAL-Political,0.38285714285714284,1.9134606946635697,2.580952380952381,Chain-GBR-RR,0.6
1310,PLR-REAL-Political,0.35220125786163525,1.9069954176730874,2.660377358490566,Chain-GBR-RR,0.6
1311,PLR-REAL-Political,0.3836477987421385,1.907633242254441,2.5377358490566038,Chain-GBR-RR,0.6
1312,PLR-REAL-Political,0.3628930817610063,1.8983447189486524,2.707547169811321,Chain-GBR-RR,0.6
1313,PLR-REAL-Political,0.42285714285714293,1.8951928693406583,2.780952380952381,Chain-GBR-RR,0.6
1314,PLR-REAL-Political,0.38476190476190475,1.8927869024347406,2.552380952380952,Chain-GBR-RR,0.6
1315,PLR-REAL-Political,0.3612698412698413,1.890170519547389,2.6095238095238096,Chain-GBR-RR,0.6
1316,PLR-REAL-Political,0.3568253968253968,1.8970294391573008,2.723809523809524,Chain-GBR-RR,0.6
1317,PLR-REAL-Political,0.3834920634920635,1.8987479896057813,2.704761904761905,Chain-GBR-RR,0.6
1318,PLR-REAL-Political,0.41777777777777786,1.89998774653957,2.7333333333333334,Chain-GBR-RR,0.6
1319,PLR-REAL-Political,0.4177777777777778,1.8964339724799388,2.5904761904761906,Chain-GBR-RR,0.6
1320,PLR-REAL-Political,0.4150943396226416,1.8947494987464384,2.7169811320754715,Chain-GBR-RR,0.6
1321,PLR-REAL-Political,0.3685534591194969,1.8966152788560382,2.7830188679245285,Chain-GBR-RR,0.6
1322,PLR-REAL-Political,0.37421383647798745,1.8939928714207344,2.5943396226415096,Chain-GBR-RR,0.6
1323,PLR-REAL-Political,0.4031746031746032,1.8969833889526295,2.723809523809524,Chain-GBR-RR,0.6
1324,PLR-REAL-Political,0.37587301587301597,1.8912370160752374,2.780952380952381,Chain-GBR-RR,0.6
1325,PLR-REAL-Political,0.3777777777777778,1.8979279488352363,2.5714285714285716,Chain-GBR-RR,0.6
1326,PLR-REAL-Political,0.3892063492063492,1.9032298607915945,2.6666666666666665,Chain-GBR-RR,0.6
1327,PLR-REAL-Political,0.37714285714285717,1.9043809445481732,2.7523809523809524,Chain-GBR-RR,0.6
1328,PLR-REAL-Political,0.37015873015873024,1.9037371979861069,2.6952380952380954,Chain-GBR-RR,0.6
1329,PLR-REAL-Political,0.3523809523809524,1.9066887748057355,2.5904761904761906,Chain-GBR-RR,0.6
1330,PLR-REAL-Political,0.4169811320754717,1.9063614342524653,2.69811320754717,Chain-GBR-RR,0.6
1331,PLR-REAL-Political,0.37861635220125794,1.9073110792354084,2.6132075471698113,Chain-GBR-RR,0.6
1332,PLR-REAL-Political,0.3849056603773585,1.8983234716482638,2.7264150943396226,Chain-GBR-RR,0.6
1333,PLR-REAL-Political,0.3447619047619047,1.8896632416955998,2.7142857142857144,Chain-GBR-RR,0.6
1334,PLR-REAL-Political,0.34857142857142853,1.8922458481925055,2.723809523809524,Chain-GBR-RR,0.6
1335,PLR-REAL-Political,0.3987301587301587,1.9107664224096566,2.5238095238095237,Chain-GBR-RR,0.6
1336,PLR-REAL-Political,0.36190476190476195,1.9084518432440287,2.5904761904761906,Chain-GBR-RR,0.6
1337,PLR-REAL-Political,0.39238095238095233,1.912055388320214,2.6095238095238096,Chain-GBR-RR,0.6
1338,PLR-REAL-Political,0.3923809523809524,1.9125742239182564,2.5428571428571427,Chain-GBR-RR,0.6
1339,PLR-REAL-Political,0.39682539682539686,1.9088315701095226,2.6857142857142855,Chain-GBR-RR,0.6
1340,PLR-REAL-Political,0.36855345911949683,1.9072006247352764,2.6792452830188678,Chain-GBR-RR,0.6
1341,PLR-REAL-Political,0.32641509433962274,1.8934923110572042,2.6037735849056602,Chain-GBR-RR,0.6
1342,PLR-REAL-Political,0.36855345911949683,1.8917302326278775,2.547169811320755,Chain-GBR-RR,0.6
1343,PLR-REAL-Political,0.36571428571428577,1.8921354047611902,2.676190476190476,Chain-GBR-RR,0.6
1344,PLR-REAL-Political,0.37650793650793657,1.8995866863625999,2.6857142857142855,Chain-GBR-RR,0.6
1345,PLR-REAL-Political,0.3758730158730159,1.9047233696781845,2.657142857142857,Chain-GBR-RR,0.6
1346,PLR-REAL-Political,0.37079365079365084,1.9132198106899052,2.5714285714285716,Chain-GBR-RR,0.6
1347,PLR-REAL-Political,0.3422222222222222,1.9116657382951416,2.6476190476190475,Chain-GBR-RR,0.6
1348,PLR-REAL-Political,0.347936507936508,1.9090811284472067,2.6857142857142855,Chain-GBR-RR,0.6
1349,PLR-REAL-Political,0.38412698412698415,1.911760897718884,2.6095238095238096,Chain-GBR-RR,0.6
1350,PLR-REAL-Political,0.6628930817610063,0.6404746138677124,3.4622641509433962,ST-GBR-RR,0.6
1351,PLR-REAL-Political,0.6459119496855343,0.5605287958616512,3.4245283018867925,ST-GBR-RR,0.6
1352,PLR-REAL-Political,0.6232704402515724,0.5598285362283086,3.481132075471698,ST-GBR-RR,0.6
1353,PLR-REAL-Political,0.6387301587301587,0.6272023581008156,3.5142857142857142,ST-GBR-RR,0.6
1354,PLR-REAL-Political,0.6660317460317461,0.623324824666516,3.5904761904761906,ST-GBR-RR,0.6
1355,PLR-REAL-Political,0.6450793650793651,0.6284586016409088,3.5904761904761906,ST-GBR-RR,0.6
1356,PLR-REAL-Political,0.6374603174603174,0.6242883596832637,3.6285714285714286,ST-GBR-RR,0.6
1357,PLR-REAL-Political,0.606984126984127,0.5609900631868664,3.447619047619048,ST-GBR-RR,0.6
1358,PLR-REAL-Political,0.6603174603174604,0.6026036151712617,3.4285714285714284,ST-GBR-RR,0.6
1359,PLR-REAL-Political,0.6711111111111111,0.5883146811390003,3.4857142857142858,ST-GBR-RR,0.6
1360,PLR-REAL-Political,0.6050314465408806,0.5623059727684548,3.5,ST-GBR-RR,0.6
1361,PLR-REAL-Political,0.6603773584905659,0.6051935334708238,3.4716981132075473,ST-GBR-RR,0.6
1362,PLR-REAL-Political,0.6635220125786164,0.5588319801252989,3.6037735849056602,ST-GBR-RR,0.6
1363,PLR-REAL-Political,0.6120634920634921,0.6315786380045841,3.4857142857142858,ST-GBR-RR,0.6
1364,PLR-REAL-Political,0.6380952380952383,0.6315975688914619,3.380952380952381,ST-GBR-RR,0.6
1365,PLR-REAL-Political,0.6361904761904763,0.6302554839337099,3.5047619047619047,ST-GBR-RR,0.6
1366,PLR-REAL-Political,0.6361904761904762,0.5967297646163207,3.4952380952380953,ST-GBR-RR,0.6
1367,PLR-REAL-Political,0.6361904761904762,0.602930818585409,3.5238095238095237,ST-GBR-RR,0.6
1368,PLR-REAL-Political,0.64,0.630021551196638,3.619047619047619,ST-GBR-RR,0.6
1369,PLR-REAL-Political,0.6476190476190476,0.6231957766092907,3.6666666666666665,ST-GBR-RR,0.6
1370,PLR-REAL-Political,0.6069182389937107,0.6078989488457153,3.688679245283019,ST-GBR-RR,0.6
1371,PLR-REAL-Political,0.6477987421383649,0.5939794078791942,3.556603773584906,ST-GBR-RR,0.6
1372,PLR-REAL-Political,0.6421383647798743,0.6216883278644642,3.5377358490566038,ST-GBR-RR,0.6
1373,PLR-REAL-Political,0.6228571428571429,0.6016913219850117,3.466666666666667,ST-GBR-RR,0.6
1374,PLR-REAL-Political,0.6342857142857142,0.632356576662362,3.5238095238095237,ST-GBR-RR,0.6
1375,PLR-REAL-Political,0.6438095238095237,0.5934307474245866,3.4761904761904763,ST-GBR-RR,0.6
1376,PLR-REAL-Political,0.6482539682539682,0.5570976440165591,3.4857142857142858,ST-GBR-RR,0.6
1377,PLR-REAL-Political,0.638095238095238,0.6282699276463178,3.533333333333333,ST-GBR-RR,0.6
1378,PLR-REAL-Political,0.6406349206349207,0.6350694662773926,3.580952380952381,ST-GBR-RR,0.6
1379,PLR-REAL-Political,0.6406349206349204,0.6010472552021798,3.4857142857142858,ST-GBR-RR,0.6
1380,PLR-REAL-Political,0.6207547169811322,0.6341536312155438,3.547169811320755,ST-GBR-RR,0.6
1381,PLR-REAL-Political,0.6308176100628928,0.602169070975304,3.5283018867924527,ST-GBR-RR,0.6
1382,PLR-REAL-Political,0.6352201257861635,0.5979443636063513,3.669811320754717,ST-GBR-RR,0.6
1383,PLR-REAL-Political,0.6304761904761905,0.5566085482544716,3.466666666666667,ST-GBR-RR,0.6
1384,PLR-REAL-Political,0.6507936507936509,0.6129477669199074,3.552380952380952,ST-GBR-RR,0.6
1385,PLR-REAL-Political,0.6209523809523808,0.6092091676777863,3.5428571428571427,ST-GBR-RR,0.6
1386,PLR-REAL-Political,0.6361904761904763,0.596135752977699,3.5619047619047617,ST-GBR-RR,0.6
1387,PLR-REAL-Political,0.6406349206349208,0.5592652250816694,3.5428571428571427,ST-GBR-RR,0.6
1388,PLR-REAL-Political,0.6514285714285714,0.6374243962944265,3.3523809523809525,ST-GBR-RR,0.6
1389,PLR-REAL-Political,0.6749206349206348,0.5947346500808325,3.5047619047619047,ST-GBR-RR,0.6
1390,PLR-REAL-Political,0.660377358490566,0.6054943715719455,3.7264150943396226,ST-GBR-RR,0.6
1391,PLR-REAL-Political,0.6616352201257861,0.5980741308588337,3.556603773584906,ST-GBR-RR,0.6
1392,PLR-REAL-Political,0.6088050314465409,0.5899405538151503,3.518867924528302,ST-GBR-RR,0.6
1393,PLR-REAL-Political,0.6653968253968253,0.6021904706938904,3.5428571428571427,ST-GBR-RR,0.6
1394,PLR-REAL-Political,0.6095238095238095,0.6197769397408788,3.6,ST-GBR-RR,0.6
1395,PLR-REAL-Political,0.6361904761904762,0.6015089417297221,3.638095238095238,ST-GBR-RR,0.6
1396,PLR-REAL-Political,0.673015873015873,0.59179976090036,3.5714285714285716,ST-GBR-RR,0.6
1397,PLR-REAL-Political,0.648888888888889,0.5989252799721037,3.580952380952381,ST-GBR-RR,0.6
1398,PLR-REAL-Political,0.6444444444444445,0.6114378480184353,3.419047619047619,ST-GBR-RR,0.6
1399,PLR-REAL-Political,0.6203174603174604,0.6164113155732195,3.4380952380952383,ST-GBR-RR,0.6
1400,PLR-REAL-Political,0.5710691823899371,0.5972588551155869,3.018867924528302,ST-GBR-PI,0.6
1401,PLR-REAL-Political,0.5672955974842767,0.6286444456433673,2.981132075471698,ST-GBR-PI,0.6
1402,PLR-REAL-Political,0.559748427672956,0.6153562943440021,2.8867924528301887,ST-GBR-PI,0.6
1403,PLR-REAL-Political,0.6171428571428571,0.654463821746349,2.9047619047619047,ST-GBR-PI,0.6
1404,PLR-REAL-Political,0.6196825396825396,0.6246669872568771,3.0095238095238095,ST-GBR-PI,0.6
1405,PLR-REAL-Political,0.5968253968253969,0.5887583723302314,2.895238095238095,ST-GBR-PI,0.6
1406,PLR-REAL-Political,0.5936507936507937,0.5908475387325522,3.0285714285714285,ST-GBR-PI,0.6
1407,PLR-REAL-Political,0.572063492063492,0.5633070831767027,2.933333333333333,ST-GBR-PI,0.6
1408,PLR-REAL-Political,0.5834920634920635,0.5997522696710076,2.914285714285714,ST-GBR-PI,0.6
1409,PLR-REAL-Political,0.587936507936508,0.5599127039428412,2.9904761904761905,ST-GBR-PI,0.6
1410,PLR-REAL-Political,0.5597484276729561,0.593989081533676,2.8867924528301887,ST-GBR-PI,0.6
1411,PLR-REAL-Political,0.5723270440251572,0.5494462912969299,2.952830188679245,ST-GBR-PI,0.6
1412,PLR-REAL-Political,0.5918238993710693,0.558385316810355,2.9622641509433962,ST-GBR-PI,0.6
1413,PLR-REAL-Political,0.5726984126984127,0.5565686687590669,2.9238095238095236,ST-GBR-PI,0.6
1414,PLR-REAL-Political,0.5904761904761904,0.597214612996978,2.876190476190476,ST-GBR-PI,0.6
1415,PLR-REAL-Political,0.5803174603174603,0.5822539325574935,2.876190476190476,ST-GBR-PI,0.6
1416,PLR-REAL-Political,0.6152380952380954,0.5772271442017526,2.9523809523809526,ST-GBR-PI,0.6
1417,PLR-REAL-Political,0.579047619047619,0.5681836243728253,2.942857142857143,ST-GBR-PI,0.6
1418,PLR-REAL-Political,0.6050793650793651,0.6090835435375138,3.085714285714286,ST-GBR-PI,0.6
1419,PLR-REAL-Political,0.620952380952381,0.6233460684141592,3.0285714285714285,ST-GBR-PI,0.6
1420,PLR-REAL-Political,0.5345911949685535,0.5918414357120975,3.0,ST-GBR-PI,0.6
1421,PLR-REAL-Political,0.6069182389937107,0.6069363401608617,2.9622641509433962,ST-GBR-PI,0.6
1422,PLR-REAL-Political,0.588679245283019,0.5808085226686729,2.981132075471698,ST-GBR-PI,0.6
1423,PLR-REAL-Political,0.5809523809523809,0.5560515713198237,2.876190476190476,ST-GBR-PI,0.6
1424,PLR-REAL-Political,0.5663492063492064,0.5853209880071093,2.9238095238095236,ST-GBR-PI,0.6
1425,PLR-REAL-Political,0.6031746031746031,0.6154996319991487,2.9904761904761905,ST-GBR-PI,0.6
1426,PLR-REAL-Political,0.5841269841269842,0.5671948985650558,2.761904761904762,ST-GBR-PI,0.6
1427,PLR-REAL-Political,0.5473015873015873,0.6085273436676034,2.9047619047619047,ST-GBR-PI,0.6
1428,PLR-REAL-Political,0.6088888888888888,0.593935788608865,2.9904761904761905,ST-GBR-PI,0.6
1429,PLR-REAL-Political,0.591111111111111,0.5580476135769113,2.942857142857143,ST-GBR-PI,0.6
1430,PLR-REAL-Political,0.5578616352201258,0.5778911194919923,2.8773584905660377,ST-GBR-PI,0.6
1431,PLR-REAL-Political,0.580503144654088,0.5666044113647404,2.943396226415094,ST-GBR-PI,0.6
1432,PLR-REAL-Political,0.5830188679245282,0.5650847918836595,2.858490566037736,ST-GBR-PI,0.6
1433,PLR-REAL-Political,0.5784126984126985,0.5882170602487976,2.9523809523809526,ST-GBR-PI,0.6
1434,PLR-REAL-Political,0.6088888888888889,0.6293147662563537,3.0095238095238095,ST-GBR-PI,0.6
1435,PLR-REAL-Political,0.5777777777777777,0.6140906268635331,2.9047619047619047,ST-GBR-PI,0.6
1436,PLR-REAL-Political,0.5365079365079365,0.5809755227311678,2.8857142857142857,ST-GBR-PI,0.6
1437,PLR-REAL-Political,0.6126984126984126,0.5638908414054782,3.038095238095238,ST-GBR-PI,0.6
1438,PLR-REAL-Political,0.5815873015873015,0.6102780636879469,2.9523809523809526,ST-GBR-PI,0.6
1439,PLR-REAL-Political,0.593015873015873,0.5565809698408815,2.8095238095238093,ST-GBR-PI,0.6
1440,PLR-REAL-Political,0.5861635220125787,0.5703493402981672,3.018867924528302,ST-GBR-PI,0.6
1441,PLR-REAL-Political,0.5937106918238995,0.5563832644883534,2.981132075471698,ST-GBR-PI,0.6
1442,PLR-REAL-Political,0.5628930817610063,0.5583083260940364,2.9150943396226414,ST-GBR-PI,0.6
1443,PLR-REAL-Political,0.5942857142857142,0.5532760206133699,2.8285714285714287,ST-GBR-PI,0.6
1444,PLR-REAL-Political,0.5733333333333334,0.5469423927352258,3.1333333333333333,ST-GBR-PI,0.6
1445,PLR-REAL-Political,0.5663492063492063,0.5901638543582998,2.942857142857143,ST-GBR-PI,0.6
1446,PLR-REAL-Political,0.6323809523809525,0.5539021935401848,2.9047619047619047,ST-GBR-PI,0.6
1447,PLR-REAL-Political,0.5784126984126984,0.6128399880767558,2.942857142857143,ST-GBR-PI,0.6
1448,PLR-REAL-Political,0.5384126984126983,0.5581175870822936,2.8,ST-GBR-PI,0.6
1449,PLR-REAL-Political,0.5657142857142857,0.5953584928749318,2.857142857142857,ST-GBR-PI,0.6
1450,PLR-REAL-Political,0.6836477987421384,1.1471854701791155,3.349056603773585,RPC-GB,0.6
1451,PLR-REAL-Political,0.7138364779874213,1.120193440447176,3.330188679245283,RPC-GB,0.6
1452,PLR-REAL-Political,0.6754716981132074,1.1225720587188754,3.19811320754717,RPC-GB,0.6
1453,PLR-REAL-Political,0.6679365079365078,1.1272603989247572,3.3523809523809525,RPC-GB,0.6
1454,PLR-REAL-Political,0.6717460317460318,1.1148891492161548,3.419047619047619,RPC-GB,0.6
1455,PLR-REAL-Political,0.6996825396825397,1.141003547316899,3.295238095238095,RPC-GB,0.6
1456,PLR-REAL-Political,0.6653968253968254,1.1147246000504436,3.5238095238095237,RPC-GB,0.6
1457,PLR-REAL-Political,0.6368253968253968,1.1197629119570056,3.219047619047619,RPC-GB,0.6
1458,PLR-REAL-Political,0.7161904761904763,1.1156393028098013,3.3142857142857145,RPC-GB,0.6
1459,PLR-REAL-Political,0.6882539682539682,1.1228110295120146,3.2476190476190476,RPC-GB,0.6
1460,PLR-REAL-Political,0.6710691823899371,1.129473076720457,3.3962264150943398,RPC-GB,0.6
1461,PLR-REAL-Political,0.6893081761006289,1.1469386251976506,3.160377358490566,RPC-GB,0.6
1462,PLR-REAL-Political,0.6528301886792454,1.1331837648710297,3.3679245283018866,RPC-GB,0.6
1463,PLR-REAL-Political,0.6704761904761904,1.1487351544174849,3.447619047619048,RPC-GB,0.6
1464,PLR-REAL-Political,0.6641269841269842,1.1285392142035449,3.380952380952381,RPC-GB,0.6
1465,PLR-REAL-Political,0.6926984126984127,1.1415388749461526,3.2285714285714286,RPC-GB,0.6
1466,PLR-REAL-Political,0.7117460317460318,1.1560243418534257,3.2666666666666666,RPC-GB,0.6
1467,PLR-REAL-Political,0.6926984126984127,1.1202424126129937,3.104761904761905,RPC-GB,0.6
1468,PLR-REAL-Political,0.6888888888888889,1.124320193699705,3.361904761904762,RPC-GB,0.6
1469,PLR-REAL-Political,0.7403174603174604,1.1301114767998472,3.419047619047619,RPC-GB,0.6
1470,PLR-REAL-Political,0.6484276729559748,1.108179441240507,3.339622641509434,RPC-GB,0.6
1471,PLR-REAL-Political,0.6786163522012577,1.1323202925988645,3.1320754716981134,RPC-GB,0.6
1472,PLR-REAL-Political,0.6729559748427673,1.1301068418573312,3.3773584905660377,RPC-GB,0.6
1473,PLR-REAL-Political,0.6838095238095238,1.1133224964082364,3.0,RPC-GB,0.6
1474,PLR-REAL-Political,0.7187301587301589,1.1178092042076315,3.5238095238095237,RPC-GB,0.6
1475,PLR-REAL-Political,0.6584126984126984,1.1118249066460966,3.2095238095238097,RPC-GB,0.6
1476,PLR-REAL-Political,0.702857142857143,1.1172087360890484,3.380952380952381,RPC-GB,0.6
1477,PLR-REAL-Political,0.6825396825396824,1.1562362077100232,3.419047619047619,RPC-GB,0.6
1478,PLR-REAL-Political,0.6704761904761906,1.1166138007501052,3.3047619047619046,RPC-GB,0.6
1479,PLR-REAL-Political,0.7034920634920634,1.1141741995873493,3.380952380952381,RPC-GB,0.6
1480,PLR-REAL-Political,0.6597484276729562,1.1392669441432928,3.2830188679245285,RPC-GB,0.6
1481,PLR-REAL-Political,0.6509433962264151,1.1206083423654534,3.349056603773585,RPC-GB,0.6
1482,PLR-REAL-Political,0.6446540880503144,1.120092501083514,3.2735849056603774,RPC-GB,0.6
1483,PLR-REAL-Political,0.6552380952380952,1.1266963814415951,3.342857142857143,RPC-GB,0.6
1484,PLR-REAL-Political,0.7022222222222222,1.1155232247874993,3.2285714285714286,RPC-GB,0.6
1485,PLR-REAL-Political,0.6812698412698412,1.1712810751512,3.3047619047619046,RPC-GB,0.6
1486,PLR-REAL-Political,0.6787301587301587,1.1170608139297056,3.4095238095238094,RPC-GB,0.6
1487,PLR-REAL-Political,0.7492063492063492,1.1245142231257814,3.2,RPC-GB,0.6
1488,PLR-REAL-Political,0.6876190476190477,1.1506387973605903,3.104761904761905,RPC-GB,0.6
1489,PLR-REAL-Political,0.6787301587301587,1.1424111698460355,3.238095238095238,RPC-GB,0.6
1490,PLR-REAL-Political,0.7037735849056604,1.1390819606266136,3.4339622641509435,RPC-GB,0.6
1491,PLR-REAL-Political,0.6786163522012577,1.112634108757028,3.207547169811321,RPC-GB,0.6
1492,PLR-REAL-Political,0.6647798742138364,1.1434128948095785,3.6226415094339623,RPC-GB,0.6
1493,PLR-REAL-Political,0.6952380952380951,1.1101678476736192,3.238095238095238,RPC-GB,0.6
1494,PLR-REAL-Political,0.6952380952380952,1.1466384613104073,3.2857142857142856,RPC-GB,0.6
1495,PLR-REAL-Political,0.6603174603174603,1.1365753529698415,3.4,RPC-GB,0.6
1496,PLR-REAL-Political,0.6971428571428572,1.1155012066437444,3.257142857142857,RPC-GB,0.6
1497,PLR-REAL-Political,0.6717460317460318,1.1311037264604906,3.447619047619048,RPC-GB,0.6
1498,PLR-REAL-Political,0.6863492063492065,1.1347167611168294,3.295238095238095,RPC-GB,0.6
1499,PLR-REAL-Political,0.6457142857142856,1.148927454637151,3.4,RPC-GB,0.6
