,data,tau_x_score,prediction_time,buckets_per_rank,algo,percentage
0,PLR-REAL-Political,0.4276729559748428,1.9395849741558913,2.547169811320755,Chain-GBR-PI,0.1
1,PLR-REAL-Political,0.47106918238993706,1.9432058305442201,2.509433962264151,Chain-GBR-PI,0.1
2,PLR-REAL-Political,0.38679245283018876,1.9421839614061596,2.3867924528301887,Chain-GBR-PI,0.1
3,PLR-REAL-Political,0.4933333333333334,1.9420976257422466,2.4761904761904763,Chain-GBR-PI,0.1
4,PLR-REAL-Political,0.481904761904762,1.938459677406491,2.5619047619047617,Chain-GBR-PI,0.1
5,PLR-REAL-Political,0.49079365079365084,1.9382298591814013,2.5714285714285716,Chain-GBR-PI,0.1
6,PLR-REAL-Political,0.4774603174603175,1.9400182432017499,2.6666666666666665,Chain-GBR-PI,0.1
7,PLR-REAL-Political,0.5155555555555555,1.9394218679643593,2.3142857142857145,Chain-GBR-PI,0.1
8,PLR-REAL-Political,0.467936507936508,1.939780912102162,2.447619047619048,Chain-GBR-PI,0.1
9,PLR-REAL-Political,0.5269841269841269,1.9426792408487574,2.5619047619047617,Chain-GBR-PI,0.1
10,PLR-REAL-Political,0.479874213836478,1.9356195630932966,2.509433962264151,Chain-GBR-PI,0.1
11,PLR-REAL-Political,0.4685534591194969,1.9384207355353988,2.518867924528302,Chain-GBR-PI,0.1
12,PLR-REAL-Political,0.47861635220125787,1.937199136375912,2.5943396226415096,Chain-GBR-PI,0.1
13,PLR-REAL-Political,0.4584126984126984,1.939599434958444,2.5714285714285716,Chain-GBR-PI,0.1
14,PLR-REAL-Political,0.45777777777777773,1.938744479565486,2.342857142857143,Chain-GBR-PI,0.1
15,PLR-REAL-Political,0.47873015873015873,1.9407680845867872,2.6666666666666665,Chain-GBR-PI,0.1
16,PLR-REAL-Political,0.507936507936508,1.9403598496377583,2.5142857142857142,Chain-GBR-PI,0.1
17,PLR-REAL-Political,0.4653968253968254,1.939959237933449,2.5714285714285716,Chain-GBR-PI,0.1
18,PLR-REAL-Political,0.5003174603174604,1.940652110287445,2.580952380952381,Chain-GBR-PI,0.1
19,PLR-REAL-Political,0.5180952380952382,1.9376276020121772,2.4285714285714284,Chain-GBR-PI,0.1
20,PLR-REAL-Political,0.47610062893081756,1.936855791230798,2.669811320754717,Chain-GBR-PI,0.1
21,PLR-REAL-Political,0.440251572327044,1.938905803542378,2.660377358490566,Chain-GBR-PI,0.1
22,PLR-REAL-Political,0.45849056603773586,1.9424524367293143,2.669811320754717,Chain-GBR-PI,0.1
23,PLR-REAL-Political,0.46031746031746035,1.9369690229630436,2.466666666666667,Chain-GBR-PI,0.1
24,PLR-REAL-Political,0.48571428571428577,1.936471434619719,2.4,Chain-GBR-PI,0.1
25,PLR-REAL-Political,0.4857142857142857,1.9372499590845762,2.638095238095238,Chain-GBR-PI,0.1
26,PLR-REAL-Political,0.5034920634920635,1.9409308496683582,2.5619047619047617,Chain-GBR-PI,0.1
27,PLR-REAL-Political,0.49904761904761913,1.9370420021202548,2.5714285714285716,Chain-GBR-PI,0.1
28,PLR-REAL-Political,0.47301587301587306,1.9452103235851124,2.6857142857142855,Chain-GBR-PI,0.1
29,PLR-REAL-Political,0.5047619047619047,1.9399878940153863,2.419047619047619,Chain-GBR-PI,0.1
30,PLR-REAL-Political,0.4301886792452831,1.9355313872334552,2.4150943396226414,Chain-GBR-PI,0.1
31,PLR-REAL-Political,0.4805031446540881,1.9377434435426588,2.339622641509434,Chain-GBR-PI,0.1
32,PLR-REAL-Political,0.45220125786163523,1.9384209220117146,2.6320754716981134,Chain-GBR-PI,0.1
33,PLR-REAL-Political,0.47873015873015873,1.9382790508708487,2.5047619047619047,Chain-GBR-PI,0.1
34,PLR-REAL-Political,0.48698412698412696,1.9374523410540265,2.2857142857142856,Chain-GBR-PI,0.1
35,PLR-REAL-Political,0.5231746031746032,1.9388418344736662,2.4,Chain-GBR-PI,0.1
36,PLR-REAL-Political,0.4831746031746031,1.9410950898979422,2.3714285714285714,Chain-GBR-PI,0.1
37,PLR-REAL-Political,0.467936507936508,1.938198861834515,2.704761904761905,Chain-GBR-PI,0.1
38,PLR-REAL-Political,0.4825396825396826,1.9397489659673615,2.552380952380952,Chain-GBR-PI,0.1
39,PLR-REAL-Political,0.46984126984126984,1.9377086406535267,2.4380952380952383,Chain-GBR-PI,0.1
40,PLR-REAL-Political,0.4647798742138365,1.9394235759973453,2.5377358490566038,Chain-GBR-PI,0.1
41,PLR-REAL-Political,0.39937106918238996,1.9377445827371642,2.4245283018867925,Chain-GBR-PI,0.1
42,PLR-REAL-Political,0.4628930817610063,1.9381940447228156,2.5660377358490565,Chain-GBR-PI,0.1
43,PLR-REAL-Political,0.4444444444444445,1.9398484450807532,2.466666666666667,Chain-GBR-PI,0.1
44,PLR-REAL-Political,0.5015873015873016,1.9378501433059316,2.4,Chain-GBR-PI,0.1
45,PLR-REAL-Political,0.4920634920634921,1.9396552585472844,2.638095238095238,Chain-GBR-PI,0.1
46,PLR-REAL-Political,0.49968253968253973,1.9372586851213562,2.5714285714285716,Chain-GBR-PI,0.1
47,PLR-REAL-Political,0.5117460317460317,1.9405517898476061,2.580952380952381,Chain-GBR-PI,0.1
48,PLR-REAL-Political,0.49650793650793656,1.935956642127056,2.4571428571428573,Chain-GBR-PI,0.1
49,PLR-REAL-Political,0.49968253968253973,1.9378009627163446,2.4571428571428573,Chain-GBR-PI,0.1
50,PLR-REAL-Political,0.5924528301886793,1.9253604091284398,3.19811320754717,Chain-GBR-RR,0.1
51,PLR-REAL-Political,0.6031446540880504,1.9240065208130308,3.0283018867924527,Chain-GBR-RR,0.1
52,PLR-REAL-Political,0.5823899371069182,1.9273927235716226,3.0754716981132075,Chain-GBR-RR,0.1
53,PLR-REAL-Political,0.638095238095238,1.9295076884802496,3.3142857142857145,Chain-GBR-RR,0.1
54,PLR-REAL-Political,0.5898412698412698,1.9245607358435664,3.2666666666666666,Chain-GBR-RR,0.1
55,PLR-REAL-Political,0.6533333333333333,1.9283439358886327,3.085714285714286,Chain-GBR-RR,0.1
56,PLR-REAL-Political,0.6203174603174603,1.926729446764,3.2095238095238097,Chain-GBR-RR,0.1
57,PLR-REAL-Political,0.5765079365079364,1.9272169548167826,3.1142857142857143,Chain-GBR-RR,0.1
58,PLR-REAL-Political,0.5834920634920635,1.9288234442478673,3.142857142857143,Chain-GBR-RR,0.1
59,PLR-REAL-Political,0.6558730158730159,1.9245812295075517,3.019047619047619,Chain-GBR-RR,0.1
60,PLR-REAL-Political,0.619496855345912,1.9221482182656564,3.2169811320754715,Chain-GBR-RR,0.1
61,PLR-REAL-Political,0.6157232704402515,1.9235859634993464,3.169811320754717,Chain-GBR-RR,0.1
62,PLR-REAL-Political,0.6006289308176102,1.9246164079940824,3.2547169811320753,Chain-GBR-RR,0.1
63,PLR-REAL-Political,0.5942857142857142,1.9243241987890953,3.0952380952380953,Chain-GBR-RR,0.1
64,PLR-REAL-Political,0.6139682539682539,1.9246306640693311,3.104761904761905,Chain-GBR-RR,0.1
65,PLR-REAL-Political,0.594920634920635,1.9253656172028013,3.1523809523809523,Chain-GBR-RR,0.1
66,PLR-REAL-Political,0.6273015873015874,1.9267646003483705,2.9714285714285715,Chain-GBR-RR,0.1
67,PLR-REAL-Political,0.6,1.9273102676902905,3.1619047619047618,Chain-GBR-RR,0.1
68,PLR-REAL-Political,0.6266666666666668,1.9263490374611352,3.2666666666666666,Chain-GBR-RR,0.1
69,PLR-REAL-Political,0.6469841269841269,1.9264271592480284,3.019047619047619,Chain-GBR-RR,0.1
70,PLR-REAL-Political,0.6094339622641509,1.9208150025789226,3.0754716981132075,Chain-GBR-RR,0.1
71,PLR-REAL-Political,0.5691823899371069,1.9233925787472115,3.1320754716981134,Chain-GBR-RR,0.1
72,PLR-REAL-Political,0.6157232704402515,1.9248799609184954,3.1792452830188678,Chain-GBR-RR,0.1
73,PLR-REAL-Political,0.6114285714285714,1.9215453900325967,3.057142857142857,Chain-GBR-RR,0.1
74,PLR-REAL-Political,0.587936507936508,1.9239681720589648,3.104761904761905,Chain-GBR-RR,0.1
75,PLR-REAL-Political,0.6190476190476191,1.9310171878770908,3.0476190476190474,Chain-GBR-RR,0.1
76,PLR-REAL-Political,0.6234920634920635,1.9273707396277262,3.142857142857143,Chain-GBR-RR,0.1
77,PLR-REAL-Political,0.6495238095238095,1.9263863283364007,3.1904761904761907,Chain-GBR-RR,0.1
78,PLR-REAL-Political,0.627936507936508,1.92842055814765,3.342857142857143,Chain-GBR-RR,0.1
79,PLR-REAL-Political,0.6273015873015872,1.9245682216816933,3.1714285714285713,Chain-GBR-RR,0.1
80,PLR-REAL-Political,0.5918238993710692,1.9248160044261449,3.009433962264151,Chain-GBR-RR,0.1
81,PLR-REAL-Political,0.6062893081761006,1.9220188960958808,3.150943396226415,Chain-GBR-RR,0.1
82,PLR-REAL-Political,0.6044025157232705,1.9226406801768272,3.1320754716981134,Chain-GBR-RR,0.1
83,PLR-REAL-Political,0.6165079365079366,1.9281957144000943,3.0476190476190474,Chain-GBR-RR,0.1
84,PLR-REAL-Political,0.6133333333333334,1.9249081458631865,2.9523809523809526,Chain-GBR-RR,0.1
85,PLR-REAL-Political,0.6139682539682539,1.9236770087643702,3.1523809523809523,Chain-GBR-RR,0.1
86,PLR-REAL-Political,0.6152380952380951,1.925916044390617,3.238095238095238,Chain-GBR-RR,0.1
87,PLR-REAL-Political,0.6241269841269841,1.9265704082560093,3.1523809523809523,Chain-GBR-RR,0.1
88,PLR-REAL-Political,0.6126984126984126,1.923816092085604,3.0095238095238095,Chain-GBR-RR,0.1
89,PLR-REAL-Political,0.6399999999999999,1.9271470631699588,3.0761904761904764,Chain-GBR-RR,0.1
90,PLR-REAL-Political,0.6050314465408805,1.9276971382841581,3.1037735849056602,Chain-GBR-RR,0.1
91,PLR-REAL-Political,0.5962264150943396,1.9272086137674624,3.0754716981132075,Chain-GBR-RR,0.1
92,PLR-REAL-Political,0.6157232704402515,1.9279921553415367,3.0849056603773586,Chain-GBR-RR,0.1
93,PLR-REAL-Political,0.6234920634920635,1.9288775251369519,3.085714285714286,Chain-GBR-RR,0.1
94,PLR-REAL-Political,0.6012698412698413,1.9297239778788082,3.085714285714286,Chain-GBR-RR,0.1
95,PLR-REAL-Political,0.6641269841269841,1.9291048789606555,3.1809523809523808,Chain-GBR-RR,0.1
96,PLR-REAL-Political,0.626031746031746,1.930215852947763,3.1523809523809523,Chain-GBR-RR,0.1
97,PLR-REAL-Political,0.6393650793650795,1.928296634383228,3.2666666666666666,Chain-GBR-RR,0.1
98,PLR-REAL-Political,0.6152380952380951,1.9248670798204772,2.980952380952381,Chain-GBR-RR,0.1
99,PLR-REAL-Political,0.6234920634920633,1.9274343786306234,2.9904761904761905,Chain-GBR-RR,0.1
100,PLR-REAL-Political,0.6672955974842767,1.5575170362197703,3.349056603773585,ST-GBR-RR,0.1
101,PLR-REAL-Political,0.6767295597484276,0.8150943817659916,3.3207547169811322,ST-GBR-RR,0.1
102,PLR-REAL-Political,0.6377358490566037,0.8126508025203802,3.3867924528301887,ST-GBR-RR,0.1
103,PLR-REAL-Political,0.6634920634920634,0.818717796398968,3.466666666666667,ST-GBR-RR,0.1
104,PLR-REAL-Political,0.6692063492063494,0.7954005172899498,3.619047619047619,ST-GBR-RR,0.1
105,PLR-REAL-Political,0.6850793650793651,0.8069503924853244,3.3904761904761904,ST-GBR-RR,0.1
106,PLR-REAL-Political,0.6673015873015873,0.8097999154270406,3.552380952380952,ST-GBR-RR,0.1
107,PLR-REAL-Political,0.6507936507936507,0.8214926353969826,3.3047619047619046,ST-GBR-RR,0.1
108,PLR-REAL-Political,0.6990476190476191,0.8093386226231428,3.4380952380952383,ST-GBR-RR,0.1
109,PLR-REAL-Political,0.6704761904761906,0.8337027509202762,3.342857142857143,ST-GBR-RR,0.1
110,PLR-REAL-Political,0.6578616352201256,0.8080085060920256,3.3207547169811322,ST-GBR-RR,0.1
111,PLR-REAL-Political,0.6836477987421382,0.800301020827874,3.2169811320754715,ST-GBR-RR,0.1
112,PLR-REAL-Political,0.6823899371069183,0.8218497526597879,3.4622641509433962,ST-GBR-RR,0.1
113,PLR-REAL-Political,0.6450793650793651,0.8078582790417511,3.533333333333333,ST-GBR-RR,0.1
114,PLR-REAL-Political,0.6685714285714286,0.8105710048990431,3.4285714285714284,ST-GBR-RR,0.1
115,PLR-REAL-Political,0.6565079365079366,0.8143498614825281,3.3714285714285714,ST-GBR-RR,0.1
116,PLR-REAL-Political,0.6692063492063492,0.809960079209908,3.380952380952381,ST-GBR-RR,0.1
117,PLR-REAL-Political,0.6774603174603175,0.8097310085046673,3.380952380952381,ST-GBR-RR,0.1
118,PLR-REAL-Political,0.6546031746031745,0.8114368909575003,3.4952380952380953,ST-GBR-RR,0.1
119,PLR-REAL-Political,0.6844444444444444,0.8122324679325632,3.4285714285714284,ST-GBR-RR,0.1
120,PLR-REAL-Political,0.6786163522012577,0.811993935941404,3.4339622641509435,ST-GBR-RR,0.1
121,PLR-REAL-Political,0.6716981132075474,0.8068791197378723,3.2830188679245285,ST-GBR-RR,0.1
122,PLR-REAL-Political,0.6628930817610063,0.8016049319754087,3.3962264150943398,ST-GBR-RR,0.1
123,PLR-REAL-Political,0.6634920634920636,0.7985281153570605,3.380952380952381,ST-GBR-RR,0.1
124,PLR-REAL-Political,0.6901587301587301,0.759625818406259,3.3904761904761904,ST-GBR-RR,0.1
125,PLR-REAL-Political,0.6653968253968254,0.8142613118184112,3.361904761904762,ST-GBR-RR,0.1
126,PLR-REAL-Political,0.673015873015873,0.8187051239857908,3.3142857142857145,ST-GBR-RR,0.1
127,PLR-REAL-Political,0.6558730158730159,0.8116293643224333,3.5142857142857142,ST-GBR-RR,0.1
128,PLR-REAL-Political,0.6457142857142858,0.8079901880975185,3.447619047619048,ST-GBR-RR,0.1
129,PLR-REAL-Political,0.6863492063492063,0.8496304225780946,3.419047619047619,ST-GBR-RR,0.1
130,PLR-REAL-Political,0.6811320754716983,0.8055979033962614,3.311320754716981,ST-GBR-RR,0.1
131,PLR-REAL-Political,0.6559748427672957,0.7837175812019214,3.4056603773584904,ST-GBR-RR,0.1
132,PLR-REAL-Political,0.6855345911949685,0.809940126119275,3.4245283018867925,ST-GBR-RR,0.1
133,PLR-REAL-Political,0.6673015873015873,0.8025528799475004,3.4095238095238094,ST-GBR-RR,0.1
134,PLR-REAL-Political,0.6799999999999999,0.7881680226326939,3.361904761904762,ST-GBR-RR,0.1
135,PLR-REAL-Political,0.6450793650793651,0.8113294411452504,3.4380952380952383,ST-GBR-RR,0.1
136,PLR-REAL-Political,0.6857142857142858,0.8072283753329268,3.4761904761904763,ST-GBR-RR,0.1
137,PLR-REAL-Political,0.68,0.8022345186839146,3.4285714285714284,ST-GBR-RR,0.1
138,PLR-REAL-Political,0.6863492063492062,0.8116684180480248,3.419047619047619,ST-GBR-RR,0.1
139,PLR-REAL-Political,0.6723809523809523,0.8043674391201381,3.419047619047619,ST-GBR-RR,0.1
140,PLR-REAL-Political,0.6767295597484276,0.8184046523660842,3.547169811320755,ST-GBR-RR,0.1
141,PLR-REAL-Political,0.6849056603773586,0.8102425420437037,3.339622641509434,ST-GBR-RR,0.1
142,PLR-REAL-Political,0.6383647798742137,0.7810855965187335,3.311320754716981,ST-GBR-RR,0.1
143,PLR-REAL-Political,0.6825396825396824,0.8272602545891011,3.4095238095238094,ST-GBR-RR,0.1
144,PLR-REAL-Political,0.6323809523809525,0.8134862500217247,3.419047619047619,ST-GBR-RR,0.1
145,PLR-REAL-Political,0.6526984126984127,0.8151267361226753,3.466666666666667,ST-GBR-RR,0.1
146,PLR-REAL-Political,0.6761904761904763,0.8049991657152521,3.4571428571428573,ST-GBR-RR,0.1
147,PLR-REAL-Political,0.6825396825396826,0.8177400669074923,3.4,ST-GBR-RR,0.1
148,PLR-REAL-Political,0.6622222222222222,0.7892749654949246,3.4,ST-GBR-RR,0.1
149,PLR-REAL-Political,0.671111111111111,0.7911338023222529,3.380952380952381,ST-GBR-RR,0.1
150,PLR-REAL-Political,0.6069182389937107,1.63227822934772,3.009433962264151,ST-GBR-PI,0.1
151,PLR-REAL-Political,0.5811320754716981,1.4936182357083674,3.0283018867924527,ST-GBR-PI,0.1
152,PLR-REAL-Political,0.5893081761006289,1.7557514086405286,3.047169811320755,ST-GBR-PI,0.1
153,PLR-REAL-Political,0.6228571428571429,0.8013994228158601,2.876190476190476,ST-GBR-PI,0.1
154,PLR-REAL-Political,0.6260317460317462,0.804309871231857,3.0476190476190474,ST-GBR-PI,0.1
155,PLR-REAL-Political,0.634920634920635,0.8066296226002809,3.066666666666667,ST-GBR-PI,0.1
156,PLR-REAL-Political,0.6203174603174604,0.8081541716602204,3.1904761904761907,ST-GBR-PI,0.1
157,PLR-REAL-Political,0.5669841269841269,1.4484403950307108,2.8380952380952382,ST-GBR-PI,0.1
158,PLR-REAL-Political,0.6241269841269841,0.7984581454289723,3.0761904761904764,ST-GBR-PI,0.1
159,PLR-REAL-Political,0.626031746031746,0.8011373983969238,3.066666666666667,ST-GBR-PI,0.1
160,PLR-REAL-Political,0.579874213836478,0.8366809237034822,2.9056603773584904,ST-GBR-PI,0.1
161,PLR-REAL-Political,0.5761006289308176,0.8408398545660326,2.9056603773584904,ST-GBR-PI,0.1
162,PLR-REAL-Political,0.6018867924528302,0.8012262788311577,2.990566037735849,ST-GBR-PI,0.1
163,PLR-REAL-Political,0.6,0.8103042051124385,2.980952380952381,ST-GBR-PI,0.1
164,PLR-REAL-Political,0.6088888888888888,0.8015879065942259,3.104761904761905,ST-GBR-PI,0.1
165,PLR-REAL-Political,0.5847619047619047,0.8072326344555425,3.019047619047619,ST-GBR-PI,0.1
166,PLR-REAL-Political,0.6241269841269842,0.800666219456731,3.0285714285714285,ST-GBR-PI,0.1
167,PLR-REAL-Political,0.5898412698412698,0.8004356507868579,3.0095238095238095,ST-GBR-PI,0.1
168,PLR-REAL-Political,0.633015873015873,0.7999866573191509,2.933333333333333,ST-GBR-PI,0.1
169,PLR-REAL-Political,0.6336507936507937,0.8082531089696096,3.066666666666667,ST-GBR-PI,0.1
170,PLR-REAL-Political,0.6069182389937107,0.8044646659715344,2.990566037735849,ST-GBR-PI,0.1
171,PLR-REAL-Political,0.5855345911949685,0.8003882513760417,2.9150943396226414,ST-GBR-PI,0.1
172,PLR-REAL-Political,0.6044025157232705,0.8070230740592791,3.0849056603773586,ST-GBR-PI,0.1
173,PLR-REAL-Political,0.5980952380952381,0.7996953425459811,3.0095238095238095,ST-GBR-PI,0.1
174,PLR-REAL-Political,0.6044444444444443,0.7279143747889518,3.0,ST-GBR-PI,0.1
175,PLR-REAL-Political,0.606984126984127,0.8046570654664428,3.2095238095238097,ST-GBR-PI,0.1
176,PLR-REAL-Political,0.6292063492063492,0.8078342126542156,3.0761904761904764,ST-GBR-PI,0.1
177,PLR-REAL-Political,0.5815873015873017,0.8031747935624007,3.0761904761904764,ST-GBR-PI,0.1
178,PLR-REAL-Political,0.6228571428571429,0.8095200949280242,3.0,ST-GBR-PI,0.1
179,PLR-REAL-Political,0.5923809523809523,0.798486428700223,3.019047619047619,ST-GBR-PI,0.1
180,PLR-REAL-Political,0.5911949685534592,0.8057315582843982,2.830188679245283,ST-GBR-PI,0.1
181,PLR-REAL-Political,0.5861635220125786,0.8000466111274387,2.9056603773584904,ST-GBR-PI,0.1
182,PLR-REAL-Political,0.610691823899371,0.7980638557771054,2.9716981132075473,ST-GBR-PI,0.1
183,PLR-REAL-Political,0.6031746031746031,0.8077630840417669,2.933333333333333,ST-GBR-PI,0.1
184,PLR-REAL-Political,0.5936507936507937,0.8092746698094363,3.1333333333333333,ST-GBR-PI,0.1
185,PLR-REAL-Political,0.6171428571428572,0.7999789015634627,2.961904761904762,ST-GBR-PI,0.1
186,PLR-REAL-Political,0.6120634920634919,0.8088306892435987,2.8476190476190477,ST-GBR-PI,0.1
187,PLR-REAL-Political,0.627936507936508,0.8088009296473347,3.1142857142857143,ST-GBR-PI,0.1
188,PLR-REAL-Political,0.6222222222222222,0.8121589715225033,2.961904761904762,ST-GBR-PI,0.1
189,PLR-REAL-Political,0.587936507936508,0.8070968838216586,3.085714285714286,ST-GBR-PI,0.1
190,PLR-REAL-Political,0.6144654088050315,0.806888550592222,3.150943396226415,ST-GBR-PI,0.1
191,PLR-REAL-Political,0.5943396226415094,0.8151364787261233,3.056603773584906,ST-GBR-PI,0.1
192,PLR-REAL-Political,0.5874213836477987,0.8054475489038313,2.9622641509433962,ST-GBR-PI,0.1
193,PLR-REAL-Political,0.6177777777777778,0.8070789862309243,2.933333333333333,ST-GBR-PI,0.1
194,PLR-REAL-Political,0.6006349206349206,0.8057021371918971,3.0,ST-GBR-PI,0.1
195,PLR-REAL-Political,0.6107936507936507,0.8089663008969152,3.066666666666667,ST-GBR-PI,0.1
196,PLR-REAL-Political,0.608888888888889,0.8096300296938076,3.057142857142857,ST-GBR-PI,0.1
197,PLR-REAL-Political,0.5968253968253968,0.8068217368331785,3.019047619047619,ST-GBR-PI,0.1
198,PLR-REAL-Political,0.5530158730158731,0.8007387532320539,3.0,ST-GBR-PI,0.1
199,PLR-REAL-Political,0.5987301587301588,0.8051913585509317,3.0,ST-GBR-PI,0.1
200,PLR-REAL-Political,0.7446540880503145,1.781431695296672,3.141509433962264,RPC-GB,0.1
201,PLR-REAL-Political,0.7654088050314465,1.817438570332567,3.0660377358490565,RPC-GB,0.1
202,PLR-REAL-Political,0.7056603773584905,1.772348107143677,3.3773584905660377,RPC-GB,0.1
203,PLR-REAL-Political,0.7453968253968254,1.8000911885255388,3.219047619047619,RPC-GB,0.1
204,PLR-REAL-Political,0.7326984126984127,1.8158252482246124,3.6285714285714286,RPC-GB,0.1
205,PLR-REAL-Political,0.7447619047619047,1.8629842819924403,3.342857142857143,RPC-GB,0.1
206,PLR-REAL-Political,0.7453968253968254,1.7857849517944402,3.361904761904762,RPC-GB,0.1
207,PLR-REAL-Political,0.6780952380952381,1.7616071709989312,3.1904761904761907,RPC-GB,0.1
208,PLR-REAL-Political,0.739047619047619,1.792739025929723,3.295238095238095,RPC-GB,0.1
209,PLR-REAL-Political,0.7333333333333333,1.806045350195224,3.2476190476190476,RPC-GB,0.1
210,PLR-REAL-Political,0.7056603773584906,1.829611941398335,3.207547169811321,RPC-GB,0.1
211,PLR-REAL-Political,0.7194968553459119,1.7695164333811604,3.19811320754717,RPC-GB,0.1
212,PLR-REAL-Political,0.7270440251572328,1.7660271186814251,3.207547169811321,RPC-GB,0.1
213,PLR-REAL-Political,0.7003174603174603,1.7642791647459892,3.2476190476190476,RPC-GB,0.1
214,PLR-REAL-Political,0.7066666666666667,1.802399943130038,3.3047619047619046,RPC-GB,0.1
215,PLR-REAL-Political,0.7193650793650793,1.8812404168729844,3.3142857142857145,RPC-GB,0.1
216,PLR-REAL-Political,0.7574603174603173,1.773364740535466,3.3142857142857145,RPC-GB,0.1
217,PLR-REAL-Political,0.7396825396825397,1.7615992475550009,3.1523809523809523,RPC-GB,0.1
218,PLR-REAL-Political,0.7523809523809523,1.7804836997419935,3.2666666666666666,RPC-GB,0.1
219,PLR-REAL-Political,0.7574603174603174,1.8906921402382886,3.323809523809524,RPC-GB,0.1
220,PLR-REAL-Political,0.7088050314465407,1.777050109005649,3.330188679245283,RPC-GB,0.1
221,PLR-REAL-Political,0.7371069182389938,1.7614237227461955,3.2169811320754715,RPC-GB,0.1
222,PLR-REAL-Political,0.7515723270440251,1.8379325409025484,3.349056603773585,RPC-GB,0.1
223,PLR-REAL-Political,0.7244444444444444,1.7571744435661394,3.1142857142857143,RPC-GB,0.1
224,PLR-REAL-Political,0.7314285714285714,1.7779014902420476,3.380952380952381,RPC-GB,0.1
225,PLR-REAL-Political,0.7295238095238096,1.7977013055707047,3.295238095238095,RPC-GB,0.1
226,PLR-REAL-Political,0.7587301587301588,1.7739258811981107,3.2095238095238097,RPC-GB,0.1
227,PLR-REAL-Political,0.7212698412698414,1.8320807086693085,3.3523809523809525,RPC-GB,0.1
228,PLR-REAL-Political,0.7384126984126984,1.7915687868347787,3.3142857142857145,RPC-GB,0.1
229,PLR-REAL-Political,0.7219047619047618,1.786166165044642,3.3333333333333335,RPC-GB,0.1
230,PLR-REAL-Political,0.7150943396226415,1.7777520001698017,3.1226415094339623,RPC-GB,0.1
231,PLR-REAL-Political,0.7081761006289308,1.9129745092893773,3.2169811320754715,RPC-GB,0.1
232,PLR-REAL-Political,0.7245283018867923,1.7670140862860415,3.2641509433962264,RPC-GB,0.1
233,PLR-REAL-Political,0.7136507936507936,1.8412122495756231,3.1619047619047618,RPC-GB,0.1
234,PLR-REAL-Political,0.7238095238095238,1.7837980236171715,3.238095238095238,RPC-GB,0.1
235,PLR-REAL-Political,0.7079365079365078,1.7733926268500677,3.3714285714285714,RPC-GB,0.1
236,PLR-REAL-Political,0.7041269841269842,1.7931011360537068,3.3142857142857145,RPC-GB,0.1
237,PLR-REAL-Political,0.7707936507936507,1.7687405389062631,3.4285714285714284,RPC-GB,0.1
238,PLR-REAL-Political,0.7358730158730159,1.7933120119110313,3.238095238095238,RPC-GB,0.1
239,PLR-REAL-Political,0.7269841269841271,1.794947652948174,3.219047619047619,RPC-GB,0.1
240,PLR-REAL-Political,0.7339622641509433,1.771234907921762,3.349056603773585,RPC-GB,0.1
241,PLR-REAL-Political,0.7232704402515724,1.797551831244981,3.292452830188679,RPC-GB,0.1
242,PLR-REAL-Political,0.718867924528302,1.768540552815827,3.4150943396226414,RPC-GB,0.1
243,PLR-REAL-Political,0.7244444444444442,1.7700529313717988,3.1904761904761907,RPC-GB,0.1
244,PLR-REAL-Political,0.6965079365079364,1.780173819297736,3.4,RPC-GB,0.1
245,PLR-REAL-Political,0.7212698412698413,1.7840721103681154,3.4952380952380953,RPC-GB,0.1
246,PLR-REAL-Political,0.7320634920634921,1.7651481677511103,3.219047619047619,RPC-GB,0.1
247,PLR-REAL-Political,0.7339682539682539,1.7701837444425141,3.3333333333333335,RPC-GB,0.1
248,PLR-REAL-Political,0.7434920634920634,1.764892627662239,3.057142857142857,RPC-GB,0.1
249,PLR-REAL-Political,0.7479365079365079,1.76659083831014,3.219047619047619,RPC-GB,0.1
250,PLR-REAL-Political,0.4805031446540881,1.9370463876383919,2.292452830188679,Chain-GBR-PI,0.2
251,PLR-REAL-Political,0.4874213836477988,1.9373972630829557,2.3867924528301887,Chain-GBR-PI,0.2
252,PLR-REAL-Political,0.429559748427673,1.9398596869658817,2.2547169811320753,Chain-GBR-PI,0.2
253,PLR-REAL-Political,0.4565079365079365,1.9382300446550154,2.238095238095238,Chain-GBR-PI,0.2
254,PLR-REAL-Political,0.4666666666666667,1.9388075809566807,2.295238095238095,Chain-GBR-PI,0.2
255,PLR-REAL-Political,0.4596825396825397,1.9401992773604861,2.380952380952381,Chain-GBR-PI,0.2
256,PLR-REAL-Political,0.49460317460317454,1.9383738566222388,2.4952380952380953,Chain-GBR-PI,0.2
257,PLR-REAL-Political,0.4546031746031746,1.9371324732451045,2.2095238095238097,Chain-GBR-PI,0.2
258,PLR-REAL-Political,0.4317460317460317,1.9386351005285738,2.2095238095238097,Chain-GBR-PI,0.2
259,PLR-REAL-Political,0.4349206349206349,1.938724990511406,2.3142857142857145,Chain-GBR-PI,0.2
260,PLR-REAL-Political,0.4408805031446541,1.9403923136779262,2.292452830188679,Chain-GBR-PI,0.2
261,PLR-REAL-Political,0.45094339622641505,1.9365857512749278,2.2735849056603774,Chain-GBR-PI,0.2
262,PLR-REAL-Political,0.46981132075471704,1.936639249558891,2.2735849056603774,Chain-GBR-PI,0.2
263,PLR-REAL-Political,0.4342857142857143,1.94168469921409,2.2857142857142856,Chain-GBR-PI,0.2
264,PLR-REAL-Political,0.42603174603174604,1.9373711730154675,2.4285714285714284,Chain-GBR-PI,0.2
265,PLR-REAL-Political,0.4450793650793651,1.9407352506054911,2.257142857142857,Chain-GBR-PI,0.2
266,PLR-REAL-Political,0.4692063492063492,1.9420090275429198,2.3714285714285714,Chain-GBR-PI,0.2
267,PLR-REAL-Political,0.4641269841269841,1.9415659633706048,2.419047619047619,Chain-GBR-PI,0.2
268,PLR-REAL-Political,0.45904761904761915,1.9374386761847224,2.4761904761904763,Chain-GBR-PI,0.2
269,PLR-REAL-Political,0.4584126984126984,1.9371574383464605,2.1714285714285713,Chain-GBR-PI,0.2
270,PLR-REAL-Political,0.47610062893081756,1.9363459675543793,2.2169811320754715,Chain-GBR-PI,0.2
271,PLR-REAL-Political,0.47861635220125787,1.9434801445149128,2.2169811320754715,Chain-GBR-PI,0.2
272,PLR-REAL-Political,0.4584905660377359,1.9405942084833347,2.3679245283018866,Chain-GBR-PI,0.2
273,PLR-REAL-Political,0.45079365079365075,1.942938461978844,2.2285714285714286,Chain-GBR-PI,0.2
274,PLR-REAL-Political,0.45206349206349206,1.9377179696761044,2.361904761904762,Chain-GBR-PI,0.2
275,PLR-REAL-Political,0.4876190476190476,1.9386940810654274,2.2857142857142856,Chain-GBR-PI,0.2
276,PLR-REAL-Political,0.4768253968253969,1.9389360363154857,2.5142857142857142,Chain-GBR-PI,0.2
277,PLR-REAL-Political,0.44952380952380955,1.9371989374024854,2.219047619047619,Chain-GBR-PI,0.2
278,PLR-REAL-Political,0.453968253968254,1.9369673262885303,2.4,Chain-GBR-PI,0.2
279,PLR-REAL-Political,0.42666666666666664,1.940829090386666,2.4285714285714284,Chain-GBR-PI,0.2
280,PLR-REAL-Political,0.4905660377358491,1.9399087424496453,2.330188679245283,Chain-GBR-PI,0.2
281,PLR-REAL-Political,0.45911949685534587,1.9393643827582616,2.2264150943396226,Chain-GBR-PI,0.2
282,PLR-REAL-Political,0.4773584905660378,1.9363630979746265,2.2641509433962264,Chain-GBR-PI,0.2
283,PLR-REAL-Political,0.4723809523809524,1.9479953968084094,2.2857142857142856,Chain-GBR-PI,0.2
284,PLR-REAL-Political,0.48634920634920636,1.942696670356542,2.257142857142857,Chain-GBR-PI,0.2
285,PLR-REAL-Political,0.4768253968253969,1.9436771277417415,2.295238095238095,Chain-GBR-PI,0.2
286,PLR-REAL-Political,0.44952380952380955,1.9440754869757284,2.361904761904762,Chain-GBR-PI,0.2
287,PLR-REAL-Political,0.47555555555555556,1.9409057823734261,2.2857142857142856,Chain-GBR-PI,0.2
288,PLR-REAL-Political,0.46920634920634924,1.9464904227723583,2.2,Chain-GBR-PI,0.2
289,PLR-REAL-Political,0.47365079365079366,1.949066271592205,2.2857142857142856,Chain-GBR-PI,0.2
290,PLR-REAL-Political,0.459748427672956,1.9397503597106216,2.3962264150943398,Chain-GBR-PI,0.2
291,PLR-REAL-Political,0.47358490566037736,1.9397828605376357,2.3207547169811322,Chain-GBR-PI,0.2
292,PLR-REAL-Political,0.4672955974842768,1.939229813636413,2.30188679245283,Chain-GBR-PI,0.2
293,PLR-REAL-Political,0.44317460317460317,1.9391659328196762,2.2095238095238097,Chain-GBR-PI,0.2
294,PLR-REAL-Political,0.43111111111111106,1.9376448378988393,2.3904761904761904,Chain-GBR-PI,0.2
295,PLR-REAL-Political,0.45333333333333337,1.9382533155065447,2.4952380952380953,Chain-GBR-PI,0.2
296,PLR-REAL-Political,0.4488888888888889,1.9397017402069163,2.657142857142857,Chain-GBR-PI,0.2
297,PLR-REAL-Political,0.4311111111111111,1.9397745126667514,2.3333333333333335,Chain-GBR-PI,0.2
298,PLR-REAL-Political,0.4241269841269842,1.938529795953484,2.342857142857143,Chain-GBR-PI,0.2
299,PLR-REAL-Political,0.5104761904761905,1.9442468894146359,2.4761904761904763,Chain-GBR-PI,0.2
300,PLR-REAL-Political,0.530817610062893,1.925196149748854,3.0754716981132075,Chain-GBR-RR,0.2
301,PLR-REAL-Political,0.5584905660377358,1.9231311184759172,2.981132075471698,Chain-GBR-RR,0.2
302,PLR-REAL-Political,0.5490566037735849,1.928376932316536,3.0943396226415096,Chain-GBR-RR,0.2
303,PLR-REAL-Political,0.5352380952380952,1.926895503916358,2.876190476190476,Chain-GBR-RR,0.2
304,PLR-REAL-Political,0.5415873015873016,1.9255608624540623,3.1142857142857143,Chain-GBR-RR,0.2
305,PLR-REAL-Political,0.5542857142857143,1.9273934004185627,2.933333333333333,Chain-GBR-RR,0.2
306,PLR-REAL-Political,0.5523809523809524,1.9282251167474862,3.0,Chain-GBR-RR,0.2
307,PLR-REAL-Political,0.5333333333333333,1.9236447042319769,2.8857142857142857,Chain-GBR-RR,0.2
308,PLR-REAL-Political,0.5231746031746032,1.9322723648605349,3.0,Chain-GBR-RR,0.2
309,PLR-REAL-Political,0.5453968253968254,1.9263652037418202,2.933333333333333,Chain-GBR-RR,0.2
310,PLR-REAL-Political,0.5371069182389937,1.928545983358848,2.9245283018867925,Chain-GBR-RR,0.2
311,PLR-REAL-Political,0.5389937106918239,1.927595093902542,2.9056603773584904,Chain-GBR-RR,0.2
312,PLR-REAL-Political,0.5748427672955975,1.9255172718313274,3.169811320754717,Chain-GBR-RR,0.2
313,PLR-REAL-Political,0.5149206349206349,1.9310492968525017,3.0761904761904764,Chain-GBR-RR,0.2
314,PLR-REAL-Political,0.5365079365079365,1.927204491222083,2.9904761904761905,Chain-GBR-RR,0.2
315,PLR-REAL-Political,0.5244444444444444,1.9277163144664715,2.9904761904761905,Chain-GBR-RR,0.2
316,PLR-REAL-Political,0.5352380952380953,1.9264978845181728,2.9714285714285715,Chain-GBR-RR,0.2
317,PLR-REAL-Political,0.5638095238095239,1.9264546115061285,3.066666666666667,Chain-GBR-RR,0.2
318,PLR-REAL-Political,0.5390476190476191,1.9244623298872623,3.019047619047619,Chain-GBR-RR,0.2
319,PLR-REAL-Political,0.535873015873016,1.9238543710757865,3.0,Chain-GBR-RR,0.2
320,PLR-REAL-Political,0.5383647798742138,1.9271933631385807,2.943396226415094,Chain-GBR-RR,0.2
321,PLR-REAL-Political,0.5748427672955975,1.9310256311196965,3.169811320754717,Chain-GBR-RR,0.2
322,PLR-REAL-Political,0.5553459119496855,1.9254346968785767,2.990566037735849,Chain-GBR-RR,0.2
323,PLR-REAL-Political,0.5244444444444445,1.925982051569203,2.8666666666666667,Chain-GBR-RR,0.2
324,PLR-REAL-Political,0.5415873015873016,1.9245068064620314,3.1142857142857143,Chain-GBR-RR,0.2
325,PLR-REAL-Political,0.5422222222222223,1.9272882716311643,2.9714285714285715,Chain-GBR-RR,0.2
326,PLR-REAL-Political,0.5371428571428571,1.9248469346634236,3.0476190476190474,Chain-GBR-RR,0.2
327,PLR-REAL-Political,0.5580952380952381,1.9243275477641701,3.057142857142857,Chain-GBR-RR,0.2
328,PLR-REAL-Political,0.528888888888889,1.925571198909554,2.9904761904761905,Chain-GBR-RR,0.2
329,PLR-REAL-Political,0.5390476190476191,1.927557104749385,2.9523809523809526,Chain-GBR-RR,0.2
330,PLR-REAL-Political,0.5440251572327044,1.9261351746430142,3.0,Chain-GBR-RR,0.2
331,PLR-REAL-Political,0.5421383647798742,1.9288514657673748,3.0,Chain-GBR-RR,0.2
332,PLR-REAL-Political,0.5320754716981133,1.9268947498640947,3.0377358490566038,Chain-GBR-RR,0.2
333,PLR-REAL-Political,0.5625396825396825,1.9274770810534294,2.9238095238095236,Chain-GBR-RR,0.2
334,PLR-REAL-Political,0.5638095238095239,1.9301839130374103,2.9238095238095236,Chain-GBR-RR,0.2
335,PLR-REAL-Political,0.5403174603174603,1.9300898690962702,2.914285714285714,Chain-GBR-RR,0.2
336,PLR-REAL-Political,0.5555555555555555,1.9274732032105588,3.1714285714285713,Chain-GBR-RR,0.2
337,PLR-REAL-Political,0.5244444444444445,1.9249619682058017,3.0285714285714285,Chain-GBR-RR,0.2
338,PLR-REAL-Political,0.5561904761904761,1.9291634137522364,2.9904761904761905,Chain-GBR-RR,0.2
339,PLR-REAL-Political,0.5606349206349206,1.925122083916204,3.057142857142857,Chain-GBR-RR,0.2
340,PLR-REAL-Political,0.5584905660377358,1.9241752986574858,3.160377358490566,Chain-GBR-RR,0.2
341,PLR-REAL-Political,0.5660377358490566,1.9245607457033214,2.943396226415094,Chain-GBR-RR,0.2
342,PLR-REAL-Political,0.539622641509434,1.9260859126338643,2.943396226415094,Chain-GBR-RR,0.2
343,PLR-REAL-Political,0.518095238095238,1.927049093818902,3.038095238095238,Chain-GBR-RR,0.2
344,PLR-REAL-Political,0.5219047619047619,1.9249523812361256,3.0095238095238095,Chain-GBR-RR,0.2
345,PLR-REAL-Political,0.528888888888889,1.925579347663524,2.9714285714285715,Chain-GBR-RR,0.2
346,PLR-REAL-Political,0.5682539682539682,1.926120509703643,3.0285714285714285,Chain-GBR-RR,0.2
347,PLR-REAL-Political,0.5593650793650794,1.9266144115599184,3.038095238095238,Chain-GBR-RR,0.2
348,PLR-REAL-Political,0.526984126984127,1.9264145187379076,3.0,Chain-GBR-RR,0.2
349,PLR-REAL-Political,0.5428571428571429,1.9271110476963549,3.057142857142857,Chain-GBR-RR,0.2
350,PLR-REAL-Political,0.6754716981132075,0.7836324228390169,3.311320754716981,ST-GBR-RR,0.2
351,PLR-REAL-Political,0.6911949685534591,0.7866525356631959,3.3679245283018866,ST-GBR-RR,0.2
352,PLR-REAL-Political,0.6484276729559748,0.7764629514880099,3.4056603773584904,ST-GBR-RR,0.2
353,PLR-REAL-Political,0.6596825396825395,0.7796906976572144,3.419047619047619,ST-GBR-RR,0.2
354,PLR-REAL-Political,0.6634920634920634,0.7881413439414747,3.4952380952380953,ST-GBR-RR,0.2
355,PLR-REAL-Political,0.6711111111111111,0.7749671662541451,3.4095238095238094,ST-GBR-RR,0.2
356,PLR-REAL-Political,0.6609523809523808,0.7748264973904955,3.4380952380952383,ST-GBR-RR,0.2
357,PLR-REAL-Political,0.6285714285714286,0.7830567417845233,3.3047619047619046,ST-GBR-RR,0.2
358,PLR-REAL-Political,0.6952380952380952,0.7784865066085188,3.4761904761904763,ST-GBR-RR,0.2
359,PLR-REAL-Political,0.673015873015873,0.7755328103292007,3.361904761904762,ST-GBR-RR,0.2
360,PLR-REAL-Political,0.6345911949685535,0.768118275923791,3.4150943396226414,ST-GBR-RR,0.2
361,PLR-REAL-Political,0.6635220125786163,0.7745379783842856,3.2735849056603774,ST-GBR-RR,0.2
362,PLR-REAL-Political,0.6792452830188679,0.7726728394940927,3.556603773584906,ST-GBR-RR,0.2
363,PLR-REAL-Political,0.6425396825396827,0.7770428341670937,3.466666666666667,ST-GBR-RR,0.2
364,PLR-REAL-Political,0.6755555555555555,0.7739488601251886,3.4,ST-GBR-RR,0.2
365,PLR-REAL-Political,0.64,0.780214288502314,3.4380952380952383,ST-GBR-RR,0.2
366,PLR-REAL-Political,0.6825396825396824,0.7738660116912677,3.380952380952381,ST-GBR-RR,0.2
367,PLR-REAL-Political,0.6774603174603175,0.7705793827960787,3.323809523809524,ST-GBR-RR,0.2
368,PLR-REAL-Political,0.6622222222222222,0.7862297762430761,3.5047619047619047,ST-GBR-RR,0.2
369,PLR-REAL-Political,0.6755555555555556,0.7811133528951583,3.4761904761904763,ST-GBR-RR,0.2
370,PLR-REAL-Political,0.660377358490566,0.7644129938113949,3.490566037735849,ST-GBR-RR,0.2
371,PLR-REAL-Political,0.6647798742138367,0.7785066575387075,3.3962264150943398,ST-GBR-RR,0.2
372,PLR-REAL-Political,0.6773584905660377,0.7750151294639392,3.358490566037736,ST-GBR-RR,0.2
373,PLR-REAL-Political,0.6647619047619048,0.779361621478303,3.3333333333333335,ST-GBR-RR,0.2
374,PLR-REAL-Political,0.6749206349206348,0.7806837765865069,3.380952380952381,ST-GBR-RR,0.2
375,PLR-REAL-Political,0.6679365079365078,0.7811411933827993,3.4380952380952383,ST-GBR-RR,0.2
376,PLR-REAL-Political,0.6615873015873016,0.7835635724192234,3.3523809523809525,ST-GBR-RR,0.2
377,PLR-REAL-Political,0.6838095238095239,0.7774754974486505,3.447619047619048,ST-GBR-RR,0.2
378,PLR-REAL-Political,0.64,0.7733213439510511,3.5238095238095237,ST-GBR-RR,0.2
379,PLR-REAL-Political,0.6888888888888889,0.7807946451674431,3.4095238095238094,ST-GBR-RR,0.2
380,PLR-REAL-Political,0.6534591194968554,0.7715711042388216,3.4056603773584904,ST-GBR-RR,0.2
381,PLR-REAL-Political,0.6691823899371071,0.7805462421192837,3.2641509433962264,ST-GBR-RR,0.2
382,PLR-REAL-Political,0.6874213836477988,0.7666891939348163,3.443396226415094,ST-GBR-RR,0.2
383,PLR-REAL-Political,0.6596825396825396,0.7869206286824149,3.4952380952380953,ST-GBR-RR,0.2
384,PLR-REAL-Political,0.6393650793650795,0.7812362632437865,3.295238095238095,ST-GBR-RR,0.2
385,PLR-REAL-Political,0.6552380952380951,0.8124311183252204,3.4095238095238094,ST-GBR-RR,0.2
386,PLR-REAL-Political,0.6831746031746032,0.7815325744530663,3.4857142857142858,ST-GBR-RR,0.2
387,PLR-REAL-Political,0.6825396825396826,0.7808830706384504,3.4761904761904763,ST-GBR-RR,0.2
388,PLR-REAL-Political,0.6914285714285715,0.8257926774959817,3.4761904761904763,ST-GBR-RR,0.2
389,PLR-REAL-Political,0.688888888888889,0.7139689111117619,3.447619047619048,ST-GBR-RR,0.2
390,PLR-REAL-Political,0.6798742138364781,0.786097695620677,3.6320754716981134,ST-GBR-RR,0.2
391,PLR-REAL-Political,0.659119496855346,0.8546170855931572,3.4056603773584904,ST-GBR-RR,0.2
392,PLR-REAL-Political,0.6440251572327044,0.7690994370634238,3.3679245283018866,ST-GBR-RR,0.2
393,PLR-REAL-Political,0.6653968253968254,0.8103171429469356,3.4095238095238094,ST-GBR-RR,0.2
394,PLR-REAL-Political,0.6380952380952379,0.7751930488657658,3.4,ST-GBR-RR,0.2
395,PLR-REAL-Political,0.6526984126984127,0.8064413859402739,3.4761904761904763,ST-GBR-RR,0.2
396,PLR-REAL-Political,0.7003174603174603,0.7059525459454181,3.466666666666667,ST-GBR-RR,0.2
397,PLR-REAL-Political,0.6647619047619048,0.7736431923603075,3.5619047619047617,ST-GBR-RR,0.2
398,PLR-REAL-Political,0.6653968253968253,0.7847591478026834,3.276190476190476,ST-GBR-RR,0.2
399,PLR-REAL-Political,0.6793650793650793,0.7745786803984035,3.361904761904762,ST-GBR-RR,0.2
400,PLR-REAL-Political,0.5905660377358491,0.7700068849832578,2.9622641509433962,ST-GBR-PI,0.2
401,PLR-REAL-Political,0.5830188679245284,0.7767727602239102,3.0660377358490565,ST-GBR-PI,0.2
402,PLR-REAL-Political,0.5716981132075472,0.8097981873087113,2.9339622641509435,ST-GBR-PI,0.2
403,PLR-REAL-Political,0.6546031746031747,0.7754864067510863,2.8476190476190477,ST-GBR-PI,0.2
404,PLR-REAL-Political,0.617142857142857,0.773099835066197,3.1333333333333333,ST-GBR-PI,0.2
405,PLR-REAL-Political,0.5917460317460317,0.7767787974337936,3.0,ST-GBR-PI,0.2
406,PLR-REAL-Political,0.6012698412698413,0.7826435337137403,3.085714285714286,ST-GBR-PI,0.2
407,PLR-REAL-Political,0.5650793650793651,0.7698502380189349,2.933333333333333,ST-GBR-PI,0.2
408,PLR-REAL-Political,0.5974603174603175,0.7760797245825886,3.0476190476190474,ST-GBR-PI,0.2
409,PLR-REAL-Political,0.6152380952380951,0.7730890162387233,2.961904761904762,ST-GBR-PI,0.2
410,PLR-REAL-Political,0.5886792452830188,0.7716881105754503,2.9150943396226414,ST-GBR-PI,0.2
411,PLR-REAL-Political,0.5672955974842768,0.7699600021643921,2.9150943396226414,ST-GBR-PI,0.2
412,PLR-REAL-Political,0.5955974842767295,0.7887428103472943,2.952830188679245,ST-GBR-PI,0.2
413,PLR-REAL-Political,0.5961904761904762,0.7717011429368127,2.876190476190476,ST-GBR-PI,0.2
414,PLR-REAL-Political,0.6273015873015874,0.7720105343175347,3.0285714285714285,ST-GBR-PI,0.2
415,PLR-REAL-Political,0.594920634920635,0.7734198917446026,3.019047619047619,ST-GBR-PI,0.2
416,PLR-REAL-Political,0.6355555555555557,0.771249882304727,3.0476190476190474,ST-GBR-PI,0.2
417,PLR-REAL-Political,0.6025396825396825,0.7705213170264184,3.057142857142857,ST-GBR-PI,0.2
418,PLR-REAL-Political,0.6165079365079366,0.7736472219669984,3.1142857142857143,ST-GBR-PI,0.2
419,PLR-REAL-Political,0.5917460317460317,0.7731028327066226,3.038095238095238,ST-GBR-PI,0.2
420,PLR-REAL-Political,0.610691823899371,0.7880594678661885,3.0377358490566038,ST-GBR-PI,0.2
421,PLR-REAL-Political,0.6088050314465409,0.782289860666994,2.839622641509434,ST-GBR-PI,0.2
422,PLR-REAL-Political,0.6138364779874215,0.7802457074942026,3.0754716981132075,ST-GBR-PI,0.2
423,PLR-REAL-Political,0.5898412698412698,0.7683177871290225,3.0761904761904764,ST-GBR-PI,0.2
424,PLR-REAL-Political,0.5847619047619047,0.779296500640913,3.019047619047619,ST-GBR-PI,0.2
425,PLR-REAL-Political,0.6165079365079366,0.7681051426084464,3.0285714285714285,ST-GBR-PI,0.2
426,PLR-REAL-Political,0.6126984126984127,0.777361046087074,2.933333333333333,ST-GBR-PI,0.2
427,PLR-REAL-Political,0.6012698412698413,0.778805956641728,3.038095238095238,ST-GBR-PI,0.2
428,PLR-REAL-Political,0.6311111111111111,0.7717218112141443,3.0095238095238095,ST-GBR-PI,0.2
429,PLR-REAL-Political,0.6050793650793651,0.7782775352322266,3.123809523809524,ST-GBR-PI,0.2
430,PLR-REAL-Political,0.589937106918239,0.7916619462522937,3.047169811320755,ST-GBR-PI,0.2
431,PLR-REAL-Political,0.5974842767295598,0.8025444355977663,2.849056603773585,ST-GBR-PI,0.2
432,PLR-REAL-Political,0.6081761006289307,0.7075429931249338,2.981132075471698,ST-GBR-PI,0.2
433,PLR-REAL-Political,0.5923809523809525,0.8254014616851532,2.9714285714285715,ST-GBR-PI,0.2
434,PLR-REAL-Political,0.5517460317460318,0.8199484410384782,3.0761904761904764,ST-GBR-PI,0.2
435,PLR-REAL-Political,0.6057142857142856,0.7837671797357133,2.9047619047619047,ST-GBR-PI,0.2
436,PLR-REAL-Political,0.5955555555555555,0.7735456941289197,2.980952380952381,ST-GBR-PI,0.2
437,PLR-REAL-Political,0.6349206349206349,0.7770183344257487,3.038095238095238,ST-GBR-PI,0.2
438,PLR-REAL-Political,0.606984126984127,0.7742392382030405,3.0285714285714285,ST-GBR-PI,0.2
439,PLR-REAL-Political,0.6057142857142856,0.7747059538966115,3.0952380952380953,ST-GBR-PI,0.2
440,PLR-REAL-Political,0.6062893081761007,0.7792072349157037,3.0377358490566038,ST-GBR-PI,0.2
441,PLR-REAL-Political,0.6182389937106918,0.8246530342380504,2.9245283018867925,ST-GBR-PI,0.2
442,PLR-REAL-Political,0.5754716981132075,0.7796128821107744,2.8773584905660377,ST-GBR-PI,0.2
443,PLR-REAL-Political,0.6387301587301587,0.7823630505865825,2.8,ST-GBR-PI,0.2
444,PLR-REAL-Political,0.5955555555555555,0.7664290475504758,2.9523809523809526,ST-GBR-PI,0.2
445,PLR-REAL-Political,0.6292063492063492,0.7773366908610729,3.1142857142857143,ST-GBR-PI,0.2
446,PLR-REAL-Political,0.6196825396825396,0.7670319654943564,2.9238095238095236,ST-GBR-PI,0.2
447,PLR-REAL-Political,0.6057142857142856,0.7673830581942811,2.942857142857143,ST-GBR-PI,0.2
448,PLR-REAL-Political,0.5853968253968254,0.7709054851378965,3.0,ST-GBR-PI,0.2
449,PLR-REAL-Political,0.6126984126984126,0.7796448551206816,3.0285714285714285,ST-GBR-PI,0.2
450,PLR-REAL-Political,0.7440251572327045,1.6746016088012659,3.150943396226415,RPC-GB,0.2
451,PLR-REAL-Political,0.7421383647798743,1.6303296240273464,3.1037735849056602,RPC-GB,0.2
452,PLR-REAL-Political,0.6962264150943395,1.6619054329354774,3.339622641509434,RPC-GB,0.2
453,PLR-REAL-Political,0.728888888888889,1.6227288276671805,3.238095238095238,RPC-GB,0.2
454,PLR-REAL-Political,0.7168253968253969,1.6432073216710483,3.533333333333333,RPC-GB,0.2
455,PLR-REAL-Political,0.7371428571428571,1.6666415862792263,3.295238095238095,RPC-GB,0.2
456,PLR-REAL-Political,0.7225396825396826,1.6605958424620024,3.3904761904761904,RPC-GB,0.2
457,PLR-REAL-Political,0.6952380952380951,1.6285917806301224,3.142857142857143,RPC-GB,0.2
458,PLR-REAL-Political,0.7282539682539683,1.624907849107801,3.257142857142857,RPC-GB,0.2
459,PLR-REAL-Political,0.7212698412698413,1.6237146350063119,3.2476190476190476,RPC-GB,0.2
460,PLR-REAL-Political,0.7012578616352201,1.6219982191338664,3.30188679245283,RPC-GB,0.2
461,PLR-REAL-Political,0.7094339622641508,1.6180951591427888,3.0754716981132075,RPC-GB,0.2
462,PLR-REAL-Political,0.7339622641509432,1.635631860812867,3.3773584905660377,RPC-GB,0.2
463,PLR-REAL-Political,0.6844444444444444,1.6170169711906286,3.2095238095238097,RPC-GB,0.2
464,PLR-REAL-Political,0.7187301587301588,1.6256648929123234,3.342857142857143,RPC-GB,0.2
465,PLR-REAL-Political,0.7358730158730159,1.6410036429215438,3.1619047619047618,RPC-GB,0.2
466,PLR-REAL-Political,0.7511111111111111,1.6129127428227135,3.3523809523809525,RPC-GB,0.2
467,PLR-REAL-Political,0.7441269841269841,1.6895017114582167,3.2476190476190476,RPC-GB,0.2
468,PLR-REAL-Political,0.7365079365079364,1.6183942844409813,3.4095238095238094,RPC-GB,0.2
469,PLR-REAL-Political,0.7428571428571429,1.6665227865473526,3.3714285714285714,RPC-GB,0.2
470,PLR-REAL-Political,0.6949685534591196,1.6395043406491991,3.2264150943396226,RPC-GB,0.2
471,PLR-REAL-Political,0.7138364779874214,1.624858623381632,3.358490566037736,RPC-GB,0.2
472,PLR-REAL-Political,0.7327044025157232,1.6186345520163694,3.2641509433962264,RPC-GB,0.2
473,PLR-REAL-Political,0.7193650793650793,1.6307496518640585,3.104761904761905,RPC-GB,0.2
474,PLR-REAL-Political,0.7384126984126984,1.62874102912334,3.3714285714285714,RPC-GB,0.2
475,PLR-REAL-Political,0.7358730158730157,1.6252662492583212,3.3714285714285714,RPC-GB,0.2
476,PLR-REAL-Political,0.7498412698412699,1.6580101372382001,3.142857142857143,RPC-GB,0.2
477,PLR-REAL-Political,0.7212698412698412,1.6217761590474036,3.2857142857142856,RPC-GB,0.2
478,PLR-REAL-Political,0.72,1.701738497286679,3.3523809523809525,RPC-GB,0.2
479,PLR-REAL-Political,0.7117460317460319,1.6140122189311128,3.238095238095238,RPC-GB,0.2
480,PLR-REAL-Political,0.7176100628930817,1.6313730496648395,3.2452830188679247,RPC-GB,0.2
481,PLR-REAL-Political,0.722012578616352,1.6293003440437939,3.292452830188679,RPC-GB,0.2
482,PLR-REAL-Political,0.7150943396226415,1.6217236721909571,3.1792452830188678,RPC-GB,0.2
483,PLR-REAL-Political,0.7263492063492063,1.701320470690878,3.3714285714285714,RPC-GB,0.2
484,PLR-REAL-Political,0.7326984126984127,1.628281576386903,3.1523809523809523,RPC-GB,0.2
485,PLR-REAL-Political,0.7174603174603176,1.673975430806536,3.3714285714285714,RPC-GB,0.2
486,PLR-REAL-Political,0.7219047619047617,1.64356382720761,3.4285714285714284,RPC-GB,0.2
487,PLR-REAL-Political,0.7644444444444445,1.6990011645227652,3.3047619047619046,RPC-GB,0.2
488,PLR-REAL-Political,0.726984126984127,1.6363964113346563,3.257142857142857,RPC-GB,0.2
489,PLR-REAL-Political,0.7187301587301588,1.6794818522182657,3.3047619047619046,RPC-GB,0.2
490,PLR-REAL-Political,0.7415094339622642,1.6120566038464499,3.4339622641509435,RPC-GB,0.2
491,PLR-REAL-Political,0.7289308176100631,1.6284405589502757,3.2264150943396226,RPC-GB,0.2
492,PLR-REAL-Political,0.7150943396226415,1.618598082871428,3.19811320754717,RPC-GB,0.2
493,PLR-REAL-Political,0.7346031746031745,1.716135794119578,3.295238095238095,RPC-GB,0.2
494,PLR-REAL-Political,0.7034920634920636,1.6205822259684968,3.3523809523809525,RPC-GB,0.2
495,PLR-REAL-Political,0.723174603174603,1.620643110289242,3.3523809523809525,RPC-GB,0.2
496,PLR-REAL-Political,0.7276190476190477,1.6392671808235078,3.3142857142857145,RPC-GB,0.2
497,PLR-REAL-Political,0.7123809523809522,1.619441742385692,3.2476190476190476,RPC-GB,0.2
498,PLR-REAL-Political,0.7034920634920634,1.628232827592671,3.1619047619047618,RPC-GB,0.2
499,PLR-REAL-Political,0.739047619047619,1.6232587178155924,3.2285714285714286,RPC-GB,0.2
500,PLR-REAL-Political,0.4163522012578617,1.9417519421727476,2.188679245283019,Chain-GBR-PI,0.3
501,PLR-REAL-Political,0.47798742138364786,1.9365392792256224,2.1792452830188678,Chain-GBR-PI,0.3
502,PLR-REAL-Political,0.40566037735849064,1.9351764743999966,2.0377358490566038,Chain-GBR-PI,0.3
503,PLR-REAL-Political,0.473015873015873,1.9380073353601284,2.361904761904762,Chain-GBR-PI,0.3
504,PLR-REAL-Political,0.44253968253968257,1.9377961226276503,2.4,Chain-GBR-PI,0.3
505,PLR-REAL-Political,0.45079365079365075,1.9418815118253954,2.123809523809524,Chain-GBR-PI,0.3
506,PLR-REAL-Political,0.47301587301587306,1.9392907141504947,2.2285714285714286,Chain-GBR-PI,0.3
507,PLR-REAL-Political,0.40571428571428575,1.9383936452908221,2.2,Chain-GBR-PI,0.3
508,PLR-REAL-Political,0.41269841269841273,1.9390356997846077,2.1904761904761907,Chain-GBR-PI,0.3
509,PLR-REAL-Political,0.43111111111111117,1.937214338402097,2.2285714285714286,Chain-GBR-PI,0.3
510,PLR-REAL-Political,0.4144654088050314,1.9377775107080868,2.150943396226415,Chain-GBR-PI,0.3
511,PLR-REAL-Political,0.39999999999999997,1.936089888925884,2.19811320754717,Chain-GBR-PI,0.3
512,PLR-REAL-Political,0.3955974842767296,1.9387457732124227,2.1320754716981134,Chain-GBR-PI,0.3
513,PLR-REAL-Political,0.4266666666666667,1.942372060080006,2.1809523809523808,Chain-GBR-PI,0.3
514,PLR-REAL-Political,0.413968253968254,1.9385352952765182,2.238095238095238,Chain-GBR-PI,0.3
515,PLR-REAL-Political,0.45079365079365086,1.936967510560797,2.085714285714286,Chain-GBR-PI,0.3
516,PLR-REAL-Political,0.481904761904762,1.937720765790745,2.2095238095238097,Chain-GBR-PI,0.3
517,PLR-REAL-Political,0.42857142857142855,1.940885673110309,2.3904761904761904,Chain-GBR-PI,0.3
518,PLR-REAL-Political,0.44,1.9386369716902363,2.219047619047619,Chain-GBR-PI,0.3
519,PLR-REAL-Political,0.45587301587301593,1.936325977473639,2.1714285714285713,Chain-GBR-PI,0.3
520,PLR-REAL-Political,0.4559748427672956,1.939102025463957,2.141509433962264,Chain-GBR-PI,0.3
521,PLR-REAL-Political,0.45534591194968554,1.940412360859361,2.1037735849056602,Chain-GBR-PI,0.3
522,PLR-REAL-Political,0.4547169811320755,1.9378696457239184,2.19811320754717,Chain-GBR-PI,0.3
523,PLR-REAL-Political,0.49079365079365084,1.9379207762597916,2.0095238095238095,Chain-GBR-PI,0.3
524,PLR-REAL-Political,0.44507936507936513,1.9443608713610954,2.219047619047619,Chain-GBR-PI,0.3
525,PLR-REAL-Political,0.433015873015873,1.939420585633071,2.342857142857143,Chain-GBR-PI,0.3
526,PLR-REAL-Political,0.4419047619047619,1.938964701035071,2.3333333333333335,Chain-GBR-PI,0.3
527,PLR-REAL-Political,0.4266666666666667,1.9362114308336582,2.2,Chain-GBR-PI,0.3
528,PLR-REAL-Political,0.40126984126984133,1.9352515151785863,2.0761904761904764,Chain-GBR-PI,0.3
529,PLR-REAL-Political,0.4342857142857143,1.9408911406864142,2.4,Chain-GBR-PI,0.3
530,PLR-REAL-Political,0.419496855345912,1.9350195766344547,2.2358490566037736,Chain-GBR-PI,0.3
531,PLR-REAL-Political,0.42452830188679247,1.9349534464348708,2.047169811320755,Chain-GBR-PI,0.3
532,PLR-REAL-Political,0.43522012578616354,1.9358813204866159,2.1320754716981134,Chain-GBR-PI,0.3
533,PLR-REAL-Political,0.4546031746031747,1.9390097586243176,2.3142857142857145,Chain-GBR-PI,0.3
534,PLR-REAL-Political,0.4615873015873016,1.9372595533421084,2.1809523809523808,Chain-GBR-PI,0.3
535,PLR-REAL-Political,0.47365079365079366,1.9399483895674208,2.104761904761905,Chain-GBR-PI,0.3
536,PLR-REAL-Political,0.4133333333333334,1.9401261894311705,2.1809523809523808,Chain-GBR-PI,0.3
537,PLR-REAL-Political,0.4761904761904763,1.94019617280826,2.2,Chain-GBR-PI,0.3
538,PLR-REAL-Political,0.4653968253968254,1.9370456344124902,2.2,Chain-GBR-PI,0.3
539,PLR-REAL-Political,0.4196825396825397,1.9394248626485062,2.1333333333333333,Chain-GBR-PI,0.3
540,PLR-REAL-Political,0.41446540880503147,1.9404736854881095,2.0849056603773586,Chain-GBR-PI,0.3
541,PLR-REAL-Political,0.4006289308176101,1.938286936226722,2.0,Chain-GBR-PI,0.3
542,PLR-REAL-Political,0.42138364779874227,1.9365260370182245,2.207547169811321,Chain-GBR-PI,0.3
543,PLR-REAL-Political,0.42857142857142866,1.9399580351094985,2.1142857142857143,Chain-GBR-PI,0.3
544,PLR-REAL-Political,0.4660317460317461,1.936800156714469,2.219047619047619,Chain-GBR-PI,0.3
545,PLR-REAL-Political,0.4698412698412698,1.9402753642480395,2.380952380952381,Chain-GBR-PI,0.3
546,PLR-REAL-Political,0.44634920634920644,1.9425228654801825,2.295238095238095,Chain-GBR-PI,0.3
547,PLR-REAL-Political,0.4031746031746032,1.9397291125041238,2.2095238095238097,Chain-GBR-PI,0.3
548,PLR-REAL-Political,0.41079365079365077,1.941371052658484,2.342857142857143,Chain-GBR-PI,0.3
549,PLR-REAL-Political,0.47746031746031753,1.9403387340799658,2.1333333333333333,Chain-GBR-PI,0.3
550,PLR-REAL-Political,0.470440251572327,1.9232294410973907,3.0660377358490565,Chain-GBR-RR,0.3
551,PLR-REAL-Political,0.5534591194968553,1.921889729438527,2.8679245283018866,Chain-GBR-RR,0.3
552,PLR-REAL-Political,0.48993710691823905,1.92387592400313,2.8679245283018866,Chain-GBR-RR,0.3
553,PLR-REAL-Political,0.5142857142857142,1.9260008484355915,3.0285714285714285,Chain-GBR-RR,0.3
554,PLR-REAL-Political,0.5155555555555555,1.9245242790841701,3.0761904761904764,Chain-GBR-RR,0.3
555,PLR-REAL-Political,0.5536507936507936,1.9276385159075617,2.9523809523809526,Chain-GBR-RR,0.3
556,PLR-REAL-Political,0.5568253968253968,1.9250003249202763,3.0476190476190474,Chain-GBR-RR,0.3
557,PLR-REAL-Political,0.4482539682539683,1.924239720510703,2.9238095238095236,Chain-GBR-RR,0.3
558,PLR-REAL-Political,0.5225396825396825,1.9255012637889246,3.019047619047619,Chain-GBR-RR,0.3
559,PLR-REAL-Political,0.52,1.9239575494398533,2.933333333333333,Chain-GBR-RR,0.3
560,PLR-REAL-Political,0.4522012578616352,1.9266495931649905,2.849056603773585,Chain-GBR-RR,0.3
561,PLR-REAL-Political,0.48553459119496856,1.9227632266900845,2.7547169811320753,Chain-GBR-RR,0.3
562,PLR-REAL-Political,0.510062893081761,1.9242105170539228,2.9622641509433962,Chain-GBR-RR,0.3
563,PLR-REAL-Political,0.5009523809523809,1.927359123735477,3.019047619047619,Chain-GBR-RR,0.3
564,PLR-REAL-Political,0.49841269841269853,1.9267020649465367,2.980952380952381,Chain-GBR-RR,0.3
565,PLR-REAL-Political,0.5003174603174603,1.9265311847896769,3.0095238095238095,Chain-GBR-RR,0.3
566,PLR-REAL-Political,0.566984126984127,1.925784253745319,3.066666666666667,Chain-GBR-RR,0.3
567,PLR-REAL-Political,0.5104761904761905,1.9265657603278035,3.0285714285714285,Chain-GBR-RR,0.3
568,PLR-REAL-Political,0.53015873015873,1.927567686514296,3.038095238095238,Chain-GBR-RR,0.3
569,PLR-REAL-Political,0.5492063492063493,1.9274944405029673,3.104761904761905,Chain-GBR-RR,0.3
570,PLR-REAL-Political,0.5213836477987421,1.9276477585071587,2.8679245283018866,Chain-GBR-RR,0.3
571,PLR-REAL-Political,0.5031446540880503,1.9282805646511736,2.858490566037736,Chain-GBR-RR,0.3
572,PLR-REAL-Political,0.5270440251572327,1.9276161441422914,2.849056603773585,Chain-GBR-RR,0.3
573,PLR-REAL-Political,0.5168253968253969,1.942610264292118,2.8380952380952382,Chain-GBR-RR,0.3
574,PLR-REAL-Political,0.5142857142857142,1.9273398424029893,3.0952380952380953,Chain-GBR-RR,0.3
575,PLR-REAL-Political,0.4793650793650793,1.9282448752362715,3.019047619047619,Chain-GBR-RR,0.3
576,PLR-REAL-Political,0.5123809523809524,1.9258770487844905,3.0952380952380953,Chain-GBR-RR,0.3
577,PLR-REAL-Political,0.52,1.9272246249645917,3.038095238095238,Chain-GBR-RR,0.3
578,PLR-REAL-Political,0.5136507936507937,1.9217392885162203,2.876190476190476,Chain-GBR-RR,0.3
579,PLR-REAL-Political,0.521904761904762,1.9251486916845904,3.123809523809524,Chain-GBR-RR,0.3
580,PLR-REAL-Political,0.5044025157232704,1.923297388310811,2.849056603773585,Chain-GBR-RR,0.3
581,PLR-REAL-Political,0.4691823899371069,1.9228726801068632,2.9150943396226414,Chain-GBR-RR,0.3
582,PLR-REAL-Political,0.4830188679245283,1.9236804562984837,2.9339622641509435,Chain-GBR-RR,0.3
583,PLR-REAL-Political,0.5079365079365079,1.9242416157740383,3.0,Chain-GBR-RR,0.3
584,PLR-REAL-Political,0.521904761904762,1.925443457476747,2.961904761904762,Chain-GBR-RR,0.3
585,PLR-REAL-Political,0.4901587301587301,1.927426228901028,2.8095238095238093,Chain-GBR-RR,0.3
586,PLR-REAL-Political,0.4933333333333333,1.923628583655646,2.961904761904762,Chain-GBR-RR,0.3
587,PLR-REAL-Political,0.5034920634920635,1.9260673113417033,2.9238095238095236,Chain-GBR-RR,0.3
588,PLR-REAL-Political,0.5276190476190477,1.9262178075032226,3.0,Chain-GBR-RR,0.3
589,PLR-REAL-Political,0.5073015873015873,1.9293673906547537,2.9047619047619047,Chain-GBR-RR,0.3
590,PLR-REAL-Political,0.5075471698113208,1.9254925437201365,2.830188679245283,Chain-GBR-RR,0.3
591,PLR-REAL-Political,0.45094339622641505,1.925116114689242,2.858490566037736,Chain-GBR-RR,0.3
592,PLR-REAL-Political,0.4748427672955975,1.9240493390053688,2.80188679245283,Chain-GBR-RR,0.3
593,PLR-REAL-Political,0.5053968253968254,1.9279288352795931,3.0,Chain-GBR-RR,0.3
594,PLR-REAL-Political,0.4761904761904763,1.9259005607782993,3.0285714285714285,Chain-GBR-RR,0.3
595,PLR-REAL-Political,0.5352380952380953,1.927779789822539,3.019047619047619,Chain-GBR-RR,0.3
596,PLR-REAL-Political,0.52,1.9298083987447525,3.038095238095238,Chain-GBR-RR,0.3
597,PLR-REAL-Political,0.4888888888888888,1.9275263165677643,2.914285714285714,Chain-GBR-RR,0.3
598,PLR-REAL-Political,0.4901587301587301,1.9407789438467926,3.019047619047619,Chain-GBR-RR,0.3
599,PLR-REAL-Political,0.533968253968254,1.9280873917372434,2.980952380952381,Chain-GBR-RR,0.3
600,PLR-REAL-Political,0.6622641509433961,0.6874606460922575,3.4150943396226414,ST-GBR-RR,0.3
601,PLR-REAL-Political,0.6421383647798742,0.7407648688090024,3.2452830188679247,ST-GBR-RR,0.3
602,PLR-REAL-Political,0.6408805031446542,0.7459319835569932,3.30188679245283,ST-GBR-RR,0.3
603,PLR-REAL-Political,0.6641269841269841,0.7396546113696125,3.4761904761904763,ST-GBR-RR,0.3
604,PLR-REAL-Political,0.671111111111111,0.7710939910515329,3.5142857142857142,ST-GBR-RR,0.3
605,PLR-REAL-Political,0.6463492063492063,0.7521366120002916,3.4095238095238094,ST-GBR-RR,0.3
606,PLR-REAL-Political,0.6685714285714285,0.7440003171442703,3.5142857142857142,ST-GBR-RR,0.3
607,PLR-REAL-Political,0.6222222222222222,0.7399155180390874,3.3523809523809525,ST-GBR-RR,0.3
608,PLR-REAL-Political,0.6647619047619049,0.6884209446389925,3.5238095238095237,ST-GBR-RR,0.3
609,PLR-REAL-Political,0.6717460317460318,0.7398494807157856,3.323809523809524,ST-GBR-RR,0.3
610,PLR-REAL-Political,0.649685534591195,0.7488323817234109,3.4245283018867925,ST-GBR-RR,0.3
611,PLR-REAL-Political,0.6452830188679245,0.7223358768335869,3.4245283018867925,ST-GBR-RR,0.3
612,PLR-REAL-Political,0.6773584905660378,0.7485925412312595,3.518867924528302,ST-GBR-RR,0.3
613,PLR-REAL-Political,0.638095238095238,0.732256916066442,3.419047619047619,ST-GBR-RR,0.3
614,PLR-REAL-Political,0.6736507936507936,0.6602640252691349,3.466666666666667,ST-GBR-RR,0.3
615,PLR-REAL-Political,0.6514285714285715,0.7411146071501706,3.3904761904761904,ST-GBR-RR,0.3
616,PLR-REAL-Political,0.6565079365079366,0.7454988255644952,3.361904761904762,ST-GBR-RR,0.3
617,PLR-REAL-Political,0.6596825396825396,0.7512519716481512,3.3142857142857145,ST-GBR-RR,0.3
618,PLR-REAL-Political,0.669206349206349,0.7415393529294861,3.4761904761904763,ST-GBR-RR,0.3
619,PLR-REAL-Political,0.6787301587301586,0.7319780647008703,3.4857142857142858,ST-GBR-RR,0.3
620,PLR-REAL-Political,0.6471698113207547,0.6926809316099725,3.4622641509433962,ST-GBR-RR,0.3
621,PLR-REAL-Political,0.6610062893081761,0.7633184774760929,3.4056603773584904,ST-GBR-RR,0.3
622,PLR-REAL-Political,0.6767295597484276,0.7385090764663454,3.188679245283019,ST-GBR-RR,0.3
623,PLR-REAL-Political,0.6730158730158731,0.7422350502781107,3.361904761904762,ST-GBR-RR,0.3
624,PLR-REAL-Political,0.6647619047619048,0.7431997282490319,3.419047619047619,ST-GBR-RR,0.3
625,PLR-REAL-Political,0.6438095238095237,0.7479552452214681,3.3047619047619046,ST-GBR-RR,0.3
626,PLR-REAL-Political,0.664126984126984,0.7423840595015099,3.323809523809524,ST-GBR-RR,0.3
627,PLR-REAL-Political,0.6520634920634921,0.7361395751622755,3.419047619047619,ST-GBR-RR,0.3
628,PLR-REAL-Political,0.6450793650793651,0.7781090849123518,3.447619047619048,ST-GBR-RR,0.3
629,PLR-REAL-Political,0.6653968253968253,0.7413840550335347,3.4380952380952383,ST-GBR-RR,0.3
630,PLR-REAL-Political,0.6345911949685535,0.7460210801292252,3.3679245283018866,ST-GBR-RR,0.3
631,PLR-REAL-Political,0.6553459119496854,0.7265909191631461,3.339622641509434,ST-GBR-RR,0.3
632,PLR-REAL-Political,0.6534591194968553,0.751368776300643,3.509433962264151,ST-GBR-RR,0.3
633,PLR-REAL-Political,0.6660317460317461,0.7466383737182585,3.4380952380952383,ST-GBR-RR,0.3
634,PLR-REAL-Political,0.6457142857142857,0.7451024560234527,3.419047619047619,ST-GBR-RR,0.3
635,PLR-REAL-Political,0.6438095238095237,0.7474703894005849,3.4285714285714284,ST-GBR-RR,0.3
636,PLR-REAL-Political,0.6723809523809523,0.7425722745098532,3.5047619047619047,ST-GBR-RR,0.3
637,PLR-REAL-Political,0.6673015873015874,0.7561124235126704,3.342857142857143,ST-GBR-RR,0.3
638,PLR-REAL-Political,0.6812698412698412,0.7440254499007953,3.447619047619048,ST-GBR-RR,0.3
639,PLR-REAL-Political,0.6838095238095236,0.7431148827329697,3.276190476190476,ST-GBR-RR,0.3
640,PLR-REAL-Political,0.6628930817610063,0.7396984069234233,3.3867924528301887,ST-GBR-RR,0.3
641,PLR-REAL-Political,0.6635220125786163,0.74736679417891,3.4245283018867925,ST-GBR-RR,0.3
642,PLR-REAL-Political,0.6446540880503145,0.7488169408775405,3.5,ST-GBR-RR,0.3
643,PLR-REAL-Political,0.6730158730158731,0.725358510699539,3.3714285714285714,ST-GBR-RR,0.3
644,PLR-REAL-Political,0.6279365079365078,0.7444995741232802,3.4,ST-GBR-RR,0.3
645,PLR-REAL-Political,0.6634920634920636,0.729184269550698,3.466666666666667,ST-GBR-RR,0.3
646,PLR-REAL-Political,0.6647619047619048,0.7435390042581664,3.3904761904761904,ST-GBR-RR,0.3
647,PLR-REAL-Political,0.6679365079365078,0.7449381827023169,3.5428571428571427,ST-GBR-RR,0.3
648,PLR-REAL-Political,0.6558730158730158,0.731815455523976,3.2476190476190476,ST-GBR-RR,0.3
649,PLR-REAL-Political,0.6888888888888889,0.7449549756837436,3.2857142857142856,ST-GBR-RR,0.3
650,PLR-REAL-Political,0.5918238993710692,0.7342191593271414,2.9716981132075473,ST-GBR-PI,0.3
651,PLR-REAL-Political,0.5842767295597484,0.7537140425202684,2.9716981132075473,ST-GBR-PI,0.3
652,PLR-REAL-Political,0.5553459119496856,0.7414943290899817,2.858490566037736,ST-GBR-PI,0.3
653,PLR-REAL-Political,0.6234920634920633,0.7095821918605638,2.7714285714285714,ST-GBR-PI,0.3
654,PLR-REAL-Political,0.6120634920634921,0.7503975546269658,2.942857142857143,ST-GBR-PI,0.3
655,PLR-REAL-Political,0.5644444444444444,0.7402480652267869,3.057142857142857,ST-GBR-PI,0.3
656,PLR-REAL-Political,0.6165079365079363,0.741616553213339,3.019047619047619,ST-GBR-PI,0.3
657,PLR-REAL-Political,0.5815873015873015,0.7347472728207295,2.961904761904762,ST-GBR-PI,0.3
658,PLR-REAL-Political,0.6038095238095238,0.7398993006141357,3.085714285714286,ST-GBR-PI,0.3
659,PLR-REAL-Political,0.6177777777777779,0.6751605638117589,2.980952380952381,ST-GBR-PI,0.3
660,PLR-REAL-Political,0.5943396226415094,0.7547055995046295,2.9056603773584904,ST-GBR-PI,0.3
661,PLR-REAL-Political,0.5421383647798742,0.7400482544198506,3.0,ST-GBR-PI,0.3
662,PLR-REAL-Political,0.6163522012578616,0.7529950484616689,3.018867924528302,ST-GBR-PI,0.3
663,PLR-REAL-Political,0.5822222222222222,0.7391423402298034,2.8857142857142857,ST-GBR-PI,0.3
664,PLR-REAL-Political,0.6196825396825396,0.7390671938445699,3.123809523809524,ST-GBR-PI,0.3
665,PLR-REAL-Political,0.5923809523809523,0.7388976174221046,2.980952380952381,ST-GBR-PI,0.3
666,PLR-REAL-Political,0.634920634920635,0.7264150728221,3.019047619047619,ST-GBR-PI,0.3
667,PLR-REAL-Political,0.5866666666666667,0.7348837867043073,3.1333333333333333,ST-GBR-PI,0.3
668,PLR-REAL-Political,0.6082539682539683,0.6836481338394023,3.085714285714286,ST-GBR-PI,0.3
669,PLR-REAL-Political,0.6380952380952383,0.7355961065294417,3.0761904761904764,ST-GBR-PI,0.3
670,PLR-REAL-Political,0.5993710691823899,0.7455005479810468,2.9245283018867925,ST-GBR-PI,0.3
671,PLR-REAL-Political,0.6044025157232704,0.7393727383292813,2.839622641509434,ST-GBR-PI,0.3
672,PLR-REAL-Political,0.5742138364779874,0.7315217482402243,2.9245283018867925,ST-GBR-PI,0.3
673,PLR-REAL-Political,0.6304761904761905,0.7365735401399212,2.8,ST-GBR-PI,0.3
674,PLR-REAL-Political,0.6177777777777778,0.7377786415635285,2.895238095238095,ST-GBR-PI,0.3
675,PLR-REAL-Political,0.5930158730158731,0.7392831312061723,3.019047619047619,ST-GBR-PI,0.3
676,PLR-REAL-Political,0.6203174603174603,0.7428654286559847,2.9523809523809526,ST-GBR-PI,0.3
677,PLR-REAL-Political,0.5892063492063492,0.7423802213415356,3.019047619047619,ST-GBR-PI,0.3
678,PLR-REAL-Political,0.572063492063492,0.7520474068254258,2.9523809523809526,ST-GBR-PI,0.3
679,PLR-REAL-Political,0.5892063492063492,0.7375586918484142,2.980952380952381,ST-GBR-PI,0.3
680,PLR-REAL-Political,0.6012578616352201,0.7353842526650834,2.9622641509433962,ST-GBR-PI,0.3
681,PLR-REAL-Political,0.5761006289308176,0.7512659349669087,2.8962264150943398,ST-GBR-PI,0.3
682,PLR-REAL-Political,0.5893081761006289,0.7389683545726033,3.0754716981132075,ST-GBR-PI,0.3
683,PLR-REAL-Political,0.6057142857142856,0.7366297950379901,2.9904761904761905,ST-GBR-PI,0.3
684,PLR-REAL-Political,0.5663492063492064,0.7347774056225891,3.1333333333333333,ST-GBR-PI,0.3
685,PLR-REAL-Political,0.5815873015873017,0.7349452747657381,2.961904761904762,ST-GBR-PI,0.3
686,PLR-REAL-Political,0.6215873015873016,0.739681389625881,3.0761904761904764,ST-GBR-PI,0.3
687,PLR-REAL-Political,0.634920634920635,0.7380486128437724,2.914285714285714,ST-GBR-PI,0.3
688,PLR-REAL-Political,0.5974603174603175,0.746999749734497,2.914285714285714,ST-GBR-PI,0.3
689,PLR-REAL-Political,0.6139682539682539,0.7424143977673321,3.1619047619047618,ST-GBR-PI,0.3
690,PLR-REAL-Political,0.5930817610062894,0.7392419143451318,2.981132075471698,ST-GBR-PI,0.3
691,PLR-REAL-Political,0.6050314465408805,0.7728397485552146,3.056603773584906,ST-GBR-PI,0.3
692,PLR-REAL-Political,0.5874213836477987,0.7479137891777258,2.9056603773584904,ST-GBR-PI,0.3
693,PLR-REAL-Political,0.6152380952380951,0.7534644862862587,2.8857142857142857,ST-GBR-PI,0.3
694,PLR-REAL-Political,0.5752380952380952,0.741080987511713,2.9714285714285715,ST-GBR-PI,0.3
695,PLR-REAL-Political,0.6133333333333333,0.7391230730944495,3.0476190476190474,ST-GBR-PI,0.3
696,PLR-REAL-Political,0.6139682539682539,0.7398526926945299,3.1619047619047618,ST-GBR-PI,0.3
697,PLR-REAL-Political,0.606984126984127,0.7398168246758438,2.895238095238095,ST-GBR-PI,0.3
698,PLR-REAL-Political,0.5663492063492063,0.7415125535375091,2.8380952380952382,ST-GBR-PI,0.3
699,PLR-REAL-Political,0.6342857142857142,0.7471147128231307,2.9523809523809526,ST-GBR-PI,0.3
700,PLR-REAL-Political,0.7270440251572327,1.4920963309745146,3.2358490566037736,RPC-GB,0.3
701,PLR-REAL-Political,0.7320754716981132,1.4946304851394034,3.0849056603773586,RPC-GB,0.3
702,PLR-REAL-Political,0.6943396226415094,1.490070762361456,3.2830188679245285,RPC-GB,0.3
703,PLR-REAL-Political,0.7377777777777776,1.4836174416025156,3.3333333333333335,RPC-GB,0.3
704,PLR-REAL-Political,0.7034920634920636,1.5079709307822367,3.447619047619048,RPC-GB,0.3
705,PLR-REAL-Political,0.7320634920634921,1.488287278035489,3.3142857142857145,RPC-GB,0.3
706,PLR-REAL-Political,0.7295238095238095,1.5651718582937577,3.5238095238095237,RPC-GB,0.3
707,PLR-REAL-Political,0.6755555555555556,1.496532984283037,3.1809523809523808,RPC-GB,0.3
708,PLR-REAL-Political,0.7225396825396826,1.4951019340057217,3.1523809523809523,RPC-GB,0.3
709,PLR-REAL-Political,0.7314285714285714,1.476274822640984,3.2476190476190476,RPC-GB,0.3
710,PLR-REAL-Political,0.6924528301886792,1.5868702335173868,3.3679245283018866,RPC-GB,0.3
711,PLR-REAL-Political,0.6918238993710691,1.474042615384124,3.349056603773585,RPC-GB,0.3
712,PLR-REAL-Political,0.7113207547169811,1.5680519908919028,3.443396226415094,RPC-GB,0.3
713,PLR-REAL-Political,0.6857142857142857,1.4831912459178322,3.3523809523809525,RPC-GB,0.3
714,PLR-REAL-Political,0.7053968253968255,1.4868237495241023,3.342857142857143,RPC-GB,0.3
715,PLR-REAL-Political,0.7187301587301588,1.4909003323203804,3.2,RPC-GB,0.3
716,PLR-REAL-Political,0.7384126984126984,1.5085233127165574,3.295238095238095,RPC-GB,0.3
717,PLR-REAL-Political,0.7180952380952381,1.4802615245102406,3.2095238095238097,RPC-GB,0.3
718,PLR-REAL-Political,0.7422222222222222,1.4864917490713812,3.342857142857143,RPC-GB,0.3
719,PLR-REAL-Political,0.7580952380952382,1.4786824966990046,3.295238095238095,RPC-GB,0.3
720,PLR-REAL-Political,0.6987421383647798,1.469955445523885,3.207547169811321,RPC-GB,0.3
721,PLR-REAL-Political,0.7037735849056604,1.4900077016857616,3.292452830188679,RPC-GB,0.3
722,PLR-REAL-Political,0.7238993710691822,1.492863946303536,3.292452830188679,RPC-GB,0.3
723,PLR-REAL-Political,0.7333333333333333,1.4937646277436685,3.1809523809523808,RPC-GB,0.3
724,PLR-REAL-Political,0.7295238095238095,1.4779676281806746,3.3523809523809525,RPC-GB,0.3
725,PLR-REAL-Political,0.7168253968253969,1.4994492302752187,3.238095238095238,RPC-GB,0.3
726,PLR-REAL-Political,0.7358730158730159,1.4930936691975816,3.1809523809523808,RPC-GB,0.3
727,PLR-REAL-Political,0.7053968253968255,1.4793503962452823,3.3333333333333335,RPC-GB,0.3
728,PLR-REAL-Political,0.7180952380952381,1.4776182236994178,3.4095238095238094,RPC-GB,0.3
729,PLR-REAL-Political,0.7384126984126984,1.4745211564605891,3.361904761904762,RPC-GB,0.3
730,PLR-REAL-Political,0.7075471698113206,1.4975951682836905,3.2547169811320753,RPC-GB,0.3
731,PLR-REAL-Political,0.7081761006289308,1.4921779394311603,3.3207547169811322,RPC-GB,0.3
732,PLR-REAL-Political,0.7182389937106919,1.4883165254411053,3.2264150943396226,RPC-GB,0.3
733,PLR-REAL-Political,0.7168253968253968,1.4971381018588625,3.2666666666666666,RPC-GB,0.3
734,PLR-REAL-Political,0.7212698412698413,1.485473109149676,3.1714285714285713,RPC-GB,0.3
735,PLR-REAL-Political,0.6799999999999999,1.5688408759612034,3.342857142857143,RPC-GB,0.3
736,PLR-REAL-Political,0.7053968253968254,1.4858458769108853,3.4,RPC-GB,0.3
737,PLR-REAL-Political,0.7657142857142857,1.4958634864626654,3.3142857142857145,RPC-GB,0.3
738,PLR-REAL-Political,0.716190476190476,1.5031335024329264,3.2285714285714286,RPC-GB,0.3
739,PLR-REAL-Political,0.7257142857142858,1.501570792220562,3.295238095238095,RPC-GB,0.3
740,PLR-REAL-Political,0.7327044025157232,1.4863552956973718,3.311320754716981,RPC-GB,0.3
741,PLR-REAL-Political,0.7069182389937109,1.4950969045753235,3.30188679245283,RPC-GB,0.3
742,PLR-REAL-Political,0.7144654088050315,1.474602914000245,3.4245283018867925,RPC-GB,0.3
743,PLR-REAL-Political,0.732063492063492,1.4877224371191302,3.1809523809523808,RPC-GB,0.3
744,PLR-REAL-Political,0.6933333333333334,1.4809490497479683,3.1904761904761907,RPC-GB,0.3
745,PLR-REAL-Political,0.6831746031746032,1.4990666012032432,3.419047619047619,RPC-GB,0.3
746,PLR-REAL-Political,0.7168253968253968,1.4840915793648723,3.342857142857143,RPC-GB,0.3
747,PLR-REAL-Political,0.7161904761904763,1.4915546242580229,3.3714285714285714,RPC-GB,0.3
748,PLR-REAL-Political,0.7047619047619049,1.4944850594752825,3.142857142857143,RPC-GB,0.3
749,PLR-REAL-Political,0.7098412698412698,1.5488543027178467,3.4285714285714284,RPC-GB,0.3
750,PLR-REAL-Political,0.420125786163522,1.9403672600645436,1.990566037735849,Chain-GBR-PI,0.4
751,PLR-REAL-Political,0.42138364779874216,1.9388823894552463,1.9150943396226414,Chain-GBR-PI,0.4
752,PLR-REAL-Political,0.3792452830188679,1.9398748242737889,1.849056603773585,Chain-GBR-PI,0.4
753,PLR-REAL-Political,0.41523809523809524,1.9372067716276904,1.9619047619047618,Chain-GBR-PI,0.4
754,PLR-REAL-Political,0.3555555555555555,1.9357948811353312,1.838095238095238,Chain-GBR-PI,0.4
755,PLR-REAL-Political,0.41460317460317464,1.9364136063800303,1.980952380952381,Chain-GBR-PI,0.4
756,PLR-REAL-Political,0.40634920634920635,1.9394813726539528,2.0761904761904764,Chain-GBR-PI,0.4
757,PLR-REAL-Political,0.4190476190476191,1.9364001833155728,1.9333333333333333,Chain-GBR-PI,0.4
758,PLR-REAL-Political,0.4044444444444444,1.9358955568082492,1.9523809523809523,Chain-GBR-PI,0.4
759,PLR-REAL-Political,0.43873015873015875,1.935718906508633,2.142857142857143,Chain-GBR-PI,0.4
760,PLR-REAL-Political,0.38679245283018876,1.9382472071340187,1.8962264150943395,Chain-GBR-PI,0.4
761,PLR-REAL-Political,0.3477987421383647,1.9387419240338009,1.9433962264150944,Chain-GBR-PI,0.4
762,PLR-REAL-Political,0.3779874213836478,1.939032681504939,1.9056603773584906,Chain-GBR-PI,0.4
763,PLR-REAL-Political,0.3307936507936508,1.939379003197001,1.7904761904761906,Chain-GBR-PI,0.4
764,PLR-REAL-Political,0.3923809523809524,1.9344253962959834,2.057142857142857,Chain-GBR-PI,0.4
765,PLR-REAL-Political,0.3936507936507937,1.936596941827392,1.9904761904761905,Chain-GBR-PI,0.4
766,PLR-REAL-Political,0.4488888888888889,1.9357939864583384,2.0,Chain-GBR-PI,0.4
767,PLR-REAL-Political,0.42920634920634915,1.9378217502810215,2.0761904761904764,Chain-GBR-PI,0.4
768,PLR-REAL-Political,0.4336507936507936,1.93624281431014,2.123809523809524,Chain-GBR-PI,0.4
769,PLR-REAL-Political,0.3923809523809524,1.9384115179377104,2.0476190476190474,Chain-GBR-PI,0.4
770,PLR-REAL-Political,0.39308176100628933,1.936965411923423,1.9150943396226414,Chain-GBR-PI,0.4
771,PLR-REAL-Political,0.4018867924528302,1.9368863107848817,1.9811320754716981,Chain-GBR-PI,0.4
772,PLR-REAL-Political,0.3993710691823899,1.937442995790728,2.1037735849056602,Chain-GBR-PI,0.4
773,PLR-REAL-Political,0.4107936507936509,1.9373690750557149,2.0095238095238095,Chain-GBR-PI,0.4
774,PLR-REAL-Political,0.4215873015873016,1.9343710579623974,1.9714285714285715,Chain-GBR-PI,0.4
775,PLR-REAL-Political,0.4126984126984128,1.9361252433651412,1.9523809523809523,Chain-GBR-PI,0.4
776,PLR-REAL-Political,0.387936507936508,1.9373684732003122,1.9047619047619047,Chain-GBR-PI,0.4
777,PLR-REAL-Political,0.37142857142857144,1.9443372480233805,2.0952380952380953,Chain-GBR-PI,0.4
778,PLR-REAL-Political,0.38222222222222224,1.934128422819973,1.9142857142857144,Chain-GBR-PI,0.4
779,PLR-REAL-Political,0.39682539682539686,1.9368898226196418,1.9619047619047618,Chain-GBR-PI,0.4
780,PLR-REAL-Political,0.3955974842767296,1.9388743870960699,2.0,Chain-GBR-PI,0.4
781,PLR-REAL-Political,0.37232704402515726,1.9379952910078573,2.018867924528302,Chain-GBR-PI,0.4
782,PLR-REAL-Political,0.38301886792452833,1.936940815601302,2.056603773584906,Chain-GBR-PI,0.4
783,PLR-REAL-Political,0.4006349206349207,1.9391663928579277,2.0285714285714285,Chain-GBR-PI,0.4
784,PLR-REAL-Political,0.3841269841269842,1.9397042063690324,2.0,Chain-GBR-PI,0.4
785,PLR-REAL-Political,0.4012698412698413,1.9367429395584956,1.9238095238095239,Chain-GBR-PI,0.4
786,PLR-REAL-Political,0.36317460317460315,1.9344019678179944,1.980952380952381,Chain-GBR-PI,0.4
787,PLR-REAL-Political,0.40444444444444444,1.9369248023797536,1.9714285714285715,Chain-GBR-PI,0.4
788,PLR-REAL-Political,0.46349206349206346,1.9369906163971347,2.066666666666667,Chain-GBR-PI,0.4
789,PLR-REAL-Political,0.406984126984127,1.9375455550781424,1.9142857142857144,Chain-GBR-PI,0.4
790,PLR-REAL-Political,0.43144654088050316,1.9390199264252006,2.1037735849056602,Chain-GBR-PI,0.4
791,PLR-REAL-Political,0.40125786163522015,1.9365180977821315,1.8867924528301887,Chain-GBR-PI,0.4
792,PLR-REAL-Political,0.4025157232704402,1.937116149823476,2.0377358490566038,Chain-GBR-PI,0.4
793,PLR-REAL-Political,0.4368253968253969,1.933454062793856,2.123809523809524,Chain-GBR-PI,0.4
794,PLR-REAL-Political,0.4749206349206349,1.9341029014005513,2.0285714285714285,Chain-GBR-PI,0.4
795,PLR-REAL-Political,0.44634920634920633,1.9342473702061513,2.0095238095238095,Chain-GBR-PI,0.4
796,PLR-REAL-Political,0.4393650793650794,1.93637076177352,2.1333333333333333,Chain-GBR-PI,0.4
797,PLR-REAL-Political,0.35301587301587306,1.9358594517632952,1.9333333333333333,Chain-GBR-PI,0.4
798,PLR-REAL-Political,0.366984126984127,1.9374363878814207,2.057142857142857,Chain-GBR-PI,0.4
799,PLR-REAL-Political,0.3726984126984127,1.9333974317148614,2.038095238095238,Chain-GBR-PI,0.4
800,PLR-REAL-Political,0.4635220125786164,1.9244616795334897,2.80188679245283,Chain-GBR-RR,0.4
801,PLR-REAL-Political,0.46163522012578617,1.9247778193772522,2.80188679245283,Chain-GBR-RR,0.4
802,PLR-REAL-Political,0.4352201257861636,1.9235701965358847,2.839622641509434,Chain-GBR-RR,0.4
803,PLR-REAL-Political,0.5053968253968254,1.9236718381778222,2.857142857142857,Chain-GBR-RR,0.4
804,PLR-REAL-Political,0.48634920634920636,1.9247635198160202,2.8095238095238093,Chain-GBR-RR,0.4
805,PLR-REAL-Political,0.45206349206349206,1.9261150674690686,2.8190476190476192,Chain-GBR-RR,0.4
806,PLR-REAL-Political,0.5053968253968254,1.9246046734350424,2.961904761904762,Chain-GBR-RR,0.4
807,PLR-REAL-Political,0.45777777777777773,1.925761123775968,2.8190476190476192,Chain-GBR-RR,0.4
808,PLR-REAL-Political,0.47873015873015873,1.9322829841836844,2.8380952380952382,Chain-GBR-RR,0.4
809,PLR-REAL-Political,0.48063492063492064,1.9223792375455138,2.895238095238095,Chain-GBR-RR,0.4
810,PLR-REAL-Political,0.4540880503144655,1.9223573486332506,2.7452830188679247,Chain-GBR-RR,0.4
811,PLR-REAL-Political,0.43144654088050316,1.9233737273377831,2.660377358490566,Chain-GBR-RR,0.4
812,PLR-REAL-Political,0.44150943396226416,1.9234621464740729,2.943396226415094,Chain-GBR-RR,0.4
813,PLR-REAL-Political,0.4209523809523809,1.9236559416840342,2.914285714285714,Chain-GBR-RR,0.4
814,PLR-REAL-Political,0.4342857142857143,1.9214931277409975,2.8380952380952382,Chain-GBR-RR,0.4
815,PLR-REAL-Political,0.4901587301587302,1.9241519877458846,2.9047619047619047,Chain-GBR-RR,0.4
816,PLR-REAL-Political,0.4920634920634921,1.9253374743269784,2.914285714285714,Chain-GBR-RR,0.4
817,PLR-REAL-Political,0.5066666666666666,1.9256441890779934,2.8095238095238093,Chain-GBR-RR,0.4
818,PLR-REAL-Political,0.5282539682539683,1.9254137602206713,3.0095238095238095,Chain-GBR-RR,0.4
819,PLR-REAL-Political,0.44888888888888895,1.9247650630371562,2.876190476190476,Chain-GBR-RR,0.4
820,PLR-REAL-Political,0.4679245283018868,1.9237878474506847,2.792452830188679,Chain-GBR-RR,0.4
821,PLR-REAL-Political,0.4679245283018868,1.9245876914387743,2.8962264150943398,Chain-GBR-RR,0.4
822,PLR-REAL-Political,0.49433962264150955,1.9251788044061422,2.8679245283018866,Chain-GBR-RR,0.4
823,PLR-REAL-Political,0.4704761904761904,1.9233555240505198,2.9238095238095236,Chain-GBR-RR,0.4
824,PLR-REAL-Political,0.4774603174603175,1.9232784008057044,2.895238095238095,Chain-GBR-RR,0.4
825,PLR-REAL-Political,0.49714285714285716,1.928178949686658,2.7904761904761903,Chain-GBR-RR,0.4
826,PLR-REAL-Political,0.4812698412698413,1.9232256630409128,2.8285714285714287,Chain-GBR-RR,0.4
827,PLR-REAL-Political,0.452063492063492,1.9246441912352112,2.8857142857142857,Chain-GBR-RR,0.4
828,PLR-REAL-Political,0.45269841269841266,1.9223025851711926,2.8857142857142857,Chain-GBR-RR,0.4
829,PLR-REAL-Political,0.48,1.9246689416778533,2.7904761904761903,Chain-GBR-RR,0.4
830,PLR-REAL-Political,0.4528301886792453,1.9252886481869094,2.8207547169811322,Chain-GBR-RR,0.4
831,PLR-REAL-Political,0.4257861635220126,1.9234697213813075,2.990566037735849,Chain-GBR-RR,0.4
832,PLR-REAL-Political,0.45911949685534587,1.9215670922668906,2.830188679245283,Chain-GBR-RR,0.4
833,PLR-REAL-Political,0.4431746031746032,1.9276914198030906,2.914285714285714,Chain-GBR-RR,0.4
834,PLR-REAL-Political,0.42412698412698413,1.9233856004461556,2.857142857142857,Chain-GBR-RR,0.4
835,PLR-REAL-Political,0.4584126984126984,1.9225783071584126,2.7904761904761903,Chain-GBR-RR,0.4
836,PLR-REAL-Political,0.44761904761904764,1.9294980083146671,2.933333333333333,Chain-GBR-RR,0.4
837,PLR-REAL-Political,0.4533333333333334,1.9207196836104967,2.8666666666666667,Chain-GBR-RR,0.4
838,PLR-REAL-Political,0.4971428571428572,1.9271580677452957,2.9047619047619047,Chain-GBR-RR,0.4
839,PLR-REAL-Political,0.4457142857142857,1.924975853119174,2.876190476190476,Chain-GBR-RR,0.4
840,PLR-REAL-Political,0.5025157232704403,1.9246811621486195,2.8773584905660377,Chain-GBR-RR,0.4
841,PLR-REAL-Political,0.45786163522012585,1.923028343505804,2.7830188679245285,Chain-GBR-RR,0.4
842,PLR-REAL-Political,0.459119496855346,1.926381861925145,2.830188679245283,Chain-GBR-RR,0.4
843,PLR-REAL-Political,0.46984126984126984,1.9224800948109224,3.038095238095238,Chain-GBR-RR,0.4
844,PLR-REAL-Political,0.5053968253968254,1.9215807724644351,2.8,Chain-GBR-RR,0.4
845,PLR-REAL-Political,0.49587301587301585,1.9237711803001023,2.8,Chain-GBR-RR,0.4
846,PLR-REAL-Political,0.5111111111111112,1.9243379783824752,2.8857142857142857,Chain-GBR-RR,0.4
847,PLR-REAL-Political,0.46095238095238095,1.9251615521525376,2.895238095238095,Chain-GBR-RR,0.4
848,PLR-REAL-Political,0.42222222222222233,1.9263373873668344,2.7714285714285714,Chain-GBR-RR,0.4
849,PLR-REAL-Political,0.4146031746031746,1.9220122621722662,2.8285714285714287,Chain-GBR-RR,0.4
850,PLR-REAL-Political,0.6566037735849056,0.7055141885039621,3.4056603773584904,ST-GBR-RR,0.4
851,PLR-REAL-Political,0.6553459119496854,0.7073540406811524,3.2547169811320753,ST-GBR-RR,0.4
852,PLR-REAL-Political,0.6446540880503145,0.7004970857238961,3.443396226415094,ST-GBR-RR,0.4
853,PLR-REAL-Political,0.6374603174603175,0.6550002427540895,3.5238095238095237,ST-GBR-RR,0.4
854,PLR-REAL-Political,0.6736507936507935,0.7035405469186281,3.552380952380952,ST-GBR-RR,0.4
855,PLR-REAL-Political,0.6533333333333333,0.7029064979726726,3.380952380952381,ST-GBR-RR,0.4
856,PLR-REAL-Political,0.6558730158730158,0.6278827875533275,3.580952380952381,ST-GBR-RR,0.4
857,PLR-REAL-Political,0.6234920634920635,0.7017362617373475,3.3523809523809525,ST-GBR-RR,0.4
858,PLR-REAL-Political,0.674920634920635,0.6995619414134506,3.3523809523809525,ST-GBR-RR,0.4
859,PLR-REAL-Political,0.6704761904761906,0.7103511372272057,3.361904761904762,ST-GBR-RR,0.4
860,PLR-REAL-Political,0.6352201257861635,0.7097804603918354,3.358490566037736,ST-GBR-RR,0.4
861,PLR-REAL-Political,0.641509433962264,0.7724647958926787,3.2830188679245285,ST-GBR-RR,0.4
862,PLR-REAL-Political,0.6647798742138364,0.6717509330859867,3.5283018867924527,ST-GBR-RR,0.4
863,PLR-REAL-Political,0.6361904761904763,0.758187790673347,3.4095238095238094,ST-GBR-RR,0.4
864,PLR-REAL-Political,0.6653968253968253,0.7124028495109598,3.4380952380952383,ST-GBR-RR,0.4
865,PLR-REAL-Political,0.6406349206349208,0.7030025312605065,3.4380952380952383,ST-GBR-RR,0.4
866,PLR-REAL-Political,0.6603174603174604,0.7146528163607908,3.419047619047619,ST-GBR-RR,0.4
867,PLR-REAL-Political,0.6590476190476191,0.7040316215318947,3.3904761904761904,ST-GBR-RR,0.4
868,PLR-REAL-Political,0.6584126984126984,0.7155183596637278,3.5904761904761906,ST-GBR-RR,0.4
869,PLR-REAL-Political,0.6520634920634921,0.7201799990420018,3.4571428571428573,ST-GBR-RR,0.4
870,PLR-REAL-Political,0.6503144654088051,0.7078257377586087,3.443396226415094,ST-GBR-RR,0.4
871,PLR-REAL-Political,0.6339622641509436,0.7016146364027183,3.30188679245283,ST-GBR-RR,0.4
872,PLR-REAL-Political,0.6647798742138363,0.7614121276902885,3.443396226415094,ST-GBR-RR,0.4
873,PLR-REAL-Political,0.6444444444444444,0.7142522403876782,3.3523809523809525,ST-GBR-RR,0.4
874,PLR-REAL-Political,0.6787301587301587,0.710221851317348,3.4571428571428573,ST-GBR-RR,0.4
875,PLR-REAL-Political,0.667936507936508,0.7020241784260802,3.4095238095238094,ST-GBR-RR,0.4
876,PLR-REAL-Political,0.6736507936507935,0.7047939166924888,3.3047619047619046,ST-GBR-RR,0.4
877,PLR-REAL-Political,0.6450793650793649,0.7077780174717425,3.5142857142857142,ST-GBR-RR,0.4
878,PLR-REAL-Political,0.6431746031746032,0.7046701092448172,3.4857142857142858,ST-GBR-RR,0.4
879,PLR-REAL-Political,0.638095238095238,0.6973863384995499,3.323809523809524,ST-GBR-RR,0.4
880,PLR-REAL-Political,0.6327044025157232,0.670440110713353,3.3773584905660377,ST-GBR-RR,0.4
881,PLR-REAL-Political,0.630817610062893,0.7080682812551925,3.4150943396226414,ST-GBR-RR,0.4
882,PLR-REAL-Political,0.6446540880503144,0.7169682071583289,3.4150943396226414,ST-GBR-RR,0.4
883,PLR-REAL-Political,0.6590476190476191,0.718278733466225,3.5142857142857142,ST-GBR-RR,0.4
884,PLR-REAL-Political,0.6571428571428571,0.7043296088193052,3.238095238095238,ST-GBR-RR,0.4
885,PLR-REAL-Political,0.6355555555555555,0.6945833794393004,3.276190476190476,ST-GBR-RR,0.4
886,PLR-REAL-Political,0.6425396825396824,0.7079533366917242,3.5142857142857142,ST-GBR-RR,0.4
887,PLR-REAL-Political,0.6844444444444444,0.6919913503494819,3.4952380952380953,ST-GBR-RR,0.4
888,PLR-REAL-Political,0.6634920634920632,0.7169397339095599,3.5047619047619047,ST-GBR-RR,0.4
889,PLR-REAL-Political,0.693968253968254,0.7127861424853668,3.4,ST-GBR-RR,0.4
890,PLR-REAL-Political,0.6886792452830188,0.6862634793035958,3.547169811320755,ST-GBR-RR,0.4
891,PLR-REAL-Political,0.6333333333333333,0.708587730601903,3.481132075471698,ST-GBR-RR,0.4
892,PLR-REAL-Political,0.6465408805031446,0.70002000468271,3.4056603773584904,ST-GBR-RR,0.4
893,PLR-REAL-Political,0.6736507936507936,0.7164551535259075,3.4285714285714284,ST-GBR-RR,0.4
894,PLR-REAL-Political,0.6158730158730158,0.7082472568962462,3.4380952380952383,ST-GBR-RR,0.4
895,PLR-REAL-Political,0.6514285714285714,0.6984260783765718,3.5619047619047617,ST-GBR-RR,0.4
896,PLR-REAL-Political,0.6615873015873016,0.7049374639858887,3.5142857142857142,ST-GBR-RR,0.4
897,PLR-REAL-Political,0.6774603174603174,0.6967851075980926,3.3523809523809525,ST-GBR-RR,0.4
898,PLR-REAL-Political,0.6634920634920634,0.7036814605313175,3.4,ST-GBR-RR,0.4
899,PLR-REAL-Political,0.6742857142857143,0.7126454566995203,3.361904761904762,ST-GBR-RR,0.4
900,PLR-REAL-Political,0.5849056603773585,0.7108542064720336,2.839622641509434,ST-GBR-PI,0.4
901,PLR-REAL-Political,0.5993710691823899,0.7321889769291055,2.8867924528301887,ST-GBR-PI,0.4
902,PLR-REAL-Political,0.540251572327044,0.6617682509741512,2.8867924528301887,ST-GBR-PI,0.4
903,PLR-REAL-Political,0.627936507936508,0.6476874214293515,2.7523809523809524,ST-GBR-PI,0.4
904,PLR-REAL-Political,0.6234920634920633,0.6929966169025681,2.9238095238095236,ST-GBR-PI,0.4
905,PLR-REAL-Political,0.6031746031746033,0.7133001619244226,2.980952380952381,ST-GBR-PI,0.4
906,PLR-REAL-Political,0.5917460317460317,0.7141371430515695,2.980952380952381,ST-GBR-PI,0.4
907,PLR-REAL-Political,0.5682539682539682,0.7055833515851513,2.895238095238095,ST-GBR-PI,0.4
908,PLR-REAL-Political,0.598095238095238,0.7105317551232034,3.057142857142857,ST-GBR-PI,0.4
909,PLR-REAL-Political,0.5911111111111111,0.7105280290065705,2.933333333333333,ST-GBR-PI,0.4
910,PLR-REAL-Political,0.570440251572327,0.69822746724838,3.047169811320755,ST-GBR-PI,0.4
911,PLR-REAL-Political,0.5484276729559748,0.7054906499181386,2.80188679245283,ST-GBR-PI,0.4
912,PLR-REAL-Political,0.6132075471698113,0.7016787065298334,2.943396226415094,ST-GBR-PI,0.4
913,PLR-REAL-Political,0.5676190476190476,0.6845947713944761,2.8380952380952382,ST-GBR-PI,0.4
914,PLR-REAL-Political,0.6057142857142858,0.6933466161306185,2.961904761904762,ST-GBR-PI,0.4
915,PLR-REAL-Political,0.6006349206349206,0.7121779432885832,2.914285714285714,ST-GBR-PI,0.4
916,PLR-REAL-Political,0.6355555555555555,0.7201928261446399,2.9714285714285715,ST-GBR-PI,0.4
917,PLR-REAL-Political,0.5904761904761904,0.7049334883277577,3.057142857142857,ST-GBR-PI,0.4
918,PLR-REAL-Political,0.605079365079365,0.7122404937292286,2.933333333333333,ST-GBR-PI,0.4
919,PLR-REAL-Political,0.5987301587301588,0.7054716670307629,3.085714285714286,ST-GBR-PI,0.4
920,PLR-REAL-Political,0.559748427672956,0.6984564810812278,3.0660377358490565,ST-GBR-PI,0.4
921,PLR-REAL-Political,0.5874213836477987,0.7092333931353042,2.792452830188679,ST-GBR-PI,0.4
922,PLR-REAL-Political,0.6201257861635222,0.8298418614798417,2.9339622641509435,ST-GBR-PI,0.4
923,PLR-REAL-Political,0.6050793650793651,0.6961951903094414,2.9523809523809526,ST-GBR-PI,0.4
924,PLR-REAL-Political,0.6171428571428571,0.7935424437401043,2.942857142857143,ST-GBR-PI,0.4
925,PLR-REAL-Political,0.606984126984127,0.7773805374757042,2.8857142857142857,ST-GBR-PI,0.4
926,PLR-REAL-Political,0.6190476190476192,0.70613285297484,2.9904761904761905,ST-GBR-PI,0.4
927,PLR-REAL-Political,0.5904761904761904,0.7059826606402051,3.2,ST-GBR-PI,0.4
928,PLR-REAL-Political,0.6273015873015872,0.6995945568554836,2.8095238095238093,ST-GBR-PI,0.4
929,PLR-REAL-Political,0.5746031746031747,0.7061256261594834,2.9904761904761905,ST-GBR-PI,0.4
930,PLR-REAL-Political,0.5792452830188679,0.690624512907165,2.858490566037736,ST-GBR-PI,0.4
931,PLR-REAL-Political,0.5704402515723271,0.7134805772669982,2.839622641509434,ST-GBR-PI,0.4
932,PLR-REAL-Political,0.5987421383647799,0.7018925088638941,3.0660377358490565,ST-GBR-PI,0.4
933,PLR-REAL-Political,0.5822222222222222,0.7126859687956872,2.9523809523809526,ST-GBR-PI,0.4
934,PLR-REAL-Political,0.5974603174603175,0.651097494374188,3.0,ST-GBR-PI,0.4
935,PLR-REAL-Political,0.5765079365079365,0.6987254632747882,2.7714285714285714,ST-GBR-PI,0.4
936,PLR-REAL-Political,0.5885714285714286,0.6967100660300916,2.895238095238095,ST-GBR-PI,0.4
937,PLR-REAL-Political,0.6114285714285714,0.6981923775813073,3.0952380952380953,ST-GBR-PI,0.4
938,PLR-REAL-Political,0.5930158730158731,0.6971803554252618,2.9714285714285715,ST-GBR-PI,0.4
939,PLR-REAL-Political,0.6019047619047619,0.7181286701567391,2.961904761904762,ST-GBR-PI,0.4
940,PLR-REAL-Political,0.5924528301886793,0.707937362388601,3.0754716981132075,ST-GBR-PI,0.4
941,PLR-REAL-Political,0.5968553459119497,0.7073941779533611,3.009433962264151,ST-GBR-PI,0.4
942,PLR-REAL-Political,0.5748427672955975,0.6526589568988743,2.990566037735849,ST-GBR-PI,0.4
943,PLR-REAL-Political,0.6215873015873017,0.6979595525960526,3.1714285714285713,ST-GBR-PI,0.4
944,PLR-REAL-Political,0.5822222222222223,0.7113781132827045,3.066666666666667,ST-GBR-PI,0.4
945,PLR-REAL-Political,0.6095238095238097,0.6984041077930225,2.961904761904762,ST-GBR-PI,0.4
946,PLR-REAL-Political,0.5987301587301588,0.7031750926081952,2.9238095238095236,ST-GBR-PI,0.4
947,PLR-REAL-Political,0.5942857142857143,0.6984969047964289,2.8285714285714287,ST-GBR-PI,0.4
948,PLR-REAL-Political,0.5873015873015873,0.7004473728318565,2.8857142857142857,ST-GBR-PI,0.4
949,PLR-REAL-Political,0.6158730158730158,0.7071597344140369,2.9714285714285715,ST-GBR-PI,0.4
950,PLR-REAL-Political,0.7150943396226415,1.3635792793307604,3.30188679245283,RPC-GB,0.4
951,PLR-REAL-Political,0.7402515723270441,1.3845602435211213,3.3773584905660377,RPC-GB,0.4
952,PLR-REAL-Political,0.7012578616352201,1.3882700021554584,3.3962264150943398,RPC-GB,0.4
953,PLR-REAL-Political,0.7301587301587302,1.3862100609267782,3.380952380952381,RPC-GB,0.4
954,PLR-REAL-Political,0.7155555555555556,1.3815580150055637,3.4761904761904763,RPC-GB,0.4
955,PLR-REAL-Political,0.728888888888889,1.3663264482078796,3.380952380952381,RPC-GB,0.4
956,PLR-REAL-Political,0.7244444444444444,1.3668022610960808,3.466666666666667,RPC-GB,0.4
957,PLR-REAL-Political,0.6825396825396826,1.3499907703064833,3.2,RPC-GB,0.4
958,PLR-REAL-Political,0.7396825396825397,1.4283267423408617,3.219047619047619,RPC-GB,0.4
959,PLR-REAL-Political,0.7453968253968253,1.3512286623378942,3.2285714285714286,RPC-GB,0.4
960,PLR-REAL-Political,0.7257861635220126,1.450826609841058,3.330188679245283,RPC-GB,0.4
961,PLR-REAL-Political,0.6999999999999998,1.3697570941388304,3.2830188679245285,RPC-GB,0.4
962,PLR-REAL-Political,0.7088050314465408,1.36711490702345,3.3867924528301887,RPC-GB,0.4
963,PLR-REAL-Political,0.6895238095238094,1.3647936689856874,3.3904761904761904,RPC-GB,0.4
964,PLR-REAL-Political,0.7155555555555554,1.3791418360605046,3.276190476190476,RPC-GB,0.4
965,PLR-REAL-Political,0.704126984126984,1.3603572034068472,3.257142857142857,RPC-GB,0.4
966,PLR-REAL-Political,0.7193650793650794,1.3702531711916994,3.323809523809524,RPC-GB,0.4
967,PLR-REAL-Political,0.6933333333333334,1.3620829042773108,3.1714285714285713,RPC-GB,0.4
968,PLR-REAL-Political,0.7282539682539683,1.3750949600432507,3.342857142857143,RPC-GB,0.4
969,PLR-REAL-Political,0.7257142857142858,1.3752690493635322,3.380952380952381,RPC-GB,0.4
970,PLR-REAL-Political,0.6911949685534591,1.3733125740054537,3.339622641509434,RPC-GB,0.4
971,PLR-REAL-Political,0.7075471698113206,1.3792453664962334,3.330188679245283,RPC-GB,0.4
972,PLR-REAL-Political,0.7333333333333334,1.3614787838647517,3.349056603773585,RPC-GB,0.4
973,PLR-REAL-Political,0.7149206349206348,1.3663642427815201,3.1714285714285713,RPC-GB,0.4
974,PLR-REAL-Political,0.7219047619047618,1.3780797864625067,3.3904761904761904,RPC-GB,0.4
975,PLR-REAL-Political,0.7003174603174603,1.3907099423960108,3.3047619047619046,RPC-GB,0.4
976,PLR-REAL-Political,0.733968253968254,1.3666061708367985,3.276190476190476,RPC-GB,0.4
977,PLR-REAL-Political,0.7155555555555555,1.3591025447003164,3.4285714285714284,RPC-GB,0.4
978,PLR-REAL-Political,0.6958730158730159,1.3643359486664293,3.2285714285714286,RPC-GB,0.4
979,PLR-REAL-Political,0.718095238095238,1.4082487461190731,3.2666666666666666,RPC-GB,0.4
980,PLR-REAL-Political,0.688050314465409,1.3723128357290535,3.2641509433962264,RPC-GB,0.4
981,PLR-REAL-Political,0.6786163522012579,1.3551994233599183,3.0849056603773586,RPC-GB,0.4
982,PLR-REAL-Political,0.6987421383647798,1.360478834413534,3.3207547169811322,RPC-GB,0.4
983,PLR-REAL-Political,0.7111111111111111,1.392502834858226,3.323809523809524,RPC-GB,0.4
984,PLR-REAL-Political,0.7396825396825396,1.3747254737323658,3.1714285714285713,RPC-GB,0.4
985,PLR-REAL-Political,0.7053968253968254,1.3812407556392758,3.1809523809523808,RPC-GB,0.4
986,PLR-REAL-Political,0.7015873015873016,1.3627606469739222,3.4285714285714284,RPC-GB,0.4
987,PLR-REAL-Political,0.7682539682539682,1.3817913572244154,3.238095238095238,RPC-GB,0.4
988,PLR-REAL-Political,0.7326984126984126,1.4055452184227126,3.323809523809524,RPC-GB,0.4
989,PLR-REAL-Political,0.7276190476190477,1.372444614504286,3.219047619047619,RPC-GB,0.4
990,PLR-REAL-Political,0.7377358490566038,1.3773922218417765,3.547169811320755,RPC-GB,0.4
991,PLR-REAL-Political,0.6993710691823899,1.34620451410586,3.2547169811320753,RPC-GB,0.4
992,PLR-REAL-Political,0.7044025157232704,1.3526812199826774,3.358490566037736,RPC-GB,0.4
993,PLR-REAL-Political,0.6920634920634922,1.3488067575029115,3.342857142857143,RPC-GB,0.4
994,PLR-REAL-Political,0.664126984126984,1.452735108641798,3.295238095238095,RPC-GB,0.4
995,PLR-REAL-Political,0.6952380952380952,1.3690800458692955,3.466666666666667,RPC-GB,0.4
996,PLR-REAL-Political,0.7149206349206351,1.3640569991868488,3.3904761904761904,RPC-GB,0.4
997,PLR-REAL-Political,0.7034920634920634,1.375925464930139,3.219047619047619,RPC-GB,0.4
998,PLR-REAL-Political,0.7028571428571428,1.3819024621802152,3.104761904761905,RPC-GB,0.4
999,PLR-REAL-Political,0.7174603174603175,1.3753751229853788,3.066666666666667,RPC-GB,0.4
1000,PLR-REAL-Political,0.35974842767295595,1.931220393663767,1.8679245283018868,Chain-GBR-PI,0.5
1001,PLR-REAL-Political,0.3918238993710692,1.9294062071096165,2.018867924528302,Chain-GBR-PI,0.5
1002,PLR-REAL-Political,0.32515723270440255,1.925546118656062,2.0377358490566038,Chain-GBR-PI,0.5
1003,PLR-REAL-Political,0.39555555555555555,1.9281837194886937,2.0095238095238095,Chain-GBR-PI,0.5
1004,PLR-REAL-Political,0.38222222222222224,1.9311671999132032,1.9047619047619047,Chain-GBR-PI,0.5
1005,PLR-REAL-Political,0.3333333333333333,1.9275790484588187,1.8857142857142857,Chain-GBR-PI,0.5
1006,PLR-REAL-Political,0.3434920634920635,1.931354141301618,1.9047619047619047,Chain-GBR-PI,0.5
1007,PLR-REAL-Political,0.37079365079365084,1.9281640060176761,1.8666666666666667,Chain-GBR-PI,0.5
1008,PLR-REAL-Political,0.32126984126984126,1.926842577624195,1.9904761904761905,Chain-GBR-PI,0.5
1009,PLR-REAL-Political,0.34031746031746035,1.9299565544064556,1.8761904761904762,Chain-GBR-PI,0.5
1010,PLR-REAL-Political,0.3962264150943397,1.9312132952966103,1.9528301886792452,Chain-GBR-PI,0.5
1011,PLR-REAL-Political,0.3635220125786163,1.9258667150586162,1.849056603773585,Chain-GBR-PI,0.5
1012,PLR-REAL-Political,0.3710691823899371,1.928142316027931,1.9056603773584906,Chain-GBR-PI,0.5
1013,PLR-REAL-Political,0.34730158730158733,1.9302891884434898,1.838095238095238,Chain-GBR-PI,0.5
1014,PLR-REAL-Political,0.3295238095238096,1.9272759457357316,1.8952380952380952,Chain-GBR-PI,0.5
1015,PLR-REAL-Political,0.3523809523809524,1.9280910146946042,1.8476190476190477,Chain-GBR-PI,0.5
1016,PLR-REAL-Political,0.39555555555555555,1.9264046389551532,1.9333333333333333,Chain-GBR-PI,0.5
1017,PLR-REAL-Political,0.34476190476190477,1.9288671159284592,1.8476190476190477,Chain-GBR-PI,0.5
1018,PLR-REAL-Political,0.36380952380952386,1.9281158922438615,1.723809523809524,Chain-GBR-PI,0.5
1019,PLR-REAL-Political,0.3955555555555556,1.9302669657286364,1.9047619047619047,Chain-GBR-PI,0.5
1020,PLR-REAL-Political,0.3515723270440252,1.9282672156785379,1.8679245283018868,Chain-GBR-PI,0.5
1021,PLR-REAL-Political,0.37106918238993714,1.9300506609988552,1.9150943396226414,Chain-GBR-PI,0.5
1022,PLR-REAL-Political,0.3779874213836478,1.9305739615100195,1.9339622641509433,Chain-GBR-PI,0.5
1023,PLR-REAL-Political,0.4057142857142858,1.926652240023915,1.9714285714285715,Chain-GBR-PI,0.5
1024,PLR-REAL-Political,0.32698412698412693,1.9318696666466388,1.8761904761904762,Chain-GBR-PI,0.5
1025,PLR-REAL-Political,0.36,1.9288155305846908,1.7333333333333334,Chain-GBR-PI,0.5
1026,PLR-REAL-Political,0.3974603174603175,1.9291540181974733,1.8666666666666667,Chain-GBR-PI,0.5
1027,PLR-REAL-Political,0.3015873015873016,1.9283270519026388,1.7809523809523808,Chain-GBR-PI,0.5
1028,PLR-REAL-Political,0.40126984126984133,1.9299570378726172,1.9238095238095239,Chain-GBR-PI,0.5
1029,PLR-REAL-Political,0.37079365079365084,1.9306225643174626,1.8666666666666667,Chain-GBR-PI,0.5
1030,PLR-REAL-Political,0.37232704402515726,1.9320457502420447,1.8018867924528301,Chain-GBR-PI,0.5
1031,PLR-REAL-Political,0.36289308176100626,1.9283102346606298,1.8962264150943395,Chain-GBR-PI,0.5
1032,PLR-REAL-Political,0.3685534591194969,1.9331839221669098,1.9528301886792452,Chain-GBR-PI,0.5
1033,PLR-REAL-Political,0.3612698412698413,1.9311838765348974,2.019047619047619,Chain-GBR-PI,0.5
1034,PLR-REAL-Political,0.4165079365079365,1.9308573820695,1.8095238095238095,Chain-GBR-PI,0.5
1035,PLR-REAL-Political,0.39111111111111113,1.9291627339056057,2.0285714285714285,Chain-GBR-PI,0.5
1036,PLR-REAL-Political,0.31873015873015875,1.9274227561759643,1.7714285714285714,Chain-GBR-PI,0.5
1037,PLR-REAL-Political,0.3517460317460317,1.9303285981925176,1.9333333333333333,Chain-GBR-PI,0.5
1038,PLR-REAL-Political,0.3822222222222223,1.9289355326513122,1.7523809523809524,Chain-GBR-PI,0.5
1039,PLR-REAL-Political,0.3460317460317461,1.9315896893570328,1.9523809523809523,Chain-GBR-PI,0.5
1040,PLR-REAL-Political,0.3364779874213837,1.933338289833483,1.8867924528301887,Chain-GBR-PI,0.5
1041,PLR-REAL-Political,0.3528301886792453,1.9320268994489462,1.9056603773584906,Chain-GBR-PI,0.5
1042,PLR-REAL-Political,0.3628930817610064,1.929801323415984,1.8962264150943395,Chain-GBR-PI,0.5
1043,PLR-REAL-Political,0.3752380952380953,1.9307257389058736,1.8952380952380952,Chain-GBR-PI,0.5
1044,PLR-REAL-Political,0.4,1.9319768389205332,1.8571428571428572,Chain-GBR-PI,0.5
1045,PLR-REAL-Political,0.42285714285714293,1.929643913792249,2.0761904761904764,Chain-GBR-PI,0.5
1046,PLR-REAL-Political,0.386031746031746,1.9292141003929022,1.9714285714285715,Chain-GBR-PI,0.5
1047,PLR-REAL-Political,0.34222222222222226,1.929860059676228,1.9428571428571428,Chain-GBR-PI,0.5
1048,PLR-REAL-Political,0.3066666666666667,1.9290869759710796,1.980952380952381,Chain-GBR-PI,0.5
1049,PLR-REAL-Political,0.34920634920634924,1.9318997409533725,1.9523809523809523,Chain-GBR-PI,0.5
1050,PLR-REAL-Political,0.38930817610062907,1.9180434598715972,2.7547169811320753,Chain-GBR-RR,0.5
1051,PLR-REAL-Political,0.4364779874213837,1.9196399430663444,2.650943396226415,Chain-GBR-RR,0.5
1052,PLR-REAL-Political,0.3855345911949686,1.9146518424610992,2.7452830188679247,Chain-GBR-RR,0.5
1053,PLR-REAL-Political,0.41333333333333333,1.9212894110292973,2.7523809523809524,Chain-GBR-RR,0.5
1054,PLR-REAL-Political,0.42476190476190484,1.9159903624893193,2.704761904761905,Chain-GBR-RR,0.5
1055,PLR-REAL-Political,0.41269841269841273,1.9133808436637278,2.6476190476190475,Chain-GBR-RR,0.5
1056,PLR-REAL-Political,0.4444444444444445,1.917163603583887,2.761904761904762,Chain-GBR-RR,0.5
1057,PLR-REAL-Political,0.4031746031746032,1.9130213919135364,2.6857142857142855,Chain-GBR-RR,0.5
1058,PLR-REAL-Political,0.3707936507936508,1.9159034544636433,2.761904761904762,Chain-GBR-RR,0.5
1059,PLR-REAL-Political,0.34730158730158733,1.9175764795784098,2.676190476190476,Chain-GBR-RR,0.5
1060,PLR-REAL-Political,0.439622641509434,1.9173843284646404,2.6226415094339623,Chain-GBR-RR,0.5
1061,PLR-REAL-Political,0.4232704402515723,1.9109215622680402,2.5377358490566038,Chain-GBR-RR,0.5
1062,PLR-REAL-Political,0.4522012578616352,1.9158702936428356,2.7358490566037736,Chain-GBR-RR,0.5
1063,PLR-REAL-Political,0.4247619047619048,1.9174140604063183,2.7333333333333334,Chain-GBR-RR,0.5
1064,PLR-REAL-Political,0.41269841269841273,1.9157034963500514,2.7142857142857144,Chain-GBR-RR,0.5
1065,PLR-REAL-Political,0.40952380952380957,1.9169853405750017,2.5428571428571427,Chain-GBR-RR,0.5
1066,PLR-REAL-Political,0.3993650793650794,1.9130389251355693,2.6666666666666665,Chain-GBR-RR,0.5
1067,PLR-REAL-Political,0.3714285714285715,1.9165506925156777,2.619047619047619,Chain-GBR-RR,0.5
1068,PLR-REAL-Political,0.43111111111111117,1.9195575034249472,2.7142857142857144,Chain-GBR-RR,0.5
1069,PLR-REAL-Political,0.46730158730158733,1.9191216897350636,2.7333333333333334,Chain-GBR-RR,0.5
1070,PLR-REAL-Political,0.3955974842767296,1.9150375589182942,2.7169811320754715,Chain-GBR-RR,0.5
1071,PLR-REAL-Political,0.38616352201257864,1.9172779506448272,2.707547169811321,Chain-GBR-RR,0.5
1072,PLR-REAL-Political,0.4094339622641509,1.920307778171464,2.6320754716981134,Chain-GBR-RR,0.5
1073,PLR-REAL-Political,0.46793650793650793,1.91621965128679,2.895238095238095,Chain-GBR-RR,0.5
1074,PLR-REAL-Political,0.379047619047619,1.9153786155295052,2.7142857142857144,Chain-GBR-RR,0.5
1075,PLR-REAL-Political,0.3796825396825397,1.9153671611548222,2.580952380952381,Chain-GBR-RR,0.5
1076,PLR-REAL-Political,0.45333333333333337,1.9159852567092748,2.7333333333333334,Chain-GBR-RR,0.5
1077,PLR-REAL-Political,0.38412698412698415,1.9154806226803212,2.7142857142857144,Chain-GBR-RR,0.5
1078,PLR-REAL-Political,0.4260317460317461,1.9159630518276134,2.8,Chain-GBR-RR,0.5
1079,PLR-REAL-Political,0.406984126984127,1.9158090004031356,2.7142857142857144,Chain-GBR-RR,0.5
1080,PLR-REAL-Political,0.4364779874213837,1.920178024547878,2.6320754716981134,Chain-GBR-RR,0.5
1081,PLR-REAL-Political,0.40628930817610065,1.9132519619396129,2.641509433962264,Chain-GBR-RR,0.5
1082,PLR-REAL-Political,0.429559748427673,1.9196660774509662,2.7264150943396226,Chain-GBR-RR,0.5
1083,PLR-REAL-Political,0.4025396825396826,1.919099729818713,2.780952380952381,Chain-GBR-RR,0.5
1084,PLR-REAL-Political,0.44317460317460317,1.9172280266593107,2.5904761904761906,Chain-GBR-RR,0.5
1085,PLR-REAL-Political,0.4355555555555556,1.9178747052217393,2.7142857142857144,Chain-GBR-RR,0.5
1086,PLR-REAL-Political,0.4006349206349207,1.9148536453279321,2.742857142857143,Chain-GBR-RR,0.5
1087,PLR-REAL-Political,0.38730158730158737,1.9191937942732389,2.676190476190476,Chain-GBR-RR,0.5
1088,PLR-REAL-Political,0.42857142857142866,1.9156889468065048,2.5714285714285716,Chain-GBR-RR,0.5
1089,PLR-REAL-Political,0.38730158730158737,1.916094774809413,2.6285714285714286,Chain-GBR-RR,0.5
1090,PLR-REAL-Political,0.44088050314465405,1.9200209456715498,2.641509433962264,Chain-GBR-RR,0.5
1091,PLR-REAL-Political,0.41635220125786165,1.9200121338351923,2.6037735849056602,Chain-GBR-RR,0.5
1092,PLR-REAL-Political,0.41320754716981134,1.916282475551136,2.7547169811320753,Chain-GBR-RR,0.5
1093,PLR-REAL-Political,0.4355555555555556,1.9183616361423148,2.723809523809524,Chain-GBR-RR,0.5
1094,PLR-REAL-Political,0.40253968253968253,1.9177064472870644,2.676190476190476,Chain-GBR-RR,0.5
1095,PLR-REAL-Political,0.46793650793650793,1.9179117180076237,2.6857142857142855,Chain-GBR-RR,0.5
1096,PLR-REAL-Political,0.42793650793650795,1.9174131417311646,2.761904761904762,Chain-GBR-RR,0.5
1097,PLR-REAL-Political,0.40571428571428575,1.9170044517464855,2.8190476190476192,Chain-GBR-RR,0.5
1098,PLR-REAL-Political,0.38285714285714284,1.9152023430866232,2.742857142857143,Chain-GBR-RR,0.5
1099,PLR-REAL-Political,0.38412698412698415,1.9177266231383028,2.6476190476190475,Chain-GBR-RR,0.5
1100,PLR-REAL-Political,0.6987421383647798,0.6251824271054932,3.3679245283018866,ST-GBR-RR,0.5
1101,PLR-REAL-Political,0.6440251572327045,0.6678533693193662,3.2264150943396226,ST-GBR-RR,0.5
1102,PLR-REAL-Political,0.6427672955974842,0.6569395565195025,3.4622641509433962,ST-GBR-RR,0.5
1103,PLR-REAL-Political,0.6419047619047619,0.6611585589161231,3.466666666666667,ST-GBR-RR,0.5
1104,PLR-REAL-Political,0.6590476190476191,0.665501812881075,3.580952380952381,ST-GBR-RR,0.5
1105,PLR-REAL-Political,0.6634920634920636,0.6694973270801123,3.5238095238095237,ST-GBR-RR,0.5
1106,PLR-REAL-Political,0.6622222222222222,0.6644832556106143,3.466666666666667,ST-GBR-RR,0.5
1107,PLR-REAL-Political,0.6209523809523811,0.666944001469316,3.3904761904761904,ST-GBR-RR,0.5
1108,PLR-REAL-Political,0.6546031746031747,0.6741386964235804,3.5619047619047617,ST-GBR-RR,0.5
1109,PLR-REAL-Political,0.657142857142857,0.653624710309097,3.447619047619048,ST-GBR-RR,0.5
1110,PLR-REAL-Political,0.6182389937106918,0.6687437530001867,3.2735849056603774,ST-GBR-RR,0.5
1111,PLR-REAL-Political,0.6320754716981132,0.6759847387336296,3.2452830188679247,ST-GBR-RR,0.5
1112,PLR-REAL-Political,0.6421383647798742,0.6765326022690286,3.5660377358490565,ST-GBR-RR,0.5
1113,PLR-REAL-Political,0.6495238095238094,0.673706513985465,3.4952380952380953,ST-GBR-RR,0.5
1114,PLR-REAL-Political,0.6311111111111111,0.6652095603430649,3.4380952380952383,ST-GBR-RR,0.5
1115,PLR-REAL-Political,0.6425396825396825,0.6278711865702983,3.4,ST-GBR-RR,0.5
1116,PLR-REAL-Political,0.6425396825396825,0.6234865483311914,3.3142857142857145,ST-GBR-RR,0.5
1117,PLR-REAL-Political,0.631111111111111,0.7238681157426634,3.3714285714285714,ST-GBR-RR,0.5
1118,PLR-REAL-Political,0.673015873015873,0.6681139999639751,3.419047619047619,ST-GBR-RR,0.5
1119,PLR-REAL-Political,0.6533333333333333,0.6717637912274896,3.342857142857143,ST-GBR-RR,0.5
1120,PLR-REAL-Political,0.6402515723270441,0.6744762049345153,3.5,ST-GBR-RR,0.5
1121,PLR-REAL-Political,0.6176100628930816,0.6444595145272835,3.4150943396226414,ST-GBR-RR,0.5
1122,PLR-REAL-Political,0.6515723270440252,0.6722173658858874,3.4245283018867925,ST-GBR-RR,0.5
1123,PLR-REAL-Political,0.6412698412698413,0.6762022456632503,3.323809523809524,ST-GBR-RR,0.5
1124,PLR-REAL-Political,0.6374603174603175,0.6753511670962749,3.4,ST-GBR-RR,0.5
1125,PLR-REAL-Political,0.6304761904761905,0.641431269843051,3.419047619047619,ST-GBR-RR,0.5
1126,PLR-REAL-Political,0.6438095238095237,0.6586680323311428,3.4380952380952383,ST-GBR-RR,0.5
1127,PLR-REAL-Political,0.6355555555555555,0.6843355654855328,3.4571428571428573,ST-GBR-RR,0.5
1128,PLR-REAL-Political,0.6368253968253968,0.6840999947734537,3.4380952380952383,ST-GBR-RR,0.5
1129,PLR-REAL-Political,0.6615873015873016,0.6768777148983415,3.4095238095238094,ST-GBR-RR,0.5
1130,PLR-REAL-Political,0.6207547169811322,0.7196073103340753,3.4245283018867925,ST-GBR-RR,0.5
1131,PLR-REAL-Political,0.6358490566037736,0.6721797862753645,3.443396226415094,ST-GBR-RR,0.5
1132,PLR-REAL-Political,0.6232704402515722,0.6701661033491345,3.4339622641509435,ST-GBR-RR,0.5
1133,PLR-REAL-Political,0.6285714285714286,0.630835388933721,3.4095238095238094,ST-GBR-RR,0.5
1134,PLR-REAL-Political,0.6438095238095239,0.6669744711585387,3.342857142857143,ST-GBR-RR,0.5
1135,PLR-REAL-Political,0.627936507936508,0.6846010912725209,3.5714285714285716,ST-GBR-RR,0.5
1136,PLR-REAL-Political,0.6501587301587302,0.6838762036982801,3.5047619047619047,ST-GBR-RR,0.5
1137,PLR-REAL-Political,0.6704761904761906,0.6739520337370437,3.4761904761904763,ST-GBR-RR,0.5
1138,PLR-REAL-Political,0.6717460317460318,0.6744846780409426,3.380952380952381,ST-GBR-RR,0.5
1139,PLR-REAL-Political,0.6558730158730158,0.662724168010394,3.3523809523809525,ST-GBR-RR,0.5
1140,PLR-REAL-Political,0.6566037735849056,0.6627856697991908,3.4716981132075473,ST-GBR-RR,0.5
1141,PLR-REAL-Political,0.6509433962264153,0.6711368756556755,3.4150943396226414,ST-GBR-RR,0.5
1142,PLR-REAL-Political,0.6358490566037737,0.6707423037487291,3.3962264150943398,ST-GBR-RR,0.5
1143,PLR-REAL-Political,0.6577777777777779,0.658986310851437,3.3333333333333335,ST-GBR-RR,0.5
1144,PLR-REAL-Political,0.6253968253968253,0.6508594656342542,3.276190476190476,ST-GBR-RR,0.5
1145,PLR-REAL-Political,0.650793650793651,0.6836865064156334,3.3904761904761904,ST-GBR-RR,0.5
1146,PLR-REAL-Political,0.6526984126984127,0.6848794083550654,3.5619047619047617,ST-GBR-RR,0.5
1147,PLR-REAL-Political,0.6660317460317461,0.6711322142521358,3.4571428571428573,ST-GBR-RR,0.5
1148,PLR-REAL-Political,0.6622222222222224,0.5950446681606469,3.3333333333333335,ST-GBR-RR,0.5
1149,PLR-REAL-Political,0.6565079365079364,0.6695322039587932,3.3523809523809525,ST-GBR-RR,0.5
1150,PLR-REAL-Political,0.5861635220125787,0.6688122495168057,2.9245283018867925,ST-GBR-PI,0.5
1151,PLR-REAL-Political,0.5830188679245283,0.6160342084727927,2.9339622641509435,ST-GBR-PI,0.5
1152,PLR-REAL-Political,0.5641509433962264,0.65189042033385,2.8773584905660377,ST-GBR-PI,0.5
1153,PLR-REAL-Political,0.6438095238095237,0.5986037293941319,2.8857142857142857,ST-GBR-PI,0.5
1154,PLR-REAL-Political,0.5898412698412698,0.6891097168912711,3.066666666666667,ST-GBR-PI,0.5
1155,PLR-REAL-Political,0.6088888888888888,0.6541387614254163,2.961904761904762,ST-GBR-PI,0.5
1156,PLR-REAL-Political,0.6050793650793651,0.6619648448630768,2.980952380952381,ST-GBR-PI,0.5
1157,PLR-REAL-Political,0.5599999999999999,0.6661613431147565,3.0,ST-GBR-PI,0.5
1158,PLR-REAL-Political,0.5676190476190477,0.6656609451495621,2.980952380952381,ST-GBR-PI,0.5
1159,PLR-REAL-Political,0.5993650793650794,0.6722149292238345,2.980952380952381,ST-GBR-PI,0.5
1160,PLR-REAL-Political,0.5547169811320753,0.672499448968128,2.8867924528301887,ST-GBR-PI,0.5
1161,PLR-REAL-Political,0.530188679245283,0.6661979399190171,2.7830188679245285,ST-GBR-PI,0.5
1162,PLR-REAL-Political,0.5666666666666667,0.6596210139721903,3.1132075471698113,ST-GBR-PI,0.5
1163,PLR-REAL-Political,0.5784126984126984,0.6324788035325576,2.942857142857143,ST-GBR-PI,0.5
1164,PLR-REAL-Political,0.5904761904761905,0.6722942935371092,2.8285714285714287,ST-GBR-PI,0.5
1165,PLR-REAL-Political,0.5866666666666666,0.6818329700598262,2.933333333333333,ST-GBR-PI,0.5
1166,PLR-REAL-Political,0.6196825396825398,0.6617634387869504,2.980952380952381,ST-GBR-PI,0.5
1167,PLR-REAL-Political,0.5726984126984127,0.6488532977744397,2.980952380952381,ST-GBR-PI,0.5
1168,PLR-REAL-Political,0.6450793650793649,0.670152541582745,2.9238095238095236,ST-GBR-PI,0.5
1169,PLR-REAL-Political,0.6298412698412699,0.667134443817053,2.9714285714285715,ST-GBR-PI,0.5
1170,PLR-REAL-Political,0.5754716981132075,0.6691921868002277,3.0660377358490565,ST-GBR-PI,0.5
1171,PLR-REAL-Political,0.5635220125786163,0.6696978243374316,2.830188679245283,ST-GBR-PI,0.5
1172,PLR-REAL-Political,0.5981132075471699,0.6739517364594882,2.9056603773584904,ST-GBR-PI,0.5
1173,PLR-REAL-Political,0.6082539682539684,0.6681832009724368,2.9047619047619047,ST-GBR-PI,0.5
1174,PLR-REAL-Political,0.5898412698412698,0.6424369486628415,2.9047619047619047,ST-GBR-PI,0.5
1175,PLR-REAL-Political,0.5777777777777777,0.6765357929028576,2.961904761904762,ST-GBR-PI,0.5
1176,PLR-REAL-Political,0.619047619047619,0.6674943924590866,2.933333333333333,ST-GBR-PI,0.5
1177,PLR-REAL-Political,0.5587301587301587,0.6659971951985957,2.9714285714285715,ST-GBR-PI,0.5
1178,PLR-REAL-Political,0.5961904761904762,0.6651577497015775,2.7333333333333334,ST-GBR-PI,0.5
1179,PLR-REAL-Political,0.5822222222222222,0.6756186992645244,2.942857142857143,ST-GBR-PI,0.5
1180,PLR-REAL-Political,0.5805031446540881,0.6673688889469699,2.9056603773584904,ST-GBR-PI,0.5
1181,PLR-REAL-Political,0.5704402515723271,0.6638638835742279,2.6792452830188678,ST-GBR-PI,0.5
1182,PLR-REAL-Political,0.5591194968553459,0.6766625274664002,2.9245283018867925,ST-GBR-PI,0.5
1183,PLR-REAL-Political,0.5961904761904762,0.6868378645293269,2.9047619047619047,ST-GBR-PI,0.5
1184,PLR-REAL-Political,0.5841269841269842,0.6710002376332391,2.9714285714285715,ST-GBR-PI,0.5
1185,PLR-REAL-Political,0.593015873015873,0.6739872728943554,2.8666666666666667,ST-GBR-PI,0.5
1186,PLR-REAL-Political,0.6019047619047618,0.6712533329330623,2.9904761904761905,ST-GBR-PI,0.5
1187,PLR-REAL-Political,0.6006349206349206,0.6640260130661596,3.1714285714285713,ST-GBR-PI,0.5
1188,PLR-REAL-Political,0.5904761904761904,0.7302463892370479,2.8,ST-GBR-PI,0.5
1189,PLR-REAL-Political,0.5657142857142857,0.6642170277485474,3.057142857142857,ST-GBR-PI,0.5
1190,PLR-REAL-Political,0.590566037735849,0.6595262610678445,2.9339622641509435,ST-GBR-PI,0.5
1191,PLR-REAL-Political,0.6,0.6640071565342209,2.8867924528301887,ST-GBR-PI,0.5
1192,PLR-REAL-Political,0.5893081761006289,0.6730815588828227,2.8962264150943398,ST-GBR-PI,0.5
1193,PLR-REAL-Political,0.5822222222222222,0.6675330305647315,2.8285714285714287,ST-GBR-PI,0.5
1194,PLR-REAL-Political,0.5955555555555555,0.6750302134563467,2.8190476190476192,ST-GBR-PI,0.5
1195,PLR-REAL-Political,0.6044444444444446,0.6648031730504042,2.8857142857142857,ST-GBR-PI,0.5
1196,PLR-REAL-Political,0.6082539682539683,0.6706613190335037,3.0285714285714285,ST-GBR-PI,0.5
1197,PLR-REAL-Political,0.5599999999999999,0.6843678163710455,2.8,ST-GBR-PI,0.5
1198,PLR-REAL-Political,0.5606349206349206,0.678026464825159,2.9714285714285715,ST-GBR-PI,0.5
1199,PLR-REAL-Political,0.572063492063492,0.659860631534619,3.1904761904761907,ST-GBR-PI,0.5
1200,PLR-REAL-Political,0.7176100628930818,1.2440664825662275,3.141509433962264,RPC-GB,0.5
1201,PLR-REAL-Political,0.7119496855345913,1.322167112372868,3.160377358490566,RPC-GB,0.5
1202,PLR-REAL-Political,0.6823899371069183,1.2304451259926203,3.5943396226415096,RPC-GB,0.5
1203,PLR-REAL-Political,0.7155555555555556,1.2283742479143183,3.3904761904761904,RPC-GB,0.5
1204,PLR-REAL-Political,0.6914285714285715,1.2493329728078557,3.552380952380952,RPC-GB,0.5
1205,PLR-REAL-Political,0.728888888888889,1.2303259868908458,3.2857142857142856,RPC-GB,0.5
1206,PLR-REAL-Political,0.704126984126984,1.300824361701027,3.466666666666667,RPC-GB,0.5
1207,PLR-REAL-Political,0.6825396825396824,1.2146955572981823,3.1523809523809523,RPC-GB,0.5
1208,PLR-REAL-Political,0.7225396825396825,1.243051224615925,3.1714285714285713,RPC-GB,0.5
1209,PLR-REAL-Political,0.7180952380952381,1.2901730516561543,3.3142857142857145,RPC-GB,0.5
1210,PLR-REAL-Political,0.7012578616352201,1.2486701100962334,3.349056603773585,RPC-GB,0.5
1211,PLR-REAL-Political,0.6817610062893081,1.2423931544259808,3.160377358490566,RPC-GB,0.5
1212,PLR-REAL-Political,0.7025157232704403,1.258698855938228,3.443396226415094,RPC-GB,0.5
1213,PLR-REAL-Political,0.6565079365079364,1.2251866363628365,3.2476190476190476,RPC-GB,0.5
1214,PLR-REAL-Political,0.6939682539682539,1.2368363521140788,3.323809523809524,RPC-GB,0.5
1215,PLR-REAL-Political,0.6952380952380952,1.2388706308864592,3.2095238095238097,RPC-GB,0.5
1216,PLR-REAL-Political,0.7238095238095238,1.3029651483911877,3.219047619047619,RPC-GB,0.5
1217,PLR-REAL-Political,0.7073015873015873,1.2261480884942704,3.380952380952381,RPC-GB,0.5
1218,PLR-REAL-Political,0.7314285714285714,1.2416228803621578,3.5238095238095237,RPC-GB,0.5
1219,PLR-REAL-Political,0.7403174603174602,1.2321104106307024,3.5238095238095237,RPC-GB,0.5
1220,PLR-REAL-Political,0.6742138364779875,1.2342298400080398,3.3207547169811322,RPC-GB,0.5
1221,PLR-REAL-Political,0.6924528301886793,1.2452770134316187,3.311320754716981,RPC-GB,0.5
1222,PLR-REAL-Political,0.7176100628930818,1.2466963155479613,3.4622641509433962,RPC-GB,0.5
1223,PLR-REAL-Political,0.6920634920634922,1.2346592363496647,3.1809523809523808,RPC-GB,0.5
1224,PLR-REAL-Political,0.7231746031746032,1.2231242615053857,3.4857142857142858,RPC-GB,0.5
1225,PLR-REAL-Political,0.6926984126984128,1.2372790546968622,3.2095238095238097,RPC-GB,0.5
1226,PLR-REAL-Political,0.7174603174603175,1.2956670170524922,3.361904761904762,RPC-GB,0.5
1227,PLR-REAL-Political,0.6876190476190477,1.2492424179787927,3.1904761904761907,RPC-GB,0.5
1228,PLR-REAL-Political,0.713015873015873,1.2421611593410673,3.238095238095238,RPC-GB,0.5
1229,PLR-REAL-Political,0.7225396825396826,1.2452068751888454,3.4571428571428573,RPC-GB,0.5
1230,PLR-REAL-Political,0.6861635220125788,1.2254764991509717,3.2264150943396226,RPC-GB,0.5
1231,PLR-REAL-Political,0.7163522012578617,1.2451534588523465,3.30188679245283,RPC-GB,0.5
1232,PLR-REAL-Political,0.670440251572327,1.2490728406180442,3.2264150943396226,RPC-GB,0.5
1233,PLR-REAL-Political,0.6952380952380952,1.2443259592775882,3.419047619047619,RPC-GB,0.5
1234,PLR-REAL-Political,0.7015873015873016,1.2889477940661598,3.257142857142857,RPC-GB,0.5
1235,PLR-REAL-Political,0.6603174603174604,1.2298876127081517,3.2857142857142856,RPC-GB,0.5
1236,PLR-REAL-Political,0.6825396825396824,1.2329168159947073,3.4,RPC-GB,0.5
1237,PLR-REAL-Political,0.7117460317460318,1.241434723247399,3.276190476190476,RPC-GB,0.5
1238,PLR-REAL-Political,0.706031746031746,1.250424543478272,3.1714285714285713,RPC-GB,0.5
1239,PLR-REAL-Political,0.706031746031746,1.23823996378787,3.3333333333333335,RPC-GB,0.5
1240,PLR-REAL-Political,0.70062893081761,1.293476946383304,3.292452830188679,RPC-GB,0.5
1241,PLR-REAL-Political,0.7169811320754716,1.2440263525952662,3.330188679245283,RPC-GB,0.5
1242,PLR-REAL-Political,0.6849056603773586,1.3047729859642125,3.3773584905660377,RPC-GB,0.5
1243,PLR-REAL-Political,0.7168253968253968,1.2302383756879876,3.4380952380952383,RPC-GB,0.5
1244,PLR-REAL-Political,0.7034920634920633,1.236856850246328,3.1809523809523808,RPC-GB,0.5
1245,PLR-REAL-Political,0.6990476190476189,1.3190494664178245,3.4285714285714284,RPC-GB,0.5
1246,PLR-REAL-Political,0.7136507936507936,1.2616819433181898,3.2666666666666666,RPC-GB,0.5
1247,PLR-REAL-Political,0.6971428571428571,1.2792475803720496,3.238095238095238,RPC-GB,0.5
1248,PLR-REAL-Political,0.6920634920634922,1.237299629797982,3.1333333333333333,RPC-GB,0.5
1249,PLR-REAL-Political,0.6939682539682539,1.251582853894246,3.2095238095238097,RPC-GB,0.5
1250,PLR-REAL-Political,0.329559748427673,1.906571650642254,1.7452830188679245,Chain-GBR-PI,0.6
1251,PLR-REAL-Political,0.3534591194968554,1.905059465218093,1.8018867924528301,Chain-GBR-PI,0.6
1252,PLR-REAL-Political,0.289937106918239,1.9093174382245064,1.8584905660377358,Chain-GBR-PI,0.6
1253,PLR-REAL-Political,0.3714285714285714,1.9085578164807329,1.838095238095238,Chain-GBR-PI,0.6
1254,PLR-REAL-Political,0.3885714285714286,1.9065782457246674,1.9428571428571428,Chain-GBR-PI,0.6
1255,PLR-REAL-Political,0.3073015873015873,1.9075191023674811,1.9047619047619047,Chain-GBR-PI,0.6
1256,PLR-REAL-Political,0.36000000000000004,1.9051079483887192,1.9714285714285715,Chain-GBR-PI,0.6
1257,PLR-REAL-Political,0.340952380952381,1.904526272369365,1.8571428571428572,Chain-GBR-PI,0.6
1258,PLR-REAL-Political,0.32698412698412693,1.907439034905958,2.0,Chain-GBR-PI,0.6
1259,PLR-REAL-Political,0.3352380952380952,1.9063188718007464,1.838095238095238,Chain-GBR-PI,0.6
1260,PLR-REAL-Political,0.308805031446541,1.9038377611871378,1.971698113207547,Chain-GBR-PI,0.6
1261,PLR-REAL-Political,0.3433962264150944,1.9055485926321223,1.8679245283018868,Chain-GBR-PI,0.6
1262,PLR-REAL-Political,0.3484276729559748,1.9018472520139023,1.8679245283018868,Chain-GBR-PI,0.6
1263,PLR-REAL-Political,0.3720634920634921,1.9070707005755339,1.8476190476190477,Chain-GBR-PI,0.6
1264,PLR-REAL-Political,0.3593650793650794,1.904395832767299,1.8,Chain-GBR-PI,0.6
1265,PLR-REAL-Political,0.3784126984126984,1.9076130645555467,1.819047619047619,Chain-GBR-PI,0.6
1266,PLR-REAL-Political,0.37396825396825395,1.9051263422840001,1.9047619047619047,Chain-GBR-PI,0.6
1267,PLR-REAL-Political,0.326984126984127,1.9114670698736496,2.142857142857143,Chain-GBR-PI,0.6
1268,PLR-REAL-Political,0.3511111111111111,1.9058280147605102,1.8761904761904762,Chain-GBR-PI,0.6
1269,PLR-REAL-Political,0.34412698412698417,1.9037343223150527,1.9142857142857144,Chain-GBR-PI,0.6
1270,PLR-REAL-Political,0.3748427672955975,1.902778133449307,1.9339622641509433,Chain-GBR-PI,0.6
1271,PLR-REAL-Political,0.2993710691823899,1.9042764108732022,1.8867924528301887,Chain-GBR-PI,0.6
1272,PLR-REAL-Political,0.28742138364779873,1.9052329653024827,1.9528301886792452,Chain-GBR-PI,0.6
1273,PLR-REAL-Political,0.4031746031746032,1.9061271977736223,2.0,Chain-GBR-PI,0.6
1274,PLR-REAL-Political,0.326984126984127,1.9088714050096927,1.9142857142857144,Chain-GBR-PI,0.6
1275,PLR-REAL-Political,0.38349206349206355,1.9067486575280246,2.085714285714286,Chain-GBR-PI,0.6
1276,PLR-REAL-Political,0.35301587301587306,1.9076315105174313,2.0095238095238095,Chain-GBR-PI,0.6
1277,PLR-REAL-Political,0.32571428571428573,1.9050998504183836,1.9047619047619047,Chain-GBR-PI,0.6
1278,PLR-REAL-Political,0.3714285714285715,1.9036203353324324,1.9333333333333333,Chain-GBR-PI,0.6
1279,PLR-REAL-Political,0.30857142857142855,1.9038311781965986,1.8857142857142857,Chain-GBR-PI,0.6
1280,PLR-REAL-Political,0.38113207547169814,1.9018648237945863,1.820754716981132,Chain-GBR-PI,0.6
1281,PLR-REAL-Political,0.3352201257861635,1.9080509822580083,1.820754716981132,Chain-GBR-PI,0.6
1282,PLR-REAL-Political,0.3377358490566038,1.9047757242996497,1.8584905660377358,Chain-GBR-PI,0.6
1283,PLR-REAL-Political,0.3568253968253968,1.9032905844436108,1.9428571428571428,Chain-GBR-PI,0.6
1284,PLR-REAL-Political,0.34793650793650793,1.9069533353190884,2.1333333333333333,Chain-GBR-PI,0.6
1285,PLR-REAL-Political,0.3619047619047619,1.9082730268513068,1.8285714285714285,Chain-GBR-PI,0.6
1286,PLR-REAL-Political,0.3098412698412698,1.9038745181891292,1.7523809523809524,Chain-GBR-PI,0.6
1287,PLR-REAL-Political,0.3657142857142857,1.9075022081116697,1.8476190476190477,Chain-GBR-PI,0.6
1288,PLR-REAL-Political,0.31873015873015875,1.9072222450801268,1.6761904761904762,Chain-GBR-PI,0.6
1289,PLR-REAL-Political,0.3549206349206349,1.9039149623985747,2.038095238095238,Chain-GBR-PI,0.6
1290,PLR-REAL-Political,0.32515723270440255,1.9010173894513793,1.9339622641509433,Chain-GBR-PI,0.6
1291,PLR-REAL-Political,0.3352201257861635,1.9006592519281658,1.650943396226415,Chain-GBR-PI,0.6
1292,PLR-REAL-Political,0.3232704402515723,1.9000015989600962,1.7075471698113207,Chain-GBR-PI,0.6
1293,PLR-REAL-Political,0.333968253968254,1.90342978439854,1.8095238095238095,Chain-GBR-PI,0.6
1294,PLR-REAL-Political,0.35047619047619044,1.9072620234242341,1.9428571428571428,Chain-GBR-PI,0.6
1295,PLR-REAL-Political,0.36761904761904757,1.9045716050851276,2.0285714285714285,Chain-GBR-PI,0.6
1296,PLR-REAL-Political,0.3587301587301588,1.9039391489751532,1.9142857142857144,Chain-GBR-PI,0.6
1297,PLR-REAL-Political,0.2615873015873016,1.90789736857534,1.8571428571428572,Chain-GBR-PI,0.6
1298,PLR-REAL-Political,0.37333333333333335,1.9038357003858553,2.0285714285714285,Chain-GBR-PI,0.6
1299,PLR-REAL-Political,0.3923809523809524,1.9028744934494146,1.9047619047619047,Chain-GBR-PI,0.6
1300,PLR-REAL-Political,0.36603773584905663,1.893490696544361,2.547169811320755,Chain-GBR-RR,0.6
1301,PLR-REAL-Political,0.349685534591195,1.8907153595905297,2.556603773584906,Chain-GBR-RR,0.6
1302,PLR-REAL-Political,0.30566037735849055,1.8896368468715241,2.707547169811321,Chain-GBR-RR,0.6
1303,PLR-REAL-Political,0.3663492063492064,1.8944775432416783,2.742857142857143,Chain-GBR-RR,0.6
1304,PLR-REAL-Political,0.40761904761904766,1.8914668633309286,2.552380952380952,Chain-GBR-RR,0.6
1305,PLR-REAL-Political,0.358095238095238,1.895470237740292,2.6285714285714286,Chain-GBR-RR,0.6
1306,PLR-REAL-Political,0.3828571428571429,1.892451452771182,2.5904761904761906,Chain-GBR-RR,0.6
1307,PLR-REAL-Political,0.34222222222222226,1.8909298093456874,2.4952380952380953,Chain-GBR-RR,0.6
1308,PLR-REAL-Political,0.326984126984127,1.8903887988848393,2.6,Chain-GBR-RR,0.6
1309,PLR-REAL-Political,0.34412698412698417,1.8928186540090683,2.580952380952381,Chain-GBR-RR,0.6
1310,PLR-REAL-Political,0.35094339622641507,1.8905955394974614,2.650943396226415,Chain-GBR-RR,0.6
1311,PLR-REAL-Political,0.35849056603773594,1.8922431476998633,2.452830188679245,Chain-GBR-RR,0.6
1312,PLR-REAL-Political,0.3528301886792453,1.8895900343955456,2.6037735849056602,Chain-GBR-RR,0.6
1313,PLR-REAL-Political,0.3936507936507936,1.8974381666098192,2.7142857142857144,Chain-GBR-RR,0.6
1314,PLR-REAL-Political,0.36952380952380964,1.8909903468988911,2.5047619047619047,Chain-GBR-RR,0.6
1315,PLR-REAL-Political,0.33968253968253964,1.8909714122570798,2.5428571428571427,Chain-GBR-RR,0.6
1316,PLR-REAL-Political,0.33968253968253964,1.8909412148655391,2.4952380952380953,Chain-GBR-RR,0.6
1317,PLR-REAL-Political,0.3619047619047619,1.8960122974252516,2.704761904761905,Chain-GBR-RR,0.6
1318,PLR-REAL-Political,0.37142857142857144,1.8914625187395697,2.580952380952381,Chain-GBR-RR,0.6
1319,PLR-REAL-Political,0.34158730158730166,1.889968519615548,2.6285714285714286,Chain-GBR-RR,0.6
1320,PLR-REAL-Political,0.4113207547169811,1.899615415807768,2.69811320754717,Chain-GBR-RR,0.6
1321,PLR-REAL-Political,0.36226415094339626,1.8905467856968259,2.6320754716981134,Chain-GBR-RR,0.6
1322,PLR-REAL-Political,0.3402515723270441,1.88951853470738,2.556603773584906,Chain-GBR-RR,0.6
1323,PLR-REAL-Political,0.3777777777777778,1.8913736835709831,2.657142857142857,Chain-GBR-RR,0.6
1324,PLR-REAL-Political,0.3492063492063492,1.8920328408545362,2.6,Chain-GBR-RR,0.6
1325,PLR-REAL-Political,0.3536507936507937,1.8896787811647373,2.6,Chain-GBR-RR,0.6
1326,PLR-REAL-Political,0.366984126984127,1.8917341009853346,2.5238095238095237,Chain-GBR-RR,0.6
1327,PLR-REAL-Political,0.3898412698412699,1.8875918324851524,2.580952380952381,Chain-GBR-RR,0.6
1328,PLR-REAL-Political,0.36380952380952375,1.889489003905087,2.5619047619047617,Chain-GBR-RR,0.6
1329,PLR-REAL-Political,0.340952380952381,1.8888349862066183,2.5904761904761906,Chain-GBR-RR,0.6
1330,PLR-REAL-Political,0.39308176100628933,1.8918803588202648,2.5283018867924527,Chain-GBR-RR,0.6
1331,PLR-REAL-Political,0.36540880503144657,1.8891419755904337,2.518867924528302,Chain-GBR-RR,0.6
1332,PLR-REAL-Political,0.3264150943396227,1.8856210048631712,2.556603773584906,Chain-GBR-RR,0.6
1333,PLR-REAL-Political,0.3517460317460318,1.892695427426973,2.5714285714285716,Chain-GBR-RR,0.6
1334,PLR-REAL-Political,0.3415873015873016,1.8891105051903323,2.6095238095238096,Chain-GBR-RR,0.6
1335,PLR-REAL-Political,0.38857142857142857,1.8942839755462435,2.4571428571428573,Chain-GBR-RR,0.6
1336,PLR-REAL-Political,0.3746031746031746,1.888111955099018,2.6,Chain-GBR-RR,0.6
1337,PLR-REAL-Political,0.353015873015873,1.8943788258817114,2.4952380952380953,Chain-GBR-RR,0.6
1338,PLR-REAL-Political,0.35746031746031753,1.8911327068780008,2.552380952380952,Chain-GBR-RR,0.6
1339,PLR-REAL-Political,0.34412698412698417,1.8879634191426673,2.552380952380952,Chain-GBR-RR,0.6
1340,PLR-REAL-Political,0.34968553459119495,1.8877653506360719,2.5943396226415096,Chain-GBR-RR,0.6
1341,PLR-REAL-Political,0.3018867924528302,1.8853643886275504,2.481132075471698,Chain-GBR-RR,0.6
1342,PLR-REAL-Political,0.34088050314465407,1.8861486889725085,2.518867924528302,Chain-GBR-RR,0.6
1343,PLR-REAL-Political,0.36380952380952386,1.8910211902163006,2.5619047619047617,Chain-GBR-RR,0.6
1344,PLR-REAL-Political,0.36253968253968255,1.894770133551014,2.6095238095238096,Chain-GBR-RR,0.6
1345,PLR-REAL-Political,0.39619047619047626,1.8890129366850659,2.704761904761905,Chain-GBR-RR,0.6
1346,PLR-REAL-Political,0.35746031746031737,1.8894679534092464,2.466666666666667,Chain-GBR-RR,0.6
1347,PLR-REAL-Political,0.32571428571428573,1.8892354117080665,2.552380952380952,Chain-GBR-RR,0.6
1348,PLR-REAL-Political,0.36253968253968255,1.893091383706025,2.6285714285714286,Chain-GBR-RR,0.6
1349,PLR-REAL-Political,0.4114285714285715,1.8872667079881293,2.4857142857142858,Chain-GBR-RR,0.6
1350,PLR-REAL-Political,0.6364779874213836,0.6283688518622216,3.339622641509434,ST-GBR-RR,0.6
1351,PLR-REAL-Political,0.6509433962264151,0.6089452965434361,3.311320754716981,ST-GBR-RR,0.6
1352,PLR-REAL-Political,0.6157232704402515,0.6014363356679913,3.2641509433962264,ST-GBR-RR,0.6
1353,PLR-REAL-Political,0.6431746031746032,0.619805092634445,3.5047619047619047,ST-GBR-RR,0.6
1354,PLR-REAL-Political,0.6736507936507936,0.635209953611367,3.5238095238095237,ST-GBR-RR,0.6
1355,PLR-REAL-Political,0.6374603174603175,0.5530472493769923,3.419047619047619,ST-GBR-RR,0.6
1356,PLR-REAL-Political,0.633015873015873,0.629621217803016,3.4,ST-GBR-RR,0.6
1357,PLR-REAL-Political,0.5815873015873015,0.6178439827281804,3.361904761904762,ST-GBR-RR,0.6
1358,PLR-REAL-Political,0.660952380952381,0.7083626804893146,3.4571428571428573,ST-GBR-RR,0.6
1359,PLR-REAL-Political,0.6285714285714286,0.6384849573752166,3.3523809523809525,ST-GBR-RR,0.6
1360,PLR-REAL-Political,0.5955974842767295,0.628719476471194,3.3962264150943398,ST-GBR-RR,0.6
1361,PLR-REAL-Political,0.6125786163522011,0.6224724876471112,3.2169811320754715,ST-GBR-RR,0.6
1362,PLR-REAL-Political,0.6490566037735849,0.5944483527931239,3.5377358490566038,ST-GBR-RR,0.6
1363,PLR-REAL-Political,0.6063492063492063,0.6252667630760416,3.342857142857143,ST-GBR-RR,0.6
1364,PLR-REAL-Political,0.6203174603174604,0.6367083883978253,3.3047619047619046,ST-GBR-RR,0.6
1365,PLR-REAL-Political,0.6368253968253968,0.6378964140629925,3.3523809523809525,ST-GBR-RR,0.6
1366,PLR-REAL-Political,0.6298412698412701,0.6371444254845867,3.4,ST-GBR-RR,0.6
1367,PLR-REAL-Political,0.6457142857142858,0.6342702065698392,3.257142857142857,ST-GBR-RR,0.6
1368,PLR-REAL-Political,0.634920634920635,0.6325143364423098,3.580952380952381,ST-GBR-RR,0.6
1369,PLR-REAL-Political,0.6438095238095239,0.6365352873490729,3.6476190476190475,ST-GBR-RR,0.6
1370,PLR-REAL-Political,0.6125786163522013,0.6381541906075905,3.5377358490566038,ST-GBR-RR,0.6
1371,PLR-REAL-Political,0.6257861635220127,0.5597552635454444,3.3679245283018866,ST-GBR-RR,0.6
1372,PLR-REAL-Political,0.6433962264150944,0.6275572820082068,3.339622641509434,ST-GBR-RR,0.6
1373,PLR-REAL-Political,0.6342857142857142,0.6247774331354463,3.323809523809524,ST-GBR-RR,0.6
1374,PLR-REAL-Political,0.6495238095238094,0.6402450327309089,3.361904761904762,ST-GBR-RR,0.6
1375,PLR-REAL-Political,0.6336507936507937,0.6981543102185165,3.323809523809524,ST-GBR-RR,0.6
1376,PLR-REAL-Political,0.6285714285714287,0.6325136212171041,3.447619047619048,ST-GBR-RR,0.6
1377,PLR-REAL-Political,0.6063492063492063,0.6344945192937096,3.3714285714285714,ST-GBR-RR,0.6
1378,PLR-REAL-Political,0.6431746031746032,0.7129367243545591,3.447619047619048,ST-GBR-RR,0.6
1379,PLR-REAL-Political,0.6273015873015874,0.631037826181477,3.4095238095238094,ST-GBR-RR,0.6
1380,PLR-REAL-Political,0.6188679245283019,0.6396296702245295,3.3207547169811322,ST-GBR-RR,0.6
1381,PLR-REAL-Political,0.6037735849056604,0.6216386458736474,3.518867924528302,ST-GBR-RR,0.6
1382,PLR-REAL-Political,0.6339622641509433,0.7570974428866559,3.5283018867924527,ST-GBR-RR,0.6
1383,PLR-REAL-Political,0.6095238095238096,0.6234819203550408,3.3333333333333335,ST-GBR-RR,0.6
1384,PLR-REAL-Political,0.6387301587301587,0.6192493358323783,3.4571428571428573,ST-GBR-RR,0.6
1385,PLR-REAL-Political,0.6126984126984126,0.6381594650417942,3.419047619047619,ST-GBR-RR,0.6
1386,PLR-REAL-Political,0.6184126984126984,0.6791960365144074,3.4095238095238094,ST-GBR-RR,0.6
1387,PLR-REAL-Political,0.6203174603174604,0.6265196261532909,3.419047619047619,ST-GBR-RR,0.6
1388,PLR-REAL-Political,0.6698412698412698,0.6333092751076773,3.342857142857143,ST-GBR-RR,0.6
1389,PLR-REAL-Political,0.660952380952381,0.6445244107822764,3.3333333333333335,ST-GBR-RR,0.6
1390,PLR-REAL-Political,0.6610062893081761,0.62467501394134,3.5943396226415096,ST-GBR-RR,0.6
1391,PLR-REAL-Political,0.6666666666666669,0.6047911490154702,3.330188679245283,ST-GBR-RR,0.6
1392,PLR-REAL-Political,0.618867924528302,0.6383292645577833,3.4716981132075473,ST-GBR-RR,0.6
1393,PLR-REAL-Political,0.6412698412698411,0.7107757242490171,3.4,ST-GBR-RR,0.6
1394,PLR-REAL-Political,0.6133333333333333,0.6376733577141483,3.361904761904762,ST-GBR-RR,0.6
1395,PLR-REAL-Political,0.6114285714285713,0.6272061647279041,3.361904761904762,ST-GBR-RR,0.6
1396,PLR-REAL-Political,0.6507936507936507,0.622815367347361,3.4,ST-GBR-RR,0.6
1397,PLR-REAL-Political,0.6393650793650795,0.6282182574729676,3.4285714285714284,ST-GBR-RR,0.6
1398,PLR-REAL-Political,0.6419047619047619,0.6277600091769465,3.276190476190476,ST-GBR-RR,0.6
1399,PLR-REAL-Political,0.6114285714285714,0.6291178601269991,3.361904761904762,ST-GBR-RR,0.6
1400,PLR-REAL-Political,0.579874213836478,0.623851370146979,2.9716981132075473,ST-GBR-PI,0.6
1401,PLR-REAL-Political,0.5805031446540879,0.6289616554448817,2.8867924528301887,ST-GBR-PI,0.6
1402,PLR-REAL-Political,0.5088050314465409,0.632859472603613,2.8679245283018866,ST-GBR-PI,0.6
1403,PLR-REAL-Political,0.5707936507936509,0.6256141109818805,2.7333333333333334,ST-GBR-PI,0.6
1404,PLR-REAL-Political,0.6196825396825398,0.6261950223613133,2.980952380952381,ST-GBR-PI,0.6
1405,PLR-REAL-Political,0.5549206349206349,0.6185670205209624,3.0,ST-GBR-PI,0.6
1406,PLR-REAL-Political,0.6006349206349206,0.5750127911197768,2.8380952380952382,ST-GBR-PI,0.6
1407,PLR-REAL-Political,0.5479365079365079,0.6266272784723533,2.7523809523809524,ST-GBR-PI,0.6
1408,PLR-REAL-Political,0.5866666666666667,0.6254852413591997,2.9714285714285715,ST-GBR-PI,0.6
1409,PLR-REAL-Political,0.586031746031746,0.6337598592248862,2.8190476190476192,ST-GBR-PI,0.6
1410,PLR-REAL-Political,0.5578616352201258,0.6275356292482285,2.9245283018867925,ST-GBR-PI,0.6
1411,PLR-REAL-Political,0.5635220125786164,0.6254433588592015,2.7547169811320753,ST-GBR-PI,0.6
1412,PLR-REAL-Political,0.5880503144654088,0.625490328370734,3.018867924528302,ST-GBR-PI,0.6
1413,PLR-REAL-Political,0.5358730158730158,0.6287760849751771,2.7904761904761903,ST-GBR-PI,0.6
1414,PLR-REAL-Political,0.5682539682539683,0.6340908261944549,2.657142857142857,ST-GBR-PI,0.6
1415,PLR-REAL-Political,0.5752380952380953,0.6319914547928182,2.9047619047619047,ST-GBR-PI,0.6
1416,PLR-REAL-Political,0.5949206349206348,0.6304495165803004,2.742857142857143,ST-GBR-PI,0.6
1417,PLR-REAL-Political,0.5625396825396825,0.6274449225894939,2.961904761904762,ST-GBR-PI,0.6
1418,PLR-REAL-Political,0.5834920634920635,0.6179506898226069,2.8285714285714287,ST-GBR-PI,0.6
1419,PLR-REAL-Political,0.586031746031746,0.6166976991364399,3.0952380952380953,ST-GBR-PI,0.6
1420,PLR-REAL-Political,0.539622641509434,0.6358657649420199,2.9716981132075473,ST-GBR-PI,0.6
1421,PLR-REAL-Political,0.5484276729559747,0.6340956804033477,2.9622641509433962,ST-GBR-PI,0.6
1422,PLR-REAL-Political,0.5654088050314465,0.6244251507746145,3.018867924528302,ST-GBR-PI,0.6
1423,PLR-REAL-Political,0.5726984126984127,0.6319076791786831,2.857142857142857,ST-GBR-PI,0.6
1424,PLR-REAL-Political,0.5326984126984128,0.715882780158364,2.980952380952381,ST-GBR-PI,0.6
1425,PLR-REAL-Political,0.5765079365079365,0.564848686784655,2.8380952380952382,ST-GBR-PI,0.6
1426,PLR-REAL-Political,0.6012698412698413,0.7118544148023825,2.7523809523809524,ST-GBR-PI,0.6
1427,PLR-REAL-Political,0.5174603174603175,0.6285763746891422,2.8285714285714287,ST-GBR-PI,0.6
1428,PLR-REAL-Political,0.6095238095238096,0.7366015632639206,2.9047619047619047,ST-GBR-PI,0.6
1429,PLR-REAL-Political,0.5892063492063492,0.6523791129769271,2.7904761904761903,ST-GBR-PI,0.6
1430,PLR-REAL-Political,0.5616352201257863,0.6309224350387409,2.9339622641509435,ST-GBR-PI,0.6
1431,PLR-REAL-Political,0.5893081761006289,0.6622158129556606,2.943396226415094,ST-GBR-PI,0.6
1432,PLR-REAL-Political,0.580503144654088,0.6559427040713981,2.943396226415094,ST-GBR-PI,0.6
1433,PLR-REAL-Political,0.5638095238095238,0.6538615029060743,3.0285714285714285,ST-GBR-PI,0.6
1434,PLR-REAL-Political,0.594920634920635,0.6299005738792643,3.0,ST-GBR-PI,0.6
1435,PLR-REAL-Political,0.5606349206349206,0.6352720873765051,2.7714285714285714,ST-GBR-PI,0.6
1436,PLR-REAL-Political,0.5466666666666667,0.6214855927243222,2.895238095238095,ST-GBR-PI,0.6
1437,PLR-REAL-Political,0.5841269841269842,0.6320623844376931,2.942857142857143,ST-GBR-PI,0.6
1438,PLR-REAL-Political,0.5866666666666667,0.63625219045258,2.895238095238095,ST-GBR-PI,0.6
1439,PLR-REAL-Political,0.5834920634920635,0.6340289022118397,2.742857142857143,ST-GBR-PI,0.6
1440,PLR-REAL-Political,0.569811320754717,0.6433287742826558,2.9245283018867925,ST-GBR-PI,0.6
1441,PLR-REAL-Political,0.6081761006289308,0.62940296314679,2.9339622641509435,ST-GBR-PI,0.6
1442,PLR-REAL-Political,0.5691823899371069,0.6407435797350809,2.8679245283018866,ST-GBR-PI,0.6
1443,PLR-REAL-Political,0.5892063492063492,0.7297161716256698,2.8666666666666667,ST-GBR-PI,0.6
1444,PLR-REAL-Political,0.5942857142857143,0.6225178084383894,2.942857142857143,ST-GBR-PI,0.6
1445,PLR-REAL-Political,0.5682539682539682,0.628394264086812,2.8380952380952382,ST-GBR-PI,0.6
1446,PLR-REAL-Political,0.6038095238095238,0.6322027570283667,2.942857142857143,ST-GBR-PI,0.6
1447,PLR-REAL-Political,0.5390476190476191,0.6176205291839199,2.9238095238095236,ST-GBR-PI,0.6
1448,PLR-REAL-Political,0.5333333333333332,0.6306326672119349,2.704761904761905,ST-GBR-PI,0.6
1449,PLR-REAL-Political,0.5701587301587302,0.628250107802142,2.8,ST-GBR-PI,0.6
1450,PLR-REAL-Political,0.6836477987421384,1.119828174320772,3.349056603773585,RPC-GB,0.6
1451,PLR-REAL-Political,0.7138364779874213,1.13044115018337,3.330188679245283,RPC-GB,0.6
1452,PLR-REAL-Political,0.6754716981132074,1.1238311043540052,3.19811320754717,RPC-GB,0.6
1453,PLR-REAL-Political,0.6679365079365078,1.153457121422336,3.3523809523809525,RPC-GB,0.6
1454,PLR-REAL-Political,0.6717460317460318,1.1031802735482081,3.419047619047619,RPC-GB,0.6
1455,PLR-REAL-Political,0.6996825396825397,1.1311686575476494,3.295238095238095,RPC-GB,0.6
1456,PLR-REAL-Political,0.6653968253968254,1.1410213262220634,3.5238095238095237,RPC-GB,0.6
1457,PLR-REAL-Political,0.6368253968253968,1.1079991056109237,3.219047619047619,RPC-GB,0.6
1458,PLR-REAL-Political,0.7161904761904763,1.1110283533426029,3.3142857142857145,RPC-GB,0.6
1459,PLR-REAL-Political,0.6882539682539682,1.122058774765961,3.2476190476190476,RPC-GB,0.6
1460,PLR-REAL-Political,0.6710691823899371,1.1102082341168547,3.3962264150943398,RPC-GB,0.6
1461,PLR-REAL-Political,0.6893081761006289,1.1206300723422948,3.160377358490566,RPC-GB,0.6
1462,PLR-REAL-Political,0.6528301886792454,1.1234411457673101,3.3679245283018866,RPC-GB,0.6
1463,PLR-REAL-Political,0.6704761904761904,1.1294151704001574,3.447619047619048,RPC-GB,0.6
1464,PLR-REAL-Political,0.6641269841269842,1.2096789429185992,3.380952380952381,RPC-GB,0.6
1465,PLR-REAL-Political,0.6926984126984127,1.1081163563130005,3.2285714285714286,RPC-GB,0.6
1466,PLR-REAL-Political,0.7117460317460318,1.1168672392916874,3.2666666666666666,RPC-GB,0.6
1467,PLR-REAL-Political,0.6926984126984127,1.1120219903369188,3.104761904761905,RPC-GB,0.6
1468,PLR-REAL-Political,0.6888888888888889,1.1162377766847564,3.361904761904762,RPC-GB,0.6
1469,PLR-REAL-Political,0.7403174603174604,1.126529234871715,3.419047619047619,RPC-GB,0.6
1470,PLR-REAL-Political,0.6484276729559748,1.1087950441191736,3.339622641509434,RPC-GB,0.6
1471,PLR-REAL-Political,0.6786163522012577,1.1093021504482714,3.1320754716981134,RPC-GB,0.6
1472,PLR-REAL-Political,0.6729559748427673,1.129929425255648,3.3773584905660377,RPC-GB,0.6
1473,PLR-REAL-Political,0.6838095238095238,1.1939460897138934,3.0,RPC-GB,0.6
1474,PLR-REAL-Political,0.7187301587301589,1.1363253394004562,3.5238095238095237,RPC-GB,0.6
1475,PLR-REAL-Political,0.6584126984126984,1.1237952326329046,3.2095238095238097,RPC-GB,0.6
1476,PLR-REAL-Political,0.702857142857143,1.2854517089619955,3.380952380952381,RPC-GB,0.6
1477,PLR-REAL-Political,0.6825396825396824,1.1385508679720058,3.419047619047619,RPC-GB,0.6
1478,PLR-REAL-Political,0.6704761904761906,1.1221870468711574,3.3047619047619046,RPC-GB,0.6
1479,PLR-REAL-Political,0.7034920634920634,1.1213183196785332,3.380952380952381,RPC-GB,0.6
1480,PLR-REAL-Political,0.6597484276729562,1.1366988593873242,3.2830188679245285,RPC-GB,0.6
1481,PLR-REAL-Political,0.6509433962264151,1.1155608830982362,3.349056603773585,RPC-GB,0.6
1482,PLR-REAL-Political,0.6446540880503144,1.1122170376928322,3.2735849056603774,RPC-GB,0.6
1483,PLR-REAL-Political,0.6552380952380952,1.1326311959089272,3.342857142857143,RPC-GB,0.6
1484,PLR-REAL-Political,0.7022222222222222,1.138954581643166,3.2285714285714286,RPC-GB,0.6
1485,PLR-REAL-Political,0.6812698412698412,1.116248664985982,3.3047619047619046,RPC-GB,0.6
1486,PLR-REAL-Political,0.6787301587301587,1.1014832091244142,3.4095238095238094,RPC-GB,0.6
1487,PLR-REAL-Political,0.7492063492063492,1.1101478428148146,3.2,RPC-GB,0.6
1488,PLR-REAL-Political,0.6876190476190477,1.1280932590647001,3.104761904761905,RPC-GB,0.6
1489,PLR-REAL-Political,0.6787301587301587,1.1219701230461057,3.238095238095238,RPC-GB,0.6
1490,PLR-REAL-Political,0.7037735849056604,1.1266636791812321,3.4339622641509435,RPC-GB,0.6
1491,PLR-REAL-Political,0.6786163522012577,1.110572740594575,3.207547169811321,RPC-GB,0.6
1492,PLR-REAL-Political,0.6647798742138364,1.1222154914114073,3.6226415094339623,RPC-GB,0.6
1493,PLR-REAL-Political,0.6952380952380951,1.1362603658620614,3.238095238095238,RPC-GB,0.6
1494,PLR-REAL-Political,0.6952380952380952,1.1265419277195676,3.2857142857142856,RPC-GB,0.6
1495,PLR-REAL-Political,0.6603174603174603,1.152620161170781,3.4,RPC-GB,0.6
1496,PLR-REAL-Political,0.6971428571428572,1.1091761596593022,3.257142857142857,RPC-GB,0.6
1497,PLR-REAL-Political,0.6717460317460318,1.1227874990185667,3.447619047619048,RPC-GB,0.6
1498,PLR-REAL-Political,0.6863492063492065,1.1195068261626242,3.295238095238095,RPC-GB,0.6
1499,PLR-REAL-Political,0.6457142857142856,1.140591614888647,3.4,RPC-GB,0.6
