,data,tau_x_score,prediction_time,buckets_per_rank,algo,percentage
0,LR-REAL-Political,0.2588235294117647,1.246800319133954,2.3529411764705883,Chain-GBR-PI,0.1
1,LR-REAL-Political,0.18039215686274512,1.239584983312353,2.588235294117647,Chain-GBR-PI,0.1
2,LR-REAL-Political,0.17647058823529413,1.238576408236315,2.588235294117647,Chain-GBR-PI,0.1
3,LR-REAL-Political,0.21176470588235294,1.2320835258155363,2.1176470588235294,Chain-GBR-PI,0.1
4,LR-REAL-Political,0.19607843137254902,1.2416443341988923,2.588235294117647,Chain-GBR-PI,0.1
5,LR-REAL-Political,0.2117647058823529,1.2372880865306617,2.235294117647059,Chain-GBR-PI,0.1
6,LR-REAL-Political,0.22745098039215686,1.2410947732568207,2.235294117647059,Chain-GBR-PI,0.1
7,LR-REAL-Political,0.2980392156862745,1.2387236055485022,2.2941176470588234,Chain-GBR-PI,0.1
8,LR-REAL-Political,0.3098039215686274,1.2394573604879258,2.5294117647058822,Chain-GBR-PI,0.1
9,LR-REAL-Political,0.3058823529411765,1.2439841496925508,2.6470588235294117,Chain-GBR-PI,0.1
10,LR-REAL-Political,0.2,1.2494794268234808,2.3529411764705883,Chain-GBR-PI,0.1
11,LR-REAL-Political,0.396078431372549,1.2419484057585453,2.2941176470588234,Chain-GBR-PI,0.1
12,LR-REAL-Political,0.2313725490196078,1.2422366342483826,2.6470588235294117,Chain-GBR-PI,0.1
13,LR-REAL-Political,0.21176470588235294,1.269858080535607,2.176470588235294,Chain-GBR-PI,0.1
14,LR-REAL-Political,0.30588235294117644,1.2328538745837778,2.176470588235294,Chain-GBR-PI,0.1
15,LR-REAL-Political,0.23529411764705882,1.2380991995197905,2.411764705882353,Chain-GBR-PI,0.1
16,LR-REAL-Political,0.19999999999999998,1.2439240344948885,1.8823529411764706,Chain-GBR-PI,0.1
17,LR-REAL-Political,0.19607843137254902,1.2418016986957232,2.6470588235294117,Chain-GBR-PI,0.1
18,LR-REAL-Political,0.13725490196078433,1.2383197231663754,2.1176470588235294,Chain-GBR-PI,0.1
19,LR-REAL-Political,0.07058823529411765,1.2436617797355802,2.176470588235294,Chain-GBR-PI,0.1
20,LR-REAL-Political,0.23137254901960783,1.2393142271765927,2.411764705882353,Chain-GBR-PI,0.1
21,LR-REAL-Political,0.14901960784313725,1.2418753839888408,2.5294117647058822,Chain-GBR-PI,0.1
22,LR-REAL-Political,0.2392156862745098,1.2584589680014469,2.2941176470588234,Chain-GBR-PI,0.1
23,LR-REAL-Political,0.2392156862745098,1.243892819415113,2.235294117647059,Chain-GBR-PI,0.1
24,LR-REAL-Political,0.17254901960784316,1.2388415727278197,2.411764705882353,Chain-GBR-PI,0.1
25,LR-REAL-Political,0.30980392156862746,1.24299918914618,2.4705882352941178,Chain-GBR-PI,0.1
26,LR-REAL-Political,0.16862745098039217,1.2404740503715417,2.235294117647059,Chain-GBR-PI,0.1
27,LR-REAL-Political,0.32549019607843144,1.2397066172399165,2.4705882352941178,Chain-GBR-PI,0.1
28,LR-REAL-Political,0.09411764705882353,1.2309069258234469,1.9411764705882353,Chain-GBR-PI,0.1
29,LR-REAL-Political,0.2745098039215686,1.236487316214983,2.588235294117647,Chain-GBR-PI,0.1
30,LR-REAL-Political,0.33333333333333337,1.2352733911501548,2.3529411764705883,Chain-GBR-PI,0.1
31,LR-REAL-Political,0.08627450980392158,1.269410505421582,2.3529411764705883,Chain-GBR-PI,0.1
32,LR-REAL-Political,0.27450980392156865,1.2452703591172307,2.176470588235294,Chain-GBR-PI,0.1
33,LR-REAL-Political,0.3176470588235294,1.237365108104661,2.588235294117647,Chain-GBR-PI,0.1
34,LR-REAL-Political,0.13333333333333336,1.2364452334468352,2.235294117647059,Chain-GBR-PI,0.1
35,LR-REAL-Political,0.20392156862745098,1.239501170574585,1.8823529411764706,Chain-GBR-PI,0.1
36,LR-REAL-Political,0.2392156862745098,1.2381327698764422,2.411764705882353,Chain-GBR-PI,0.1
37,LR-REAL-Political,0.1607843137254902,1.238902701308318,2.1176470588235294,Chain-GBR-PI,0.1
38,LR-REAL-Political,0.17647058823529413,1.2408970646813546,2.4705882352941178,Chain-GBR-PI,0.1
39,LR-REAL-Political,0.12549019607843134,1.2568188434941128,2.411764705882353,Chain-GBR-PI,0.1
40,LR-REAL-Political,0.12941176470588237,1.2363759305790134,2.1176470588235294,Chain-GBR-PI,0.1
41,LR-REAL-Political,0.2509803921568628,1.2435096816906928,2.0,Chain-GBR-PI,0.1
42,LR-REAL-Political,0.3058823529411765,1.238836787709488,2.6470588235294117,Chain-GBR-PI,0.1
43,LR-REAL-Political,0.26666666666666666,1.2378640370780314,2.2941176470588234,Chain-GBR-PI,0.1
44,LR-REAL-Political,0.23137254901960785,1.2415265440649192,2.176470588235294,Chain-GBR-PI,0.1
45,LR-REAL-Political,0.19999999999999998,1.2390811319261195,2.0588235294117645,Chain-GBR-PI,0.1
46,LR-REAL-Political,0.16862745098039217,1.2442029356511353,2.4705882352941178,Chain-GBR-PI,0.1
47,LR-REAL-Political,0.2901960784313726,1.241468467752724,2.4705882352941178,Chain-GBR-PI,0.1
48,LR-REAL-Political,0.1450980392156863,1.2444198888589664,2.588235294117647,Chain-GBR-PI,0.1
49,LR-REAL-Political,0.2901960784313725,1.2436956166713227,2.176470588235294,Chain-GBR-PI,0.1
50,LR-REAL-Political,0.5882352941176471,1.217945916060901,3.823529411764706,Chain-GBR-RR,0.1
51,LR-REAL-Political,0.4901960784313725,1.2152572538330637,4.176470588235294,Chain-GBR-RR,0.1
52,LR-REAL-Political,0.5019607843137256,1.2213816046598185,4.294117647058823,Chain-GBR-RR,0.1
53,LR-REAL-Political,0.49803921568627463,1.208055302542987,4.0,Chain-GBR-RR,0.1
54,LR-REAL-Political,0.5607843137254903,1.218797292693483,4.470588235294118,Chain-GBR-RR,0.1
55,LR-REAL-Political,0.6274509803921569,1.219442476872752,4.352941176470588,Chain-GBR-RR,0.1
56,LR-REAL-Political,0.5215686274509804,1.2224552549957517,4.294117647058823,Chain-GBR-RR,0.1
57,LR-REAL-Political,0.6156862745098038,1.2181425846690246,4.0588235294117645,Chain-GBR-RR,0.1
58,LR-REAL-Political,0.607843137254902,1.2407588818338569,4.235294117647059,Chain-GBR-RR,0.1
59,LR-REAL-Political,0.47058823529411764,1.2212267656633304,4.588235294117647,Chain-GBR-RR,0.1
60,LR-REAL-Political,0.592156862745098,1.2198395875221135,4.411764705882353,Chain-GBR-RR,0.1
61,LR-REAL-Political,0.7411764705882353,1.2274266975280899,4.117647058823529,Chain-GBR-RR,0.1
62,LR-REAL-Political,0.6039215686274509,1.2223416729643295,4.117647058823529,Chain-GBR-RR,0.1
63,LR-REAL-Political,0.5725490196078432,1.2238481188333221,3.764705882352941,Chain-GBR-RR,0.1
64,LR-REAL-Political,0.6666666666666666,1.2190330162244083,4.0,Chain-GBR-RR,0.1
65,LR-REAL-Political,0.5372549019607843,1.2172485167019245,3.9411764705882355,Chain-GBR-RR,0.1
66,LR-REAL-Political,0.5686274509803921,1.2212547799055185,3.8823529411764706,Chain-GBR-RR,0.1
67,LR-REAL-Political,0.4509803921568627,1.2195258609187123,4.117647058823529,Chain-GBR-RR,0.1
68,LR-REAL-Political,0.4235294117647058,1.217686274130934,3.8823529411764706,Chain-GBR-RR,0.1
69,LR-REAL-Political,0.5215686274509803,1.2192100247403712,4.294117647058823,Chain-GBR-RR,0.1
70,LR-REAL-Political,0.4901960784313725,1.220744134214107,4.0,Chain-GBR-RR,0.1
71,LR-REAL-Political,0.5333333333333334,1.2231615396562001,4.235294117647059,Chain-GBR-RR,0.1
72,LR-REAL-Political,0.5176470588235293,1.2269373324038846,4.294117647058823,Chain-GBR-RR,0.1
73,LR-REAL-Political,0.5647058823529413,1.2228142774089108,4.235294117647059,Chain-GBR-RR,0.1
74,LR-REAL-Political,0.4666666666666667,1.2159985392516235,3.8823529411764706,Chain-GBR-RR,0.1
75,LR-REAL-Political,0.6549019607843137,1.2382163051818598,4.529411764705882,Chain-GBR-RR,0.1
76,LR-REAL-Political,0.4392156862745098,1.2183137565308464,4.117647058823529,Chain-GBR-RR,0.1
77,LR-REAL-Political,0.6980392156862746,1.2204352203118942,4.352941176470588,Chain-GBR-RR,0.1
78,LR-REAL-Political,0.4588235294117647,1.2126501731132928,3.9411764705882355,Chain-GBR-RR,0.1
79,LR-REAL-Political,0.5490196078431373,1.2157352149627874,4.411764705882353,Chain-GBR-RR,0.1
80,LR-REAL-Political,0.6823529411764707,1.2136561009953835,4.235294117647059,Chain-GBR-RR,0.1
81,LR-REAL-Political,0.3058823529411765,1.2188853584524142,4.352941176470588,Chain-GBR-RR,0.1
82,LR-REAL-Political,0.5960784313725491,1.2168951534456083,4.117647058823529,Chain-GBR-RR,0.1
83,LR-REAL-Political,0.6078431372549019,1.223961377309166,4.235294117647059,Chain-GBR-RR,0.1
84,LR-REAL-Political,0.6588235294117648,1.2159880901531523,4.235294117647059,Chain-GBR-RR,0.1
85,LR-REAL-Political,0.6196078431372549,1.2205600925571782,3.9411764705882355,Chain-GBR-RR,0.1
86,LR-REAL-Political,0.5725490196078431,1.2157443754388952,4.235294117647059,Chain-GBR-RR,0.1
87,LR-REAL-Political,0.5254901960784313,1.2193209204206545,4.176470588235294,Chain-GBR-RR,0.1
88,LR-REAL-Political,0.5058823529411764,1.2175942574400043,4.0588235294117645,Chain-GBR-RR,0.1
89,LR-REAL-Political,0.5411764705882354,1.2328565189289378,4.235294117647059,Chain-GBR-RR,0.1
90,LR-REAL-Political,0.5647058823529412,1.2130231374110916,4.294117647058823,Chain-GBR-RR,0.1
91,LR-REAL-Political,0.6862745098039216,1.2175945014390785,4.117647058823529,Chain-GBR-RR,0.1
92,LR-REAL-Political,0.5098039215686274,1.2163119383053487,4.176470588235294,Chain-GBR-RR,0.1
93,LR-REAL-Political,0.6274509803921567,1.220043462278739,4.235294117647059,Chain-GBR-RR,0.1
94,LR-REAL-Political,0.4980392156862745,1.2192536652144046,4.0,Chain-GBR-RR,0.1
95,LR-REAL-Political,0.5215686274509803,1.2159478836846593,4.0588235294117645,Chain-GBR-RR,0.1
96,LR-REAL-Political,0.5607843137254902,1.2180616527939585,4.0,Chain-GBR-RR,0.1
97,LR-REAL-Political,0.5215686274509804,1.220635820440694,4.352941176470588,Chain-GBR-RR,0.1
98,LR-REAL-Political,0.4549019607843137,1.2240798267640889,4.176470588235294,Chain-GBR-RR,0.1
99,LR-REAL-Political,0.7215686274509805,1.2222281744831525,4.176470588235294,Chain-GBR-RR,0.1
100,LR-REAL-Political,0.7294117647058824,1.4293041607769317,4.588235294117647,ST-GBR-RR,0.1
101,LR-REAL-Political,0.596078431372549,0.4758980694142922,4.352941176470588,ST-GBR-RR,0.1
102,LR-REAL-Political,0.7058823529411764,0.49267690599840547,4.294117647058823,ST-GBR-RR,0.1
103,LR-REAL-Political,0.6666666666666666,0.49597848187607213,4.411764705882353,ST-GBR-RR,0.1
104,LR-REAL-Political,0.619607843137255,0.46165287141668176,4.235294117647059,ST-GBR-RR,0.1
105,LR-REAL-Political,0.607843137254902,0.5063980375440262,4.117647058823529,ST-GBR-RR,0.1
106,LR-REAL-Political,0.6627450980392158,0.47447694492831877,4.294117647058823,ST-GBR-RR,0.1
107,LR-REAL-Political,0.7333333333333334,0.48821484018756484,4.705882352941177,ST-GBR-RR,0.1
108,LR-REAL-Political,0.7058823529411765,0.5644032941423702,4.470588235294118,ST-GBR-RR,0.1
109,LR-REAL-Political,0.6431372549019608,0.5000127263610219,4.529411764705882,ST-GBR-RR,0.1
110,LR-REAL-Political,0.7333333333333334,0.4564792180557568,4.294117647058823,ST-GBR-RR,0.1
111,LR-REAL-Political,0.7529411764705882,0.4943312646621627,4.647058823529412,ST-GBR-RR,0.1
112,LR-REAL-Political,0.7411764705882353,0.5058599079895157,4.705882352941177,ST-GBR-RR,0.1
113,LR-REAL-Political,0.6745098039215686,0.5058480099465494,4.705882352941177,ST-GBR-RR,0.1
114,LR-REAL-Political,0.6745098039215687,0.5779914701749773,4.529411764705882,ST-GBR-RR,0.1
115,LR-REAL-Political,0.6549019607843137,0.4870896935406316,4.294117647058823,ST-GBR-RR,0.1
116,LR-REAL-Political,0.611764705882353,0.5188201217769348,4.117647058823529,ST-GBR-RR,0.1
117,LR-REAL-Political,0.6000000000000001,0.4967748685774755,4.352941176470588,ST-GBR-RR,0.1
118,LR-REAL-Political,0.5960784313725491,0.5007119920897479,3.9411764705882355,ST-GBR-RR,0.1
119,LR-REAL-Political,0.615686274509804,0.48851183787186053,4.352941176470588,ST-GBR-RR,0.1
120,LR-REAL-Political,0.6941176470588236,0.569950486112768,4.235294117647059,ST-GBR-RR,0.1
121,LR-REAL-Political,0.6941176470588235,0.46426785281265026,4.235294117647059,ST-GBR-RR,0.1
122,LR-REAL-Political,0.5960784313725489,0.5094550609932079,4.117647058823529,ST-GBR-RR,0.1
123,LR-REAL-Political,0.7450980392156863,0.5127040635224954,4.647058823529412,ST-GBR-RR,0.1
124,LR-REAL-Political,0.6470588235294117,0.5088189330457538,4.352941176470588,ST-GBR-RR,0.1
125,LR-REAL-Political,0.6392156862745098,0.5007962140199785,4.588235294117647,ST-GBR-RR,0.1
126,LR-REAL-Political,0.596078431372549,0.5106398277481927,4.470588235294118,ST-GBR-RR,0.1
127,LR-REAL-Political,0.807843137254902,0.4804875895442987,4.705882352941177,ST-GBR-RR,0.1
128,LR-REAL-Political,0.6392156862745099,0.5214366006934317,4.294117647058823,ST-GBR-RR,0.1
129,LR-REAL-Political,0.6549019607843137,0.49732745888154944,4.235294117647059,ST-GBR-RR,0.1
130,LR-REAL-Political,0.6666666666666667,0.49437162311180705,4.411764705882353,ST-GBR-RR,0.1
131,LR-REAL-Political,0.5294117647058825,0.4909648250272772,4.117647058823529,ST-GBR-RR,0.1
132,LR-REAL-Political,0.7254901960784315,0.49702865354818554,4.411764705882353,ST-GBR-RR,0.1
133,LR-REAL-Political,0.6941176470588236,0.44566005081569926,4.705882352941177,ST-GBR-RR,0.1
134,LR-REAL-Political,0.7372549019607844,0.44529666370542237,4.352941176470588,ST-GBR-RR,0.1
135,LR-REAL-Political,0.7137254901960786,0.48579615487576006,4.529411764705882,ST-GBR-RR,0.1
136,LR-REAL-Political,0.7058823529411764,0.5094854920656646,4.411764705882353,ST-GBR-RR,0.1
137,LR-REAL-Political,0.6509803921568628,0.48494527398177606,4.588235294117647,ST-GBR-RR,0.1
138,LR-REAL-Political,0.6470588235294118,0.4879708428785361,4.470588235294118,ST-GBR-RR,0.1
139,LR-REAL-Political,0.6901960784313725,0.4829006203769664,4.470588235294118,ST-GBR-RR,0.1
140,LR-REAL-Political,0.6196078431372549,0.5072974655983786,3.9411764705882355,ST-GBR-RR,0.1
141,LR-REAL-Political,0.7137254901960784,0.48515491704250896,4.352941176470588,ST-GBR-RR,0.1
142,LR-REAL-Political,0.5725490196078431,0.5453904753696951,4.470588235294118,ST-GBR-RR,0.1
143,LR-REAL-Political,0.6862745098039216,0.47687552872962186,4.470588235294118,ST-GBR-RR,0.1
144,LR-REAL-Political,0.7176470588235295,0.5049613148220208,4.647058823529412,ST-GBR-RR,0.1
145,LR-REAL-Political,0.6039215686274509,0.4817763480738589,4.411764705882353,ST-GBR-RR,0.1
146,LR-REAL-Political,0.6784313725490196,0.49853874395800074,4.529411764705882,ST-GBR-RR,0.1
147,LR-REAL-Political,0.5843137254901961,0.4737233802880028,4.588235294117647,ST-GBR-RR,0.1
148,LR-REAL-Political,0.6705882352941177,0.48557088106675195,4.294117647058823,ST-GBR-RR,0.1
149,LR-REAL-Political,0.8274509803921568,0.5052257107584145,4.529411764705882,ST-GBR-RR,0.1
150,LR-REAL-Political,0.4156862745098039,1.5169982142750476,3.0588235294117645,ST-GBR-PI,0.1
151,LR-REAL-Political,0.27843137254901956,1.3807540955263267,2.6470588235294117,ST-GBR-PI,0.1
152,LR-REAL-Political,0.4862745098039216,1.3608415125934838,3.411764705882353,ST-GBR-PI,0.1
153,LR-REAL-Political,0.4352941176470588,0.49838056044781104,3.235294117647059,ST-GBR-PI,0.1
154,LR-REAL-Political,0.3607843137254902,0.5147507763039718,3.411764705882353,ST-GBR-PI,0.1
155,LR-REAL-Political,0.2862745098039216,0.4552741038032412,2.764705882352941,ST-GBR-PI,0.1
156,LR-REAL-Political,0.396078431372549,1.3311677665704138,3.0588235294117645,ST-GBR-PI,0.1
157,LR-REAL-Political,0.4784313725490196,0.5070810781734415,3.176470588235294,ST-GBR-PI,0.1
158,LR-REAL-Political,0.4117647058823529,0.4812565379271487,3.411764705882353,ST-GBR-PI,0.1
159,LR-REAL-Political,0.35294117647058826,0.5046562455674134,3.235294117647059,ST-GBR-PI,0.1
160,LR-REAL-Political,0.42745098039215684,0.4886123583628971,2.823529411764706,ST-GBR-PI,0.1
161,LR-REAL-Political,0.4901960784313726,0.491966062452597,2.7058823529411766,ST-GBR-PI,0.1
162,LR-REAL-Political,0.45490196078431366,0.5053395699145983,3.2941176470588234,ST-GBR-PI,0.1
163,LR-REAL-Political,0.39999999999999997,0.6026660995479631,2.764705882352941,ST-GBR-PI,0.1
164,LR-REAL-Political,0.4078431372549019,0.4900254035952716,3.235294117647059,ST-GBR-PI,0.1
165,LR-REAL-Political,0.31764705882352945,0.49274116740059387,3.0,ST-GBR-PI,0.1
166,LR-REAL-Political,0.4392156862745098,0.48910772473277103,3.2941176470588234,ST-GBR-PI,0.1
167,LR-REAL-Political,0.38823529411764707,0.49614515939301407,3.2941176470588234,ST-GBR-PI,0.1
168,LR-REAL-Political,0.32941176470588235,0.4511942073529814,3.1176470588235294,ST-GBR-PI,0.1
169,LR-REAL-Political,0.3411764705882353,0.507438256753279,2.823529411764706,ST-GBR-PI,0.1
170,LR-REAL-Political,0.4470588235294118,0.6354905808398948,3.2941176470588234,ST-GBR-PI,0.1
171,LR-REAL-Political,0.4117647058823529,0.5295365026905167,3.1176470588235294,ST-GBR-PI,0.1
172,LR-REAL-Political,0.3607843137254902,0.518154275257495,2.8823529411764706,ST-GBR-PI,0.1
173,LR-REAL-Political,0.5137254901960785,0.5108172250333348,3.0,ST-GBR-PI,0.1
174,LR-REAL-Political,0.3254901960784313,0.4926900937181965,2.7058823529411766,ST-GBR-PI,0.1
175,LR-REAL-Political,0.3058823529411765,0.617012444248457,3.3529411764705883,ST-GBR-PI,0.1
176,LR-REAL-Political,0.45098039215686275,0.50516646384159,3.235294117647059,ST-GBR-PI,0.1
177,LR-REAL-Political,0.45490196078431366,0.4923029661977088,3.0,ST-GBR-PI,0.1
178,LR-REAL-Political,0.29411764705882354,0.50541464207939,2.5294117647058822,ST-GBR-PI,0.1
179,LR-REAL-Political,0.33725490196078434,0.44589801095715714,3.0588235294117645,ST-GBR-PI,0.1
180,LR-REAL-Political,0.4078431372549019,0.4940316641774029,2.9411764705882355,ST-GBR-PI,0.1
181,LR-REAL-Political,0.34509803921568627,0.5006489333061664,3.4705882352941178,ST-GBR-PI,0.1
182,LR-REAL-Political,0.41568627450980394,0.49901815867011473,3.4705882352941178,ST-GBR-PI,0.1
183,LR-REAL-Political,0.4235294117647059,0.462814175855808,3.0588235294117645,ST-GBR-PI,0.1
184,LR-REAL-Political,0.40784313725490196,0.4703513211801805,3.0588235294117645,ST-GBR-PI,0.1
185,LR-REAL-Political,0.5176470588235293,0.49076368530470904,3.0,ST-GBR-PI,0.1
186,LR-REAL-Political,0.4196078431372549,0.5055682760524234,3.235294117647059,ST-GBR-PI,0.1
187,LR-REAL-Political,0.36470588235294116,0.5035885347074976,3.2941176470588234,ST-GBR-PI,0.1
188,LR-REAL-Political,0.33725490196078434,0.5029093164188585,2.8823529411764706,ST-GBR-PI,0.1
189,LR-REAL-Political,0.3490196078431373,0.510344493618466,3.235294117647059,ST-GBR-PI,0.1
190,LR-REAL-Political,0.3411764705882353,0.5140229628092776,3.2941176470588234,ST-GBR-PI,0.1
191,LR-REAL-Political,0.41568627450980394,0.5086452762370705,3.235294117647059,ST-GBR-PI,0.1
192,LR-REAL-Political,0.3568627450980392,0.4376254880976522,3.176470588235294,ST-GBR-PI,0.1
193,LR-REAL-Political,0.4666666666666666,0.5047006859621663,2.823529411764706,ST-GBR-PI,0.1
194,LR-REAL-Political,0.4745098039215686,0.4983091084748112,3.2941176470588234,ST-GBR-PI,0.1
195,LR-REAL-Political,0.3764705882352941,0.4884305105957038,3.235294117647059,ST-GBR-PI,0.1
196,LR-REAL-Political,0.3254901960784314,0.5260785404861275,3.1176470588235294,ST-GBR-PI,0.1
197,LR-REAL-Political,0.30980392156862746,0.49787879332863905,3.176470588235294,ST-GBR-PI,0.1
198,LR-REAL-Political,0.3686274509803922,0.4353796783411396,3.3529411764705883,ST-GBR-PI,0.1
199,LR-REAL-Political,0.4745098039215686,0.4725111253850305,3.0588235294117645,ST-GBR-PI,0.1
200,LR-REAL-Political,0.7176470588235294,0.6273815816716735,5.176470588235294,RPC-GB,0.1
201,LR-REAL-Political,0.5254901960784314,0.6272317617751701,4.764705882352941,RPC-GB,0.1
202,LR-REAL-Political,0.6862745098039216,0.6666411813910003,4.588235294117647,RPC-GB,0.1
203,LR-REAL-Political,0.6666666666666667,0.656378297100502,4.882352941176471,RPC-GB,0.1
204,LR-REAL-Political,0.6705882352941178,0.6098207187078715,5.352941176470588,RPC-GB,0.1
205,LR-REAL-Political,0.6313725490196078,0.6215078320083595,4.764705882352941,RPC-GB,0.1
206,LR-REAL-Political,0.6156862745098038,0.6349825195075689,4.352941176470588,RPC-GB,0.1
207,LR-REAL-Political,0.7019607843137255,0.6152451817002397,5.352941176470588,RPC-GB,0.1
208,LR-REAL-Political,0.6313725490196078,0.6228253058781266,4.705882352941177,RPC-GB,0.1
209,LR-REAL-Political,0.6980392156862745,0.663251243149568,5.117647058823529,RPC-GB,0.1
210,LR-REAL-Political,0.7294117647058824,0.6158832035199673,4.705882352941177,RPC-GB,0.1
211,LR-REAL-Political,0.7137254901960784,0.6341477313800205,5.235294117647059,RPC-GB,0.1
212,LR-REAL-Political,0.7529411764705883,0.642373112465822,4.705882352941177,RPC-GB,0.1
213,LR-REAL-Political,0.7058823529411766,0.6479065808466149,5.176470588235294,RPC-GB,0.1
214,LR-REAL-Political,0.6431372549019608,0.6476226406211816,4.823529411764706,RPC-GB,0.1
215,LR-REAL-Political,0.5607843137254902,0.6528679624554242,4.588235294117647,RPC-GB,0.1
216,LR-REAL-Political,0.588235294117647,0.6167430628023315,4.352941176470588,RPC-GB,0.1
217,LR-REAL-Political,0.6039215686274509,0.6537985491105672,4.823529411764706,RPC-GB,0.1
218,LR-REAL-Political,0.6,0.6315497600779547,4.411764705882353,RPC-GB,0.1
219,LR-REAL-Political,0.6039215686274509,0.6285012078157911,4.588235294117647,RPC-GB,0.1
220,LR-REAL-Political,0.6705882352941177,0.6300946064405766,4.9411764705882355,RPC-GB,0.1
221,LR-REAL-Political,0.6784313725490196,0.6441671325522347,5.0,RPC-GB,0.1
222,LR-REAL-Political,0.5607843137254901,0.6330135241035707,4.764705882352941,RPC-GB,0.1
223,LR-REAL-Political,0.7294117647058823,0.6343888712585555,5.0,RPC-GB,0.1
224,LR-REAL-Political,0.5686274509803921,0.6087198977241465,4.176470588235294,RPC-GB,0.1
225,LR-REAL-Political,0.6078431372549019,0.6273068317118,4.647058823529412,RPC-GB,0.1
226,LR-REAL-Political,0.5764705882352942,0.6275190142122095,4.352941176470588,RPC-GB,0.1
227,LR-REAL-Political,0.7176470588235294,0.6143651968483367,4.647058823529412,RPC-GB,0.1
228,LR-REAL-Political,0.6313725490196078,0.6198322948328148,4.352941176470588,RPC-GB,0.1
229,LR-REAL-Political,0.6627450980392157,0.6254642341988221,4.823529411764706,RPC-GB,0.1
230,LR-REAL-Political,0.611764705882353,0.658427911798598,4.411764705882353,RPC-GB,0.1
231,LR-REAL-Political,0.5098039215686274,0.6185468969224877,4.764705882352941,RPC-GB,0.1
232,LR-REAL-Political,0.6549019607843137,0.6105292801570165,4.352941176470588,RPC-GB,0.1
233,LR-REAL-Political,0.7098039215686275,0.6145741939707002,5.0588235294117645,RPC-GB,0.1
234,LR-REAL-Political,0.6901960784313725,0.6668893286563111,4.588235294117647,RPC-GB,0.1
235,LR-REAL-Political,0.6352941176470589,0.6156841813604925,4.882352941176471,RPC-GB,0.1
236,LR-REAL-Political,0.6784313725490196,0.654314512755244,4.9411764705882355,RPC-GB,0.1
237,LR-REAL-Political,0.596078431372549,0.6464126329577121,4.647058823529412,RPC-GB,0.1
238,LR-REAL-Political,0.7176470588235295,0.6092484125678013,4.882352941176471,RPC-GB,0.1
239,LR-REAL-Political,0.6666666666666667,0.6169750060587069,4.705882352941177,RPC-GB,0.1
240,LR-REAL-Political,0.6862745098039217,0.6664095794386611,4.764705882352941,RPC-GB,0.1
241,LR-REAL-Political,0.7372549019607844,0.6285646077812773,5.117647058823529,RPC-GB,0.1
242,LR-REAL-Political,0.5725490196078432,0.6359171201863771,4.588235294117647,RPC-GB,0.1
243,LR-REAL-Political,0.6901960784313727,0.6114073875644785,5.0,RPC-GB,0.1
244,LR-REAL-Political,0.6509803921568628,0.6324961601581796,4.411764705882353,RPC-GB,0.1
245,LR-REAL-Political,0.5882352941176471,0.6514947964978023,4.588235294117647,RPC-GB,0.1
246,LR-REAL-Political,0.607843137254902,0.6843558865375551,4.764705882352941,RPC-GB,0.1
247,LR-REAL-Political,0.6039215686274509,0.6281822395280459,4.9411764705882355,RPC-GB,0.1
248,LR-REAL-Political,0.6627450980392158,0.6372295002976872,4.0,RPC-GB,0.1
249,LR-REAL-Political,0.7176470588235295,0.6620497986200775,4.529411764705882,RPC-GB,0.1
250,LR-REAL-Political,0.1568627450980392,1.2416293649229497,2.2941176470588234,Chain-GBR-PI,0.2
251,LR-REAL-Political,0.13333333333333333,1.2408459781128163,2.3529411764705883,Chain-GBR-PI,0.2
252,LR-REAL-Political,0.3215686274509804,1.2419271672406058,2.411764705882353,Chain-GBR-PI,0.2
253,LR-REAL-Political,0.2431372549019608,1.2320705776886158,2.176470588235294,Chain-GBR-PI,0.2
254,LR-REAL-Political,0.2235294117647059,1.240952453965674,2.2941176470588234,Chain-GBR-PI,0.2
255,LR-REAL-Political,0.1215686274509804,1.241732214392897,2.176470588235294,Chain-GBR-PI,0.2
256,LR-REAL-Political,0.1843137254901961,1.237260313374932,2.411764705882353,Chain-GBR-PI,0.2
257,LR-REAL-Political,0.34901960784313724,1.2389594358403013,1.9411764705882353,Chain-GBR-PI,0.2
258,LR-REAL-Political,0.13725490196078433,1.241815877302852,1.8235294117647058,Chain-GBR-PI,0.2
259,LR-REAL-Political,0.2627450980392157,1.2391078789135328,2.3529411764705883,Chain-GBR-PI,0.2
260,LR-REAL-Political,0.17254901960784313,1.2369876596928875,2.2941176470588234,Chain-GBR-PI,0.2
261,LR-REAL-Political,0.20784313725490197,1.2397505717668045,2.235294117647059,Chain-GBR-PI,0.2
262,LR-REAL-Political,0.2823529411764706,1.2451159720321407,2.588235294117647,Chain-GBR-PI,0.2
263,LR-REAL-Political,0.30196078431372547,1.2370229880618506,2.176470588235294,Chain-GBR-PI,0.2
264,LR-REAL-Political,0.12941176470588237,1.2301187335325607,1.7647058823529411,Chain-GBR-PI,0.2
265,LR-REAL-Political,0.22745098039215683,1.2413311497920754,2.0588235294117645,Chain-GBR-PI,0.2
266,LR-REAL-Political,0.1411764705882353,1.240534430348995,2.235294117647059,Chain-GBR-PI,0.2
267,LR-REAL-Political,0.19607843137254902,1.2417534903705159,2.1176470588235294,Chain-GBR-PI,0.2
268,LR-REAL-Political,0.21568627450980393,1.2368668964952045,2.176470588235294,Chain-GBR-PI,0.2
269,LR-REAL-Political,0.17647058823529413,1.238330955891629,1.8823529411764706,Chain-GBR-PI,0.2
270,LR-REAL-Political,0.09019607843137255,1.2399015419326198,2.0588235294117645,Chain-GBR-PI,0.2
271,LR-REAL-Political,0.2784313725490196,1.2425643046503032,2.411764705882353,Chain-GBR-PI,0.2
272,LR-REAL-Political,0.1843137254901961,1.242635299832661,2.0,Chain-GBR-PI,0.2
273,LR-REAL-Political,0.17254901960784316,1.262712927324437,2.0,Chain-GBR-PI,0.2
274,LR-REAL-Political,0.1411764705882353,1.2408175298934905,1.8823529411764706,Chain-GBR-PI,0.2
275,LR-REAL-Political,0.1372549019607843,1.239116741083966,2.235294117647059,Chain-GBR-PI,0.2
276,LR-REAL-Political,0.196078431372549,1.2406873378958694,2.0588235294117645,Chain-GBR-PI,0.2
277,LR-REAL-Political,0.28235294117647064,1.241379360639368,2.2941176470588234,Chain-GBR-PI,0.2
278,LR-REAL-Political,0.15686274509803924,1.2657857975979918,2.0588235294117645,Chain-GBR-PI,0.2
279,LR-REAL-Political,0.19215686274509802,1.2370913810192241,2.1176470588235294,Chain-GBR-PI,0.2
280,LR-REAL-Political,0.17254901960784316,1.2323412634576703,2.0588235294117645,Chain-GBR-PI,0.2
281,LR-REAL-Political,0.20784313725490194,1.2384841076636546,2.411764705882353,Chain-GBR-PI,0.2
282,LR-REAL-Political,0.2745098039215686,1.2404999407348432,2.1176470588235294,Chain-GBR-PI,0.2
283,LR-REAL-Political,0.23921568627450984,1.2463101622124495,2.176470588235294,Chain-GBR-PI,0.2
284,LR-REAL-Political,0.2156862745098039,1.2467526563009572,2.3529411764705883,Chain-GBR-PI,0.2
285,LR-REAL-Political,0.34117647058823536,1.2401328582216946,2.235294117647059,Chain-GBR-PI,0.2
286,LR-REAL-Political,0.16470588235294117,1.241756386140325,2.2941176470588234,Chain-GBR-PI,0.2
287,LR-REAL-Political,0.17647058823529413,1.2405949616579177,2.176470588235294,Chain-GBR-PI,0.2
288,LR-REAL-Political,0.08235294117647059,1.2384675563436065,1.6470588235294117,Chain-GBR-PI,0.2
289,LR-REAL-Political,0.07843137254901962,1.2419828637725914,2.176470588235294,Chain-GBR-PI,0.2
290,LR-REAL-Political,0.22745098039215683,1.2400028166533452,2.411764705882353,Chain-GBR-PI,0.2
291,LR-REAL-Political,0.1843137254901961,1.2408651692685613,2.2941176470588234,Chain-GBR-PI,0.2
292,LR-REAL-Political,0.13725490196078433,1.2360526858305338,2.0,Chain-GBR-PI,0.2
293,LR-REAL-Political,0.12941176470588234,1.2404359852632914,2.0,Chain-GBR-PI,0.2
294,LR-REAL-Political,0.30588235294117655,1.2400800620219945,2.4705882352941178,Chain-GBR-PI,0.2
295,LR-REAL-Political,0.18823529411764706,1.2290524055238339,2.176470588235294,Chain-GBR-PI,0.2
296,LR-REAL-Political,0.07450980392156864,1.2414029833460778,2.411764705882353,Chain-GBR-PI,0.2
297,LR-REAL-Political,0.19215686274509802,1.2421570176607064,2.235294117647059,Chain-GBR-PI,0.2
298,LR-REAL-Political,0.26666666666666666,1.2406924498152656,2.1176470588235294,Chain-GBR-PI,0.2
299,LR-REAL-Political,0.06274509803921569,1.2408678821030008,1.8823529411764706,Chain-GBR-PI,0.2
300,LR-REAL-Political,0.47058823529411764,1.226485849448616,4.0,Chain-GBR-RR,0.2
301,LR-REAL-Political,0.3490196078431373,1.2180685528525474,4.0588235294117645,Chain-GBR-RR,0.2
302,LR-REAL-Political,0.5764705882352942,1.2188391274636037,4.235294117647059,Chain-GBR-RR,0.2
303,LR-REAL-Political,0.5333333333333334,1.2238727244576697,4.0588235294117645,Chain-GBR-RR,0.2
304,LR-REAL-Political,0.48235294117647054,1.2180533358948364,4.117647058823529,Chain-GBR-RR,0.2
305,LR-REAL-Political,0.4862745098039215,1.2183708000656435,4.470588235294118,Chain-GBR-RR,0.2
306,LR-REAL-Political,0.4784313725490196,1.21614065622709,4.0,Chain-GBR-RR,0.2
307,LR-REAL-Political,0.6196078431372549,1.216751313236723,4.294117647058823,Chain-GBR-RR,0.2
308,LR-REAL-Political,0.5529411764705883,1.217191600762047,4.0588235294117645,Chain-GBR-RR,0.2
309,LR-REAL-Political,0.5176470588235295,1.2190381192495388,4.235294117647059,Chain-GBR-RR,0.2
310,LR-REAL-Political,0.5803921568627451,1.2167394782959877,3.8823529411764706,Chain-GBR-RR,0.2
311,LR-REAL-Political,0.5686274509803921,1.2184175032428617,3.823529411764706,Chain-GBR-RR,0.2
312,LR-REAL-Political,0.5411764705882354,1.221404489446037,4.352941176470588,Chain-GBR-RR,0.2
313,LR-REAL-Political,0.607843137254902,1.2199789428280003,4.352941176470588,Chain-GBR-RR,0.2
314,LR-REAL-Political,0.4980392156862745,1.2094151152474393,4.0,Chain-GBR-RR,0.2
315,LR-REAL-Political,0.5411764705882354,1.21950985798411,4.0588235294117645,Chain-GBR-RR,0.2
316,LR-REAL-Political,0.5176470588235293,1.220182408851602,3.823529411764706,Chain-GBR-RR,0.2
317,LR-REAL-Political,0.4666666666666667,1.2166922372736644,4.0,Chain-GBR-RR,0.2
318,LR-REAL-Political,0.48235294117647065,1.2154238759269234,3.823529411764706,Chain-GBR-RR,0.2
319,LR-REAL-Political,0.38431372549019605,1.217753537129389,3.6470588235294117,Chain-GBR-RR,0.2
320,LR-REAL-Political,0.396078431372549,1.2172790948752845,4.0588235294117645,Chain-GBR-RR,0.2
321,LR-REAL-Political,0.611764705882353,1.220513638094708,4.352941176470588,Chain-GBR-RR,0.2
322,LR-REAL-Political,0.5333333333333334,1.2188155186446645,4.176470588235294,Chain-GBR-RR,0.2
323,LR-REAL-Political,0.5019607843137255,1.2285295426531002,3.9411764705882355,Chain-GBR-RR,0.2
324,LR-REAL-Political,0.47058823529411764,1.217615509652512,3.5294117647058822,Chain-GBR-RR,0.2
325,LR-REAL-Political,0.47058823529411764,1.224149402371726,4.117647058823529,Chain-GBR-RR,0.2
326,LR-REAL-Political,0.4352941176470588,1.2162731529962216,4.0588235294117645,Chain-GBR-RR,0.2
327,LR-REAL-Political,0.6941176470588235,1.2192882810980161,4.0588235294117645,Chain-GBR-RR,0.2
328,LR-REAL-Political,0.48235294117647065,1.2105585055086436,4.235294117647059,Chain-GBR-RR,0.2
329,LR-REAL-Political,0.5333333333333333,1.219486384724239,4.0,Chain-GBR-RR,0.2
330,LR-REAL-Political,0.6000000000000001,1.210196533696261,3.764705882352941,Chain-GBR-RR,0.2
331,LR-REAL-Political,0.45882352941176474,1.2160201325962574,4.176470588235294,Chain-GBR-RR,0.2
332,LR-REAL-Political,0.580392156862745,1.2212511857908217,4.176470588235294,Chain-GBR-RR,0.2
333,LR-REAL-Political,0.5372549019607843,1.220631583978448,4.176470588235294,Chain-GBR-RR,0.2
334,LR-REAL-Political,0.5490196078431373,1.221145972223113,4.352941176470588,Chain-GBR-RR,0.2
335,LR-REAL-Political,0.592156862745098,1.2208859100821956,3.9411764705882355,Chain-GBR-RR,0.2
336,LR-REAL-Political,0.43529411764705883,1.218778177388007,4.0588235294117645,Chain-GBR-RR,0.2
337,LR-REAL-Political,0.4117647058823529,1.2333469036538824,3.588235294117647,Chain-GBR-RR,0.2
338,LR-REAL-Political,0.46274509803921565,1.2194050551455535,4.176470588235294,Chain-GBR-RR,0.2
339,LR-REAL-Political,0.4666666666666667,1.2202559769876922,3.823529411764706,Chain-GBR-RR,0.2
340,LR-REAL-Political,0.5843137254901961,1.2150681217939276,4.176470588235294,Chain-GBR-RR,0.2
341,LR-REAL-Political,0.615686274509804,1.220077315705368,4.0588235294117645,Chain-GBR-RR,0.2
342,LR-REAL-Political,0.4313725490196078,1.2174498002569822,4.235294117647059,Chain-GBR-RR,0.2
343,LR-REAL-Political,0.42745098039215684,1.2174784357322144,3.823529411764706,Chain-GBR-RR,0.2
344,LR-REAL-Political,0.5490196078431373,1.2174915987140793,4.235294117647059,Chain-GBR-RR,0.2
345,LR-REAL-Political,0.44313725490196076,1.2096781839007318,4.117647058823529,Chain-GBR-RR,0.2
346,LR-REAL-Political,0.36078431372549025,1.2174755908418244,4.0588235294117645,Chain-GBR-RR,0.2
347,LR-REAL-Political,0.5215686274509803,1.2191923332951862,4.235294117647059,Chain-GBR-RR,0.2
348,LR-REAL-Political,0.6000000000000001,1.2189337201446653,3.823529411764706,Chain-GBR-RR,0.2
349,LR-REAL-Political,0.5803921568627451,1.2185892754115657,4.470588235294118,Chain-GBR-RR,0.2
350,LR-REAL-Political,0.7490196078431373,0.480051147014866,4.529411764705882,ST-GBR-RR,0.2
351,LR-REAL-Political,0.5725490196078432,0.4763495573368525,4.352941176470588,ST-GBR-RR,0.2
352,LR-REAL-Political,0.7607843137254902,0.4907977431057271,4.529411764705882,ST-GBR-RR,0.2
353,LR-REAL-Political,0.6196078431372549,0.4655211495670981,4.235294117647059,ST-GBR-RR,0.2
354,LR-REAL-Political,0.6,0.4923380487151866,4.470588235294118,ST-GBR-RR,0.2
355,LR-REAL-Political,0.6666666666666667,0.48371415665263945,4.0588235294117645,ST-GBR-RR,0.2
356,LR-REAL-Political,0.6666666666666669,0.47444782824003917,4.588235294117647,ST-GBR-RR,0.2
357,LR-REAL-Political,0.7411764705882353,0.4778569368786623,4.588235294117647,ST-GBR-RR,0.2
358,LR-REAL-Political,0.6549019607843137,0.4289183788200151,4.294117647058823,ST-GBR-RR,0.2
359,LR-REAL-Political,0.6352941176470588,0.49776372995275403,4.764705882352941,ST-GBR-RR,0.2
360,LR-REAL-Political,0.6823529411764706,0.48731509180371696,4.294117647058823,ST-GBR-RR,0.2
361,LR-REAL-Political,0.7137254901960786,0.486894224445963,4.470588235294118,ST-GBR-RR,0.2
362,LR-REAL-Political,0.6980392156862745,0.445870705267248,4.294117647058823,ST-GBR-RR,0.2
363,LR-REAL-Political,0.7372549019607844,0.4688749037669166,4.529411764705882,ST-GBR-RR,0.2
364,LR-REAL-Political,0.6196078431372549,0.49271007547026857,4.352941176470588,ST-GBR-RR,0.2
365,LR-REAL-Political,0.6470588235294118,0.5109736736715494,4.529411764705882,ST-GBR-RR,0.2
366,LR-REAL-Political,0.6470588235294118,0.47987874273484893,4.294117647058823,ST-GBR-RR,0.2
367,LR-REAL-Political,0.5607843137254902,0.44191810376431895,4.411764705882353,ST-GBR-RR,0.2
368,LR-REAL-Political,0.6196078431372549,0.48780264286380165,3.9411764705882355,ST-GBR-RR,0.2
369,LR-REAL-Political,0.6509803921568629,0.48849502461475686,4.352941176470588,ST-GBR-RR,0.2
370,LR-REAL-Political,0.6431372549019607,0.5554939178809067,4.235294117647059,ST-GBR-RR,0.2
371,LR-REAL-Political,0.6823529411764707,0.4759448281542397,4.705882352941177,ST-GBR-RR,0.2
372,LR-REAL-Political,0.5921568627450982,0.48110195048542315,4.647058823529412,ST-GBR-RR,0.2
373,LR-REAL-Political,0.776470588235294,0.4774230433845986,4.705882352941177,ST-GBR-RR,0.2
374,LR-REAL-Political,0.607843137254902,0.4433764903928337,4.470588235294118,ST-GBR-RR,0.2
375,LR-REAL-Political,0.6235294117647059,0.48525466373819764,4.529411764705882,ST-GBR-RR,0.2
376,LR-REAL-Political,0.5882352941176471,0.471078980824827,4.470588235294118,ST-GBR-RR,0.2
377,LR-REAL-Political,0.7686274509803921,0.4360277478570163,4.352941176470588,ST-GBR-RR,0.2
378,LR-REAL-Political,0.6627450980392158,0.4561026596961379,4.176470588235294,ST-GBR-RR,0.2
379,LR-REAL-Political,0.6666666666666667,0.44386337848342633,4.352941176470588,ST-GBR-RR,0.2
380,LR-REAL-Political,0.6549019607843137,0.43769096991969175,4.411764705882353,ST-GBR-RR,0.2
381,LR-REAL-Political,0.5294117647058824,0.4837932169138717,3.9411764705882355,ST-GBR-RR,0.2
382,LR-REAL-Political,0.7254901960784315,0.4880759417917386,4.411764705882353,ST-GBR-RR,0.2
383,LR-REAL-Political,0.7176470588235295,0.49348749092802535,4.470588235294118,ST-GBR-RR,0.2
384,LR-REAL-Political,0.7176470588235295,0.43451101991582924,4.352941176470588,ST-GBR-RR,0.2
385,LR-REAL-Political,0.6901960784313725,0.4730851585921014,4.529411764705882,ST-GBR-RR,0.2
386,LR-REAL-Political,0.6901960784313727,0.4868362598713491,4.235294117647059,ST-GBR-RR,0.2
387,LR-REAL-Political,0.6431372549019608,0.4833697175636103,4.411764705882353,ST-GBR-RR,0.2
388,LR-REAL-Political,0.6431372549019608,0.4724355115195126,4.470588235294118,ST-GBR-RR,0.2
389,LR-REAL-Political,0.7098039215686276,0.49073710538933096,4.352941176470588,ST-GBR-RR,0.2
390,LR-REAL-Political,0.6274509803921569,0.474168996031239,4.235294117647059,ST-GBR-RR,0.2
391,LR-REAL-Political,0.6627450980392158,0.5008596177830195,4.117647058823529,ST-GBR-RR,0.2
392,LR-REAL-Political,0.6078431372549019,0.47957062905109965,4.470588235294118,ST-GBR-RR,0.2
393,LR-REAL-Political,0.6901960784313725,0.483078102939113,4.411764705882353,ST-GBR-RR,0.2
394,LR-REAL-Political,0.7019607843137255,0.48165174066907346,4.294117647058823,ST-GBR-RR,0.2
395,LR-REAL-Political,0.6549019607843137,0.48296546619289926,4.352941176470588,ST-GBR-RR,0.2
396,LR-REAL-Political,0.6901960784313727,0.49530878723720545,4.529411764705882,ST-GBR-RR,0.2
397,LR-REAL-Political,0.5725490196078432,0.5082168326556032,4.470588235294118,ST-GBR-RR,0.2
398,LR-REAL-Political,0.6666666666666667,0.5445829896413813,4.352941176470588,ST-GBR-RR,0.2
399,LR-REAL-Political,0.803921568627451,0.48588119503383354,4.470588235294118,ST-GBR-RR,0.2
400,LR-REAL-Political,0.39999999999999997,0.4908833520543994,3.3529411764705883,ST-GBR-PI,0.2
401,LR-REAL-Political,0.2745098039215686,0.48397401586165334,2.9411764705882355,ST-GBR-PI,0.2
402,LR-REAL-Political,0.45490196078431366,0.48527223890577686,3.235294117647059,ST-GBR-PI,0.2
403,LR-REAL-Political,0.3843137254901961,0.48593022929054225,3.176470588235294,ST-GBR-PI,0.2
404,LR-REAL-Political,0.3568627450980392,0.45706459172398906,2.9411764705882355,ST-GBR-PI,0.2
405,LR-REAL-Political,0.2980392156862745,0.47318284791917625,2.7058823529411766,ST-GBR-PI,0.2
406,LR-REAL-Political,0.44313725490196076,0.4190183689201702,3.1176470588235294,ST-GBR-PI,0.2
407,LR-REAL-Political,0.4392156862745098,0.4751522958039643,3.1176470588235294,ST-GBR-PI,0.2
408,LR-REAL-Political,0.37254901960784315,0.43532038581733745,3.4705882352941178,ST-GBR-PI,0.2
409,LR-REAL-Political,0.3647058823529412,0.5020421752533408,2.8823529411764706,ST-GBR-PI,0.2
410,LR-REAL-Political,0.4156862745098039,0.4934937328895565,3.0,ST-GBR-PI,0.2
411,LR-REAL-Political,0.4862745098039215,0.48639292553365554,2.823529411764706,ST-GBR-PI,0.2
412,LR-REAL-Political,0.45882352941176463,0.4338373185273683,3.6470588235294117,ST-GBR-PI,0.2
413,LR-REAL-Political,0.4705882352941176,0.44751776746889194,2.8823529411764706,ST-GBR-PI,0.2
414,LR-REAL-Political,0.34901960784313724,0.5024817128969896,3.0588235294117645,ST-GBR-PI,0.2
415,LR-REAL-Political,0.3411764705882353,0.47569791740540385,2.9411764705882355,ST-GBR-PI,0.2
416,LR-REAL-Political,0.4235294117647058,0.48935243125647304,3.0,ST-GBR-PI,0.2
417,LR-REAL-Political,0.3764705882352941,0.4417832323981581,3.235294117647059,ST-GBR-PI,0.2
418,LR-REAL-Political,0.3803921568627451,0.47722759308539403,3.0588235294117645,ST-GBR-PI,0.2
419,LR-REAL-Political,0.388235294117647,0.4779615883027232,2.7058823529411766,ST-GBR-PI,0.2
420,LR-REAL-Political,0.4156862745098039,0.491876347712945,2.823529411764706,ST-GBR-PI,0.2
421,LR-REAL-Political,0.3686274509803922,0.471206443428088,3.235294117647059,ST-GBR-PI,0.2
422,LR-REAL-Political,0.38431372549019605,0.49536289705542236,3.4705882352941178,ST-GBR-PI,0.2
423,LR-REAL-Political,0.4862745098039215,0.4661457766145711,3.2941176470588234,ST-GBR-PI,0.2
424,LR-REAL-Political,0.3803921568627451,0.44701419347278964,3.1176470588235294,ST-GBR-PI,0.2
425,LR-REAL-Political,0.3333333333333333,0.49558767371340723,3.1176470588235294,ST-GBR-PI,0.2
426,LR-REAL-Political,0.411764705882353,0.4912948432458519,2.9411764705882355,ST-GBR-PI,0.2
427,LR-REAL-Political,0.43921568627450974,0.435571690139,3.0588235294117645,ST-GBR-PI,0.2
428,LR-REAL-Political,0.3490196078431373,0.46494058994733545,2.6470588235294117,ST-GBR-PI,0.2
429,LR-REAL-Political,0.38431372549019605,0.4493607099795052,2.7058823529411766,ST-GBR-PI,0.2
430,LR-REAL-Political,0.392156862745098,0.45914125196457267,2.8823529411764706,ST-GBR-PI,0.2
431,LR-REAL-Political,0.3137254901960785,0.5275491252745875,3.1176470588235294,ST-GBR-PI,0.2
432,LR-REAL-Political,0.39999999999999997,0.4396624702271453,3.0,ST-GBR-PI,0.2
433,LR-REAL-Political,0.43921568627450974,0.5217171686961958,2.5294117647058822,ST-GBR-PI,0.2
434,LR-REAL-Political,0.403921568627451,0.45204837713552054,2.9411764705882355,ST-GBR-PI,0.2
435,LR-REAL-Political,0.4588235294117647,0.5072243080852881,3.0588235294117645,ST-GBR-PI,0.2
436,LR-REAL-Political,0.3607843137254902,0.4988436449679048,3.0588235294117645,ST-GBR-PI,0.2
437,LR-REAL-Political,0.4313725490196078,0.5128114396231926,3.0588235294117645,ST-GBR-PI,0.2
438,LR-REAL-Political,0.3607843137254902,0.46698944157998057,2.588235294117647,ST-GBR-PI,0.2
439,LR-REAL-Political,0.37254901960784315,0.4515357903068704,3.176470588235294,ST-GBR-PI,0.2
440,LR-REAL-Political,0.3333333333333333,0.4944214296285591,3.4705882352941178,ST-GBR-PI,0.2
441,LR-REAL-Political,0.41176470588235287,0.4796094372303909,3.176470588235294,ST-GBR-PI,0.2
442,LR-REAL-Political,0.4196078431372549,0.44824590660663294,3.176470588235294,ST-GBR-PI,0.2
443,LR-REAL-Political,0.43529411764705883,0.4904352390228804,2.9411764705882355,ST-GBR-PI,0.2
444,LR-REAL-Political,0.5098039215686274,0.4427536774068089,3.0588235294117645,ST-GBR-PI,0.2
445,LR-REAL-Political,0.39215686274509803,0.46763863542472506,2.9411764705882355,ST-GBR-PI,0.2
446,LR-REAL-Political,0.3803921568627451,0.49497958157733096,3.0588235294117645,ST-GBR-PI,0.2
447,LR-REAL-Political,0.28235294117647064,0.466187349505016,3.0588235294117645,ST-GBR-PI,0.2
448,LR-REAL-Political,0.37254901960784315,0.49658815835869313,3.2941176470588234,ST-GBR-PI,0.2
449,LR-REAL-Political,0.392156862745098,0.47993245083512204,2.764705882352941,ST-GBR-PI,0.2
450,LR-REAL-Political,0.7137254901960784,0.5815436709933841,5.0588235294117645,RPC-GB,0.2
451,LR-REAL-Political,0.4862745098039216,0.6078543097340366,4.764705882352941,RPC-GB,0.2
452,LR-REAL-Political,0.6901960784313725,0.608212491577682,5.117647058823529,RPC-GB,0.2
453,LR-REAL-Political,0.5568627450980392,0.573056953045117,4.764705882352941,RPC-GB,0.2
454,LR-REAL-Political,0.5529411764705884,0.5970546337261585,4.882352941176471,RPC-GB,0.2
455,LR-REAL-Political,0.607843137254902,0.579860679413504,4.411764705882353,RPC-GB,0.2
456,LR-REAL-Political,0.5019607843137256,0.5669451837967813,5.470588235294118,RPC-GB,0.2
457,LR-REAL-Political,0.6901960784313725,0.579423696618773,4.647058823529412,RPC-GB,0.2
458,LR-REAL-Political,0.6784313725490198,0.6638204897937211,4.705882352941177,RPC-GB,0.2
459,LR-REAL-Political,0.6156862745098038,0.6027967745804765,4.823529411764706,RPC-GB,0.2
460,LR-REAL-Political,0.6588235294117647,0.6150437771279407,4.882352941176471,RPC-GB,0.2
461,LR-REAL-Political,0.7294117647058823,0.5926858171061794,4.764705882352941,RPC-GB,0.2
462,LR-REAL-Political,0.7019607843137257,0.6393251606784655,5.176470588235294,RPC-GB,0.2
463,LR-REAL-Political,0.6862745098039216,0.5980983731891255,5.176470588235294,RPC-GB,0.2
464,LR-REAL-Political,0.6196078431372549,0.6532314900174343,5.235294117647059,RPC-GB,0.2
465,LR-REAL-Political,0.5529411764705883,0.5968385717437572,4.764705882352941,RPC-GB,0.2
466,LR-REAL-Political,0.5882352941176471,0.6211310868766761,4.470588235294118,RPC-GB,0.2
467,LR-REAL-Political,0.5411764705882354,0.6296720048498242,4.823529411764706,RPC-GB,0.2
468,LR-REAL-Political,0.6000000000000001,0.5707199612156967,4.647058823529412,RPC-GB,0.2
469,LR-REAL-Political,0.6509803921568627,0.6314564726917327,4.647058823529412,RPC-GB,0.2
470,LR-REAL-Political,0.5607843137254902,0.6022804522931393,4.764705882352941,RPC-GB,0.2
471,LR-REAL-Political,0.6470588235294118,0.605146112156417,4.764705882352941,RPC-GB,0.2
472,LR-REAL-Political,0.5568627450980392,0.623220089299788,4.823529411764706,RPC-GB,0.2
473,LR-REAL-Political,0.7333333333333334,0.5964702794396212,4.823529411764706,RPC-GB,0.2
474,LR-REAL-Political,0.5019607843137254,0.6224569170330951,4.588235294117647,RPC-GB,0.2
475,LR-REAL-Political,0.607843137254902,0.5909722235350965,4.235294117647059,RPC-GB,0.2
476,LR-REAL-Political,0.5568627450980392,0.5695142033397602,4.9411764705882355,RPC-GB,0.2
477,LR-REAL-Political,0.8313725490196077,0.6271390460988345,5.117647058823529,RPC-GB,0.2
478,LR-REAL-Political,0.6549019607843138,0.5792845144322893,4.529411764705882,RPC-GB,0.2
479,LR-REAL-Political,0.7686274509803921,0.6086770264830224,5.0588235294117645,RPC-GB,0.2
480,LR-REAL-Political,0.6823529411764706,0.5899775429114902,4.764705882352941,RPC-GB,0.2
481,LR-REAL-Political,0.5019607843137255,0.6367162948689782,4.529411764705882,RPC-GB,0.2
482,LR-REAL-Political,0.6823529411764707,0.5889875121411955,5.0588235294117645,RPC-GB,0.2
483,LR-REAL-Political,0.6980392156862746,0.612746781056152,5.352941176470588,RPC-GB,0.2
484,LR-REAL-Political,0.7215686274509805,0.6094977686163862,4.705882352941177,RPC-GB,0.2
485,LR-REAL-Political,0.6431372549019608,0.6401271201024407,4.823529411764706,RPC-GB,0.2
486,LR-REAL-Political,0.6862745098039217,0.7149908834177136,5.0588235294117645,RPC-GB,0.2
487,LR-REAL-Political,0.603921568627451,0.5920819376537666,4.9411764705882355,RPC-GB,0.2
488,LR-REAL-Political,0.6549019607843138,0.5843085598022715,4.764705882352941,RPC-GB,0.2
489,LR-REAL-Political,0.6980392156862745,0.590303356430269,4.647058823529412,RPC-GB,0.2
490,LR-REAL-Political,0.6039215686274509,0.6196547466027348,4.764705882352941,RPC-GB,0.2
491,LR-REAL-Political,0.6745098039215687,0.5842345189998814,5.117647058823529,RPC-GB,0.2
492,LR-REAL-Political,0.596078431372549,0.6698847571341479,4.352941176470588,RPC-GB,0.2
493,LR-REAL-Political,0.7137254901960784,0.602123033406509,5.235294117647059,RPC-GB,0.2
494,LR-REAL-Political,0.7019607843137255,0.5785007834221078,4.9411764705882355,RPC-GB,0.2
495,LR-REAL-Political,0.6235294117647059,0.6116421817553135,4.588235294117647,RPC-GB,0.2
496,LR-REAL-Political,0.6627450980392158,0.5942973818262195,5.0588235294117645,RPC-GB,0.2
497,LR-REAL-Political,0.5490196078431372,0.6377385513286212,4.647058823529412,RPC-GB,0.2
498,LR-REAL-Political,0.5882352941176471,0.6200746056061635,5.117647058823529,RPC-GB,0.2
499,LR-REAL-Political,0.7215686274509805,0.598752766643366,5.470588235294118,RPC-GB,0.2
500,LR-REAL-Political,0.1450980392156863,1.2370500298748075,2.0,Chain-GBR-PI,0.3
501,LR-REAL-Political,0.10588235294117647,1.2367482556265137,1.8235294117647058,Chain-GBR-PI,0.3
502,LR-REAL-Political,0.1843137254901961,1.238728467315553,2.0588235294117645,Chain-GBR-PI,0.3
503,LR-REAL-Political,0.06666666666666667,1.2300430518928827,1.9411764705882353,Chain-GBR-PI,0.3
504,LR-REAL-Political,0.04313725490196079,1.2432623031797017,1.8235294117647058,Chain-GBR-PI,0.3
505,LR-REAL-Political,0.10196078431372547,1.2437022816577175,2.1176470588235294,Chain-GBR-PI,0.3
506,LR-REAL-Political,0.17254901960784313,1.2456776774855423,2.176470588235294,Chain-GBR-PI,0.3
507,LR-REAL-Political,0.11372549019607844,1.2487651305826126,1.9411764705882353,Chain-GBR-PI,0.3
508,LR-REAL-Political,0.14117647058823532,1.24252264094724,1.8823529411764706,Chain-GBR-PI,0.3
509,LR-REAL-Political,0.17647058823529413,1.240530362065855,2.176470588235294,Chain-GBR-PI,0.3
510,LR-REAL-Political,0.08627450980392158,1.2419427613365093,2.0588235294117645,Chain-GBR-PI,0.3
511,LR-REAL-Political,0.24705882352941178,1.2623078484918395,1.8823529411764706,Chain-GBR-PI,0.3
512,LR-REAL-Political,0.27058823529411763,1.2419961112359796,2.3529411764705883,Chain-GBR-PI,0.3
513,LR-REAL-Political,0.24313725490196075,1.2374974663635048,2.0,Chain-GBR-PI,0.3
514,LR-REAL-Political,0.10588235294117646,1.2296935576346653,2.176470588235294,Chain-GBR-PI,0.3
515,LR-REAL-Political,0.18039215686274512,1.2373075127663455,2.0588235294117645,Chain-GBR-PI,0.3
516,LR-REAL-Political,0.16862745098039217,1.238318314885073,2.0588235294117645,Chain-GBR-PI,0.3
517,LR-REAL-Political,0.2,1.2406535904422173,2.0,Chain-GBR-PI,0.3
518,LR-REAL-Political,0.09019607843137256,1.2401127781920116,2.1176470588235294,Chain-GBR-PI,0.3
519,LR-REAL-Political,0.12549019607843137,1.242030963091446,2.0588235294117645,Chain-GBR-PI,0.3
520,LR-REAL-Political,0.1686274509803922,1.2385174457574204,1.9411764705882353,Chain-GBR-PI,0.3
521,LR-REAL-Political,0.2,1.2438044898668366,2.2941176470588234,Chain-GBR-PI,0.3
522,LR-REAL-Political,0.19999999999999998,1.240075559660299,2.5294117647058822,Chain-GBR-PI,0.3
523,LR-REAL-Political,0.19999999999999998,1.2408553772716446,2.588235294117647,Chain-GBR-PI,0.3
524,LR-REAL-Political,0.14901960784313728,1.241249036992051,2.176470588235294,Chain-GBR-PI,0.3
525,LR-REAL-Political,0.1411764705882353,1.2463491650406744,2.0,Chain-GBR-PI,0.3
526,LR-REAL-Political,0.2588235294117647,1.2406981198175244,1.9411764705882353,Chain-GBR-PI,0.3
527,LR-REAL-Political,0.11372549019607844,1.2430071274708834,2.176470588235294,Chain-GBR-PI,0.3
528,LR-REAL-Political,0.1843137254901961,1.2302674514871967,1.8823529411764706,Chain-GBR-PI,0.3
529,LR-REAL-Political,0.05098039215686275,1.245040615943622,2.235294117647059,Chain-GBR-PI,0.3
530,LR-REAL-Political,0.2196078431372549,1.2348690824723099,2.0,Chain-GBR-PI,0.3
531,LR-REAL-Political,0.24705882352941178,1.2423557873757918,2.2941176470588234,Chain-GBR-PI,0.3
532,LR-REAL-Political,0.2392156862745098,1.2421630367383334,2.2941176470588234,Chain-GBR-PI,0.3
533,LR-REAL-Political,0.1215686274509804,1.2433317600243272,2.3529411764705883,Chain-GBR-PI,0.3
534,LR-REAL-Political,0.196078431372549,1.2389322500300706,2.2941176470588234,Chain-GBR-PI,0.3
535,LR-REAL-Political,0.24705882352941178,1.2398882345332993,1.9411764705882353,Chain-GBR-PI,0.3
536,LR-REAL-Political,0.1843137254901961,1.24101557345896,2.5294117647058822,Chain-GBR-PI,0.3
537,LR-REAL-Political,0.12941176470588234,1.242715648318897,2.0588235294117645,Chain-GBR-PI,0.3
538,LR-REAL-Political,0.10588235294117647,1.2420233353363712,2.176470588235294,Chain-GBR-PI,0.3
539,LR-REAL-Political,0.19215686274509802,1.2424950301463842,2.0588235294117645,Chain-GBR-PI,0.3
540,LR-REAL-Political,0.10196078431372547,1.2380848888339218,2.0,Chain-GBR-PI,0.3
541,LR-REAL-Political,0.11372549019607842,1.2418672014495784,1.8235294117647058,Chain-GBR-PI,0.3
542,LR-REAL-Political,0.18823529411764706,1.2429631809581003,2.0588235294117645,Chain-GBR-PI,0.3
543,LR-REAL-Political,0.2627450980392157,1.241386433806924,2.5294117647058822,Chain-GBR-PI,0.3
544,LR-REAL-Political,0.3215686274509804,1.2429136505748015,2.4705882352941178,Chain-GBR-PI,0.3
545,LR-REAL-Political,0.13725490196078433,1.2377017708011373,2.235294117647059,Chain-GBR-PI,0.3
546,LR-REAL-Political,0.30588235294117644,1.244504047968774,2.2941176470588234,Chain-GBR-PI,0.3
547,LR-REAL-Political,0.21568627450980393,1.2391155772277802,2.0588235294117645,Chain-GBR-PI,0.3
548,LR-REAL-Political,0.12549019607843137,1.2406881264539724,1.9411764705882353,Chain-GBR-PI,0.3
549,LR-REAL-Political,0.1607843137254902,1.2420248908848188,2.411764705882353,Chain-GBR-PI,0.3
550,LR-REAL-Political,0.3843137254901961,1.2157360112788662,4.176470588235294,Chain-GBR-RR,0.3
551,LR-REAL-Political,0.3803921568627451,1.217944208941498,3.823529411764706,Chain-GBR-RR,0.3
552,LR-REAL-Political,0.4784313725490196,1.2194504520781169,4.0588235294117645,Chain-GBR-RR,0.3
553,LR-REAL-Political,0.40392156862745093,1.2088232225727813,3.8823529411764706,Chain-GBR-RR,0.3
554,LR-REAL-Political,0.36470588235294116,1.2196077597418455,3.8823529411764706,Chain-GBR-RR,0.3
555,LR-REAL-Political,0.4078431372549019,1.2210752698118605,4.0588235294117645,Chain-GBR-RR,0.3
556,LR-REAL-Political,0.4549019607843136,1.2225309675672502,4.0588235294117645,Chain-GBR-RR,0.3
557,LR-REAL-Political,0.44313725490196076,1.219577212463377,4.117647058823529,Chain-GBR-RR,0.3
558,LR-REAL-Political,0.34117647058823536,1.2169418887649233,3.7058823529411766,Chain-GBR-RR,0.3
559,LR-REAL-Political,0.40392156862745093,1.2221614031247654,4.0,Chain-GBR-RR,0.3
560,LR-REAL-Political,0.33725490196078434,1.2201931437455298,3.6470588235294117,Chain-GBR-RR,0.3
561,LR-REAL-Political,0.5647058823529412,1.224198976069768,4.176470588235294,Chain-GBR-RR,0.3
562,LR-REAL-Political,0.43529411764705883,1.2162368183558636,4.352941176470588,Chain-GBR-RR,0.3
563,LR-REAL-Political,0.5176470588235293,1.2163574725007833,3.9411764705882355,Chain-GBR-RR,0.3
564,LR-REAL-Political,0.36078431372549025,1.2097955075706721,4.0588235294117645,Chain-GBR-RR,0.3
565,LR-REAL-Political,0.3686274509803922,1.2181954918177424,3.8823529411764706,Chain-GBR-RR,0.3
566,LR-REAL-Political,0.31764705882352945,1.219417980045559,4.0,Chain-GBR-RR,0.3
567,LR-REAL-Political,0.4235294117647059,1.2190025061135616,4.176470588235294,Chain-GBR-RR,0.3
568,LR-REAL-Political,0.32941176470588235,1.2178320805578657,3.6470588235294117,Chain-GBR-RR,0.3
569,LR-REAL-Political,0.3294117647058824,1.2203038211054755,3.9411764705882355,Chain-GBR-RR,0.3
570,LR-REAL-Political,0.39607843137254894,1.2192072006957224,3.9411764705882355,Chain-GBR-RR,0.3
571,LR-REAL-Political,0.4980392156862745,1.2172384658623931,4.235294117647059,Chain-GBR-RR,0.3
572,LR-REAL-Political,0.388235294117647,1.2205596782324375,3.7058823529411766,Chain-GBR-RR,0.3
573,LR-REAL-Political,0.40392156862745093,1.2190617474404766,4.0588235294117645,Chain-GBR-RR,0.3
574,LR-REAL-Political,0.4470588235294117,1.2199785458639212,4.294117647058823,Chain-GBR-RR,0.3
575,LR-REAL-Political,0.43921568627450974,1.2220282842479158,4.294117647058823,Chain-GBR-RR,0.3
576,LR-REAL-Political,0.4784313725490196,1.222128081423324,3.764705882352941,Chain-GBR-RR,0.3
577,LR-REAL-Political,0.4705882352941176,1.220428657193093,4.0,Chain-GBR-RR,0.3
578,LR-REAL-Political,0.396078431372549,1.2114005587810817,4.0,Chain-GBR-RR,0.3
579,LR-REAL-Political,0.3294117647058824,1.2204497612278271,4.0,Chain-GBR-RR,0.3
580,LR-REAL-Political,0.5607843137254902,1.2108560169400333,3.764705882352941,Chain-GBR-RR,0.3
581,LR-REAL-Political,0.3450980392156863,1.2580369714242774,4.176470588235294,Chain-GBR-RR,0.3
582,LR-REAL-Political,0.4901960784313726,1.2210092904473728,4.235294117647059,Chain-GBR-RR,0.3
583,LR-REAL-Political,0.3686274509803922,1.2195993025692888,3.9411764705882355,Chain-GBR-RR,0.3
584,LR-REAL-Political,0.4784313725490196,1.218442096620207,4.235294117647059,Chain-GBR-RR,0.3
585,LR-REAL-Political,0.5372549019607844,1.2184321133358031,4.0,Chain-GBR-RR,0.3
586,LR-REAL-Political,0.33725490196078434,1.2198129452306674,3.8823529411764706,Chain-GBR-RR,0.3
587,LR-REAL-Political,0.3686274509803922,1.224621735058699,4.0588235294117645,Chain-GBR-RR,0.3
588,LR-REAL-Political,0.388235294117647,1.2255128952692829,4.235294117647059,Chain-GBR-RR,0.3
589,LR-REAL-Political,0.4509803921568627,1.2218831450923802,4.235294117647059,Chain-GBR-RR,0.3
590,LR-REAL-Political,0.3843137254901961,1.2179517466298448,3.823529411764706,Chain-GBR-RR,0.3
591,LR-REAL-Political,0.4392156862745098,1.2171059479222297,4.0588235294117645,Chain-GBR-RR,0.3
592,LR-REAL-Political,0.42745098039215684,1.2208193551995576,3.9411764705882355,Chain-GBR-RR,0.3
593,LR-REAL-Political,0.4313725490196078,1.2218974145860233,3.9411764705882355,Chain-GBR-RR,0.3
594,LR-REAL-Political,0.5960784313725491,1.219426173076595,4.235294117647059,Chain-GBR-RR,0.3
595,LR-REAL-Political,0.43137254901960775,1.2134089176450067,3.9411764705882355,Chain-GBR-RR,0.3
596,LR-REAL-Political,0.5568627450980392,1.2169587294023452,3.8823529411764706,Chain-GBR-RR,0.3
597,LR-REAL-Political,0.40392156862745093,1.218763661995754,4.0,Chain-GBR-RR,0.3
598,LR-REAL-Political,0.47058823529411764,1.2197797338381595,4.235294117647059,Chain-GBR-RR,0.3
599,LR-REAL-Political,0.4784313725490196,1.2211202595396455,4.294117647058823,Chain-GBR-RR,0.3
600,LR-REAL-Political,0.7137254901960786,0.47024720319275437,4.411764705882353,ST-GBR-RR,0.3
601,LR-REAL-Political,0.48235294117647054,0.4766062341227712,4.0588235294117645,ST-GBR-RR,0.3
602,LR-REAL-Political,0.7137254901960784,0.4597860204164238,4.470588235294118,ST-GBR-RR,0.3
603,LR-REAL-Political,0.6470588235294117,0.4923730369953282,4.235294117647059,ST-GBR-RR,0.3
604,LR-REAL-Political,0.623529411764706,0.45414049637945414,4.117647058823529,ST-GBR-RR,0.3
605,LR-REAL-Political,0.6705882352941177,0.4450488366110335,4.294117647058823,ST-GBR-RR,0.3
606,LR-REAL-Political,0.6823529411764706,0.4621785890382428,4.0588235294117645,ST-GBR-RR,0.3
607,LR-REAL-Political,0.7098039215686275,0.47588628336172833,4.235294117647059,ST-GBR-RR,0.3
608,LR-REAL-Political,0.7019607843137255,0.4626874266452028,4.529411764705882,ST-GBR-RR,0.3
609,LR-REAL-Political,0.6509803921568628,0.473595575461587,4.470588235294118,ST-GBR-RR,0.3
610,LR-REAL-Political,0.6352941176470588,0.48166245173601874,4.176470588235294,ST-GBR-RR,0.3
611,LR-REAL-Political,0.6862745098039217,0.4787586295791834,4.705882352941177,ST-GBR-RR,0.3
612,LR-REAL-Political,0.7176470588235295,0.47495263347398875,4.470588235294118,ST-GBR-RR,0.3
613,LR-REAL-Political,0.7098039215686275,0.46089773390459465,4.764705882352941,ST-GBR-RR,0.3
614,LR-REAL-Political,0.6392156862745099,0.4639398477766771,4.294117647058823,ST-GBR-RR,0.3
615,LR-REAL-Political,0.6980392156862746,0.4717585288472954,4.470588235294118,ST-GBR-RR,0.3
616,LR-REAL-Political,0.6588235294117647,0.46091751483652577,4.411764705882353,ST-GBR-RR,0.3
617,LR-REAL-Political,0.5450980392156863,0.4659971135580501,3.9411764705882355,ST-GBR-RR,0.3
618,LR-REAL-Political,0.6431372549019607,0.47057257519712936,3.8823529411764706,ST-GBR-RR,0.3
619,LR-REAL-Political,0.5607843137254902,0.4836893689678563,4.294117647058823,ST-GBR-RR,0.3
620,LR-REAL-Political,0.6431372549019608,0.4871692813356576,4.411764705882353,ST-GBR-RR,0.3
621,LR-REAL-Political,0.6666666666666666,0.4645570935006322,4.235294117647059,ST-GBR-RR,0.3
622,LR-REAL-Political,0.596078431372549,0.46062108874439667,4.352941176470588,ST-GBR-RR,0.3
623,LR-REAL-Political,0.7294117647058824,0.4721180653754637,4.352941176470588,ST-GBR-RR,0.3
624,LR-REAL-Political,0.6392156862745099,0.47892707243484317,4.588235294117647,ST-GBR-RR,0.3
625,LR-REAL-Political,0.6235294117647059,0.4924993917584294,4.0588235294117645,ST-GBR-RR,0.3
626,LR-REAL-Political,0.615686274509804,0.5102206342517726,4.294117647058823,ST-GBR-RR,0.3
627,LR-REAL-Political,0.7411764705882352,0.469209038957553,4.294117647058823,ST-GBR-RR,0.3
628,LR-REAL-Political,0.6745098039215687,0.47460690250459125,3.9411764705882355,ST-GBR-RR,0.3
629,LR-REAL-Political,0.6588235294117647,0.47668405159153965,4.235294117647059,ST-GBR-RR,0.3
630,LR-REAL-Political,0.7333333333333334,0.4211292762314193,4.294117647058823,ST-GBR-RR,0.3
631,LR-REAL-Political,0.5450980392156863,0.4709223270487501,4.352941176470588,ST-GBR-RR,0.3
632,LR-REAL-Political,0.7019607843137255,0.4620476009502773,4.588235294117647,ST-GBR-RR,0.3
633,LR-REAL-Political,0.6470588235294118,0.4611591567884104,4.529411764705882,ST-GBR-RR,0.3
634,LR-REAL-Political,0.6705882352941177,0.47780747369046106,4.235294117647059,ST-GBR-RR,0.3
635,LR-REAL-Political,0.7137254901960783,0.4746522452376171,4.764705882352941,ST-GBR-RR,0.3
636,LR-REAL-Political,0.6980392156862745,0.464675229644262,4.529411764705882,ST-GBR-RR,0.3
637,LR-REAL-Political,0.6352941176470589,0.455356092449287,4.294117647058823,ST-GBR-RR,0.3
638,LR-REAL-Political,0.6313725490196078,0.48010495512834767,4.176470588235294,ST-GBR-RR,0.3
639,LR-REAL-Political,0.6627450980392158,0.4470191342986338,3.8823529411764706,ST-GBR-RR,0.3
640,LR-REAL-Political,0.5882352941176471,0.43925240171126806,4.235294117647059,ST-GBR-RR,0.3
641,LR-REAL-Political,0.6705882352941176,0.4797450562282519,4.470588235294118,ST-GBR-RR,0.3
642,LR-REAL-Political,0.6627450980392158,0.47275229041838546,4.411764705882353,ST-GBR-RR,0.3
643,LR-REAL-Political,0.6862745098039217,0.46640584241187916,4.294117647058823,ST-GBR-RR,0.3
644,LR-REAL-Political,0.7098039215686275,0.4464990635121981,4.529411764705882,ST-GBR-RR,0.3
645,LR-REAL-Political,0.6941176470588235,0.4570509720891526,4.352941176470588,ST-GBR-RR,0.3
646,LR-REAL-Political,0.6784313725490198,0.49071623385197954,4.529411764705882,ST-GBR-RR,0.3
647,LR-REAL-Political,0.5803921568627451,0.4778748104281303,4.470588235294118,ST-GBR-RR,0.3
648,LR-REAL-Political,0.7490196078431373,0.4801935371078134,4.352941176470588,ST-GBR-RR,0.3
649,LR-REAL-Political,0.7607843137254902,0.4977248450348715,4.294117647058823,ST-GBR-RR,0.3
650,LR-REAL-Political,0.48235294117647054,0.4500099222427122,3.0588235294117645,ST-GBR-PI,0.3
651,LR-REAL-Political,0.1568627450980392,0.4680932092822035,3.235294117647059,ST-GBR-PI,0.3
652,LR-REAL-Political,0.47058823529411764,0.446818827178022,3.235294117647059,ST-GBR-PI,0.3
653,LR-REAL-Political,0.44313725490196076,0.483889169811889,3.176470588235294,ST-GBR-PI,0.3
654,LR-REAL-Political,0.35294117647058826,0.48502764648240276,3.235294117647059,ST-GBR-PI,0.3
655,LR-REAL-Political,0.2901960784313726,0.47198123947759163,2.8823529411764706,ST-GBR-PI,0.3
656,LR-REAL-Political,0.36470588235294116,0.4679353190980482,2.8823529411764706,ST-GBR-PI,0.3
657,LR-REAL-Political,0.4666666666666667,0.4822112127343186,3.235294117647059,ST-GBR-PI,0.3
658,LR-REAL-Political,0.388235294117647,0.41960371295601134,3.2941176470588234,ST-GBR-PI,0.3
659,LR-REAL-Political,0.39999999999999997,0.5065683345646931,3.4705882352941178,ST-GBR-PI,0.3
660,LR-REAL-Political,0.38823529411764707,0.4769141090253066,2.588235294117647,ST-GBR-PI,0.3
661,LR-REAL-Political,0.4666666666666667,0.48463638524811586,2.9411764705882355,ST-GBR-PI,0.3
662,LR-REAL-Political,0.4901960784313726,0.4835376760530616,3.4705882352941178,ST-GBR-PI,0.3
663,LR-REAL-Political,0.44313725490196076,0.48128584257636586,3.0,ST-GBR-PI,0.3
664,LR-REAL-Political,0.32941176470588235,0.47946163398684755,3.0,ST-GBR-PI,0.3
665,LR-REAL-Political,0.4352941176470588,0.43020762153590464,3.4705882352941178,ST-GBR-PI,0.3
666,LR-REAL-Political,0.41568627450980383,0.45079056099642123,3.411764705882353,ST-GBR-PI,0.3
667,LR-REAL-Political,0.3372549019607843,0.4663271116404516,3.176470588235294,ST-GBR-PI,0.3
668,LR-REAL-Political,0.38431372549019605,0.4810459655020588,2.8823529411764706,ST-GBR-PI,0.3
669,LR-REAL-Political,0.30196078431372547,0.46539051292844574,2.764705882352941,ST-GBR-PI,0.3
670,LR-REAL-Political,0.4470588235294118,0.4357308332843934,3.2941176470588234,ST-GBR-PI,0.3
671,LR-REAL-Political,0.3999999999999999,0.4777221728425168,3.2941176470588234,ST-GBR-PI,0.3
672,LR-REAL-Political,0.30588235294117644,0.4713499859805372,2.9411764705882355,ST-GBR-PI,0.3
673,LR-REAL-Political,0.48235294117647054,0.43120469437565273,3.2941176470588234,ST-GBR-PI,0.3
674,LR-REAL-Political,0.3764705882352941,0.48094034988985424,3.2941176470588234,ST-GBR-PI,0.3
675,LR-REAL-Political,0.3764705882352941,0.4935300894488516,3.2941176470588234,ST-GBR-PI,0.3
676,LR-REAL-Political,0.4117647058823529,0.4364501306992865,3.0,ST-GBR-PI,0.3
677,LR-REAL-Political,0.38431372549019605,0.46911601340304365,3.235294117647059,ST-GBR-PI,0.3
678,LR-REAL-Political,0.35294117647058826,0.4658437968878013,2.823529411764706,ST-GBR-PI,0.3
679,LR-REAL-Political,0.4156862745098039,0.4853310945289897,3.3529411764705883,ST-GBR-PI,0.3
680,LR-REAL-Political,0.4431372549019607,0.46860572859732563,2.7058823529411766,ST-GBR-PI,0.3
681,LR-REAL-Political,0.3372549019607843,0.46236017371236277,3.5294117647058822,ST-GBR-PI,0.3
682,LR-REAL-Political,0.38823529411764707,0.48174255820803363,3.1176470588235294,ST-GBR-PI,0.3
683,LR-REAL-Political,0.4078431372549019,0.4942103579852206,3.176470588235294,ST-GBR-PI,0.3
684,LR-REAL-Political,0.36078431372549025,0.45421377559342024,2.823529411764706,ST-GBR-PI,0.3
685,LR-REAL-Political,0.4549019607843137,0.47286741016653766,3.3529411764705883,ST-GBR-PI,0.3
686,LR-REAL-Political,0.396078431372549,0.43550673543605434,3.411764705882353,ST-GBR-PI,0.3
687,LR-REAL-Political,0.4470588235294118,0.5259532769619641,3.176470588235294,ST-GBR-PI,0.3
688,LR-REAL-Political,0.34901960784313724,0.4999043980485632,3.0588235294117645,ST-GBR-PI,0.3
689,LR-REAL-Political,0.39607843137254894,0.4555648494992331,2.9411764705882355,ST-GBR-PI,0.3
690,LR-REAL-Political,0.2823529411764706,0.47499254245927064,2.9411764705882355,ST-GBR-PI,0.3
691,LR-REAL-Political,0.3568627450980393,0.4790845952721006,3.0588235294117645,ST-GBR-PI,0.3
692,LR-REAL-Political,0.44705882352941173,0.4762491902350127,3.4705882352941178,ST-GBR-PI,0.3
693,LR-REAL-Political,0.4509803921568628,0.49447213707752097,2.764705882352941,ST-GBR-PI,0.3
694,LR-REAL-Political,0.44705882352941173,0.43151666621937484,3.176470588235294,ST-GBR-PI,0.3
695,LR-REAL-Political,0.37254901960784315,0.4799877536799064,2.8823529411764706,ST-GBR-PI,0.3
696,LR-REAL-Political,0.37254901960784315,0.4688430405707186,3.0588235294117645,ST-GBR-PI,0.3
697,LR-REAL-Political,0.30588235294117644,0.4395600739780542,3.411764705882353,ST-GBR-PI,0.3
698,LR-REAL-Political,0.4745098039215687,0.478474680452852,2.9411764705882355,ST-GBR-PI,0.3
699,LR-REAL-Political,0.45490196078431366,0.4858243249686236,3.176470588235294,ST-GBR-PI,0.3
700,LR-REAL-Political,0.6352941176470588,0.5797067916300007,5.588235294117647,RPC-GB,0.3
701,LR-REAL-Political,0.4862745098039216,0.5341869446158632,4.764705882352941,RPC-GB,0.3
702,LR-REAL-Political,0.6941176470588235,0.555412652942755,5.588235294117647,RPC-GB,0.3
703,LR-REAL-Political,0.584313725490196,0.5604121348636241,5.117647058823529,RPC-GB,0.3
704,LR-REAL-Political,0.611764705882353,0.5739418062598742,5.294117647058823,RPC-GB,0.3
705,LR-REAL-Political,0.5843137254901962,0.6306945309348194,5.294117647058823,RPC-GB,0.3
706,LR-REAL-Political,0.5490196078431373,0.5876449803648888,5.294117647058823,RPC-GB,0.3
707,LR-REAL-Political,0.6627450980392158,0.5507242100513752,4.411764705882353,RPC-GB,0.3
708,LR-REAL-Political,0.6470588235294117,0.5384133220503508,5.235294117647059,RPC-GB,0.3
709,LR-REAL-Political,0.7058823529411766,0.5541153991431884,4.647058823529412,RPC-GB,0.3
710,LR-REAL-Political,0.6980392156862745,0.556469691115086,5.0588235294117645,RPC-GB,0.3
711,LR-REAL-Political,0.6980392156862746,0.5454997259784214,5.235294117647059,RPC-GB,0.3
712,LR-REAL-Political,0.7019607843137255,0.5659809883845578,5.411764705882353,RPC-GB,0.3
713,LR-REAL-Political,0.6509803921568628,0.5680161149097853,4.764705882352941,RPC-GB,0.3
714,LR-REAL-Political,0.5294117647058824,0.8330456880498217,4.705882352941177,RPC-GB,0.3
715,LR-REAL-Political,0.6705882352941177,0.5528790584495461,4.9411764705882355,RPC-GB,0.3
716,LR-REAL-Political,0.47058823529411753,0.5472701697055333,5.0,RPC-GB,0.3
717,LR-REAL-Political,0.5254901960784314,0.5670519346596569,5.0588235294117645,RPC-GB,0.3
718,LR-REAL-Political,0.4470588235294118,0.5915911642730599,4.764705882352941,RPC-GB,0.3
719,LR-REAL-Political,0.5803921568627451,0.539287046989226,5.0,RPC-GB,0.3
720,LR-REAL-Political,0.5137254901960785,0.5898100207013333,5.0,RPC-GB,0.3
721,LR-REAL-Political,0.611764705882353,0.5586359118175642,5.235294117647059,RPC-GB,0.3
722,LR-REAL-Political,0.6588235294117648,0.5532752868047662,5.588235294117647,RPC-GB,0.3
723,LR-REAL-Political,0.6862745098039216,0.5561164772384779,5.0,RPC-GB,0.3
724,LR-REAL-Political,0.5568627450980392,0.5364821760116714,4.705882352941177,RPC-GB,0.3
725,LR-REAL-Political,0.5568627450980392,0.6075439361149176,5.0588235294117645,RPC-GB,0.3
726,LR-REAL-Political,0.596078431372549,0.5513541204868223,5.176470588235294,RPC-GB,0.3
727,LR-REAL-Political,0.7568627450980392,0.5506186169090354,4.882352941176471,RPC-GB,0.3
728,LR-REAL-Political,0.6352941176470589,0.5576984159294147,5.0588235294117645,RPC-GB,0.3
729,LR-REAL-Political,0.5372549019607843,0.602131749174607,5.0,RPC-GB,0.3
730,LR-REAL-Political,0.611764705882353,0.5401756612257103,5.117647058823529,RPC-GB,0.3
731,LR-REAL-Political,0.42745098039215684,0.5752991273388799,5.176470588235294,RPC-GB,0.3
732,LR-REAL-Political,0.6509803921568627,0.5985424851043377,5.176470588235294,RPC-GB,0.3
733,LR-REAL-Political,0.7098039215686276,0.5499571136665731,5.176470588235294,RPC-GB,0.3
734,LR-REAL-Political,0.6392156862745099,0.5628587593639355,4.9411764705882355,RPC-GB,0.3
735,LR-REAL-Political,0.6156862745098038,0.548682644931315,5.352941176470588,RPC-GB,0.3
736,LR-REAL-Political,0.5882352941176471,0.5883161091830065,4.9411764705882355,RPC-GB,0.3
737,LR-REAL-Political,0.6392156862745099,0.5806439157885804,5.235294117647059,RPC-GB,0.3
738,LR-REAL-Political,0.6352941176470589,0.544133040087073,4.9411764705882355,RPC-GB,0.3
739,LR-REAL-Political,0.6862745098039216,0.5503774068746413,5.117647058823529,RPC-GB,0.3
740,LR-REAL-Political,0.6509803921568628,0.524920717849285,5.0,RPC-GB,0.3
741,LR-REAL-Political,0.6470588235294118,0.5556365829269904,5.235294117647059,RPC-GB,0.3
742,LR-REAL-Political,0.5450980392156862,0.6082620942494619,4.529411764705882,RPC-GB,0.3
743,LR-REAL-Political,0.7215686274509805,0.5496559822801474,5.411764705882353,RPC-GB,0.3
744,LR-REAL-Political,0.6549019607843137,0.5641952795248446,4.9411764705882355,RPC-GB,0.3
745,LR-REAL-Political,0.6627450980392158,0.5938244046786152,5.117647058823529,RPC-GB,0.3
746,LR-REAL-Political,0.6588235294117648,0.5785668881645409,5.117647058823529,RPC-GB,0.3
747,LR-REAL-Political,0.5411764705882354,0.5822002370386025,4.882352941176471,RPC-GB,0.3
748,LR-REAL-Political,0.6627450980392157,0.6077928399250401,5.470588235294118,RPC-GB,0.3
749,LR-REAL-Political,0.7725490196078431,0.5684439663351459,5.294117647058823,RPC-GB,0.3
750,LR-REAL-Political,0.17647058823529413,1.2404388469441363,2.3529411764705883,Chain-GBR-PI,0.4
751,LR-REAL-Political,-0.01960784313725491,1.2623326982403216,2.0,Chain-GBR-PI,0.4
752,LR-REAL-Political,0.1411764705882353,1.2378449965157219,2.0588235294117645,Chain-GBR-PI,0.4
753,LR-REAL-Political,0.11372549019607843,1.2298916053548525,1.8235294117647058,Chain-GBR-PI,0.4
754,LR-REAL-Political,0.03137254901960785,1.2675460174355868,1.7058823529411764,Chain-GBR-PI,0.4
755,LR-REAL-Political,0.09019607843137256,1.2342402461595001,1.8235294117647058,Chain-GBR-PI,0.4
756,LR-REAL-Political,0.14117647058823532,1.2400029886471924,2.0588235294117645,Chain-GBR-PI,0.4
757,LR-REAL-Political,0.06666666666666667,1.2376885484820923,2.0588235294117645,Chain-GBR-PI,0.4
758,LR-REAL-Political,0.011764705882352941,1.2331631399021494,1.588235294117647,Chain-GBR-PI,0.4
759,LR-REAL-Political,0.10588235294117647,1.234941540022314,2.0588235294117645,Chain-GBR-PI,0.4
760,LR-REAL-Political,0.11372549019607843,1.2377533543283792,2.3529411764705883,Chain-GBR-PI,0.4
761,LR-REAL-Political,0.13333333333333336,1.238373384823631,2.0588235294117645,Chain-GBR-PI,0.4
762,LR-REAL-Political,0.09019607843137256,1.2352493941234988,1.7647058823529411,Chain-GBR-PI,0.4
763,LR-REAL-Political,0.07058823529411765,1.2403866771989085,1.7647058823529411,Chain-GBR-PI,0.4
764,LR-REAL-Political,-0.03529411764705882,1.2304605733508958,2.0,Chain-GBR-PI,0.4
765,LR-REAL-Political,0.09411764705882353,1.240407821962294,1.6470588235294117,Chain-GBR-PI,0.4
766,LR-REAL-Political,0.16078431372549024,1.2409076834195587,2.411764705882353,Chain-GBR-PI,0.4
767,LR-REAL-Political,0.09803921568627451,1.2426172362590755,1.9411764705882353,Chain-GBR-PI,0.4
768,LR-REAL-Political,0.08627450980392158,1.2594452021687819,1.9411764705882353,Chain-GBR-PI,0.4
769,LR-REAL-Political,0.12156862745098038,1.2384981140736502,2.4705882352941178,Chain-GBR-PI,0.4
770,LR-REAL-Political,0.1647058823529412,1.2387941141512406,1.8235294117647058,Chain-GBR-PI,0.4
771,LR-REAL-Political,0.10196078431372549,1.2382523156495,2.3529411764705883,Chain-GBR-PI,0.4
772,LR-REAL-Political,0.047058823529411764,1.236391658717349,1.9411764705882353,Chain-GBR-PI,0.4
773,LR-REAL-Political,0.1843137254901961,1.2344827748280707,2.1176470588235294,Chain-GBR-PI,0.4
774,LR-REAL-Political,-0.015686274509803918,1.233737750131488,1.7058823529411764,Chain-GBR-PI,0.4
775,LR-REAL-Political,0.1450980392156863,1.236029964127794,2.1176470588235294,Chain-GBR-PI,0.4
776,LR-REAL-Political,0.007843137254901959,1.2414153371205845,1.8235294117647058,Chain-GBR-PI,0.4
777,LR-REAL-Political,0.23529411764705882,1.2355702123780679,2.2941176470588234,Chain-GBR-PI,0.4
778,LR-REAL-Political,0.058823529411764705,1.2324177542434696,2.176470588235294,Chain-GBR-PI,0.4
779,LR-REAL-Political,0.20784313725490197,1.2421757274645633,2.235294117647059,Chain-GBR-PI,0.4
780,LR-REAL-Political,0.17254901960784313,1.2292360375280826,2.0588235294117645,Chain-GBR-PI,0.4
781,LR-REAL-Political,0.17254901960784313,1.235003425712482,1.6470588235294117,Chain-GBR-PI,0.4
782,LR-REAL-Political,0.10980392156862745,1.239251787578345,2.0588235294117645,Chain-GBR-PI,0.4
783,LR-REAL-Political,0.14901960784313725,1.2392431398068708,2.411764705882353,Chain-GBR-PI,0.4
784,LR-REAL-Political,0.11372549019607843,1.237664047088306,1.7647058823529411,Chain-GBR-PI,0.4
785,LR-REAL-Political,0.2745098039215686,1.2373865615323574,2.3529411764705883,Chain-GBR-PI,0.4
786,LR-REAL-Political,0.0784313725490196,1.2402077285277022,1.8823529411764706,Chain-GBR-PI,0.4
787,LR-REAL-Political,0.015686274509803918,1.23859130274922,2.0588235294117645,Chain-GBR-PI,0.4
788,LR-REAL-Political,0.03137254901960784,1.2376649624849323,1.7058823529411764,Chain-GBR-PI,0.4
789,LR-REAL-Political,0.07843137254901962,1.239729702387803,2.176470588235294,Chain-GBR-PI,0.4
790,LR-REAL-Political,0.11372549019607843,1.2400286774253775,1.7058823529411764,Chain-GBR-PI,0.4
791,LR-REAL-Political,0.0823529411764706,1.2341047365346225,1.7647058823529411,Chain-GBR-PI,0.4
792,LR-REAL-Political,0.007843137254901959,1.2360052900826828,1.7647058823529411,Chain-GBR-PI,0.4
793,LR-REAL-Political,0.16862745098039217,1.2378056316743755,2.0588235294117645,Chain-GBR-PI,0.4
794,LR-REAL-Political,0.0980392156862745,1.238710420451487,1.8235294117647058,Chain-GBR-PI,0.4
795,LR-REAL-Political,0.21960784313725487,1.227428218462047,2.235294117647059,Chain-GBR-PI,0.4
796,LR-REAL-Political,0.11764705882352941,1.2363825314499408,2.0588235294117645,Chain-GBR-PI,0.4
797,LR-REAL-Political,0.04313725490196078,1.2397287693593606,2.176470588235294,Chain-GBR-PI,0.4
798,LR-REAL-Political,0.0823529411764706,1.2369227245069077,1.8235294117647058,Chain-GBR-PI,0.4
799,LR-REAL-Political,0.06274509803921569,1.2396736026167166,2.3529411764705883,Chain-GBR-PI,0.4
800,LR-REAL-Political,0.3215686274509804,1.2200160835899545,4.117647058823529,Chain-GBR-RR,0.4
801,LR-REAL-Political,0.25098039215686274,1.2145422644951862,4.0588235294117645,Chain-GBR-RR,0.4
802,LR-REAL-Political,0.3647058823529412,1.2176780055294454,3.588235294117647,Chain-GBR-RR,0.4
803,LR-REAL-Political,0.2784313725490196,1.2073702937856994,3.9411764705882355,Chain-GBR-RR,0.4
804,LR-REAL-Political,0.14117647058823532,1.2238006693581747,3.588235294117647,Chain-GBR-RR,0.4
805,LR-REAL-Political,0.31764705882352945,1.2131363313464838,4.294117647058823,Chain-GBR-RR,0.4
806,LR-REAL-Political,0.392156862745098,1.214935792183766,3.8823529411764706,Chain-GBR-RR,0.4
807,LR-REAL-Political,0.27450980392156865,1.2174104969543391,3.7058823529411766,Chain-GBR-RR,0.4
808,LR-REAL-Political,0.17254901960784316,1.2129194602517936,3.4705882352941178,Chain-GBR-RR,0.4
809,LR-REAL-Political,0.3490196078431373,1.2140026523317196,3.588235294117647,Chain-GBR-RR,0.4
810,LR-REAL-Political,0.2392156862745098,1.2159253055938481,3.7058823529411766,Chain-GBR-RR,0.4
811,LR-REAL-Political,0.4156862745098039,1.217217480598764,3.9411764705882355,Chain-GBR-RR,0.4
812,LR-REAL-Political,0.3411764705882353,1.216790363820934,3.6470588235294117,Chain-GBR-RR,0.4
813,LR-REAL-Political,0.2980392156862745,1.2170685205441198,3.6470588235294117,Chain-GBR-RR,0.4
814,LR-REAL-Political,0.16470588235294123,1.2102023600443317,3.7058823529411766,Chain-GBR-RR,0.4
815,LR-REAL-Political,0.2627450980392157,1.2161570461874007,3.8823529411764706,Chain-GBR-RR,0.4
816,LR-REAL-Political,0.40392156862745093,1.2468842903128114,4.0,Chain-GBR-RR,0.4
817,LR-REAL-Political,0.3019607843137255,1.2222207359386734,3.8823529411764706,Chain-GBR-RR,0.4
818,LR-REAL-Political,0.25490196078431376,1.2180659444522586,3.7058823529411766,Chain-GBR-RR,0.4
819,LR-REAL-Political,0.30588235294117644,1.216208969180167,4.0588235294117645,Chain-GBR-RR,0.4
820,LR-REAL-Political,0.41568627450980394,1.216125227522493,3.823529411764706,Chain-GBR-RR,0.4
821,LR-REAL-Political,0.24705882352941178,1.218996377641492,3.764705882352941,Chain-GBR-RR,0.4
822,LR-REAL-Political,0.32549019607843144,1.220216406874249,3.588235294117647,Chain-GBR-RR,0.4
823,LR-REAL-Political,0.3764705882352941,1.2142736938883614,4.0588235294117645,Chain-GBR-RR,0.4
824,LR-REAL-Political,0.19999999999999998,1.2133847660560264,3.823529411764706,Chain-GBR-RR,0.4
825,LR-REAL-Political,0.3568627450980392,1.2155986725578243,3.8823529411764706,Chain-GBR-RR,0.4
826,LR-REAL-Political,0.13333333333333333,1.2161337724161807,3.3529411764705883,Chain-GBR-RR,0.4
827,LR-REAL-Political,0.4078431372549019,1.2441761402528566,4.235294117647059,Chain-GBR-RR,0.4
828,LR-REAL-Political,0.2745098039215686,1.2075755784647755,4.0588235294117645,Chain-GBR-RR,0.4
829,LR-REAL-Political,0.3647058823529412,1.21696856329929,3.588235294117647,Chain-GBR-RR,0.4
830,LR-REAL-Political,0.45098039215686275,1.206850905278503,3.823529411764706,Chain-GBR-RR,0.4
831,LR-REAL-Political,0.2823529411764706,1.2151746280118458,3.6470588235294117,Chain-GBR-RR,0.4
832,LR-REAL-Political,0.3568627450980392,1.2173597234173232,4.0588235294117645,Chain-GBR-RR,0.4
833,LR-REAL-Political,0.35686274509803917,1.2326600461268664,4.0588235294117645,Chain-GBR-RR,0.4
834,LR-REAL-Political,0.3254901960784314,1.2150305001883546,3.8823529411764706,Chain-GBR-RR,0.4
835,LR-REAL-Political,0.42745098039215684,1.2174961287511097,4.352941176470588,Chain-GBR-RR,0.4
836,LR-REAL-Political,0.26666666666666666,1.2164210080358333,3.764705882352941,Chain-GBR-RR,0.4
837,LR-REAL-Political,0.28627450980392155,1.2185246728489152,3.6470588235294117,Chain-GBR-RR,0.4
838,LR-REAL-Political,0.33725490196078434,1.2157114872621237,3.6470588235294117,Chain-GBR-RR,0.4
839,LR-REAL-Political,0.29411764705882354,1.2163072867062965,3.588235294117647,Chain-GBR-RR,0.4
840,LR-REAL-Political,0.32941176470588235,1.2156101642674186,3.823529411764706,Chain-GBR-RR,0.4
841,LR-REAL-Political,0.34117647058823536,1.2240893664545107,3.6470588235294117,Chain-GBR-RR,0.4
842,LR-REAL-Political,0.30980392156862746,1.2132492510413324,3.7058823529411766,Chain-GBR-RR,0.4
843,LR-REAL-Political,0.3568627450980393,1.2156354541500658,3.9411764705882355,Chain-GBR-RR,0.4
844,LR-REAL-Political,0.4117647058823529,1.2169319214895775,3.9411764705882355,Chain-GBR-RR,0.4
845,LR-REAL-Political,0.4549019607843137,1.2068410938897942,4.117647058823529,Chain-GBR-RR,0.4
846,LR-REAL-Political,0.3254901960784314,1.2169614637693702,4.0588235294117645,Chain-GBR-RR,0.4
847,LR-REAL-Political,0.25882352941176473,1.2144442082197684,3.8823529411764706,Chain-GBR-RR,0.4
848,LR-REAL-Political,0.34901960784313724,1.2156242932633843,4.0588235294117645,Chain-GBR-RR,0.4
849,LR-REAL-Political,0.25490196078431376,1.2161490248792077,4.0588235294117645,Chain-GBR-RR,0.4
850,LR-REAL-Political,0.7019607843137255,0.4661140525407082,4.411764705882353,ST-GBR-RR,0.4
851,LR-REAL-Political,0.5450980392156863,0.46563265477359245,4.411764705882353,ST-GBR-RR,0.4
852,LR-REAL-Political,0.6980392156862745,0.46630434263997844,4.352941176470588,ST-GBR-RR,0.4
853,LR-REAL-Political,0.627450980392157,0.4670618414535382,4.294117647058823,ST-GBR-RR,0.4
854,LR-REAL-Political,0.6705882352941177,0.4878098396156023,4.705882352941177,ST-GBR-RR,0.4
855,LR-REAL-Political,0.6235294117647059,0.4553013640814462,4.352941176470588,ST-GBR-RR,0.4
856,LR-REAL-Political,0.6313725490196078,0.4617090183449186,4.352941176470588,ST-GBR-RR,0.4
857,LR-REAL-Political,0.6627450980392157,0.45071433862399796,4.117647058823529,ST-GBR-RR,0.4
858,LR-REAL-Political,0.6392156862745099,0.46068778588057496,4.235294117647059,ST-GBR-RR,0.4
859,LR-REAL-Political,0.615686274509804,0.46128174688375656,4.470588235294118,ST-GBR-RR,0.4
860,LR-REAL-Political,0.6666666666666669,0.44037911765497184,4.294117647058823,ST-GBR-RR,0.4
861,LR-REAL-Political,0.6862745098039217,0.4501537057595482,4.588235294117647,ST-GBR-RR,0.4
862,LR-REAL-Political,0.7098039215686275,0.4622044416734283,4.470588235294118,ST-GBR-RR,0.4
863,LR-REAL-Political,0.6470588235294117,0.41083730624761583,4.411764705882353,ST-GBR-RR,0.4
864,LR-REAL-Political,0.627450980392157,0.4604595088112331,4.235294117647059,ST-GBR-RR,0.4
865,LR-REAL-Political,0.6784313725490196,0.4188994602640588,4.470588235294118,ST-GBR-RR,0.4
866,LR-REAL-Political,0.6509803921568629,0.4432643797013614,4.235294117647059,ST-GBR-RR,0.4
867,LR-REAL-Political,0.6352941176470589,0.44799945945413105,4.529411764705882,ST-GBR-RR,0.4
868,LR-REAL-Political,0.6156862745098038,0.45113613969713984,4.470588235294118,ST-GBR-RR,0.4
869,LR-REAL-Political,0.6235294117647059,0.4512199473263772,4.647058823529412,ST-GBR-RR,0.4
870,LR-REAL-Political,0.6588235294117648,0.46167183123697547,4.470588235294118,ST-GBR-RR,0.4
871,LR-REAL-Political,0.6627450980392158,0.463362513614998,4.117647058823529,ST-GBR-RR,0.4
872,LR-REAL-Political,0.5568627450980392,0.4634268095782772,4.294117647058823,ST-GBR-RR,0.4
873,LR-REAL-Political,0.6901960784313725,0.461126571606579,4.294117647058823,ST-GBR-RR,0.4
874,LR-REAL-Political,0.6352941176470588,0.4586579135770518,4.294117647058823,ST-GBR-RR,0.4
875,LR-REAL-Political,0.5647058823529412,0.45948417012689446,4.529411764705882,ST-GBR-RR,0.4
876,LR-REAL-Political,0.6196078431372549,0.4569226853303116,4.411764705882353,ST-GBR-RR,0.4
877,LR-REAL-Political,0.7725490196078431,0.4648221064986453,4.470588235294118,ST-GBR-RR,0.4
878,LR-REAL-Political,0.6627450980392157,0.45110782048863074,4.176470588235294,ST-GBR-RR,0.4
879,LR-REAL-Political,0.607843137254902,0.40012112014008755,4.235294117647059,ST-GBR-RR,0.4
880,LR-REAL-Political,0.6509803921568628,0.4484023979700674,4.176470588235294,ST-GBR-RR,0.4
881,LR-REAL-Political,0.5490196078431372,0.4549655304319342,4.0588235294117645,ST-GBR-RR,0.4
882,LR-REAL-Political,0.6509803921568628,0.48877527993829634,4.294117647058823,ST-GBR-RR,0.4
883,LR-REAL-Political,0.6823529411764706,0.4400878201125607,4.470588235294118,ST-GBR-RR,0.4
884,LR-REAL-Political,0.6784313725490196,0.47017152830365105,4.294117647058823,ST-GBR-RR,0.4
885,LR-REAL-Political,0.6784313725490196,0.4637947477697314,4.352941176470588,ST-GBR-RR,0.4
886,LR-REAL-Political,0.592156862745098,0.45301965504276925,4.529411764705882,ST-GBR-RR,0.4
887,LR-REAL-Political,0.6431372549019607,0.4406992696249576,3.823529411764706,ST-GBR-RR,0.4
888,LR-REAL-Political,0.6549019607843137,0.45433823047951744,4.294117647058823,ST-GBR-RR,0.4
889,LR-REAL-Political,0.6941176470588235,0.4480784892275513,4.235294117647059,ST-GBR-RR,0.4
890,LR-REAL-Political,0.5607843137254902,0.47098053181388216,4.352941176470588,ST-GBR-RR,0.4
891,LR-REAL-Political,0.6666666666666666,0.4625795965230891,4.411764705882353,ST-GBR-RR,0.4
892,LR-REAL-Political,0.6470588235294117,0.46543491262943837,4.705882352941177,ST-GBR-RR,0.4
893,LR-REAL-Political,0.6235294117647059,0.46500361021848974,4.529411764705882,ST-GBR-RR,0.4
894,LR-REAL-Political,0.7137254901960786,0.46735219763515295,4.411764705882353,ST-GBR-RR,0.4
895,LR-REAL-Political,0.6431372549019608,0.442653593133816,4.235294117647059,ST-GBR-RR,0.4
896,LR-REAL-Political,0.7098039215686276,0.45546927239402796,4.588235294117647,ST-GBR-RR,0.4
897,LR-REAL-Political,0.5450980392156862,0.45190237303519587,4.294117647058823,ST-GBR-RR,0.4
898,LR-REAL-Political,0.6509803921568627,0.4642033282603771,4.117647058823529,ST-GBR-RR,0.4
899,LR-REAL-Political,0.7411764705882353,0.4782106829206313,4.588235294117647,ST-GBR-RR,0.4
900,LR-REAL-Political,0.4784313725490196,0.46520060177239414,3.2941176470588234,ST-GBR-PI,0.4
901,LR-REAL-Political,0.2235294117647059,0.4197560859138018,2.6470588235294117,ST-GBR-PI,0.4
902,LR-REAL-Political,0.4431372549019608,0.4873307054870792,3.176470588235294,ST-GBR-PI,0.4
903,LR-REAL-Political,0.4078431372549019,0.46592139500877544,3.1176470588235294,ST-GBR-PI,0.4
904,LR-REAL-Political,0.38431372549019605,0.4778294928284686,3.1176470588235294,ST-GBR-PI,0.4
905,LR-REAL-Political,0.3647058823529412,0.462836071212,2.823529411764706,ST-GBR-PI,0.4
906,LR-REAL-Political,0.396078431372549,0.4657298266098215,2.9411764705882355,ST-GBR-PI,0.4
907,LR-REAL-Political,0.40392156862745093,0.4718405210454116,2.9411764705882355,ST-GBR-PI,0.4
908,LR-REAL-Political,0.3294117647058824,0.4662502412085894,3.176470588235294,ST-GBR-PI,0.4
909,LR-REAL-Political,0.38823529411764707,0.45601034050918965,2.8823529411764706,ST-GBR-PI,0.4
910,LR-REAL-Political,0.3803921568627451,0.40942586853938334,3.0,ST-GBR-PI,0.4
911,LR-REAL-Political,0.4156862745098039,0.4622750837278009,3.1176470588235294,ST-GBR-PI,0.4
912,LR-REAL-Political,0.4784313725490196,0.4737684596376259,3.2941176470588234,ST-GBR-PI,0.4
913,LR-REAL-Political,0.388235294117647,0.43424327202854646,3.235294117647059,ST-GBR-PI,0.4
914,LR-REAL-Political,0.34509803921568627,0.4743542456421661,3.235294117647059,ST-GBR-PI,0.4
915,LR-REAL-Political,0.3294117647058824,0.5045949541412315,2.823529411764706,ST-GBR-PI,0.4
916,LR-REAL-Political,0.4392156862745098,0.42712472118092837,3.1176470588235294,ST-GBR-PI,0.4
917,LR-REAL-Political,0.44313725490196076,0.4170184350519189,3.3529411764705883,ST-GBR-PI,0.4
918,LR-REAL-Political,0.3803921568627451,0.4923393936639425,3.1176470588235294,ST-GBR-PI,0.4
919,LR-REAL-Political,0.3686274509803922,0.459104843765707,3.176470588235294,ST-GBR-PI,0.4
920,LR-REAL-Political,0.47058823529411764,0.46286887809918176,3.0,ST-GBR-PI,0.4
921,LR-REAL-Political,0.38823529411764707,0.4604277954700251,3.588235294117647,ST-GBR-PI,0.4
922,LR-REAL-Political,0.388235294117647,0.4730119342247914,3.235294117647059,ST-GBR-PI,0.4
923,LR-REAL-Political,0.47058823529411764,0.4555176251902409,3.176470588235294,ST-GBR-PI,0.4
924,LR-REAL-Political,0.3568627450980393,0.48735004989848657,2.823529411764706,ST-GBR-PI,0.4
925,LR-REAL-Political,0.27058823529411763,0.44011927871227596,3.235294117647059,ST-GBR-PI,0.4
926,LR-REAL-Political,0.42745098039215684,0.47324934016075676,2.8823529411764706,ST-GBR-PI,0.4
927,LR-REAL-Political,0.396078431372549,0.46853707265718375,2.9411764705882355,ST-GBR-PI,0.4
928,LR-REAL-Political,0.3450980392156863,0.44794755697929695,2.5294117647058822,ST-GBR-PI,0.4
929,LR-REAL-Political,0.3254901960784314,0.46177541918337994,2.7058823529411766,ST-GBR-PI,0.4
930,LR-REAL-Political,0.33333333333333337,0.41286248843847523,2.9411764705882355,ST-GBR-PI,0.4
931,LR-REAL-Political,0.3568627450980392,0.4474008420337073,3.2941176470588234,ST-GBR-PI,0.4
932,LR-REAL-Political,0.3607843137254902,0.4444645873569962,3.0,ST-GBR-PI,0.4
933,LR-REAL-Political,0.48235294117647065,0.45520199371007186,3.1176470588235294,ST-GBR-PI,0.4
934,LR-REAL-Political,0.4156862745098039,0.4577463131474348,3.0,ST-GBR-PI,0.4
935,LR-REAL-Political,0.45490196078431366,0.47060072544808157,2.7058823529411766,ST-GBR-PI,0.4
936,LR-REAL-Political,0.36470588235294116,0.452741045075752,3.235294117647059,ST-GBR-PI,0.4
937,LR-REAL-Political,0.4352941176470588,0.4723295923364385,3.0588235294117645,ST-GBR-PI,0.4
938,LR-REAL-Political,0.33333333333333337,0.4641479846940387,2.4705882352941178,ST-GBR-PI,0.4
939,LR-REAL-Political,0.39215686274509803,0.4642415804546936,2.9411764705882355,ST-GBR-PI,0.4
940,LR-REAL-Political,0.2823529411764706,0.4111443968746909,3.0,ST-GBR-PI,0.4
941,LR-REAL-Political,0.38431372549019605,0.45533995402241345,2.7058823529411766,ST-GBR-PI,0.4
942,LR-REAL-Political,0.4156862745098039,0.46861813399104807,3.3529411764705883,ST-GBR-PI,0.4
943,LR-REAL-Political,0.42745098039215684,0.5044195985058231,2.764705882352941,ST-GBR-PI,0.4
944,LR-REAL-Political,0.5137254901960784,0.45750845444826505,3.3529411764705883,ST-GBR-PI,0.4
945,LR-REAL-Political,0.4156862745098039,0.4099761317628289,3.0588235294117645,ST-GBR-PI,0.4
946,LR-REAL-Political,0.34901960784313724,0.4622662262334842,3.2941176470588234,ST-GBR-PI,0.4
947,LR-REAL-Political,0.35294117647058826,0.46397591270357985,3.235294117647059,ST-GBR-PI,0.4
948,LR-REAL-Political,0.396078431372549,0.45598077379293556,3.0588235294117645,ST-GBR-PI,0.4
949,LR-REAL-Political,0.4156862745098039,0.490690615542672,2.8823529411764706,ST-GBR-PI,0.4
950,LR-REAL-Political,0.6078431372549019,0.5319003908059206,4.823529411764706,RPC-GB,0.4
951,LR-REAL-Political,0.40392156862745093,0.5187257181152083,5.0588235294117645,RPC-GB,0.4
952,LR-REAL-Political,0.6666666666666667,0.5587994915196672,5.0588235294117645,RPC-GB,0.4
953,LR-REAL-Political,0.47058823529411775,0.49137070979123443,4.294117647058823,RPC-GB,0.4
954,LR-REAL-Political,0.5725490196078431,0.5455345175953847,5.235294117647059,RPC-GB,0.4
955,LR-REAL-Political,0.592156862745098,0.5146742665868665,4.470588235294118,RPC-GB,0.4
956,LR-REAL-Political,0.5294117647058822,0.5544460528370025,5.470588235294118,RPC-GB,0.4
957,LR-REAL-Political,0.5686274509803921,0.5733744657118237,5.352941176470588,RPC-GB,0.4
958,LR-REAL-Political,0.568627450980392,0.5163559140302859,5.0,RPC-GB,0.4
959,LR-REAL-Political,0.5529411764705882,0.527279606202945,5.411764705882353,RPC-GB,0.4
960,LR-REAL-Political,0.6470588235294118,0.5430683672382007,5.647058823529412,RPC-GB,0.4
961,LR-REAL-Political,0.5019607843137255,0.5304023900260463,5.117647058823529,RPC-GB,0.4
962,LR-REAL-Political,0.6117647058823531,0.5840902902248526,5.588235294117647,RPC-GB,0.4
963,LR-REAL-Political,0.6,0.5239516320299309,5.294117647058823,RPC-GB,0.4
964,LR-REAL-Political,0.6039215686274509,0.5358483553516817,4.9411764705882355,RPC-GB,0.4
965,LR-REAL-Political,0.5607843137254903,0.5207946579203201,5.0588235294117645,RPC-GB,0.4
966,LR-REAL-Political,0.603921568627451,0.5256735507885197,5.470588235294118,RPC-GB,0.4
967,LR-REAL-Political,0.6235294117647059,0.5311171605765963,5.588235294117647,RPC-GB,0.4
968,LR-REAL-Political,0.4901960784313726,0.5378765721795135,5.529411764705882,RPC-GB,0.4
969,LR-REAL-Political,0.4666666666666666,0.50481737458001,5.470588235294118,RPC-GB,0.4
970,LR-REAL-Political,0.6117647058823529,0.5897797090299246,5.117647058823529,RPC-GB,0.4
971,LR-REAL-Political,0.6784313725490196,0.5339233229589241,5.235294117647059,RPC-GB,0.4
972,LR-REAL-Political,0.49411764705882344,0.5023548368606906,5.294117647058823,RPC-GB,0.4
973,LR-REAL-Political,0.5647058823529412,0.5317824671998637,5.470588235294118,RPC-GB,0.4
974,LR-REAL-Political,0.592156862745098,0.508772382993642,5.117647058823529,RPC-GB,0.4
975,LR-REAL-Political,0.4549019607843137,0.5092159473793297,5.588235294117647,RPC-GB,0.4
976,LR-REAL-Political,0.5607843137254901,0.5670469622906646,5.588235294117647,RPC-GB,0.4
977,LR-REAL-Political,0.6862745098039216,0.49994703008540203,5.705882352941177,RPC-GB,0.4
978,LR-REAL-Political,0.580392156862745,0.5133267927867485,5.235294117647059,RPC-GB,0.4
979,LR-REAL-Political,0.611764705882353,0.5226914476651313,5.470588235294118,RPC-GB,0.4
980,LR-REAL-Political,0.5647058823529412,0.5333513789124449,5.411764705882353,RPC-GB,0.4
981,LR-REAL-Political,0.43137254901960786,0.5430156100930107,5.588235294117647,RPC-GB,0.4
982,LR-REAL-Political,0.5647058823529412,0.49962126927984757,5.294117647058823,RPC-GB,0.4
983,LR-REAL-Political,0.6431372549019608,0.5322636180192026,5.647058823529412,RPC-GB,0.4
984,LR-REAL-Political,0.5529411764705883,0.5341115050240324,5.117647058823529,RPC-GB,0.4
985,LR-REAL-Political,0.6588235294117647,0.5489365921896857,5.588235294117647,RPC-GB,0.4
986,LR-REAL-Political,0.6196078431372548,0.5437572186569102,5.117647058823529,RPC-GB,0.4
987,LR-REAL-Political,0.6117647058823529,0.5670113340529388,5.352941176470588,RPC-GB,0.4
988,LR-REAL-Political,0.615686274509804,0.511721065930957,5.176470588235294,RPC-GB,0.4
989,LR-REAL-Political,0.6,0.5380592486691176,5.176470588235294,RPC-GB,0.4
990,LR-REAL-Political,0.5019607843137255,0.5257011500996244,5.352941176470588,RPC-GB,0.4
991,LR-REAL-Political,0.5725490196078431,0.5064968930247532,5.294117647058823,RPC-GB,0.4
992,LR-REAL-Political,0.5137254901960784,0.5308122575732497,5.0,RPC-GB,0.4
993,LR-REAL-Political,0.611764705882353,0.5231089770917953,5.352941176470588,RPC-GB,0.4
994,LR-REAL-Political,0.5568627450980392,0.5011185980105631,5.647058823529412,RPC-GB,0.4
995,LR-REAL-Political,0.5647058823529412,0.4951015334504411,5.235294117647059,RPC-GB,0.4
996,LR-REAL-Political,0.5843137254901962,0.508686155027373,5.117647058823529,RPC-GB,0.4
997,LR-REAL-Political,0.5568627450980392,0.5411684916841953,5.176470588235294,RPC-GB,0.4
998,LR-REAL-Political,0.5803921568627451,0.5121256824620495,5.529411764705882,RPC-GB,0.4
999,LR-REAL-Political,0.7137254901960784,0.5319604400813059,5.470588235294118,RPC-GB,0.4
1000,LR-REAL-Political,0.12156862745098038,1.2362063820274314,1.8235294117647058,Chain-GBR-PI,0.5
1001,LR-REAL-Political,-0.003921568627450983,1.2341739775297222,1.8823529411764706,Chain-GBR-PI,0.5
1002,LR-REAL-Political,0.0,1.2357529003347596,1.6470588235294117,Chain-GBR-PI,0.5
1003,LR-REAL-Political,0.0784313725490196,1.2323948355427456,2.2941176470588234,Chain-GBR-PI,0.5
1004,LR-REAL-Political,0.09411764705882353,1.235464977064097,2.1176470588235294,Chain-GBR-PI,0.5
1005,LR-REAL-Political,0.027450980392156862,1.2417562953898067,1.6470588235294117,Chain-GBR-PI,0.5
1006,LR-REAL-Political,0.1254901960784314,1.2362494790191343,2.2941176470588234,Chain-GBR-PI,0.5
1007,LR-REAL-Political,0.07058823529411765,1.2582143014448748,2.1176470588235294,Chain-GBR-PI,0.5
1008,LR-REAL-Political,0.08235294117647059,1.2348829967724413,1.7647058823529411,Chain-GBR-PI,0.5
1009,LR-REAL-Political,0.12549019607843137,1.2370878442071687,1.8235294117647058,Chain-GBR-PI,0.5
1010,LR-REAL-Political,-0.011764705882352941,1.234132453170336,1.8235294117647058,Chain-GBR-PI,0.5
1011,LR-REAL-Political,0.12549019607843137,1.2340705030494037,2.4705882352941178,Chain-GBR-PI,0.5
1012,LR-REAL-Political,0.07450980392156863,1.2369944959661066,1.7058823529411764,Chain-GBR-PI,0.5
1013,LR-REAL-Political,0.09019607843137256,1.2364891389582817,1.7058823529411764,Chain-GBR-PI,0.5
1014,LR-REAL-Political,0.04313725490196079,1.2299463559637587,2.0,Chain-GBR-PI,0.5
1015,LR-REAL-Political,0.0980392156862745,1.2336903771751193,2.176470588235294,Chain-GBR-PI,0.5
1016,LR-REAL-Political,0.2235294117647059,1.2355700329833346,2.0,Chain-GBR-PI,0.5
1017,LR-REAL-Political,0.08627450980392158,1.2355156601036037,2.588235294117647,Chain-GBR-PI,0.5
1018,LR-REAL-Political,0.08627450980392158,1.231170689471933,1.6470588235294117,Chain-GBR-PI,0.5
1019,LR-REAL-Political,0.07058823529411766,1.2343350563195867,1.9411764705882353,Chain-GBR-PI,0.5
1020,LR-REAL-Political,0.10980392156862744,1.23531665978864,1.7647058823529411,Chain-GBR-PI,0.5
1021,LR-REAL-Political,0.14901960784313728,1.23768830618697,1.9411764705882353,Chain-GBR-PI,0.5
1022,LR-REAL-Political,0.06274509803921569,1.2346635806334505,1.9411764705882353,Chain-GBR-PI,0.5
1023,LR-REAL-Political,0.12941176470588234,1.2369948581068388,2.1176470588235294,Chain-GBR-PI,0.5
1024,LR-REAL-Political,-0.01568627450980391,1.24087646713979,1.8235294117647058,Chain-GBR-PI,0.5
1025,LR-REAL-Political,0.03921568627450981,1.2545325365545736,1.411764705882353,Chain-GBR-PI,0.5
1026,LR-REAL-Political,0.043137254901960784,1.232837766656147,2.1176470588235294,Chain-GBR-PI,0.5
1027,LR-REAL-Political,0.1215686274509804,1.235178988544203,2.0588235294117645,Chain-GBR-PI,0.5
1028,LR-REAL-Political,0.10196078431372549,1.224875938646725,1.8823529411764706,Chain-GBR-PI,0.5
1029,LR-REAL-Political,0.03529411764705883,1.2359775129676087,1.6470588235294117,Chain-GBR-PI,0.5
1030,LR-REAL-Political,0.16470588235294117,1.2295749987134121,2.176470588235294,Chain-GBR-PI,0.5
1031,LR-REAL-Political,0.08627450980392158,1.2359565941966915,1.8235294117647058,Chain-GBR-PI,0.5
1032,LR-REAL-Political,0.14117647058823532,1.234941434442283,2.3529411764705883,Chain-GBR-PI,0.5
1033,LR-REAL-Political,0.20784313725490194,1.2348612419162863,2.0588235294117645,Chain-GBR-PI,0.5
1034,LR-REAL-Political,0.09019607843137256,1.237248410779425,1.8235294117647058,Chain-GBR-PI,0.5
1035,LR-REAL-Political,0.01568627450980392,1.2379335086649543,2.235294117647059,Chain-GBR-PI,0.5
1036,LR-REAL-Political,0.10980392156862745,1.2357700344009148,2.2941176470588234,Chain-GBR-PI,0.5
1037,LR-REAL-Political,0.027450980392156866,1.2347685463444473,2.2941176470588234,Chain-GBR-PI,0.5
1038,LR-REAL-Political,0.050980392156862744,1.2337726978867123,1.6470588235294117,Chain-GBR-PI,0.5
1039,LR-REAL-Political,0.09411764705882353,1.2334272667452109,1.7647058823529411,Chain-GBR-PI,0.5
1040,LR-REAL-Political,0.0823529411764706,1.2342853841814756,1.8823529411764706,Chain-GBR-PI,0.5
1041,LR-REAL-Political,0.1450980392156863,1.2362082790152464,1.7647058823529411,Chain-GBR-PI,0.5
1042,LR-REAL-Political,0.20784313725490194,1.233044015019676,2.0,Chain-GBR-PI,0.5
1043,LR-REAL-Political,0.21960784313725493,1.236562278458689,2.1176470588235294,Chain-GBR-PI,0.5
1044,LR-REAL-Political,0.1019607843137255,1.238113179067375,1.8235294117647058,Chain-GBR-PI,0.5
1045,LR-REAL-Political,0.05490196078431374,1.224960224794668,1.9411764705882353,Chain-GBR-PI,0.5
1046,LR-REAL-Political,0.10196078431372547,1.233886860650088,1.9411764705882353,Chain-GBR-PI,0.5
1047,LR-REAL-Political,0.07450980392156863,1.2324877232433178,2.0,Chain-GBR-PI,0.5
1048,LR-REAL-Political,0.007843137254901962,1.2344985738598193,1.7058823529411764,Chain-GBR-PI,0.5
1049,LR-REAL-Political,0.12156862745098043,1.2345241346384745,1.7058823529411764,Chain-GBR-PI,0.5
1050,LR-REAL-Political,0.29411764705882354,1.2188648000165092,3.588235294117647,Chain-GBR-RR,0.5
1051,LR-REAL-Political,0.18039215686274512,1.2162252035387076,3.823529411764706,Chain-GBR-RR,0.5
1052,LR-REAL-Political,0.21176470588235297,1.217477168574947,3.411764705882353,Chain-GBR-RR,0.5
1053,LR-REAL-Political,0.25098039215686274,1.2088726243182728,3.7058823529411766,Chain-GBR-RR,0.5
1054,LR-REAL-Political,0.2156862745098039,1.2134774868407658,3.8823529411764706,Chain-GBR-RR,0.5
1055,LR-REAL-Political,0.21568627450980393,1.2133272739531358,3.4705882352941178,Chain-GBR-RR,0.5
1056,LR-REAL-Political,0.3333333333333333,1.2139350192389784,3.764705882352941,Chain-GBR-RR,0.5
1057,LR-REAL-Political,0.33333333333333337,1.2172660122256198,3.823529411764706,Chain-GBR-RR,0.5
1058,LR-REAL-Political,0.25882352941176473,1.2125347466903698,3.411764705882353,Chain-GBR-RR,0.5
1059,LR-REAL-Political,0.22745098039215686,1.2194960103695525,3.588235294117647,Chain-GBR-RR,0.5
1060,LR-REAL-Political,0.09019607843137255,1.2151765666456182,3.5294117647058822,Chain-GBR-RR,0.5
1061,LR-REAL-Political,0.28627450980392155,1.2137109075837664,3.823529411764706,Chain-GBR-RR,0.5
1062,LR-REAL-Political,0.0784313725490196,1.2130181488163279,3.235294117647059,Chain-GBR-RR,0.5
1063,LR-REAL-Political,0.3137254901960784,1.2143162060300696,3.4705882352941178,Chain-GBR-RR,0.5
1064,LR-REAL-Political,0.20392156862745095,1.2045208756983201,3.6470588235294117,Chain-GBR-RR,0.5
1065,LR-REAL-Political,0.2431372549019608,1.213870312448102,4.0,Chain-GBR-RR,0.5
1066,LR-REAL-Political,0.4313725490196078,1.2152281395296358,3.8823529411764706,Chain-GBR-RR,0.5
1067,LR-REAL-Political,0.20784313725490194,1.2135985687955102,3.9411764705882355,Chain-GBR-RR,0.5
1068,LR-REAL-Political,0.34509803921568627,1.2112142531178294,3.6470588235294117,Chain-GBR-RR,0.5
1069,LR-REAL-Political,0.2901960784313726,1.2128538569192446,4.0,Chain-GBR-RR,0.5
1070,LR-REAL-Political,0.3137254901960785,1.2184821764555835,3.823529411764706,Chain-GBR-RR,0.5
1071,LR-REAL-Political,0.42745098039215684,1.2133756556937507,3.588235294117647,Chain-GBR-RR,0.5
1072,LR-REAL-Political,0.24705882352941178,1.2145342524594573,3.235294117647059,Chain-GBR-RR,0.5
1073,LR-REAL-Political,0.3294117647058823,1.213938150533591,3.823529411764706,Chain-GBR-RR,0.5
1074,LR-REAL-Political,0.1607843137254902,1.2134725300457712,3.4705882352941178,Chain-GBR-RR,0.5
1075,LR-REAL-Political,0.36078431372549025,1.2149938152609847,3.4705882352941178,Chain-GBR-RR,0.5
1076,LR-REAL-Political,0.22745098039215686,1.2099572267082892,3.764705882352941,Chain-GBR-RR,0.5
1077,LR-REAL-Political,0.32941176470588235,1.2393244570614799,4.0,Chain-GBR-RR,0.5
1078,LR-REAL-Political,0.3215686274509804,1.2032151734167655,3.8823529411764706,Chain-GBR-RR,0.5
1079,LR-REAL-Political,0.23137254901960783,1.2149271725563695,3.7058823529411766,Chain-GBR-RR,0.5
1080,LR-REAL-Political,0.3686274509803921,1.2093393466404474,3.5294117647058822,Chain-GBR-RR,0.5
1081,LR-REAL-Political,0.24705882352941178,1.2124733295315597,3.588235294117647,Chain-GBR-RR,0.5
1082,LR-REAL-Political,0.396078431372549,1.2139946881341093,3.9411764705882355,Chain-GBR-RR,0.5
1083,LR-REAL-Political,0.27450980392156865,1.2155938293743653,3.8823529411764706,Chain-GBR-RR,0.5
1084,LR-REAL-Political,0.23529411764705882,1.212868872660924,3.6470588235294117,Chain-GBR-RR,0.5
1085,LR-REAL-Political,0.13333333333333333,1.2200153293810547,3.823529411764706,Chain-GBR-RR,0.5
1086,LR-REAL-Political,0.19215686274509802,1.213691543736492,3.411764705882353,Chain-GBR-RR,0.5
1087,LR-REAL-Political,0.2431372549019608,1.2125243587603336,3.8823529411764706,Chain-GBR-RR,0.5
1088,LR-REAL-Political,0.3019607843137255,1.2145666369079304,3.7058823529411766,Chain-GBR-RR,0.5
1089,LR-REAL-Political,0.25098039215686274,1.2119543436197118,3.823529411764706,Chain-GBR-RR,0.5
1090,LR-REAL-Political,0.27843137254901956,1.212868605059075,3.764705882352941,Chain-GBR-RR,0.5
1091,LR-REAL-Political,0.3490196078431373,1.213362708645631,3.764705882352941,Chain-GBR-RR,0.5
1092,LR-REAL-Political,0.3176470588235294,1.2104650598730484,3.6470588235294117,Chain-GBR-RR,0.5
1093,LR-REAL-Political,0.30980392156862746,1.2136472842724424,3.4705882352941178,Chain-GBR-RR,0.5
1094,LR-REAL-Political,0.2705882352941177,1.2157652501579512,3.4705882352941178,Chain-GBR-RR,0.5
1095,LR-REAL-Political,0.047058823529411764,1.203370805732626,3.823529411764706,Chain-GBR-RR,0.5
1096,LR-REAL-Political,0.3019607843137255,1.212178902963106,3.8823529411764706,Chain-GBR-RR,0.5
1097,LR-REAL-Political,0.1607843137254902,1.2124050649642364,3.764705882352941,Chain-GBR-RR,0.5
1098,LR-REAL-Political,0.2196078431372549,1.212332095132439,3.5294117647058822,Chain-GBR-RR,0.5
1099,LR-REAL-Political,0.3137254901960784,1.2144597909473875,3.411764705882353,Chain-GBR-RR,0.5
1100,LR-REAL-Political,0.7215686274509805,0.47695102839590986,4.470588235294118,ST-GBR-RR,0.5
1101,LR-REAL-Political,0.5215686274509803,0.45263004503813603,4.0588235294117645,ST-GBR-RR,0.5
1102,LR-REAL-Political,0.6352941176470588,0.4674262070108391,4.411764705882353,ST-GBR-RR,0.5
1103,LR-REAL-Political,0.5960784313725491,0.46024573472844976,4.117647058823529,ST-GBR-RR,0.5
1104,LR-REAL-Political,0.6431372549019608,0.45243597054134066,4.352941176470588,ST-GBR-RR,0.5
1105,LR-REAL-Political,0.6980392156862746,0.45538436629791007,4.0,ST-GBR-RR,0.5
1106,LR-REAL-Political,0.6196078431372549,0.45702491658052813,4.294117647058823,ST-GBR-RR,0.5
1107,LR-REAL-Political,0.6901960784313727,0.4636775191187706,4.294117647058823,ST-GBR-RR,0.5
1108,LR-REAL-Political,0.6431372549019608,0.44949085349603296,4.235294117647059,ST-GBR-RR,0.5
1109,LR-REAL-Political,0.611764705882353,0.45848580735827915,4.529411764705882,ST-GBR-RR,0.5
1110,LR-REAL-Political,0.6352941176470588,0.45250200738119123,4.352941176470588,ST-GBR-RR,0.5
1111,LR-REAL-Political,0.6941176470588236,0.5131569264721487,4.470588235294118,ST-GBR-RR,0.5
1112,LR-REAL-Political,0.7019607843137255,0.4603322670428695,4.235294117647059,ST-GBR-RR,0.5
1113,LR-REAL-Political,0.6274509803921569,0.4597972205948235,4.529411764705882,ST-GBR-RR,0.5
1114,LR-REAL-Political,0.6313725490196078,0.45190487598318196,4.294117647058823,ST-GBR-RR,0.5
1115,LR-REAL-Political,0.6823529411764706,0.45895687791961826,4.470588235294118,ST-GBR-RR,0.5
1116,LR-REAL-Political,0.607843137254902,0.4608641865180518,4.411764705882353,ST-GBR-RR,0.5
1117,LR-REAL-Political,0.5686274509803921,0.5222136277597079,4.235294117647059,ST-GBR-RR,0.5
1118,LR-REAL-Political,0.6352941176470589,0.4375054037662979,4.176470588235294,ST-GBR-RR,0.5
1119,LR-REAL-Political,0.5882352941176471,0.470158623120159,4.470588235294118,ST-GBR-RR,0.5
1120,LR-REAL-Political,0.6352941176470588,0.4471464466831454,4.117647058823529,ST-GBR-RR,0.5
1121,LR-REAL-Political,0.592156862745098,0.43812874973001253,4.470588235294118,ST-GBR-RR,0.5
1122,LR-REAL-Political,0.615686274509804,0.4539371664611156,4.294117647058823,ST-GBR-RR,0.5
1123,LR-REAL-Political,0.7058823529411766,0.5118178278978441,4.529411764705882,ST-GBR-RR,0.5
1124,LR-REAL-Political,0.5568627450980392,0.45136261392551696,3.8823529411764706,ST-GBR-RR,0.5
1125,LR-REAL-Political,0.6431372549019607,0.48406624471023735,4.0588235294117645,ST-GBR-RR,0.5
1126,LR-REAL-Political,0.5725490196078431,0.45530247274542285,4.470588235294118,ST-GBR-RR,0.5
1127,LR-REAL-Political,0.7686274509803921,0.4483867081926598,4.470588235294118,ST-GBR-RR,0.5
1128,LR-REAL-Political,0.6666666666666666,0.4656951694212166,4.294117647058823,ST-GBR-RR,0.5
1129,LR-REAL-Political,0.6627450980392158,0.5190476518708595,4.294117647058823,ST-GBR-RR,0.5
1130,LR-REAL-Political,0.6745098039215687,0.4454776171277089,4.352941176470588,ST-GBR-RR,0.5
1131,LR-REAL-Political,0.48235294117647054,0.4491302817761625,4.0,ST-GBR-RR,0.5
1132,LR-REAL-Political,0.6901960784313727,0.5185997282464028,4.176470588235294,ST-GBR-RR,0.5
1133,LR-REAL-Political,0.6901960784313727,0.4462149806901004,4.352941176470588,ST-GBR-RR,0.5
1134,LR-REAL-Political,0.7058823529411765,0.4606111561303935,4.352941176470588,ST-GBR-RR,0.5
1135,LR-REAL-Political,0.6313725490196078,0.5294263063868538,4.352941176470588,ST-GBR-RR,0.5
1136,LR-REAL-Political,0.7176470588235294,0.4573701861078156,4.588235294117647,ST-GBR-RR,0.5
1137,LR-REAL-Political,0.603921568627451,0.4371665105048479,4.176470588235294,ST-GBR-RR,0.5
1138,LR-REAL-Political,0.6823529411764706,0.4694698320149825,4.411764705882353,ST-GBR-RR,0.5
1139,LR-REAL-Political,0.7098039215686275,0.5023321175600359,4.352941176470588,ST-GBR-RR,0.5
1140,LR-REAL-Political,0.5999999999999999,0.4493829064426386,4.176470588235294,ST-GBR-RR,0.5
1141,LR-REAL-Political,0.6823529411764706,0.4556672351626965,4.235294117647059,ST-GBR-RR,0.5
1142,LR-REAL-Political,0.5960784313725489,0.4556699913070861,4.0588235294117645,ST-GBR-RR,0.5
1143,LR-REAL-Political,0.6980392156862745,0.4484535687089758,4.529411764705882,ST-GBR-RR,0.5
1144,LR-REAL-Political,0.6705882352941178,0.43565509931260366,4.294117647058823,ST-GBR-RR,0.5
1145,LR-REAL-Political,0.6313725490196078,0.4611734850976707,4.0,ST-GBR-RR,0.5
1146,LR-REAL-Political,0.6862745098039216,0.462095017504371,4.647058823529412,ST-GBR-RR,0.5
1147,LR-REAL-Political,0.5686274509803922,0.4546548159804341,4.705882352941177,ST-GBR-RR,0.5
1148,LR-REAL-Political,0.7058823529411766,0.44071876423573425,4.235294117647059,ST-GBR-RR,0.5
1149,LR-REAL-Political,0.7725490196078431,0.454296519360522,4.294117647058823,ST-GBR-RR,0.5
1150,LR-REAL-Political,0.39999999999999997,0.4574838968443397,3.2941176470588234,ST-GBR-PI,0.5
1151,LR-REAL-Political,0.2431372549019608,0.4652439626511342,2.9411764705882355,ST-GBR-PI,0.5
1152,LR-REAL-Political,0.392156862745098,0.46883182606176227,3.235294117647059,ST-GBR-PI,0.5
1153,LR-REAL-Political,0.43137254901960786,0.45410826483261574,3.176470588235294,ST-GBR-PI,0.5
1154,LR-REAL-Political,0.3764705882352941,0.40822434142065916,3.5294117647058822,ST-GBR-PI,0.5
1155,LR-REAL-Political,0.3019607843137255,0.48523432987128784,2.6470588235294117,ST-GBR-PI,0.5
1156,LR-REAL-Political,0.3686274509803922,0.4493292392771019,3.0,ST-GBR-PI,0.5
1157,LR-REAL-Political,0.3411764705882353,0.45277025769298374,2.9411764705882355,ST-GBR-PI,0.5
1158,LR-REAL-Political,0.3647058823529412,0.4456642815148598,3.3529411764705883,ST-GBR-PI,0.5
1159,LR-REAL-Political,0.37254901960784315,0.44784630848480705,3.411764705882353,ST-GBR-PI,0.5
1160,LR-REAL-Political,0.3411764705882353,0.45270179745700645,2.9411764705882355,ST-GBR-PI,0.5
1161,LR-REAL-Political,0.30196078431372547,0.4748331452930621,2.764705882352941,ST-GBR-PI,0.5
1162,LR-REAL-Political,0.4078431372549019,0.4624829861453081,3.0588235294117645,ST-GBR-PI,0.5
1163,LR-REAL-Political,0.3372549019607843,0.45289268992310094,3.2941176470588234,ST-GBR-PI,0.5
1164,LR-REAL-Political,0.33333333333333337,0.46026801227925995,3.588235294117647,ST-GBR-PI,0.5
1165,LR-REAL-Political,0.37254901960784315,0.45260103119999445,3.0588235294117645,ST-GBR-PI,0.5
1166,LR-REAL-Political,0.396078431372549,0.45391448792320954,3.0588235294117645,ST-GBR-PI,0.5
1167,LR-REAL-Political,0.30588235294117644,0.4076896842457671,3.0,ST-GBR-PI,0.5
1168,LR-REAL-Political,0.3568627450980392,0.44895395995836346,3.235294117647059,ST-GBR-PI,0.5
1169,LR-REAL-Political,0.36470588235294116,0.45519747417411016,2.8823529411764706,ST-GBR-PI,0.5
1170,LR-REAL-Political,0.3568627450980393,0.4460266247333584,3.4705882352941178,ST-GBR-PI,0.5
1171,LR-REAL-Political,0.30980392156862746,0.4361947067816378,3.0,ST-GBR-PI,0.5
1172,LR-REAL-Political,0.4078431372549019,0.4315131881790235,2.9411764705882355,ST-GBR-PI,0.5
1173,LR-REAL-Political,0.5372549019607843,0.45173950838543037,3.1176470588235294,ST-GBR-PI,0.5
1174,LR-REAL-Political,0.41960784313725485,0.4068369774294641,2.764705882352941,ST-GBR-PI,0.5
1175,LR-REAL-Political,0.30980392156862746,0.4475720149488951,3.0,ST-GBR-PI,0.5
1176,LR-REAL-Political,0.3803921568627451,0.45896589769547336,3.1176470588235294,ST-GBR-PI,0.5
1177,LR-REAL-Political,0.39607843137254894,0.4565016120905552,3.4705882352941178,ST-GBR-PI,0.5
1178,LR-REAL-Political,0.31764705882352945,0.44919687300775796,2.588235294117647,ST-GBR-PI,0.5
1179,LR-REAL-Political,0.3921568627450981,0.47147902668982794,2.823529411764706,ST-GBR-PI,0.5
1180,LR-REAL-Political,0.3803921568627451,0.4403179803088249,2.823529411764706,ST-GBR-PI,0.5
1181,LR-REAL-Political,0.2784313725490197,0.46375904629667675,3.176470588235294,ST-GBR-PI,0.5
1182,LR-REAL-Political,0.44313725490196076,0.4407801808861847,3.2941176470588234,ST-GBR-PI,0.5
1183,LR-REAL-Political,0.4313725490196078,0.38348822171549213,3.1176470588235294,ST-GBR-PI,0.5
1184,LR-REAL-Political,0.4784313725490196,0.459920834860412,3.235294117647059,ST-GBR-PI,0.5
1185,LR-REAL-Political,0.43529411764705883,0.45575423319317215,3.0588235294117645,ST-GBR-PI,0.5
1186,LR-REAL-Political,0.45098039215686275,0.45564893606678714,3.3529411764705883,ST-GBR-PI,0.5
1187,LR-REAL-Political,0.37647058823529417,0.3955081009569411,3.0,ST-GBR-PI,0.5
1188,LR-REAL-Political,0.33725490196078434,0.4115407962695566,2.823529411764706,ST-GBR-PI,0.5
1189,LR-REAL-Political,0.38431372549019605,0.45512117644737493,3.2941176470588234,ST-GBR-PI,0.5
1190,LR-REAL-Political,0.2980392156862745,0.44855967561997434,2.9411764705882355,ST-GBR-PI,0.5
1191,LR-REAL-Political,0.33725490196078434,0.4658000559770986,3.0588235294117645,ST-GBR-PI,0.5
1192,LR-REAL-Political,0.34509803921568627,0.4668200638729393,3.411764705882353,ST-GBR-PI,0.5
1193,LR-REAL-Political,0.4549019607843137,0.4556270458835487,3.0,ST-GBR-PI,0.5
1194,LR-REAL-Political,0.38431372549019605,0.46344534515240815,3.176470588235294,ST-GBR-PI,0.5
1195,LR-REAL-Political,0.388235294117647,0.4462224871020575,3.1176470588235294,ST-GBR-PI,0.5
1196,LR-REAL-Political,0.3803921568627451,0.4830049898008801,3.176470588235294,ST-GBR-PI,0.5
1197,LR-REAL-Political,0.2901960784313726,0.4450034001540627,2.823529411764706,ST-GBR-PI,0.5
1198,LR-REAL-Political,0.3803921568627451,0.5281100815578926,2.8823529411764706,ST-GBR-PI,0.5
1199,LR-REAL-Political,0.44313725490196076,0.4556494235480422,3.0588235294117645,ST-GBR-PI,0.5
1200,LR-REAL-Political,0.584313725490196,0.5078649264562908,5.529411764705882,RPC-GB,0.5
1201,LR-REAL-Political,0.42352941176470593,0.49225905916206,5.411764705882353,RPC-GB,0.5
1202,LR-REAL-Political,0.6235294117647059,0.5316088022269838,5.470588235294118,RPC-GB,0.5
1203,LR-REAL-Political,0.5058823529411764,0.4735285211555726,5.647058823529412,RPC-GB,0.5
1204,LR-REAL-Political,0.5843137254901962,0.4834360560797548,5.705882352941177,RPC-GB,0.5
1205,LR-REAL-Political,0.5686274509803921,0.4973465062234927,5.705882352941177,RPC-GB,0.5
1206,LR-REAL-Political,0.5450980392156862,0.4906187583289411,5.647058823529412,RPC-GB,0.5
1207,LR-REAL-Political,0.596078431372549,0.48716019397461474,5.764705882352941,RPC-GB,0.5
1208,LR-REAL-Political,0.6000000000000001,0.5027566213880138,5.352941176470588,RPC-GB,0.5
1209,LR-REAL-Political,0.5176470588235295,0.505279611978159,5.764705882352941,RPC-GB,0.5
1210,LR-REAL-Political,0.592156862745098,0.5197227302633618,5.823529411764706,RPC-GB,0.5
1211,LR-REAL-Political,0.6117647058823529,0.4893390060865151,5.882352941176471,RPC-GB,0.5
1212,LR-REAL-Political,0.603921568627451,0.5014248175465599,5.470588235294118,RPC-GB,0.5
1213,LR-REAL-Political,0.5529411764705883,0.48313614732637533,5.882352941176471,RPC-GB,0.5
1214,LR-REAL-Political,0.584313725490196,0.4814886311586361,5.882352941176471,RPC-GB,0.5
1215,LR-REAL-Political,0.5529411764705883,0.48343218194339604,5.647058823529412,RPC-GB,0.5
1216,LR-REAL-Political,0.6,0.48334436403182385,5.588235294117647,RPC-GB,0.5
1217,LR-REAL-Political,0.4588235294117647,0.49521306480850985,5.529411764705882,RPC-GB,0.5
1218,LR-REAL-Political,0.5568627450980392,0.4903532782583639,5.764705882352941,RPC-GB,0.5
1219,LR-REAL-Political,0.4862745098039216,0.47906094832644963,5.176470588235294,RPC-GB,0.5
1220,LR-REAL-Political,0.5137254901960784,0.4830294375933189,5.529411764705882,RPC-GB,0.5
1221,LR-REAL-Political,0.5215686274509803,0.49542825001453406,5.705882352941177,RPC-GB,0.5
1222,LR-REAL-Political,0.5372549019607843,0.5006148378347441,5.882352941176471,RPC-GB,0.5
1223,LR-REAL-Political,0.6862745098039216,0.4965091631229033,5.764705882352941,RPC-GB,0.5
1224,LR-REAL-Political,0.5647058823529412,0.4804160401266669,5.764705882352941,RPC-GB,0.5
1225,LR-REAL-Political,0.5333333333333333,0.4885552248025747,5.823529411764706,RPC-GB,0.5
1226,LR-REAL-Political,0.5647058823529412,0.4654508651112652,5.235294117647059,RPC-GB,0.5
1227,LR-REAL-Political,0.5921568627450979,0.5057189407716,5.529411764705882,RPC-GB,0.5
1228,LR-REAL-Political,0.6392156862745098,0.4873327856811803,5.0588235294117645,RPC-GB,0.5
1229,LR-REAL-Political,0.5764705882352942,0.5122658902106937,5.823529411764706,RPC-GB,0.5
1230,LR-REAL-Political,0.5294117647058824,0.49292804905925725,5.882352941176471,RPC-GB,0.5
1231,LR-REAL-Political,0.3725490196078431,0.4836875378557795,5.352941176470588,RPC-GB,0.5
1232,LR-REAL-Political,0.6235294117647059,0.5855665805127147,5.411764705882353,RPC-GB,0.5
1233,LR-REAL-Political,0.603921568627451,0.5244898199702881,5.647058823529412,RPC-GB,0.5
1234,LR-REAL-Political,0.6980392156862746,0.4902275520017078,5.823529411764706,RPC-GB,0.5
1235,LR-REAL-Political,0.5490196078431373,0.48928843381465786,5.764705882352941,RPC-GB,0.5
1236,LR-REAL-Political,0.580392156862745,0.5549763125737724,5.823529411764706,RPC-GB,0.5
1237,LR-REAL-Political,0.392156862745098,0.5006645217977332,5.588235294117647,RPC-GB,0.5
1238,LR-REAL-Political,0.6901960784313727,0.5533380110388066,5.823529411764706,RPC-GB,0.5
1239,LR-REAL-Political,0.6274509803921569,0.4794162983478163,5.823529411764706,RPC-GB,0.5
1240,LR-REAL-Political,0.5725490196078431,0.5063533120497011,5.529411764705882,RPC-GB,0.5
1241,LR-REAL-Political,0.6313725490196079,0.48767308698981887,5.764705882352941,RPC-GB,0.5
1242,LR-REAL-Political,0.5176470588235295,0.49250713917627564,5.823529411764706,RPC-GB,0.5
1243,LR-REAL-Political,0.596078431372549,0.4924704366672384,5.588235294117647,RPC-GB,0.5
1244,LR-REAL-Political,0.5490196078431373,0.4829202454210194,5.352941176470588,RPC-GB,0.5
1245,LR-REAL-Political,0.5254901960784313,0.49140034279358186,5.588235294117647,RPC-GB,0.5
1246,LR-REAL-Political,0.5372549019607844,0.4938330918424241,5.235294117647059,RPC-GB,0.5
1247,LR-REAL-Political,0.44313725490196076,0.4882138453689368,5.235294117647059,RPC-GB,0.5
1248,LR-REAL-Political,0.6823529411764705,0.5031207286611943,5.470588235294118,RPC-GB,0.5
1249,LR-REAL-Political,0.6745098039215687,0.48780793042000703,5.470588235294118,RPC-GB,0.5
1250,LR-REAL-Political,0.14901960784313725,1.2330035512316695,2.176470588235294,Chain-GBR-PI,0.6
1251,LR-REAL-Political,-0.06274509803921567,1.2304608901090721,1.9411764705882353,Chain-GBR-PI,0.6
1252,LR-REAL-Political,0.15294117647058825,1.234618439465792,2.5294117647058822,Chain-GBR-PI,0.6
1253,LR-REAL-Political,0.19607843137254902,1.2277269538257007,2.176470588235294,Chain-GBR-PI,0.6
1254,LR-REAL-Political,0.08627450980392158,1.23298542737166,2.0588235294117645,Chain-GBR-PI,0.6
1255,LR-REAL-Political,0.12941176470588234,1.2306927613298022,2.0588235294117645,Chain-GBR-PI,0.6
1256,LR-REAL-Political,0.15294117647058825,1.231961924317501,1.8823529411764706,Chain-GBR-PI,0.6
1257,LR-REAL-Political,0.04313725490196079,1.2322905938312985,2.176470588235294,Chain-GBR-PI,0.6
1258,LR-REAL-Political,-0.03137254901960785,1.22811515372821,2.0588235294117645,Chain-GBR-PI,0.6
1259,LR-REAL-Political,0.10588235294117646,1.2429028818779115,1.7647058823529411,Chain-GBR-PI,0.6
1260,LR-REAL-Political,-0.0196078431372549,1.232247183036622,1.9411764705882353,Chain-GBR-PI,0.6
1261,LR-REAL-Political,0.19607843137254902,1.2319748584671932,2.1176470588235294,Chain-GBR-PI,0.6
1262,LR-REAL-Political,0.07843137254901962,1.2327325118849992,1.8823529411764706,Chain-GBR-PI,0.6
1263,LR-REAL-Political,0.07058823529411766,1.2306378918153407,2.2941176470588234,Chain-GBR-PI,0.6
1264,LR-REAL-Political,-0.04313725490196079,1.2238065603099277,2.176470588235294,Chain-GBR-PI,0.6
1265,LR-REAL-Political,0.09019607843137255,1.2306902580094716,2.0588235294117645,Chain-GBR-PI,0.6
1266,LR-REAL-Political,0.11372549019607844,1.2292607133472255,2.1176470588235294,Chain-GBR-PI,0.6
1267,LR-REAL-Political,0.07450980392156863,1.229894436291679,1.9411764705882353,Chain-GBR-PI,0.6
1268,LR-REAL-Political,0.03137254901960785,1.23082583105395,1.9411764705882353,Chain-GBR-PI,0.6
1269,LR-REAL-Political,0.03137254901960785,1.2293980170765726,1.8235294117647058,Chain-GBR-PI,0.6
1270,LR-REAL-Political,0.17647058823529413,1.2279200952615474,2.1176470588235294,Chain-GBR-PI,0.6
1271,LR-REAL-Political,0.003921568627450986,1.2294752511425213,2.0,Chain-GBR-PI,0.6
1272,LR-REAL-Political,0.08235294117647059,1.232645016478328,1.8823529411764706,Chain-GBR-PI,0.6
1273,LR-REAL-Political,0.2549019607843137,1.2316747738253622,2.1176470588235294,Chain-GBR-PI,0.6
1274,LR-REAL-Political,0.15294117647058827,1.2308864467347085,1.8235294117647058,Chain-GBR-PI,0.6
1275,LR-REAL-Political,0.05098039215686273,1.2313654810949268,1.588235294117647,Chain-GBR-PI,0.6
1276,LR-REAL-Political,0.1450980392156863,1.232389964281517,1.9411764705882353,Chain-GBR-PI,0.6
1277,LR-REAL-Political,0.2156862745098039,1.2381092886250429,2.3529411764705883,Chain-GBR-PI,0.6
1278,LR-REAL-Political,0.12156862745098038,1.2199048151801577,2.176470588235294,Chain-GBR-PI,0.6
1279,LR-REAL-Political,0.19215686274509802,1.2308306634841741,1.8823529411764706,Chain-GBR-PI,0.6
1280,LR-REAL-Political,0.06666666666666667,1.2219926572729944,1.8235294117647058,Chain-GBR-PI,0.6
1281,LR-REAL-Political,0.12941176470588237,1.2285741043879141,2.0,Chain-GBR-PI,0.6
1282,LR-REAL-Political,0.19215686274509805,1.2367208295564887,2.3529411764705883,Chain-GBR-PI,0.6
1283,LR-REAL-Political,0.10196078431372549,1.2293032125237535,2.0588235294117645,Chain-GBR-PI,0.6
1284,LR-REAL-Political,0.0980392156862745,1.2313784600821245,1.8235294117647058,Chain-GBR-PI,0.6
1285,LR-REAL-Political,0.09411764705882353,1.2281847771354577,1.7647058823529411,Chain-GBR-PI,0.6
1286,LR-REAL-Political,0.023529411764705885,1.2319880691591807,2.1176470588235294,Chain-GBR-PI,0.6
1287,LR-REAL-Political,0.1450980392156863,1.232254232666425,2.0588235294117645,Chain-GBR-PI,0.6
1288,LR-REAL-Political,0.1215686274509804,1.2287853245130036,1.8823529411764706,Chain-GBR-PI,0.6
1289,LR-REAL-Political,-0.019607843137254898,1.231487167200714,1.8235294117647058,Chain-GBR-PI,0.6
1290,LR-REAL-Political,0.08235294117647059,1.2286415043187686,1.8823529411764706,Chain-GBR-PI,0.6
1291,LR-REAL-Political,0.007843137254901962,1.230901884487752,2.176470588235294,Chain-GBR-PI,0.6
1292,LR-REAL-Political,0.01960784313725491,1.2293674248135693,1.7058823529411764,Chain-GBR-PI,0.6
1293,LR-REAL-Political,0.06274509803921569,1.2315321433381263,1.8235294117647058,Chain-GBR-PI,0.6
1294,LR-REAL-Political,0.09019607843137256,1.2296389199825337,1.8235294117647058,Chain-GBR-PI,0.6
1295,LR-REAL-Political,0.06274509803921569,1.2249206542056374,2.0588235294117645,Chain-GBR-PI,0.6
1296,LR-REAL-Political,0.03529411764705882,1.2323523288697604,2.3529411764705883,Chain-GBR-PI,0.6
1297,LR-REAL-Political,0.07450980392156863,1.2440201586485682,1.8823529411764706,Chain-GBR-PI,0.6
1298,LR-REAL-Political,0.14901960784313728,1.229472360913168,2.2941176470588234,Chain-GBR-PI,0.6
1299,LR-REAL-Political,0.058823529411764705,1.2315065881426677,1.9411764705882353,Chain-GBR-PI,0.6
1300,LR-REAL-Political,0.3254901960784314,1.2095446567102843,3.823529411764706,Chain-GBR-RR,0.6
1301,LR-REAL-Political,0.0627450980392157,1.2072571065538367,3.6470588235294117,Chain-GBR-RR,0.6
1302,LR-REAL-Political,0.30980392156862746,1.2088016871158116,3.6470588235294117,Chain-GBR-RR,0.6
1303,LR-REAL-Political,0.3411764705882353,1.203332118375967,3.588235294117647,Chain-GBR-RR,0.6
1304,LR-REAL-Political,0.25490196078431376,1.212611219224748,3.9411764705882355,Chain-GBR-RR,0.6
1305,LR-REAL-Political,0.34509803921568627,1.209615904895685,3.7058823529411766,Chain-GBR-RR,0.6
1306,LR-REAL-Political,0.27058823529411763,1.2109044216621834,3.5294117647058822,Chain-GBR-RR,0.6
1307,LR-REAL-Political,0.1843137254901961,1.2099341423417502,3.3529411764705883,Chain-GBR-RR,0.6
1308,LR-REAL-Political,0.12549019607843137,1.2080222004069845,3.3529411764705883,Chain-GBR-RR,0.6
1309,LR-REAL-Political,0.3529411764705882,1.2126301433521298,3.6470588235294117,Chain-GBR-RR,0.6
1310,LR-REAL-Political,0.1647058823529412,1.2102308942000939,3.3529411764705883,Chain-GBR-RR,0.6
1311,LR-REAL-Political,0.36078431372549025,1.210217650707782,3.588235294117647,Chain-GBR-RR,0.6
1312,LR-REAL-Political,0.31764705882352945,1.2108290193019913,3.7058823529411766,Chain-GBR-RR,0.6
1313,LR-REAL-Political,0.196078431372549,1.2291869715620474,3.7058823529411766,Chain-GBR-RR,0.6
1314,LR-REAL-Political,0.13725490196078433,1.200238302731942,3.823529411764706,Chain-GBR-RR,0.6
1315,LR-REAL-Political,0.2274509803921569,1.2100992262280712,3.823529411764706,Chain-GBR-RR,0.6
1316,LR-REAL-Political,0.33333333333333337,1.2100773548281638,3.6470588235294117,Chain-GBR-RR,0.6
1317,LR-REAL-Political,0.2784313725490196,1.2086689838851714,3.4705882352941178,Chain-GBR-RR,0.6
1318,LR-REAL-Political,0.20392156862745095,1.2089053811471644,3.411764705882353,Chain-GBR-RR,0.6
1319,LR-REAL-Political,0.25882352941176473,1.207839830402094,3.7058823529411766,Chain-GBR-RR,0.6
1320,LR-REAL-Political,0.2980392156862745,1.2072943756338763,3.3529411764705883,Chain-GBR-RR,0.6
1321,LR-REAL-Political,0.17647058823529413,1.209129555879471,3.588235294117647,Chain-GBR-RR,0.6
1322,LR-REAL-Political,0.2196078431372549,1.2109890276959268,3.2941176470588234,Chain-GBR-RR,0.6
1323,LR-REAL-Political,0.4549019607843137,1.2089269686829485,3.823529411764706,Chain-GBR-RR,0.6
1324,LR-REAL-Political,0.4313725490196078,1.2079318850716587,3.764705882352941,Chain-GBR-RR,0.6
1325,LR-REAL-Political,0.1843137254901961,1.215538544923886,3.3529411764705883,Chain-GBR-RR,0.6
1326,LR-REAL-Political,0.30196078431372547,1.2146949619455838,3.823529411764706,Chain-GBR-RR,0.6
1327,LR-REAL-Political,0.3803921568627451,1.211789610449121,4.0,Chain-GBR-RR,0.6
1328,LR-REAL-Political,0.16078431372549018,1.2009848774752252,3.5294117647058822,Chain-GBR-RR,0.6
1329,LR-REAL-Political,0.396078431372549,1.2076633389331901,3.411764705882353,Chain-GBR-RR,0.6
1330,LR-REAL-Political,0.2352941176470588,1.196807728260676,3.588235294117647,Chain-GBR-RR,0.6
1331,LR-REAL-Political,0.3686274509803922,1.205202389157467,3.764705882352941,Chain-GBR-RR,0.6
1332,LR-REAL-Political,0.4196078431372549,1.2115158791731384,4.117647058823529,Chain-GBR-RR,0.6
1333,LR-REAL-Political,0.15294117647058825,1.208222265335503,3.6470588235294117,Chain-GBR-RR,0.6
1334,LR-REAL-Political,0.19607843137254902,1.210367372722575,3.9411764705882355,Chain-GBR-RR,0.6
1335,LR-REAL-Political,0.3333333333333333,1.2072640579509446,3.3529411764705883,Chain-GBR-RR,0.6
1336,LR-REAL-Political,0.14901960784313728,1.2109705305209204,3.7058823529411766,Chain-GBR-RR,0.6
1337,LR-REAL-Political,0.2901960784313725,1.2151620116801725,3.7058823529411766,Chain-GBR-RR,0.6
1338,LR-REAL-Political,0.2941176470588235,1.2075044061814104,3.6470588235294117,Chain-GBR-RR,0.6
1339,LR-REAL-Political,0.2,1.2083810566567323,3.176470588235294,Chain-GBR-RR,0.6
1340,LR-REAL-Political,0.3176470588235294,1.2080901498727592,3.9411764705882355,Chain-GBR-RR,0.6
1341,LR-REAL-Political,0.21176470588235294,1.2077169534605114,3.823529411764706,Chain-GBR-RR,0.6
1342,LR-REAL-Political,0.28235294117647064,1.2075701111790875,3.5294117647058822,Chain-GBR-RR,0.6
1343,LR-REAL-Political,0.3764705882352941,1.2081799773790194,3.823529411764706,Chain-GBR-RR,0.6
1344,LR-REAL-Political,0.3137254901960784,1.2089272225202472,3.588235294117647,Chain-GBR-RR,0.6
1345,LR-REAL-Political,0.3490196078431373,1.2241438364077737,3.764705882352941,Chain-GBR-RR,0.6
1346,LR-REAL-Political,0.22745098039215683,1.211567136673496,3.588235294117647,Chain-GBR-RR,0.6
1347,LR-REAL-Political,0.24705882352941172,1.2207693669465736,3.588235294117647,Chain-GBR-RR,0.6
1348,LR-REAL-Political,0.25098039215686274,1.209337168386443,3.764705882352941,Chain-GBR-RR,0.6
1349,LR-REAL-Political,0.26666666666666666,1.211577346019957,3.8823529411764706,Chain-GBR-RR,0.6
1350,LR-REAL-Political,0.6823529411764706,0.4347387758826162,4.176470588235294,ST-GBR-RR,0.6
1351,LR-REAL-Political,0.5490196078431373,0.4381825400098148,4.294117647058823,ST-GBR-RR,0.6
1352,LR-REAL-Political,0.7254901960784315,0.4364239645489285,4.352941176470588,ST-GBR-RR,0.6
1353,LR-REAL-Political,0.6470588235294118,0.4438087270050124,4.294117647058823,ST-GBR-RR,0.6
1354,LR-REAL-Political,0.6627450980392158,0.38829999893790446,4.705882352941177,ST-GBR-RR,0.6
1355,LR-REAL-Political,0.6666666666666666,0.42850115059615496,4.352941176470588,ST-GBR-RR,0.6
1356,LR-REAL-Political,0.6431372549019607,0.42949567869709504,4.176470588235294,ST-GBR-RR,0.6
1357,LR-REAL-Political,0.592156862745098,0.4169108905651916,4.0,ST-GBR-RR,0.6
1358,LR-REAL-Political,0.5294117647058824,0.4331615717008966,3.8823529411764706,ST-GBR-RR,0.6
1359,LR-REAL-Political,0.627450980392157,0.44644612922797355,4.235294117647059,ST-GBR-RR,0.6
1360,LR-REAL-Political,0.592156862745098,0.43254948424244166,4.235294117647059,ST-GBR-RR,0.6
1361,LR-REAL-Political,0.7686274509803921,0.4315015808392975,4.411764705882353,ST-GBR-RR,0.6
1362,LR-REAL-Political,0.6705882352941177,0.43977636846822843,4.176470588235294,ST-GBR-RR,0.6
1363,LR-REAL-Political,0.6392156862745099,0.957929524402739,4.0588235294117645,ST-GBR-RR,0.6
1364,LR-REAL-Political,0.607843137254902,0.3901544920175535,4.117647058823529,ST-GBR-RR,0.6
1365,LR-REAL-Political,0.627450980392157,0.44737280369391624,4.470588235294118,ST-GBR-RR,0.6
1366,LR-REAL-Political,0.6196078431372549,0.45156628432222595,4.0588235294117645,ST-GBR-RR,0.6
1367,LR-REAL-Political,0.5803921568627451,0.43670704946215333,4.235294117647059,ST-GBR-RR,0.6
1368,LR-REAL-Political,0.6352941176470589,0.4314892609188565,3.8823529411764706,ST-GBR-RR,0.6
1369,LR-REAL-Political,0.5607843137254901,0.4416026484473136,4.294117647058823,ST-GBR-RR,0.6
1370,LR-REAL-Political,0.5725490196078431,0.42726598420845596,4.117647058823529,ST-GBR-RR,0.6
1371,LR-REAL-Political,0.6549019607843137,0.4457117171382937,4.176470588235294,ST-GBR-RR,0.6
1372,LR-REAL-Political,0.5333333333333333,0.42790002750557443,3.9411764705882355,ST-GBR-RR,0.6
1373,LR-REAL-Political,0.7333333333333334,0.41652445166696095,4.352941176470588,ST-GBR-RR,0.6
1374,LR-REAL-Political,0.603921568627451,0.4321257262463132,4.352941176470588,ST-GBR-RR,0.6
1375,LR-REAL-Political,0.6313725490196078,0.44618434741789625,4.117647058823529,ST-GBR-RR,0.6
1376,LR-REAL-Political,0.584313725490196,0.4512796830515367,4.294117647058823,ST-GBR-RR,0.6
1377,LR-REAL-Political,0.7411764705882353,0.43292781020227894,4.117647058823529,ST-GBR-RR,0.6
1378,LR-REAL-Political,0.6666666666666667,0.4333903441290181,4.294117647058823,ST-GBR-RR,0.6
1379,LR-REAL-Political,0.6078431372549019,0.3826586161018887,3.8823529411764706,ST-GBR-RR,0.6
1380,LR-REAL-Political,0.6588235294117648,0.3721949839039736,4.470588235294118,ST-GBR-RR,0.6
1381,LR-REAL-Political,0.5882352941176471,0.4250080958990743,4.352941176470588,ST-GBR-RR,0.6
1382,LR-REAL-Political,0.6666666666666667,0.4422827001054099,4.176470588235294,ST-GBR-RR,0.6
1383,LR-REAL-Political,0.6,0.435927418323897,4.176470588235294,ST-GBR-RR,0.6
1384,LR-REAL-Political,0.6392156862745098,0.40379027978957727,4.294117647058823,ST-GBR-RR,0.6
1385,LR-REAL-Political,0.6941176470588235,0.4402642235288034,4.529411764705882,ST-GBR-RR,0.6
1386,LR-REAL-Political,0.6627450980392157,0.44305267207598115,4.352941176470588,ST-GBR-RR,0.6
1387,LR-REAL-Political,0.603921568627451,0.4421154481632808,4.117647058823529,ST-GBR-RR,0.6
1388,LR-REAL-Political,0.5764705882352942,0.418315067714335,3.823529411764706,ST-GBR-RR,0.6
1389,LR-REAL-Political,0.6588235294117647,0.4548588386088388,4.9411764705882355,ST-GBR-RR,0.6
1390,LR-REAL-Political,0.6666666666666667,0.43610894175870796,4.235294117647059,ST-GBR-RR,0.6
1391,LR-REAL-Political,0.6156862745098041,0.5108908214522047,4.117647058823529,ST-GBR-RR,0.6
1392,LR-REAL-Political,0.6078431372549019,0.43316666085868055,4.176470588235294,ST-GBR-RR,0.6
1393,LR-REAL-Political,0.615686274509804,0.4337456067821955,4.352941176470588,ST-GBR-RR,0.6
1394,LR-REAL-Political,0.607843137254902,0.4315927929936331,4.176470588235294,ST-GBR-RR,0.6
1395,LR-REAL-Political,0.6784313725490196,0.4421773637664616,4.0588235294117645,ST-GBR-RR,0.6
1396,LR-REAL-Political,0.615686274509804,0.4084573175592276,3.823529411764706,ST-GBR-RR,0.6
1397,LR-REAL-Political,0.592156862745098,0.45698911929141955,4.647058823529412,ST-GBR-RR,0.6
1398,LR-REAL-Political,0.6745098039215687,0.44312855934306167,4.0588235294117645,ST-GBR-RR,0.6
1399,LR-REAL-Political,0.7529411764705882,0.43118698460493793,4.411764705882353,ST-GBR-RR,0.6
1400,LR-REAL-Political,0.4509803921568627,0.41020053215763624,3.588235294117647,ST-GBR-PI,0.6
1401,LR-REAL-Political,0.26666666666666666,0.44273658526723597,3.411764705882353,ST-GBR-PI,0.6
1402,LR-REAL-Political,0.4156862745098039,0.40705586590530535,3.176470588235294,ST-GBR-PI,0.6
1403,LR-REAL-Political,0.39607843137254894,0.42350442122632326,3.176470588235294,ST-GBR-PI,0.6
1404,LR-REAL-Political,0.3686274509803922,0.46716955702271784,3.5294117647058822,ST-GBR-PI,0.6
1405,LR-REAL-Political,0.23921568627450984,0.44762567745286375,3.0588235294117645,ST-GBR-PI,0.6
1406,LR-REAL-Political,0.2980392156862745,0.43489905685002983,2.411764705882353,ST-GBR-PI,0.6
1407,LR-REAL-Political,0.29803921568627456,0.45048010314457915,3.235294117647059,ST-GBR-PI,0.6
1408,LR-REAL-Political,0.29803921568627456,0.42995312673329794,3.0,ST-GBR-PI,0.6
1409,LR-REAL-Political,0.4156862745098039,0.4477386472009302,3.2941176470588234,ST-GBR-PI,0.6
1410,LR-REAL-Political,0.25098039215686274,0.4321529036933085,2.764705882352941,ST-GBR-PI,0.6
1411,LR-REAL-Political,0.4862745098039215,0.44645827422358214,3.0588235294117645,ST-GBR-PI,0.6
1412,LR-REAL-Political,0.3568627450980392,0.44375203196805824,3.3529411764705883,ST-GBR-PI,0.6
1413,LR-REAL-Political,0.28627450980392155,0.4340205583501783,2.764705882352941,ST-GBR-PI,0.6
1414,LR-REAL-Political,0.36470588235294116,0.4333396652585124,3.1176470588235294,ST-GBR-PI,0.6
1415,LR-REAL-Political,0.3686274509803921,0.45255158579509214,3.1176470588235294,ST-GBR-PI,0.6
1416,LR-REAL-Political,0.392156862745098,0.4472376146249505,2.9411764705882355,ST-GBR-PI,0.6
1417,LR-REAL-Political,0.30980392156862746,0.44833913078907833,2.764705882352941,ST-GBR-PI,0.6
1418,LR-REAL-Political,0.3058823529411765,0.4389174619314113,2.764705882352941,ST-GBR-PI,0.6
1419,LR-REAL-Political,0.30980392156862746,0.4561127098879349,2.764705882352941,ST-GBR-PI,0.6
1420,LR-REAL-Political,0.30588235294117644,0.44254677199359915,3.176470588235294,ST-GBR-PI,0.6
1421,LR-REAL-Political,0.27450980392156865,0.45099731470258053,2.8823529411764706,ST-GBR-PI,0.6
1422,LR-REAL-Political,0.30588235294117644,0.44260404435980777,3.0588235294117645,ST-GBR-PI,0.6
1423,LR-REAL-Political,0.44313725490196076,0.43682831266786476,3.0588235294117645,ST-GBR-PI,0.6
1424,LR-REAL-Political,0.35294117647058826,0.4821333273224609,2.8823529411764706,ST-GBR-PI,0.6
1425,LR-REAL-Political,0.3137254901960784,0.46162840113334636,2.588235294117647,ST-GBR-PI,0.6
1426,LR-REAL-Political,0.4470588235294118,0.4541498004764717,2.823529411764706,ST-GBR-PI,0.6
1427,LR-REAL-Political,0.37254901960784315,0.4478815826456089,2.9411764705882355,ST-GBR-PI,0.6
1428,LR-REAL-Political,0.26666666666666666,0.443581065657991,2.588235294117647,ST-GBR-PI,0.6
1429,LR-REAL-Political,0.2980392156862745,0.45014705213102746,3.235294117647059,ST-GBR-PI,0.6
1430,LR-REAL-Political,0.36470588235294116,0.4335624451548561,3.0588235294117645,ST-GBR-PI,0.6
1431,LR-REAL-Political,0.34901960784313724,0.4497867124297757,3.4705882352941178,ST-GBR-PI,0.6
1432,LR-REAL-Political,0.3176470588235294,0.42673672966633774,2.7058823529411766,ST-GBR-PI,0.6
1433,LR-REAL-Political,0.3764705882352941,0.41904994129362105,3.176470588235294,ST-GBR-PI,0.6
1434,LR-REAL-Political,0.3019607843137255,0.44377343760637605,2.9411764705882355,ST-GBR-PI,0.6
1435,LR-REAL-Political,0.4431372549019607,0.4544197003813223,3.235294117647059,ST-GBR-PI,0.6
1436,LR-REAL-Political,0.2901960784313726,0.4551907643502038,2.9411764705882355,ST-GBR-PI,0.6
1437,LR-REAL-Political,0.35294117647058826,0.44657203563862863,3.176470588235294,ST-GBR-PI,0.6
1438,LR-REAL-Political,0.3647058823529412,0.44562345656974345,2.8823529411764706,ST-GBR-PI,0.6
1439,LR-REAL-Political,0.31764705882352945,0.4459022456644383,3.176470588235294,ST-GBR-PI,0.6
1440,LR-REAL-Political,0.2941176470588235,0.4409520969299809,2.9411764705882355,ST-GBR-PI,0.6
1441,LR-REAL-Political,0.30588235294117655,0.4485686802311423,3.2941176470588234,ST-GBR-PI,0.6
1442,LR-REAL-Political,0.36078431372549025,0.4439786417676702,3.235294117647059,ST-GBR-PI,0.6
1443,LR-REAL-Political,0.39999999999999997,0.44399680410886955,3.0588235294117645,ST-GBR-PI,0.6
1444,LR-REAL-Political,0.40392156862745093,0.3975756348490526,2.7058823529411766,ST-GBR-PI,0.6
1445,LR-REAL-Political,0.4392156862745098,0.39298932996141384,3.411764705882353,ST-GBR-PI,0.6
1446,LR-REAL-Political,0.3058823529411765,0.39773327520836976,3.176470588235294,ST-GBR-PI,0.6
1447,LR-REAL-Political,0.30980392156862746,0.44835276891465004,3.3529411764705883,ST-GBR-PI,0.6
1448,LR-REAL-Political,0.39607843137254894,0.44743823485474626,3.2941176470588234,ST-GBR-PI,0.6
1449,LR-REAL-Political,0.4313725490196078,0.40923845033064554,3.0588235294117645,ST-GBR-PI,0.6
1450,LR-REAL-Political,0.5921568627450982,0.49490524774394384,5.882352941176471,RPC-GB,0.6
1451,LR-REAL-Political,0.5058823529411764,0.5282798661704952,5.647058823529412,RPC-GB,0.6
1452,LR-REAL-Political,0.4784313725490196,0.45381178377629794,5.0588235294117645,RPC-GB,0.6
1453,LR-REAL-Political,0.4901960784313726,0.44783746923438883,6.0,RPC-GB,0.6
1454,LR-REAL-Political,0.4862745098039216,0.4738918019110042,5.294117647058823,RPC-GB,0.6
1455,LR-REAL-Political,0.5450980392156863,0.4417178417212665,6.0,RPC-GB,0.6
1456,LR-REAL-Political,0.3215686274509804,0.4438524130554789,5.764705882352941,RPC-GB,0.6
1457,LR-REAL-Political,0.5333333333333333,0.5008899165769451,5.823529411764706,RPC-GB,0.6
1458,LR-REAL-Political,0.5568627450980392,0.4590453685653459,5.9411764705882355,RPC-GB,0.6
1459,LR-REAL-Political,0.44313725490196076,0.49572512398971985,5.764705882352941,RPC-GB,0.6
1460,LR-REAL-Political,0.611764705882353,0.45875423221234035,5.352941176470588,RPC-GB,0.6
1461,LR-REAL-Political,0.5725490196078431,0.474937805108478,5.823529411764706,RPC-GB,0.6
1462,LR-REAL-Political,0.5019607843137255,0.46803458077952753,5.882352941176471,RPC-GB,0.6
1463,LR-REAL-Political,0.4666666666666667,0.45228827952527917,5.882352941176471,RPC-GB,0.6
1464,LR-REAL-Political,0.5254901960784314,0.44732667264809517,5.823529411764706,RPC-GB,0.6
1465,LR-REAL-Political,0.4352941176470587,0.49539688118132214,5.588235294117647,RPC-GB,0.6
1466,LR-REAL-Political,0.5333333333333333,0.4628210065695482,5.647058823529412,RPC-GB,0.6
1467,LR-REAL-Political,0.4078431372549019,0.4555075935596816,5.764705882352941,RPC-GB,0.6
1468,LR-REAL-Political,0.580392156862745,0.48483780700822776,5.705882352941177,RPC-GB,0.6
1469,LR-REAL-Political,0.5333333333333333,0.4496713835414228,5.823529411764706,RPC-GB,0.6
1470,LR-REAL-Political,0.4392156862745098,0.47050216745843687,5.882352941176471,RPC-GB,0.6
1471,LR-REAL-Political,0.4666666666666667,0.45966192010125806,5.705882352941177,RPC-GB,0.6
1472,LR-REAL-Political,0.5215686274509803,0.48284291511861205,5.882352941176471,RPC-GB,0.6
1473,LR-REAL-Political,0.6196078431372549,0.4425986576031119,5.882352941176471,RPC-GB,0.6
1474,LR-REAL-Political,0.4627450980392157,0.4591331819002728,5.705882352941177,RPC-GB,0.6
1475,LR-REAL-Political,0.44705882352941184,0.4571628309821594,5.647058823529412,RPC-GB,0.6
1476,LR-REAL-Political,0.4745098039215686,0.45196797475100153,5.882352941176471,RPC-GB,0.6
1477,LR-REAL-Political,0.611764705882353,0.4707274598839318,5.705882352941177,RPC-GB,0.6
1478,LR-REAL-Political,0.5607843137254903,0.4301018288703889,5.764705882352941,RPC-GB,0.6
1479,LR-REAL-Political,0.4901960784313726,0.5619904988887208,6.0,RPC-GB,0.6
1480,LR-REAL-Political,0.5686274509803921,0.45638975438642854,5.823529411764706,RPC-GB,0.6
1481,LR-REAL-Political,0.42745098039215684,0.47042092098552785,5.705882352941177,RPC-GB,0.6
1482,LR-REAL-Political,0.5215686274509804,0.4618379538259022,5.647058823529412,RPC-GB,0.6
1483,LR-REAL-Political,0.6352941176470589,0.4719461780116374,5.823529411764706,RPC-GB,0.6
1484,LR-REAL-Political,0.42745098039215684,0.46143830398440183,5.823529411764706,RPC-GB,0.6
1485,LR-REAL-Political,0.5058823529411764,0.4930897335654923,5.882352941176471,RPC-GB,0.6
1486,LR-REAL-Political,0.45490196078431366,0.47712873409592466,5.823529411764706,RPC-GB,0.6
1487,LR-REAL-Political,0.5215686274509803,0.4637598304995097,6.0,RPC-GB,0.6
1488,LR-REAL-Political,0.37254901960784315,0.4509757945209901,6.0,RPC-GB,0.6
1489,LR-REAL-Political,0.5019607843137254,0.45754282595873746,5.764705882352941,RPC-GB,0.6
1490,LR-REAL-Political,0.4784313725490196,0.44740499278271123,5.176470588235294,RPC-GB,0.6
1491,LR-REAL-Political,0.5529411764705883,0.4572971774653002,5.882352941176471,RPC-GB,0.6
1492,LR-REAL-Political,0.5098039215686275,0.4582704561671398,5.705882352941177,RPC-GB,0.6
1493,LR-REAL-Political,0.5176470588235295,0.44780371086322773,5.9411764705882355,RPC-GB,0.6
1494,LR-REAL-Political,0.3215686274509804,0.4601748448971901,5.9411764705882355,RPC-GB,0.6
1495,LR-REAL-Political,0.4392156862745098,0.4487091044839085,5.9411764705882355,RPC-GB,0.6
1496,LR-REAL-Political,0.5254901960784313,0.4999369110225442,5.9411764705882355,RPC-GB,0.6
1497,LR-REAL-Political,0.4784313725490196,0.4657708447659219,5.9411764705882355,RPC-GB,0.6
1498,LR-REAL-Political,0.49411764705882344,0.4570562343615249,5.9411764705882355,RPC-GB,0.6
1499,LR-REAL-Political,0.5450980392156863,0.45777984285402007,5.647058823529412,RPC-GB,0.6
