,data,tau_x_score,prediction_time,buckets_per_rank,algo,percentage
0,PLR-REAL-Political,0.5377358490566038,1.9499585016131238,2.688679245283019,Chain-GBR-PI,0.1
1,PLR-REAL-Political,0.5270440251572326,1.9431976325183027,2.660377358490566,Chain-GBR-PI,0.1
2,PLR-REAL-Political,0.5182389937106918,1.9472258628705763,2.7169811320754715,Chain-GBR-PI,0.1
3,PLR-REAL-Political,0.6095238095238095,1.9483113095562712,2.6,Chain-GBR-PI,0.1
4,PLR-REAL-Political,0.5701587301587301,1.947429747125357,2.6666666666666665,Chain-GBR-PI,0.1
5,PLR-REAL-Political,0.5644444444444444,1.947357405814532,2.6666666666666665,Chain-GBR-PI,0.1
6,PLR-REAL-Political,0.5441269841269841,1.9541972433657073,2.7333333333333334,Chain-GBR-PI,0.1
7,PLR-REAL-Political,0.5346031746031746,1.9455381263274907,2.5238095238095237,Chain-GBR-PI,0.1
8,PLR-REAL-Political,0.5530158730158731,1.9445332295970037,2.6952380952380954,Chain-GBR-PI,0.1
9,PLR-REAL-Political,0.591111111111111,1.9527906805398254,2.7523809523809524,Chain-GBR-PI,0.1
10,PLR-REAL-Political,0.5786163522012578,1.9410992633072375,2.452830188679245,Chain-GBR-PI,0.1
11,PLR-REAL-Political,0.5433962264150944,1.9457379463800386,2.669811320754717,Chain-GBR-PI,0.1
12,PLR-REAL-Political,0.5446540880503145,1.9560763103714298,2.5849056603773586,Chain-GBR-PI,0.1
13,PLR-REAL-Political,0.5238095238095238,1.9531658565003043,2.4761904761904763,Chain-GBR-PI,0.1
14,PLR-REAL-Political,0.5593650793650794,1.9437175772248654,2.619047619047619,Chain-GBR-PI,0.1
15,PLR-REAL-Political,0.5669841269841269,1.9521603238495058,2.6952380952380954,Chain-GBR-PI,0.1
16,PLR-REAL-Political,0.526984126984127,1.9436277467798229,2.6952380952380954,Chain-GBR-PI,0.1
17,PLR-REAL-Political,0.5244444444444445,1.9465473898758558,2.4761904761904763,Chain-GBR-PI,0.1
18,PLR-REAL-Political,0.5390476190476191,1.9506394582268378,2.742857142857143,Chain-GBR-PI,0.1
19,PLR-REAL-Political,0.5936507936507937,1.9421851163078532,2.657142857142857,Chain-GBR-PI,0.1
20,PLR-REAL-Political,0.549056603773585,1.9408875766060076,2.660377358490566,Chain-GBR-PI,0.1
21,PLR-REAL-Political,0.560377358490566,1.9429945231542756,2.547169811320755,Chain-GBR-PI,0.1
22,PLR-REAL-Political,0.5452830188679245,1.9472891688268694,2.650943396226415,Chain-GBR-PI,0.1
23,PLR-REAL-Political,0.5796825396825396,1.9467062690638643,2.5238095238095237,Chain-GBR-PI,0.1
24,PLR-REAL-Political,0.5365079365079365,1.9497747339202423,2.4761904761904763,Chain-GBR-PI,0.1
25,PLR-REAL-Political,0.6266666666666666,1.946241206275453,2.7142857142857144,Chain-GBR-PI,0.1
26,PLR-REAL-Political,0.56,1.9465530979219194,2.657142857142857,Chain-GBR-PI,0.1
27,PLR-REAL-Political,0.5803174603174602,1.9448046405683364,2.7142857142857144,Chain-GBR-PI,0.1
28,PLR-REAL-Political,0.5961904761904762,1.944932326329742,2.780952380952381,Chain-GBR-PI,0.1
29,PLR-REAL-Political,0.5847619047619047,1.9442651429273432,2.761904761904762,Chain-GBR-PI,0.1
30,PLR-REAL-Political,0.5421383647798742,1.939684902494461,2.6320754716981134,Chain-GBR-PI,0.1
31,PLR-REAL-Political,0.5433962264150943,1.9410821231964928,2.5943396226415096,Chain-GBR-PI,0.1
32,PLR-REAL-Political,0.5283018867924528,1.943711759751908,2.669811320754717,Chain-GBR-PI,0.1
33,PLR-REAL-Political,0.5333333333333333,1.9459997448584487,2.580952380952381,Chain-GBR-PI,0.1
34,PLR-REAL-Political,0.5441269841269841,1.9461770643930578,2.7904761904761903,Chain-GBR-PI,0.1
35,PLR-REAL-Political,0.5765079365079365,1.949377503447961,2.8285714285714287,Chain-GBR-PI,0.1
36,PLR-REAL-Political,0.579047619047619,1.94788690868931,2.6857142857142855,Chain-GBR-PI,0.1
37,PLR-REAL-Political,0.5688888888888889,1.948339145008726,2.6952380952380954,Chain-GBR-PI,0.1
38,PLR-REAL-Political,0.535873015873016,1.9447371868681114,2.6476190476190475,Chain-GBR-PI,0.1
39,PLR-REAL-Political,0.6057142857142858,1.9451909374060445,2.7333333333333334,Chain-GBR-PI,0.1
40,PLR-REAL-Political,0.5459119496855346,1.9484692571335764,2.792452830188679,Chain-GBR-PI,0.1
41,PLR-REAL-Political,0.5320754716981132,1.9440177993130272,2.5,Chain-GBR-PI,0.1
42,PLR-REAL-Political,0.5477987421383648,1.9469459561045581,2.7264150943396226,Chain-GBR-PI,0.1
43,PLR-REAL-Political,0.5657142857142857,1.9450947208337097,2.6285714285714286,Chain-GBR-PI,0.1
44,PLR-REAL-Political,0.5536507936507936,1.9444717850916373,2.6952380952380954,Chain-GBR-PI,0.1
45,PLR-REAL-Political,0.5561904761904761,1.9462461637748387,2.8095238095238093,Chain-GBR-PI,0.1
46,PLR-REAL-Political,0.5809523809523809,1.9510259126814833,2.5904761904761906,Chain-GBR-PI,0.1
47,PLR-REAL-Political,0.5923809523809523,1.9481730634095402,2.8190476190476192,Chain-GBR-PI,0.1
48,PLR-REAL-Political,0.5441269841269842,1.9443895581887753,2.619047619047619,Chain-GBR-PI,0.1
49,PLR-REAL-Political,0.5619047619047619,1.948920979927326,2.3904761904761904,Chain-GBR-PI,0.1
50,PLR-REAL-Political,0.6213836477987421,1.9323994558521436,3.839622641509434,Chain-GBR-RR,0.1
51,PLR-REAL-Political,0.6213836477987422,1.9275228097330024,3.7358490566037736,Chain-GBR-RR,0.1
52,PLR-REAL-Political,0.6106918238993709,1.929979984099002,3.792452830188679,Chain-GBR-RR,0.1
53,PLR-REAL-Political,0.6374603174603175,1.933361701018886,3.7714285714285714,Chain-GBR-RR,0.1
54,PLR-REAL-Political,0.6514285714285715,1.9385159591783978,3.7904761904761903,Chain-GBR-RR,0.1
55,PLR-REAL-Political,0.6558730158730157,1.9360942265283012,3.6857142857142855,Chain-GBR-RR,0.1
56,PLR-REAL-Political,0.6126984126984126,1.936569048598198,3.876190476190476,Chain-GBR-RR,0.1
57,PLR-REAL-Political,0.572063492063492,1.939778542256215,3.676190476190476,Chain-GBR-RR,0.1
58,PLR-REAL-Political,0.6336507936507938,1.9311342278618249,3.8190476190476192,Chain-GBR-RR,0.1
59,PLR-REAL-Political,0.6482539682539682,1.9315155104220367,3.7714285714285714,Chain-GBR-RR,0.1
60,PLR-REAL-Political,0.6,1.9319887673189933,3.69811320754717,Chain-GBR-RR,0.1
61,PLR-REAL-Political,0.6132075471698113,1.9336833903126212,3.7830188679245285,Chain-GBR-RR,0.1
62,PLR-REAL-Political,0.6245283018867922,1.9404465862281308,3.8962264150943398,Chain-GBR-RR,0.1
63,PLR-REAL-Political,0.6215873015873015,1.9419666637151893,3.7523809523809524,Chain-GBR-RR,0.1
64,PLR-REAL-Political,0.6190476190476191,1.9334395752205522,3.8476190476190477,Chain-GBR-RR,0.1
65,PLR-REAL-Political,0.6158730158730159,1.938102686143,3.8857142857142857,Chain-GBR-RR,0.1
66,PLR-REAL-Political,0.6406349206349207,1.9327980398904068,3.742857142857143,Chain-GBR-RR,0.1
67,PLR-REAL-Political,0.6203174603174604,1.933614976933795,3.723809523809524,Chain-GBR-RR,0.1
68,PLR-REAL-Political,0.6292063492063492,1.9403694398276101,3.9047619047619047,Chain-GBR-RR,0.1
69,PLR-REAL-Political,0.6488888888888888,1.9321305488942644,3.857142857142857,Chain-GBR-RR,0.1
70,PLR-REAL-Political,0.6182389937106919,1.9304252570373934,3.80188679245283,Chain-GBR-RR,0.1
71,PLR-REAL-Political,0.6238993710691826,1.936344253484965,3.7358490566037736,Chain-GBR-RR,0.1
72,PLR-REAL-Political,0.6540880503144654,1.935998127836968,3.8679245283018866,Chain-GBR-RR,0.1
73,PLR-REAL-Political,0.6107936507936509,1.9312044876307242,3.8095238095238093,Chain-GBR-RR,0.1
74,PLR-REAL-Political,0.6298412698412699,1.952189512569687,3.704761904761905,Chain-GBR-RR,0.1
75,PLR-REAL-Political,0.6298412698412698,1.936405815162569,3.7714285714285714,Chain-GBR-RR,0.1
76,PLR-REAL-Political,0.594920634920635,1.9338297823295423,3.9047619047619047,Chain-GBR-RR,0.1
77,PLR-REAL-Political,0.6412698412698412,1.9315325648434891,3.7904761904761903,Chain-GBR-RR,0.1
78,PLR-REAL-Political,0.6412698412698412,1.933014835436884,3.914285714285714,Chain-GBR-RR,0.1
79,PLR-REAL-Political,0.6311111111111111,1.931593432129598,3.6666666666666665,Chain-GBR-RR,0.1
80,PLR-REAL-Political,0.6012578616352202,1.9279449406106344,3.7830188679245285,Chain-GBR-RR,0.1
81,PLR-REAL-Political,0.6333333333333334,1.9281647782298237,3.7358490566037736,Chain-GBR-RR,0.1
82,PLR-REAL-Political,0.6125786163522013,1.9321493151521723,3.69811320754717,Chain-GBR-RR,0.1
83,PLR-REAL-Political,0.6228571428571429,1.934161080937973,3.8,Chain-GBR-RR,0.1
84,PLR-REAL-Political,0.6273015873015872,1.9345342372271594,3.6476190476190475,Chain-GBR-RR,0.1
85,PLR-REAL-Political,0.5853968253968254,1.9359767170651168,3.8476190476190477,Chain-GBR-RR,0.1
86,PLR-REAL-Political,0.6438095238095239,1.936129117077043,3.9047619047619047,Chain-GBR-RR,0.1
87,PLR-REAL-Political,0.6425396825396825,1.9408985001859185,3.780952380952381,Chain-GBR-RR,0.1
88,PLR-REAL-Political,0.6253968253968253,1.9391890854164546,3.780952380952381,Chain-GBR-RR,0.1
89,PLR-REAL-Political,0.6463492063492063,1.9373374502034257,3.742857142857143,Chain-GBR-RR,0.1
90,PLR-REAL-Political,0.6446540880503144,1.936816221275738,3.849056603773585,Chain-GBR-RR,0.1
91,PLR-REAL-Political,0.6150943396226414,1.9315050499598323,3.858490566037736,Chain-GBR-RR,0.1
92,PLR-REAL-Political,0.620125786163522,1.9349804779325002,3.9150943396226414,Chain-GBR-RR,0.1
93,PLR-REAL-Political,0.64,1.933243734506641,3.6952380952380954,Chain-GBR-RR,0.1
94,PLR-REAL-Political,0.6025396825396825,1.9348584886256992,3.7142857142857144,Chain-GBR-RR,0.1
95,PLR-REAL-Political,0.6038095238095239,1.9324869714958877,3.7904761904761903,Chain-GBR-RR,0.1
96,PLR-REAL-Political,0.6317460317460318,1.9368786379065497,3.7333333333333334,Chain-GBR-RR,0.1
97,PLR-REAL-Political,0.6565079365079366,1.93565257394443,3.9047619047619047,Chain-GBR-RR,0.1
98,PLR-REAL-Political,0.6203174603174604,1.9339958751282278,3.8,Chain-GBR-RR,0.1
99,PLR-REAL-Political,0.6177777777777778,1.9332779875166624,3.6857142857142855,Chain-GBR-RR,0.1
100,PLR-REAL-Political,0.7163522012578617,1.5829567764228232,3.8207547169811322,ST-GBR-RR,0.1
101,PLR-REAL-Political,0.7000000000000001,0.815967680113276,3.6132075471698113,ST-GBR-RR,0.1
102,PLR-REAL-Political,0.6716981132075472,0.8126279105617965,3.7547169811320753,ST-GBR-RR,0.1
103,PLR-REAL-Political,0.6787301587301587,0.8058143508421801,3.914285714285714,ST-GBR-RR,0.1
104,PLR-REAL-Political,0.6933333333333334,0.8283837009297627,3.933333333333333,ST-GBR-RR,0.1
105,PLR-REAL-Political,0.6984126984126985,0.9158729633590241,3.8666666666666667,ST-GBR-RR,0.1
106,PLR-REAL-Political,0.7028571428571428,0.8143002836706451,4.0,ST-GBR-RR,0.1
107,PLR-REAL-Political,0.6653968253968253,0.8144912221615136,3.8,ST-GBR-RR,0.1
108,PLR-REAL-Political,0.6971428571428572,0.854452433444745,3.933333333333333,ST-GBR-RR,0.1
109,PLR-REAL-Political,0.7187301587301587,0.7371951085333739,3.742857142857143,ST-GBR-RR,0.1
110,PLR-REAL-Political,0.6773584905660378,0.8068079257178657,3.7358490566037736,ST-GBR-RR,0.1
111,PLR-REAL-Political,0.6805031446540881,0.8019301528231342,3.7264150943396226,ST-GBR-RR,0.1
112,PLR-REAL-Political,0.7018867924528301,0.8230090103081175,3.9056603773584904,ST-GBR-RR,0.1
113,PLR-REAL-Political,0.6876190476190475,0.8206928871277437,3.8190476190476192,ST-GBR-RR,0.1
114,PLR-REAL-Political,0.6895238095238094,0.8149967864757482,3.7333333333333334,ST-GBR-RR,0.1
115,PLR-REAL-Political,0.6850793650793651,0.8054475172145428,3.780952380952381,ST-GBR-RR,0.1
116,PLR-REAL-Political,0.6844444444444444,0.8115167490566485,3.7523809523809524,ST-GBR-RR,0.1
117,PLR-REAL-Political,0.716190476190476,0.8101173791499914,3.8095238095238093,ST-GBR-RR,0.1
118,PLR-REAL-Political,0.6704761904761904,0.8075727416087468,3.876190476190476,ST-GBR-RR,0.1
119,PLR-REAL-Political,0.6946031746031746,0.8099876147299323,3.7523809523809524,ST-GBR-RR,0.1
120,PLR-REAL-Political,0.6672955974842765,0.8032758025584954,3.8867924528301887,ST-GBR-RR,0.1
121,PLR-REAL-Political,0.6836477987421385,0.8136138918519599,3.6132075471698113,ST-GBR-RR,0.1
122,PLR-REAL-Political,0.7125786163522011,0.8301843422011455,3.7641509433962264,ST-GBR-RR,0.1
123,PLR-REAL-Political,0.6565079365079364,0.7971360517711692,3.8476190476190477,ST-GBR-RR,0.1
124,PLR-REAL-Political,0.7117460317460318,0.8207543365711816,3.914285714285714,ST-GBR-RR,0.1
125,PLR-REAL-Political,0.6977777777777776,0.8216140535468966,3.742857142857143,ST-GBR-RR,0.1
126,PLR-REAL-Political,0.6996825396825397,0.8055402298968872,3.676190476190476,ST-GBR-RR,0.1
127,PLR-REAL-Political,0.6933333333333331,0.812709400705629,3.8380952380952382,ST-GBR-RR,0.1
128,PLR-REAL-Political,0.686984126984127,0.8059946854924305,3.857142857142857,ST-GBR-RR,0.1
129,PLR-REAL-Political,0.7028571428571428,0.8175393996613828,3.8285714285714287,ST-GBR-RR,0.1
130,PLR-REAL-Political,0.6672955974842767,0.8018169036450239,3.80188679245283,ST-GBR-RR,0.1
131,PLR-REAL-Political,0.6748427672955976,0.8136338261034669,3.8679245283018866,ST-GBR-RR,0.1
132,PLR-REAL-Political,0.6748427672955974,0.8136272469745084,3.830188679245283,ST-GBR-RR,0.1
133,PLR-REAL-Political,0.6996825396825397,0.8061483728289642,3.8380952380952382,ST-GBR-RR,0.1
134,PLR-REAL-Political,0.6857142857142857,0.8186762674961163,3.857142857142857,ST-GBR-RR,0.1
135,PLR-REAL-Political,0.6901587301587302,0.8078454604886104,3.657142857142857,ST-GBR-RR,0.1
136,PLR-REAL-Political,0.6838095238095236,0.8010246169814071,3.9523809523809526,ST-GBR-RR,0.1
137,PLR-REAL-Political,0.7155555555555555,0.8148983555957019,3.8095238095238093,ST-GBR-RR,0.1
138,PLR-REAL-Political,0.7092063492063492,0.8097696314558823,3.7523809523809524,ST-GBR-RR,0.1
139,PLR-REAL-Political,0.7034920634920636,0.801979698020428,3.8190476190476192,ST-GBR-RR,0.1
140,PLR-REAL-Political,0.7012578616352201,0.8156554560574694,3.8773584905660377,ST-GBR-RR,0.1
141,PLR-REAL-Political,0.6773584905660378,0.8144770494098654,3.849056603773585,ST-GBR-RR,0.1
142,PLR-REAL-Political,0.681761006289308,0.8155812926683491,3.8679245283018866,ST-GBR-RR,0.1
143,PLR-REAL-Political,0.7028571428571428,0.8112091086969593,3.876190476190476,ST-GBR-RR,0.1
144,PLR-REAL-Political,0.6692063492063494,0.802378291075298,3.761904761904762,ST-GBR-RR,0.1
145,PLR-REAL-Political,0.6692063492063492,0.8156413635888361,3.9047619047619047,ST-GBR-RR,0.1
146,PLR-REAL-Political,0.6920634920634922,0.807544322615922,3.761904761904762,ST-GBR-RR,0.1
147,PLR-REAL-Political,0.6984126984126983,0.8154027845176294,3.7904761904761903,ST-GBR-RR,0.1
148,PLR-REAL-Political,0.6901587301587302,0.8115590372967508,3.8,ST-GBR-RR,0.1
149,PLR-REAL-Political,0.7168253968253968,0.8156192579885998,3.723809523809524,ST-GBR-RR,0.1
150,PLR-REAL-Political,0.6182389937106918,1.6569382580473517,3.4716981132075473,ST-GBR-PI,0.1
151,PLR-REAL-Political,0.5943396226415094,1.6654306539093124,3.481132075471698,ST-GBR-PI,0.1
152,PLR-REAL-Political,0.581761006289308,1.5065620212837854,3.518867924528302,ST-GBR-PI,0.1
153,PLR-REAL-Political,0.6507936507936509,1.5087168790083687,3.342857142857143,ST-GBR-PI,0.1
154,PLR-REAL-Political,0.627936507936508,0.8097922696507216,3.533333333333333,ST-GBR-PI,0.1
155,PLR-REAL-Political,0.6234920634920637,0.8191388527064122,3.3333333333333335,ST-GBR-PI,0.1
156,PLR-REAL-Political,0.6520634920634921,0.8091556111151957,3.5142857142857142,ST-GBR-PI,0.1
157,PLR-REAL-Political,0.5904761904761905,0.812869112485355,3.4857142857142858,ST-GBR-PI,0.1
158,PLR-REAL-Political,0.6514285714285715,0.8032392924768668,3.3904761904761904,ST-GBR-PI,0.1
159,PLR-REAL-Political,0.646984126984127,0.9109450290630107,3.4571428571428573,ST-GBR-PI,0.1
160,PLR-REAL-Political,0.6113207547169811,0.8061915957202297,3.2735849056603774,ST-GBR-PI,0.1
161,PLR-REAL-Political,0.6050314465408806,0.8083001070208732,3.443396226415094,ST-GBR-PI,0.1
162,PLR-REAL-Political,0.6465408805031447,0.8192809945614415,3.30188679245283,ST-GBR-PI,0.1
163,PLR-REAL-Political,0.6400000000000001,0.807576112188424,3.238095238095238,ST-GBR-PI,0.1
164,PLR-REAL-Political,0.6406349206349207,0.7947081357147893,3.466666666666667,ST-GBR-PI,0.1
165,PLR-REAL-Political,0.6323809523809525,0.806259625694152,3.4285714285714284,ST-GBR-PI,0.1
166,PLR-REAL-Political,0.6241269841269841,0.8062303479791605,3.5619047619047617,ST-GBR-PI,0.1
167,PLR-REAL-Political,0.620952380952381,0.7962833786044724,3.342857142857143,ST-GBR-PI,0.1
168,PLR-REAL-Political,0.646984126984127,0.8095358373812924,3.4,ST-GBR-PI,0.1
169,PLR-REAL-Political,0.6393650793650792,0.800708935252021,3.361904761904762,ST-GBR-PI,0.1
170,PLR-REAL-Political,0.6213836477987421,0.8039847585543786,3.3773584905660377,ST-GBR-PI,0.1
171,PLR-REAL-Political,0.6169811320754717,0.8077269439773294,3.4716981132075473,ST-GBR-PI,0.1
172,PLR-REAL-Political,0.6251572327044026,0.808343465374715,3.30188679245283,ST-GBR-PI,0.1
173,PLR-REAL-Political,0.6190476190476191,0.8079789291663962,3.3047619047619046,ST-GBR-PI,0.1
174,PLR-REAL-Political,0.646984126984127,0.799343131586532,3.4380952380952383,ST-GBR-PI,0.1
175,PLR-REAL-Political,0.6393650793650792,0.8061194396538747,3.4380952380952383,ST-GBR-PI,0.1
176,PLR-REAL-Political,0.6552380952380951,0.803950913934265,3.3904761904761904,ST-GBR-PI,0.1
177,PLR-REAL-Political,0.6101587301587301,0.8463000135947946,3.4380952380952383,ST-GBR-PI,0.1
178,PLR-REAL-Political,0.627936507936508,0.8106978568103002,3.3904761904761904,ST-GBR-PI,0.1
179,PLR-REAL-Political,0.6374603174603175,0.8122964557343885,3.3714285714285714,ST-GBR-PI,0.1
180,PLR-REAL-Political,0.6264150943396227,0.7963693722207491,3.2452830188679247,ST-GBR-PI,0.1
181,PLR-REAL-Political,0.6245283018867926,0.8046931353317888,3.2169811320754715,ST-GBR-PI,0.1
182,PLR-REAL-Political,0.6238993710691824,0.8007633813821209,3.5377358490566038,ST-GBR-PI,0.1
183,PLR-REAL-Political,0.6266666666666666,0.8107377757477612,3.3714285714285714,ST-GBR-PI,0.1
184,PLR-REAL-Political,0.6342857142857142,0.8181546272053417,3.466666666666667,ST-GBR-PI,0.1
185,PLR-REAL-Political,0.6311111111111113,0.8069298711756309,3.295238095238095,ST-GBR-PI,0.1
186,PLR-REAL-Political,0.6298412698412699,0.8046974238951542,3.3523809523809525,ST-GBR-PI,0.1
187,PLR-REAL-Political,0.6622222222222224,0.8353868176024136,3.4952380952380953,ST-GBR-PI,0.1
188,PLR-REAL-Political,0.6266666666666668,0.8072010722411465,3.419047619047619,ST-GBR-PI,0.1
189,PLR-REAL-Political,0.6317460317460317,0.8062107602866124,3.6,ST-GBR-PI,0.1
190,PLR-REAL-Political,0.6188679245283019,0.8067885887996701,3.518867924528302,ST-GBR-PI,0.1
191,PLR-REAL-Political,0.6213836477987422,0.808814633288678,3.4245283018867925,ST-GBR-PI,0.1
192,PLR-REAL-Political,0.5968553459119497,0.8085438102035165,3.5660377358490565,ST-GBR-PI,0.1
193,PLR-REAL-Political,0.6253968253968253,0.8140887027540075,3.3904761904761904,ST-GBR-PI,0.1
194,PLR-REAL-Political,0.6196825396825396,0.8127585077777721,3.4095238095238094,ST-GBR-PI,0.1
195,PLR-REAL-Political,0.6311111111111111,0.8075738721764085,3.380952380952381,ST-GBR-PI,0.1
196,PLR-REAL-Political,0.6247619047619047,0.8062968249891823,3.466666666666667,ST-GBR-PI,0.1
197,PLR-REAL-Political,0.6495238095238094,0.807823714683063,3.380952380952381,ST-GBR-PI,0.1
198,PLR-REAL-Political,0.5993650793650794,0.8132954776731658,3.3904761904761904,ST-GBR-PI,0.1
199,PLR-REAL-Political,0.6266666666666665,0.8095977032109388,3.3142857142857145,ST-GBR-PI,0.1
200,PLR-REAL-Political,0.7446540880503145,1.858263108918415,3.141509433962264,RPC-GB,0.1
201,PLR-REAL-Political,0.7654088050314465,1.8271691377636714,3.0660377358490565,RPC-GB,0.1
202,PLR-REAL-Political,0.7056603773584905,1.8859420354357939,3.3773584905660377,RPC-GB,0.1
203,PLR-REAL-Political,0.7453968253968254,1.830689009359666,3.219047619047619,RPC-GB,0.1
204,PLR-REAL-Political,0.7326984126984127,1.8671636503053877,3.6285714285714286,RPC-GB,0.1
205,PLR-REAL-Political,0.7447619047619047,1.7946698311919849,3.342857142857143,RPC-GB,0.1
206,PLR-REAL-Political,0.7453968253968254,1.796119939478762,3.361904761904762,RPC-GB,0.1
207,PLR-REAL-Political,0.6780952380952381,1.7972332480826225,3.1904761904761907,RPC-GB,0.1
208,PLR-REAL-Political,0.739047619047619,1.805241074482729,3.295238095238095,RPC-GB,0.1
209,PLR-REAL-Political,0.7333333333333333,1.778901734212093,3.2476190476190476,RPC-GB,0.1
210,PLR-REAL-Political,0.7056603773584906,1.794908014369534,3.207547169811321,RPC-GB,0.1
211,PLR-REAL-Political,0.7194968553459119,1.8267914166555494,3.19811320754717,RPC-GB,0.1
212,PLR-REAL-Political,0.7270440251572328,1.7792036547211108,3.207547169811321,RPC-GB,0.1
213,PLR-REAL-Political,0.7003174603174603,1.861781048073184,3.2476190476190476,RPC-GB,0.1
214,PLR-REAL-Political,0.7066666666666667,1.7816788675288369,3.3047619047619046,RPC-GB,0.1
215,PLR-REAL-Political,0.7193650793650793,1.7913854490435424,3.3142857142857145,RPC-GB,0.1
216,PLR-REAL-Political,0.7574603174603173,1.8434099514201465,3.3142857142857145,RPC-GB,0.1
217,PLR-REAL-Political,0.7396825396825397,1.7904041786656057,3.1523809523809523,RPC-GB,0.1
218,PLR-REAL-Political,0.7523809523809523,1.7779216776987417,3.2666666666666666,RPC-GB,0.1
219,PLR-REAL-Political,0.7574603174603174,1.7981275969678878,3.323809523809524,RPC-GB,0.1
220,PLR-REAL-Political,0.7088050314465407,1.7677698532269301,3.330188679245283,RPC-GB,0.1
221,PLR-REAL-Political,0.7371069182389938,1.8347408956003413,3.2169811320754715,RPC-GB,0.1
222,PLR-REAL-Political,0.7515723270440251,1.8509157212013934,3.349056603773585,RPC-GB,0.1
223,PLR-REAL-Political,0.7244444444444444,1.775883143681229,3.1142857142857143,RPC-GB,0.1
224,PLR-REAL-Political,0.7314285714285714,1.8291239394838252,3.380952380952381,RPC-GB,0.1
225,PLR-REAL-Political,0.7295238095238096,1.7915216018865137,3.295238095238095,RPC-GB,0.1
226,PLR-REAL-Political,0.7587301587301588,1.8284121203932606,3.2095238095238097,RPC-GB,0.1
227,PLR-REAL-Political,0.7212698412698414,1.8345911574508253,3.3523809523809525,RPC-GB,0.1
228,PLR-REAL-Political,0.7384126984126984,1.8421110143058235,3.3142857142857145,RPC-GB,0.1
229,PLR-REAL-Political,0.7219047619047618,1.8365469196300734,3.3333333333333335,RPC-GB,0.1
230,PLR-REAL-Political,0.7150943396226415,1.810904141851747,3.1226415094339623,RPC-GB,0.1
231,PLR-REAL-Political,0.7081761006289308,1.8401467457789735,3.2169811320754715,RPC-GB,0.1
232,PLR-REAL-Political,0.7245283018867923,1.8288299718641996,3.2641509433962264,RPC-GB,0.1
233,PLR-REAL-Political,0.7136507936507936,1.792565322664344,3.1619047619047618,RPC-GB,0.1
234,PLR-REAL-Political,0.7238095238095238,1.831130827099549,3.238095238095238,RPC-GB,0.1
235,PLR-REAL-Political,0.7079365079365078,1.8054006502645976,3.3714285714285714,RPC-GB,0.1
236,PLR-REAL-Political,0.7041269841269842,1.816352238416063,3.3142857142857145,RPC-GB,0.1
237,PLR-REAL-Political,0.7707936507936507,1.7875948307824645,3.4285714285714284,RPC-GB,0.1
238,PLR-REAL-Political,0.7358730158730159,1.812164149844297,3.238095238095238,RPC-GB,0.1
239,PLR-REAL-Political,0.7269841269841271,1.7874992548206479,3.219047619047619,RPC-GB,0.1
240,PLR-REAL-Political,0.7339622641509433,1.8145500946586388,3.349056603773585,RPC-GB,0.1
241,PLR-REAL-Political,0.7232704402515724,1.7654340845889782,3.292452830188679,RPC-GB,0.1
242,PLR-REAL-Political,0.718867924528302,1.7914627048981013,3.4150943396226414,RPC-GB,0.1
243,PLR-REAL-Political,0.7244444444444442,1.8337153822201735,3.1904761904761907,RPC-GB,0.1
244,PLR-REAL-Political,0.6965079365079364,1.9074803600600243,3.4,RPC-GB,0.1
245,PLR-REAL-Political,0.7212698412698413,1.8071408702685703,3.4952380952380953,RPC-GB,0.1
246,PLR-REAL-Political,0.7320634920634921,1.7635712843593088,3.219047619047619,RPC-GB,0.1
247,PLR-REAL-Political,0.7339682539682539,1.7857241105603392,3.3333333333333335,RPC-GB,0.1
248,PLR-REAL-Political,0.7434920634920634,1.8555299733438733,3.057142857142857,RPC-GB,0.1
249,PLR-REAL-Political,0.7479365079365079,1.865908379057062,3.219047619047619,RPC-GB,0.1
250,PLR-REAL-Political,0.5144654088050314,1.945496019266122,2.481132075471698,Chain-GBR-PI,0.2
251,PLR-REAL-Political,0.5459119496855347,1.9442097857601237,2.6792452830188678,Chain-GBR-PI,0.2
252,PLR-REAL-Political,0.5,1.944048034387272,2.5377358490566038,Chain-GBR-PI,0.2
253,PLR-REAL-Political,0.5498412698412698,1.944880353917549,2.3904761904761904,Chain-GBR-PI,0.2
254,PLR-REAL-Political,0.5257142857142857,1.9524122684428438,2.638095238095238,Chain-GBR-PI,0.2
255,PLR-REAL-Political,0.4895238095238095,1.953175423001059,2.419047619047619,Chain-GBR-PI,0.2
256,PLR-REAL-Political,0.540952380952381,1.9571565522474328,2.6285714285714286,Chain-GBR-PI,0.2
257,PLR-REAL-Political,0.5161904761904762,1.9453285683823798,2.5238095238095237,Chain-GBR-PI,0.2
258,PLR-REAL-Political,0.5346031746031746,1.9445637796099697,2.419047619047619,Chain-GBR-PI,0.2
259,PLR-REAL-Political,0.5244444444444445,1.9439681098068915,2.3904761904761904,Chain-GBR-PI,0.2
260,PLR-REAL-Political,0.5352201257861635,1.947083391129172,2.5660377358490565,Chain-GBR-PI,0.2
261,PLR-REAL-Political,0.5345911949685535,1.9458106857966697,2.6037735849056602,Chain-GBR-PI,0.2
262,PLR-REAL-Political,0.550314465408805,1.946485900026045,2.5,Chain-GBR-PI,0.2
263,PLR-REAL-Political,0.48063492063492075,1.9435761024461926,2.4571428571428573,Chain-GBR-PI,0.2
264,PLR-REAL-Political,0.5580952380952381,1.9438015009254566,2.580952380952381,Chain-GBR-PI,0.2
265,PLR-REAL-Political,0.5238095238095238,1.9469038609996794,2.419047619047619,Chain-GBR-PI,0.2
266,PLR-REAL-Political,0.5612698412698413,1.946544255841639,2.4285714285714284,Chain-GBR-PI,0.2
267,PLR-REAL-Political,0.5473015873015873,1.9499204327256092,2.5619047619047617,Chain-GBR-PI,0.2
268,PLR-REAL-Political,0.5301587301587302,1.9579254881040529,2.5428571428571427,Chain-GBR-PI,0.2
269,PLR-REAL-Political,0.5415873015873015,1.9543624955539407,2.4857142857142858,Chain-GBR-PI,0.2
270,PLR-REAL-Political,0.5408805031446541,1.9458906598225487,2.641509433962264,Chain-GBR-PI,0.2
271,PLR-REAL-Political,0.5559748427672956,1.9468844174776114,2.481132075471698,Chain-GBR-PI,0.2
272,PLR-REAL-Political,0.5522012578616353,1.953146265122759,2.69811320754717,Chain-GBR-PI,0.2
273,PLR-REAL-Political,0.5612698412698413,1.952292483209133,2.361904761904762,Chain-GBR-PI,0.2
274,PLR-REAL-Political,0.5092063492063492,1.9490819515843198,2.6476190476190475,Chain-GBR-PI,0.2
275,PLR-REAL-Political,0.5422222222222222,1.9503001620267835,2.447619047619048,Chain-GBR-PI,0.2
276,PLR-REAL-Political,0.5403174603174603,1.9493202535744814,2.5619047619047617,Chain-GBR-PI,0.2
277,PLR-REAL-Political,0.48571428571428565,1.947568239362,2.380952380952381,Chain-GBR-PI,0.2
278,PLR-REAL-Political,0.5511111111111111,1.95219388200916,2.6285714285714286,Chain-GBR-PI,0.2
279,PLR-REAL-Political,0.5066666666666666,1.9497474862178488,2.5428571428571427,Chain-GBR-PI,0.2
280,PLR-REAL-Political,0.5345911949685535,1.9585142151722492,2.556603773584906,Chain-GBR-PI,0.2
281,PLR-REAL-Political,0.5402515723270441,1.9483465287315094,2.3679245283018866,Chain-GBR-PI,0.2
282,PLR-REAL-Political,0.5245283018867924,1.9515015275427334,2.481132075471698,Chain-GBR-PI,0.2
283,PLR-REAL-Political,0.5384126984126985,1.9491734979180735,2.6952380952380954,Chain-GBR-PI,0.2
284,PLR-REAL-Political,0.5695238095238095,1.9570360660880375,2.4571428571428573,Chain-GBR-PI,0.2
285,PLR-REAL-Political,0.5377777777777778,1.9577670681252393,2.638095238095238,Chain-GBR-PI,0.2
286,PLR-REAL-Political,0.4901587301587302,1.9613835550370575,2.4095238095238094,Chain-GBR-PI,0.2
287,PLR-REAL-Political,0.540952380952381,1.9567088224958855,2.5428571428571427,Chain-GBR-PI,0.2
288,PLR-REAL-Political,0.52,1.9546426499526324,2.4,Chain-GBR-PI,0.2
289,PLR-REAL-Political,0.5136507936507937,1.9622913629328262,2.580952380952381,Chain-GBR-PI,0.2
290,PLR-REAL-Political,0.5169811320754717,1.9611834054945132,2.5754716981132075,Chain-GBR-PI,0.2
291,PLR-REAL-Political,0.5421383647798742,1.9752680220675067,2.4150943396226414,Chain-GBR-PI,0.2
292,PLR-REAL-Political,0.5094339622641509,1.969016788648626,2.518867924528302,Chain-GBR-PI,0.2
293,PLR-REAL-Political,0.526984126984127,1.9540074884825906,2.4380952380952383,Chain-GBR-PI,0.2
294,PLR-REAL-Political,0.5212698412698413,1.9560659863565357,2.533333333333333,Chain-GBR-PI,0.2
295,PLR-REAL-Political,0.521904761904762,1.9562272409004113,2.5047619047619047,Chain-GBR-PI,0.2
296,PLR-REAL-Political,0.5625396825396826,1.953332271798333,2.6095238095238096,Chain-GBR-PI,0.2
297,PLR-REAL-Political,0.5098412698412699,1.9499318329039692,2.361904761904762,Chain-GBR-PI,0.2
298,PLR-REAL-Political,0.5282539682539683,1.948548323751286,2.466666666666667,Chain-GBR-PI,0.2
299,PLR-REAL-Political,0.5625396825396825,1.953643046459583,2.3904761904761904,Chain-GBR-PI,0.2
300,PLR-REAL-Political,0.6025157232704402,1.9301851828231813,3.6320754716981134,Chain-GBR-RR,0.2
301,PLR-REAL-Political,0.5955974842767295,1.927635995717954,3.669811320754717,Chain-GBR-RR,0.2
302,PLR-REAL-Political,0.5767295597484277,1.9333861538799995,3.669811320754717,Chain-GBR-RR,0.2
303,PLR-REAL-Political,0.593015873015873,1.9311759474369203,3.6095238095238096,Chain-GBR-RR,0.2
304,PLR-REAL-Political,0.5898412698412698,1.9343896727320102,3.638095238095238,Chain-GBR-RR,0.2
305,PLR-REAL-Political,0.5834920634920635,1.9378491430056604,3.5714285714285716,Chain-GBR-RR,0.2
306,PLR-REAL-Political,0.606984126984127,1.9363306357619672,3.6952380952380954,Chain-GBR-RR,0.2
307,PLR-REAL-Political,0.5346031746031746,1.930113975385541,3.6095238095238096,Chain-GBR-RR,0.2
308,PLR-REAL-Political,0.5911111111111111,1.9313658936216167,3.5428571428571427,Chain-GBR-RR,0.2
309,PLR-REAL-Political,0.5841269841269842,1.933487423799512,3.5619047619047617,Chain-GBR-RR,0.2
310,PLR-REAL-Political,0.5433962264150943,1.9296327026148117,3.707547169811321,Chain-GBR-RR,0.2
311,PLR-REAL-Political,0.5893081761006289,1.929635921354348,3.6132075471698113,Chain-GBR-RR,0.2
312,PLR-REAL-Political,0.6031446540880503,1.930169939412995,3.7830188679245285,Chain-GBR-RR,0.2
313,PLR-REAL-Political,0.5536507936507936,1.9312161797668086,3.742857142857143,Chain-GBR-RR,0.2
314,PLR-REAL-Political,0.6012698412698413,1.930308758461735,3.676190476190476,Chain-GBR-RR,0.2
315,PLR-REAL-Political,0.5726984126984126,1.932069932225221,3.657142857142857,Chain-GBR-RR,0.2
316,PLR-REAL-Political,0.6139682539682539,1.9327096028643829,3.704761904761905,Chain-GBR-RR,0.2
317,PLR-REAL-Political,0.5942857142857143,1.9456359081315744,3.7904761904761903,Chain-GBR-RR,0.2
318,PLR-REAL-Political,0.5758730158730159,1.9579065133465265,3.580952380952381,Chain-GBR-RR,0.2
319,PLR-REAL-Political,0.5993650793650794,1.934674830031849,3.704761904761905,Chain-GBR-RR,0.2
320,PLR-REAL-Political,0.5811320754716981,1.9314912549570202,3.6320754716981134,Chain-GBR-RR,0.2
321,PLR-REAL-Political,0.6018867924528302,1.933560531248382,3.7452830188679247,Chain-GBR-RR,0.2
322,PLR-REAL-Political,0.5943396226415094,1.9351227098087607,3.6320754716981134,Chain-GBR-RR,0.2
323,PLR-REAL-Political,0.5606349206349206,1.9322530701232081,3.619047619047619,Chain-GBR-RR,0.2
324,PLR-REAL-Political,0.5650793650793651,1.9349975674377158,3.8380952380952382,Chain-GBR-RR,0.2
325,PLR-REAL-Political,0.5885714285714286,1.9459720511965368,3.6285714285714286,Chain-GBR-RR,0.2
326,PLR-REAL-Political,0.5815873015873017,1.959116532521244,3.5238095238095237,Chain-GBR-RR,0.2
327,PLR-REAL-Political,0.5961904761904762,1.9515809811546145,3.5904761904761906,Chain-GBR-RR,0.2
328,PLR-REAL-Political,0.6,1.9503992416966536,3.7904761904761903,Chain-GBR-RR,0.2
329,PLR-REAL-Political,0.5777777777777778,1.9491578435233334,3.676190476190476,Chain-GBR-RR,0.2
330,PLR-REAL-Political,0.570440251572327,1.9461041218391704,3.650943396226415,Chain-GBR-RR,0.2
331,PLR-REAL-Political,0.558490566037736,1.9362710925950395,3.6792452830188678,Chain-GBR-RR,0.2
332,PLR-REAL-Political,0.5830188679245283,1.949652110506002,3.792452830188679,Chain-GBR-RR,0.2
333,PLR-REAL-Political,0.6057142857142856,1.9465832905369844,3.5619047619047617,Chain-GBR-RR,0.2
334,PLR-REAL-Political,0.5853968253968254,1.945451695114961,3.5904761904761906,Chain-GBR-RR,0.2
335,PLR-REAL-Political,0.6031746031746033,1.9478839724212185,3.8095238095238093,Chain-GBR-RR,0.2
336,PLR-REAL-Political,0.6082539682539683,1.9406595188333895,3.7333333333333334,Chain-GBR-RR,0.2
337,PLR-REAL-Political,0.587936507936508,1.9453860169605321,3.6,Chain-GBR-RR,0.2
338,PLR-REAL-Political,0.6222222222222222,1.9457145957215198,3.580952380952381,Chain-GBR-RR,0.2
339,PLR-REAL-Political,0.568888888888889,1.9456234972336839,3.6095238095238096,Chain-GBR-RR,0.2
340,PLR-REAL-Political,0.60062893081761,1.942573798598094,3.839622641509434,Chain-GBR-RR,0.2
341,PLR-REAL-Political,0.59937106918239,1.9498944212482279,3.6792452830188678,Chain-GBR-RR,0.2
342,PLR-REAL-Political,0.5735849056603773,1.9373636612647045,3.669811320754717,Chain-GBR-RR,0.2
343,PLR-REAL-Political,0.5714285714285714,1.95134600393006,3.638095238095238,Chain-GBR-RR,0.2
344,PLR-REAL-Political,0.5542857142857143,1.9368346793051772,3.6285714285714286,Chain-GBR-RR,0.2
345,PLR-REAL-Political,0.5796825396825396,1.9418994894149058,3.6095238095238096,Chain-GBR-RR,0.2
346,PLR-REAL-Political,0.6101587301587302,1.9402446711716603,3.657142857142857,Chain-GBR-RR,0.2
347,PLR-REAL-Political,0.5892063492063492,1.945587236797148,3.6666666666666665,Chain-GBR-RR,0.2
348,PLR-REAL-Political,0.5974603174603175,1.9484472025293773,3.4952380952380953,Chain-GBR-RR,0.2
349,PLR-REAL-Political,0.5898412698412698,1.9488507877715928,3.5619047619047617,Chain-GBR-RR,0.2
350,PLR-REAL-Political,0.69937106918239,0.774231011387301,3.7547169811320753,ST-GBR-RR,0.2
351,PLR-REAL-Political,0.6949685534591195,0.7805969664303938,3.6792452830188678,ST-GBR-RR,0.2
352,PLR-REAL-Political,0.6842767295597484,0.7814766439241772,3.80188679245283,ST-GBR-RR,0.2
353,PLR-REAL-Political,0.6615873015873016,0.8205753823032326,3.780952380952381,ST-GBR-RR,0.2
354,PLR-REAL-Political,0.6882539682539682,0.7816398812656377,3.8380952380952382,ST-GBR-RR,0.2
355,PLR-REAL-Political,0.7034920634920636,0.7864417715503433,3.857142857142857,ST-GBR-RR,0.2
356,PLR-REAL-Political,0.7136507936507939,0.7809807058843805,3.8857142857142857,ST-GBR-RR,0.2
357,PLR-REAL-Political,0.6393650793650795,0.7724348937119024,3.8666666666666667,ST-GBR-RR,0.2
358,PLR-REAL-Political,0.6831746031746032,0.7809143550902156,3.9238095238095236,ST-GBR-RR,0.2
359,PLR-REAL-Political,0.6939682539682539,0.776994215560809,3.7333333333333334,ST-GBR-RR,0.2
360,PLR-REAL-Political,0.6698113207547169,0.7771325543341561,3.8207547169811322,ST-GBR-RR,0.2
361,PLR-REAL-Political,0.6943396226415094,0.7819295652279081,3.69811320754717,ST-GBR-RR,0.2
362,PLR-REAL-Political,0.7075471698113207,0.7682759237321788,3.8867924528301887,ST-GBR-RR,0.2
363,PLR-REAL-Political,0.6901587301587302,0.7981061264123526,3.780952380952381,ST-GBR-RR,0.2
364,PLR-REAL-Political,0.6780952380952381,0.7111193106690841,3.761904761904762,ST-GBR-RR,0.2
365,PLR-REAL-Political,0.6838095238095238,0.7763063879692775,3.761904761904762,ST-GBR-RR,0.2
366,PLR-REAL-Political,0.6901587301587302,0.7888744405742172,3.7523809523809524,ST-GBR-RR,0.2
367,PLR-REAL-Political,0.7053968253968254,0.784718256471264,3.7523809523809524,ST-GBR-RR,0.2
368,PLR-REAL-Political,0.6717460317460319,0.7771089505258287,3.9238095238095236,ST-GBR-RR,0.2
369,PLR-REAL-Political,0.7111111111111111,0.7784042156871209,3.7523809523809524,ST-GBR-RR,0.2
370,PLR-REAL-Political,0.6679245283018868,0.7804877263846591,3.8773584905660377,ST-GBR-RR,0.2
371,PLR-REAL-Political,0.7069182389937106,0.7809365793831196,3.69811320754717,ST-GBR-RR,0.2
372,PLR-REAL-Political,0.70062893081761,0.7778786640697173,3.7641509433962264,ST-GBR-RR,0.2
373,PLR-REAL-Political,0.6812698412698412,0.7825360835086917,3.7904761904761903,ST-GBR-RR,0.2
374,PLR-REAL-Political,0.7098412698412698,0.7811448329310385,3.780952380952381,ST-GBR-RR,0.2
375,PLR-REAL-Political,0.6926984126984127,0.7895782380558382,3.8476190476190477,ST-GBR-RR,0.2
376,PLR-REAL-Political,0.6952380952380951,0.784720623551365,3.7523809523809524,ST-GBR-RR,0.2
377,PLR-REAL-Political,0.68,0.7606656486077875,3.8095238095238093,ST-GBR-RR,0.2
378,PLR-REAL-Political,0.6768253968253968,0.7825278646624511,3.857142857142857,ST-GBR-RR,0.2
379,PLR-REAL-Political,0.6939682539682539,0.7869158271239315,3.8857142857142857,ST-GBR-RR,0.2
380,PLR-REAL-Political,0.6616352201257862,0.7748352786367015,3.830188679245283,ST-GBR-RR,0.2
381,PLR-REAL-Political,0.7025157232704403,0.9045434046982735,3.80188679245283,ST-GBR-RR,0.2
382,PLR-REAL-Political,0.6924528301886792,0.6929754483318945,3.7735849056603774,ST-GBR-RR,0.2
383,PLR-REAL-Political,0.6736507936507936,0.7983408758028459,3.780952380952381,ST-GBR-RR,0.2
384,PLR-REAL-Political,0.6755555555555556,0.838494550968007,3.7904761904761903,ST-GBR-RR,0.2
385,PLR-REAL-Political,0.6780952380952381,0.7835281265108754,3.780952380952381,ST-GBR-RR,0.2
386,PLR-REAL-Political,0.6901587301587303,0.7831654218507506,3.9238095238095236,ST-GBR-RR,0.2
387,PLR-REAL-Political,0.7225396825396825,0.8303639521126835,3.7904761904761903,ST-GBR-RR,0.2
388,PLR-REAL-Political,0.6971428571428571,0.7800751405849516,3.8285714285714287,ST-GBR-RR,0.2
389,PLR-REAL-Political,0.7034920634920634,0.6890108852578156,3.8380952380952382,ST-GBR-RR,0.2
390,PLR-REAL-Political,0.710062893081761,0.7838688219537147,3.9245283018867925,ST-GBR-RR,0.2
391,PLR-REAL-Political,0.6735849056603774,0.7762411719292583,3.839622641509434,ST-GBR-RR,0.2
392,PLR-REAL-Political,0.7025157232704403,0.7856484481063087,3.9150943396226414,ST-GBR-RR,0.2
393,PLR-REAL-Political,0.7022222222222222,0.7803702870975708,3.6666666666666665,ST-GBR-RR,0.2
394,PLR-REAL-Political,0.653968253968254,0.7694090160891398,3.761904761904762,ST-GBR-RR,0.2
395,PLR-REAL-Political,0.6692063492063492,0.7663562161474717,3.857142857142857,ST-GBR-RR,0.2
396,PLR-REAL-Political,0.6907936507936507,0.7859428967880485,3.8,ST-GBR-RR,0.2
397,PLR-REAL-Political,0.6958730158730159,0.790403476072352,3.8190476190476192,ST-GBR-RR,0.2
398,PLR-REAL-Political,0.6812698412698414,0.7767787902400655,3.723809523809524,ST-GBR-RR,0.2
399,PLR-REAL-Political,0.7034920634920634,0.8185667248489675,3.7904761904761903,ST-GBR-RR,0.2
400,PLR-REAL-Political,0.6144654088050315,0.7728894727060979,3.452830188679245,ST-GBR-PI,0.2
401,PLR-REAL-Political,0.6044025157232705,0.77367887977205,3.4245283018867925,ST-GBR-PI,0.2
402,PLR-REAL-Political,0.5981132075471699,0.7726728945624172,3.443396226415094,ST-GBR-PI,0.2
403,PLR-REAL-Political,0.6463492063492063,0.774161723420405,3.2857142857142856,ST-GBR-PI,0.2
404,PLR-REAL-Political,0.6399999999999999,0.7762509703621706,3.2857142857142856,ST-GBR-PI,0.2
405,PLR-REAL-Political,0.6158730158730159,0.781294550072512,3.3904761904761904,ST-GBR-PI,0.2
406,PLR-REAL-Political,0.6323809523809525,0.7805234679440476,3.4571428571428573,ST-GBR-PI,0.2
407,PLR-REAL-Political,0.593015873015873,0.7689392128086708,3.466666666666667,ST-GBR-PI,0.2
408,PLR-REAL-Political,0.6361904761904762,0.7798617576310859,3.3904761904761904,ST-GBR-PI,0.2
409,PLR-REAL-Political,0.6126984126984126,0.7787205179182229,3.580952380952381,ST-GBR-PI,0.2
410,PLR-REAL-Political,0.6062893081761006,0.7888832588027371,3.2264150943396226,ST-GBR-PI,0.2
411,PLR-REAL-Political,0.5949685534591195,0.8192497470301524,3.3679245283018866,ST-GBR-PI,0.2
412,PLR-REAL-Political,0.6446540880503144,0.7805487319580378,3.339622641509434,ST-GBR-PI,0.2
413,PLR-REAL-Political,0.5936507936507937,0.7854783529659655,3.1333333333333333,ST-GBR-PI,0.2
414,PLR-REAL-Political,0.6342857142857142,0.7869596635118937,3.4285714285714284,ST-GBR-PI,0.2
415,PLR-REAL-Political,0.606984126984127,0.7779144072420694,3.4095238095238094,ST-GBR-PI,0.2
416,PLR-REAL-Political,0.6311111111111111,0.7846229508188337,3.447619047619048,ST-GBR-PI,0.2
417,PLR-REAL-Political,0.6158730158730159,0.7888900880439309,3.3142857142857145,ST-GBR-PI,0.2
418,PLR-REAL-Political,0.648888888888889,0.7761051752130358,3.447619047619048,ST-GBR-PI,0.2
419,PLR-REAL-Political,0.6476190476190476,0.7811538305547427,3.5619047619047617,ST-GBR-PI,0.2
420,PLR-REAL-Political,0.6125786163522013,0.7740077383361569,3.4245283018867925,ST-GBR-PI,0.2
421,PLR-REAL-Political,0.6396226415094338,0.7713967701736613,3.2641509433962264,ST-GBR-PI,0.2
422,PLR-REAL-Political,0.6257861635220126,0.7823618287175782,3.30188679245283,ST-GBR-PI,0.2
423,PLR-REAL-Political,0.6266666666666666,0.7734592348820386,3.238095238095238,ST-GBR-PI,0.2
424,PLR-REAL-Political,0.6457142857142857,0.7775597938539739,3.5142857142857142,ST-GBR-PI,0.2
425,PLR-REAL-Political,0.6323809523809525,0.7797945325603627,3.419047619047619,ST-GBR-PI,0.2
426,PLR-REAL-Political,0.6399999999999999,0.7674063760449152,3.380952380952381,ST-GBR-PI,0.2
427,PLR-REAL-Political,0.6038095238095238,0.7710773819711139,3.4,ST-GBR-PI,0.2
428,PLR-REAL-Political,0.634920634920635,0.7631983241540773,3.4380952380952383,ST-GBR-PI,0.2
429,PLR-REAL-Political,0.6165079365079366,0.7885422658425572,3.380952380952381,ST-GBR-PI,0.2
430,PLR-REAL-Political,0.6037735849056604,0.8162042624456674,3.311320754716981,ST-GBR-PI,0.2
431,PLR-REAL-Political,0.6339622641509433,0.7739901562520834,3.19811320754717,ST-GBR-PI,0.2
432,PLR-REAL-Political,0.6289308176100628,0.8223607286567763,3.3207547169811322,ST-GBR-PI,0.2
433,PLR-REAL-Political,0.6158730158730158,0.7836876782212759,3.3714285714285714,ST-GBR-PI,0.2
434,PLR-REAL-Political,0.6050793650793651,0.7724879578248368,3.5047619047619047,ST-GBR-PI,0.2
435,PLR-REAL-Political,0.633015873015873,0.7698741585425952,3.323809523809524,ST-GBR-PI,0.2
436,PLR-REAL-Political,0.6292063492063492,0.7829458793468812,3.4095238095238094,ST-GBR-PI,0.2
437,PLR-REAL-Political,0.6546031746031746,0.7752605246210754,3.361904761904762,ST-GBR-PI,0.2
438,PLR-REAL-Political,0.606984126984127,0.7749778693701826,3.5142857142857142,ST-GBR-PI,0.2
439,PLR-REAL-Political,0.6342857142857143,0.7804011628584365,3.5714285714285716,ST-GBR-PI,0.2
440,PLR-REAL-Political,0.650943396226415,0.7789948427211165,3.481132075471698,ST-GBR-PI,0.2
441,PLR-REAL-Political,0.6163522012578617,0.7734353211536568,3.4150943396226414,ST-GBR-PI,0.2
442,PLR-REAL-Political,0.6125786163522011,0.7782982269082838,3.3962264150943398,ST-GBR-PI,0.2
443,PLR-REAL-Political,0.627936507936508,0.778194641478941,3.419047619047619,ST-GBR-PI,0.2
444,PLR-REAL-Political,0.638095238095238,0.7727618436542496,3.419047619047619,ST-GBR-PI,0.2
445,PLR-REAL-Political,0.6361904761904763,0.771139803160534,3.4,ST-GBR-PI,0.2
446,PLR-REAL-Political,0.634920634920635,0.7787703647468668,3.4285714285714284,ST-GBR-PI,0.2
447,PLR-REAL-Political,0.6158730158730158,0.7811899429572677,3.257142857142857,ST-GBR-PI,0.2
448,PLR-REAL-Political,0.5993650793650793,0.7876135689404399,3.4571428571428573,ST-GBR-PI,0.2
449,PLR-REAL-Political,0.6469841269841269,0.781016121479703,3.2285714285714286,ST-GBR-PI,0.2
450,PLR-REAL-Political,0.7440251572327045,1.690957680140749,3.150943396226415,RPC-GB,0.2
451,PLR-REAL-Political,0.7421383647798743,1.7287148264047483,3.1037735849056602,RPC-GB,0.2
452,PLR-REAL-Political,0.6962264150943395,1.8395323375755788,3.339622641509434,RPC-GB,0.2
453,PLR-REAL-Political,0.728888888888889,1.6403594185419648,3.238095238095238,RPC-GB,0.2
454,PLR-REAL-Political,0.7168253968253969,1.7442016646614826,3.533333333333333,RPC-GB,0.2
455,PLR-REAL-Political,0.7371428571428571,1.7335407964751994,3.295238095238095,RPC-GB,0.2
456,PLR-REAL-Political,0.7225396825396826,1.6289254728133258,3.3904761904761904,RPC-GB,0.2
457,PLR-REAL-Political,0.6952380952380951,1.7191798137533618,3.142857142857143,RPC-GB,0.2
458,PLR-REAL-Political,0.7282539682539683,1.7360439484516526,3.257142857142857,RPC-GB,0.2
459,PLR-REAL-Political,0.7212698412698413,1.6387922592616155,3.2476190476190476,RPC-GB,0.2
460,PLR-REAL-Political,0.7012578616352201,1.7332981209370768,3.30188679245283,RPC-GB,0.2
461,PLR-REAL-Political,0.7094339622641508,1.6451800652103519,3.0754716981132075,RPC-GB,0.2
462,PLR-REAL-Political,0.7339622641509432,1.6969436826235393,3.3773584905660377,RPC-GB,0.2
463,PLR-REAL-Political,0.6844444444444444,1.6898163616187587,3.2095238095238097,RPC-GB,0.2
464,PLR-REAL-Political,0.7187301587301588,1.685541516530464,3.342857142857143,RPC-GB,0.2
465,PLR-REAL-Political,0.7358730158730159,1.6648797854503374,3.1619047619047618,RPC-GB,0.2
466,PLR-REAL-Political,0.7511111111111111,1.6877533205430524,3.3523809523809525,RPC-GB,0.2
467,PLR-REAL-Political,0.7441269841269841,1.695576752614784,3.2476190476190476,RPC-GB,0.2
468,PLR-REAL-Political,0.7365079365079364,1.6451395287330488,3.4095238095238094,RPC-GB,0.2
469,PLR-REAL-Political,0.7428571428571429,1.71687000030635,3.3714285714285714,RPC-GB,0.2
470,PLR-REAL-Political,0.6949685534591196,1.7098787626593372,3.2264150943396226,RPC-GB,0.2
471,PLR-REAL-Political,0.7138364779874214,1.6850565518708405,3.358490566037736,RPC-GB,0.2
472,PLR-REAL-Political,0.7327044025157232,1.6570098026367557,3.2641509433962264,RPC-GB,0.2
473,PLR-REAL-Political,0.7193650793650793,1.6517792379712608,3.104761904761905,RPC-GB,0.2
474,PLR-REAL-Political,0.7384126984126984,1.7041869560033258,3.3714285714285714,RPC-GB,0.2
475,PLR-REAL-Political,0.7358730158730157,1.6338422016883698,3.3714285714285714,RPC-GB,0.2
476,PLR-REAL-Political,0.7498412698412699,1.7201652705479986,3.142857142857143,RPC-GB,0.2
477,PLR-REAL-Political,0.7212698412698412,1.644318839820526,3.2857142857142856,RPC-GB,0.2
478,PLR-REAL-Political,0.72,1.6447783698636367,3.3523809523809525,RPC-GB,0.2
479,PLR-REAL-Political,0.7117460317460319,1.6513288521567948,3.238095238095238,RPC-GB,0.2
480,PLR-REAL-Political,0.7176100628930817,1.6628728535365704,3.2452830188679247,RPC-GB,0.2
481,PLR-REAL-Political,0.722012578616352,1.657967525011359,3.292452830188679,RPC-GB,0.2
482,PLR-REAL-Political,0.7150943396226415,1.6259990175446486,3.1792452830188678,RPC-GB,0.2
483,PLR-REAL-Political,0.7263492063492063,1.6306829179844646,3.3714285714285714,RPC-GB,0.2
484,PLR-REAL-Political,0.7326984126984127,1.7681072343018391,3.1523809523809523,RPC-GB,0.2
485,PLR-REAL-Political,0.7174603174603176,1.6758665131783712,3.3714285714285714,RPC-GB,0.2
486,PLR-REAL-Political,0.7219047619047617,1.6974027244639112,3.4285714285714284,RPC-GB,0.2
487,PLR-REAL-Political,0.7644444444444445,1.7446246768340703,3.3047619047619046,RPC-GB,0.2
488,PLR-REAL-Political,0.726984126984127,1.6959558741448209,3.257142857142857,RPC-GB,0.2
489,PLR-REAL-Political,0.7187301587301588,1.6824248583509838,3.3047619047619046,RPC-GB,0.2
490,PLR-REAL-Political,0.7415094339622642,1.626694500498132,3.4339622641509435,RPC-GB,0.2
491,PLR-REAL-Political,0.7289308176100631,1.6338811514322786,3.2264150943396226,RPC-GB,0.2
492,PLR-REAL-Political,0.7150943396226415,1.665904967573005,3.19811320754717,RPC-GB,0.2
493,PLR-REAL-Political,0.7346031746031745,1.627019569656155,3.295238095238095,RPC-GB,0.2
494,PLR-REAL-Political,0.7034920634920636,1.6850389500102783,3.3523809523809525,RPC-GB,0.2
495,PLR-REAL-Political,0.723174603174603,1.6271986919326713,3.3523809523809525,RPC-GB,0.2
496,PLR-REAL-Political,0.7276190476190477,1.6442686383449614,3.3142857142857145,RPC-GB,0.2
497,PLR-REAL-Political,0.7123809523809522,1.7312960529599668,3.2476190476190476,RPC-GB,0.2
498,PLR-REAL-Political,0.7034920634920634,1.6426853630480303,3.1619047619047618,RPC-GB,0.2
499,PLR-REAL-Political,0.739047619047619,1.641297677446618,3.2285714285714286,RPC-GB,0.2
500,PLR-REAL-Political,0.47484276729559743,1.9555424881513024,2.4150943396226414,Chain-GBR-PI,0.3
501,PLR-REAL-Political,0.5037735849056604,1.9523664382014925,2.2358490566037736,Chain-GBR-PI,0.3
502,PLR-REAL-Political,0.47610062893081767,1.9552823453322474,2.2358490566037736,Chain-GBR-PI,0.3
503,PLR-REAL-Political,0.5161904761904762,1.98795497711864,2.419047619047619,Chain-GBR-PI,0.3
504,PLR-REAL-Political,0.4825396825396825,1.9782896567421786,2.4285714285714284,Chain-GBR-PI,0.3
505,PLR-REAL-Political,0.5206349206349206,1.9588620510399493,2.380952380952381,Chain-GBR-PI,0.3
506,PLR-REAL-Political,0.4965079365079365,1.9556957746634696,2.3523809523809525,Chain-GBR-PI,0.3
507,PLR-REAL-Political,0.45206349206349206,1.9559525625565037,2.3333333333333335,Chain-GBR-PI,0.3
508,PLR-REAL-Political,0.47047619047619055,1.9605842154900728,2.3714285714285714,Chain-GBR-PI,0.3
509,PLR-REAL-Political,0.5219047619047619,1.9618322339113257,2.4571428571428573,Chain-GBR-PI,0.3
510,PLR-REAL-Political,0.5220125786163522,1.9594992814475922,2.4245283018867925,Chain-GBR-PI,0.3
511,PLR-REAL-Political,0.47987421383647794,1.9535164719101883,2.3207547169811322,Chain-GBR-PI,0.3
512,PLR-REAL-Political,0.44150943396226416,1.9445483645435155,2.2169811320754715,Chain-GBR-PI,0.3
513,PLR-REAL-Political,0.4444444444444445,1.946724573220391,2.2095238095238097,Chain-GBR-PI,0.3
514,PLR-REAL-Political,0.46285714285714286,1.948869301153103,2.3333333333333335,Chain-GBR-PI,0.3
515,PLR-REAL-Political,0.48,1.9883714979909715,2.295238095238095,Chain-GBR-PI,0.3
516,PLR-REAL-Political,0.518095238095238,1.9778066993556611,2.4857142857142858,Chain-GBR-PI,0.3
517,PLR-REAL-Political,0.4926984126984127,1.9712012220932746,2.5904761904761906,Chain-GBR-PI,0.3
518,PLR-REAL-Political,0.5161904761904762,1.976895205622196,2.4095238095238094,Chain-GBR-PI,0.3
519,PLR-REAL-Political,0.5155555555555555,1.9471162705383913,2.3904761904761904,Chain-GBR-PI,0.3
520,PLR-REAL-Political,0.5188679245283019,1.945837541517747,2.4056603773584904,Chain-GBR-PI,0.3
521,PLR-REAL-Political,0.4754716981132076,1.9502731701025644,2.207547169811321,Chain-GBR-PI,0.3
522,PLR-REAL-Political,0.5012578616352202,1.945012130307006,2.4245283018867925,Chain-GBR-PI,0.3
523,PLR-REAL-Political,0.48507936507936505,1.9463446311050903,2.295238095238095,Chain-GBR-PI,0.3
524,PLR-REAL-Political,0.5028571428571428,1.948338850660063,2.6,Chain-GBR-PI,0.3
525,PLR-REAL-Political,0.5034920634920635,1.9499327952443328,2.580952380952381,Chain-GBR-PI,0.3
526,PLR-REAL-Political,0.5073015873015874,1.9479254130891148,2.533333333333333,Chain-GBR-PI,0.3
527,PLR-REAL-Political,0.4876190476190476,1.967401102211775,2.4380952380952383,Chain-GBR-PI,0.3
528,PLR-REAL-Political,0.49968253968253973,1.9497230831491446,2.257142857142857,Chain-GBR-PI,0.3
529,PLR-REAL-Political,0.4806349206349206,1.9448035746472867,2.419047619047619,Chain-GBR-PI,0.3
530,PLR-REAL-Political,0.4817610062893081,1.9408118347773573,2.311320754716981,Chain-GBR-PI,0.3
531,PLR-REAL-Political,0.4823899371069183,1.9391869100147305,2.358490566037736,Chain-GBR-PI,0.3
532,PLR-REAL-Political,0.4811320754716981,1.9432023764935789,2.3207547169811322,Chain-GBR-PI,0.3
533,PLR-REAL-Political,0.4952380952380953,1.945888101097447,2.4095238095238094,Chain-GBR-PI,0.3
534,PLR-REAL-Political,0.5193650793650794,1.947989257399918,2.3714285714285714,Chain-GBR-PI,0.3
535,PLR-REAL-Political,0.49396825396825395,1.9469700033532904,2.3523809523809525,Chain-GBR-PI,0.3
536,PLR-REAL-Political,0.4653968253968254,1.9464678499792865,2.361904761904762,Chain-GBR-PI,0.3
537,PLR-REAL-Political,0.5365079365079365,1.9453939480270563,2.361904761904762,Chain-GBR-PI,0.3
538,PLR-REAL-Political,0.46095238095238095,1.9457722484843127,2.419047619047619,Chain-GBR-PI,0.3
539,PLR-REAL-Political,0.47428571428571425,1.9498700200184491,2.4,Chain-GBR-PI,0.3
540,PLR-REAL-Political,0.5314465408805031,1.9464155247484134,2.4339622641509435,Chain-GBR-PI,0.3
541,PLR-REAL-Political,0.48742138364779863,1.940162966356082,2.30188679245283,Chain-GBR-PI,0.3
542,PLR-REAL-Political,0.49245283018867936,1.944440866924399,2.490566037735849,Chain-GBR-PI,0.3
543,PLR-REAL-Political,0.4660317460317461,1.9485169970984875,2.2857142857142856,Chain-GBR-PI,0.3
544,PLR-REAL-Political,0.521904761904762,1.9454254483307525,2.380952380952381,Chain-GBR-PI,0.3
545,PLR-REAL-Political,0.5238095238095238,1.959007866235214,2.447619047619048,Chain-GBR-PI,0.3
546,PLR-REAL-Political,0.5066666666666667,1.956063839707815,2.447619047619048,Chain-GBR-PI,0.3
547,PLR-REAL-Political,0.46793650793650793,1.9546966964122416,2.323809523809524,Chain-GBR-PI,0.3
548,PLR-REAL-Political,0.48380952380952386,1.9517696318952789,2.3333333333333335,Chain-GBR-PI,0.3
549,PLR-REAL-Political,0.521904761904762,1.9506816113984702,2.361904761904762,Chain-GBR-PI,0.3
550,PLR-REAL-Political,0.5440251572327044,1.9460297127830357,3.518867924528302,Chain-GBR-RR,0.3
551,PLR-REAL-Political,0.5603773584905661,1.9390815911146426,3.452830188679245,Chain-GBR-RR,0.3
552,PLR-REAL-Political,0.5446540880503145,1.9437906530863496,3.509433962264151,Chain-GBR-RR,0.3
553,PLR-REAL-Political,0.5733333333333335,1.9527275004458335,3.552380952380952,Chain-GBR-RR,0.3
554,PLR-REAL-Political,0.5612698412698413,1.9506662564348671,3.6,Chain-GBR-RR,0.3
555,PLR-REAL-Political,0.5631746031746032,1.9437241550661415,3.5619047619047617,Chain-GBR-RR,0.3
556,PLR-REAL-Political,0.5422222222222223,1.936241347050215,3.4380952380952383,Chain-GBR-RR,0.3
557,PLR-REAL-Political,0.4825396825396826,1.938668833494971,3.4952380952380953,Chain-GBR-RR,0.3
558,PLR-REAL-Political,0.5580952380952381,1.9426550936845046,3.4952380952380953,Chain-GBR-RR,0.3
559,PLR-REAL-Political,0.5733333333333333,1.9439590417427568,3.4952380952380953,Chain-GBR-RR,0.3
560,PLR-REAL-Political,0.5213836477987421,1.939774916581811,3.5943396226415096,Chain-GBR-RR,0.3
561,PLR-REAL-Political,0.5364779874213836,1.9354569620716853,3.3962264150943398,Chain-GBR-RR,0.3
562,PLR-REAL-Political,0.5540880503144655,1.9290211497040264,3.4716981132075473,Chain-GBR-RR,0.3
563,PLR-REAL-Political,0.5390476190476191,1.9364574185797014,3.6285714285714286,Chain-GBR-RR,0.3
564,PLR-REAL-Political,0.5365079365079365,1.9408567355801334,3.552380952380952,Chain-GBR-RR,0.3
565,PLR-REAL-Political,0.5358730158730158,1.9397344248527082,3.5238095238095237,Chain-GBR-RR,0.3
566,PLR-REAL-Political,0.5904761904761905,1.9343772336268037,3.580952380952381,Chain-GBR-RR,0.3
567,PLR-REAL-Political,0.5638095238095239,1.942980251564733,3.5238095238095237,Chain-GBR-RR,0.3
568,PLR-REAL-Political,0.5695238095238095,1.9422370663785165,3.5047619047619047,Chain-GBR-RR,0.3
569,PLR-REAL-Political,0.5606349206349206,1.93265393850411,3.552380952380952,Chain-GBR-RR,0.3
570,PLR-REAL-Political,0.5427672955974843,1.9289927915863077,3.481132075471698,Chain-GBR-RR,0.3
571,PLR-REAL-Political,0.5327044025157233,1.931161481851353,3.443396226415094,Chain-GBR-RR,0.3
572,PLR-REAL-Political,0.5490566037735849,1.9317348324693226,3.4339622641509435,Chain-GBR-RR,0.3
573,PLR-REAL-Political,0.5136507936507936,1.9336292762545177,3.5428571428571427,Chain-GBR-RR,0.3
574,PLR-REAL-Political,0.5593650793650794,1.9389329787189835,3.7142857142857144,Chain-GBR-RR,0.3
575,PLR-REAL-Political,0.5561904761904761,1.9539059811004547,3.5619047619047617,Chain-GBR-RR,0.3
576,PLR-REAL-Political,0.5599999999999999,1.9376758629736264,3.5904761904761906,Chain-GBR-RR,0.3
577,PLR-REAL-Political,0.5231746031746032,1.932757212366266,3.5047619047619047,Chain-GBR-RR,0.3
578,PLR-REAL-Political,0.5485714285714286,1.9326182983176223,3.4380952380952383,Chain-GBR-RR,0.3
579,PLR-REAL-Political,0.5752380952380952,1.9345097084303695,3.619047619047619,Chain-GBR-RR,0.3
580,PLR-REAL-Political,0.5553459119496855,1.927009895410558,3.30188679245283,Chain-GBR-RR,0.3
581,PLR-REAL-Political,0.5452830188679245,1.929583939354146,3.358490566037736,Chain-GBR-RR,0.3
582,PLR-REAL-Political,0.5383647798742138,1.9312166092978431,3.5,Chain-GBR-RR,0.3
583,PLR-REAL-Political,0.5034920634920635,1.9345732668992976,3.5619047619047617,Chain-GBR-RR,0.3
584,PLR-REAL-Political,0.5346031746031746,1.93565473238862,3.447619047619048,Chain-GBR-RR,0.3
585,PLR-REAL-Political,0.5377777777777778,1.9360558315853171,3.361904761904762,Chain-GBR-RR,0.3
586,PLR-REAL-Political,0.5288888888888889,1.9315460651899796,3.761904761904762,Chain-GBR-RR,0.3
587,PLR-REAL-Political,0.5758730158730158,1.9346902806391388,3.3333333333333335,Chain-GBR-RR,0.3
588,PLR-REAL-Political,0.5358730158730158,1.948454747997426,3.4,Chain-GBR-RR,0.3
589,PLR-REAL-Political,0.587936507936508,1.9398375501702372,3.657142857142857,Chain-GBR-RR,0.3
590,PLR-REAL-Political,0.5823899371069182,1.9305663795932855,3.4716981132075473,Chain-GBR-RR,0.3
591,PLR-REAL-Political,0.5440251572327044,1.9331721840005611,3.358490566037736,Chain-GBR-RR,0.3
592,PLR-REAL-Political,0.5327044025157233,1.9334489183840078,3.452830188679245,Chain-GBR-RR,0.3
593,PLR-REAL-Political,0.5174603174603175,1.9342748754962216,3.466666666666667,Chain-GBR-RR,0.3
594,PLR-REAL-Political,0.5288888888888889,1.9288782141522798,3.4761904761904763,Chain-GBR-RR,0.3
595,PLR-REAL-Political,0.5434920634920635,1.9367211861916556,3.552380952380952,Chain-GBR-RR,0.3
596,PLR-REAL-Political,0.5866666666666667,1.9351677203853928,3.6095238095238096,Chain-GBR-RR,0.3
597,PLR-REAL-Political,0.526984126984127,1.9374011092096957,3.419047619047619,Chain-GBR-RR,0.3
598,PLR-REAL-Political,0.5314285714285714,1.9347646032494001,3.447619047619048,Chain-GBR-RR,0.3
599,PLR-REAL-Political,0.5987301587301588,1.9418577172319855,3.4952380952380953,Chain-GBR-RR,0.3
600,PLR-REAL-Political,0.7006289308176099,0.7375024020443306,3.669811320754717,ST-GBR-RR,0.3
601,PLR-REAL-Political,0.6792452830188679,0.7443988930624312,3.7264150943396226,ST-GBR-RR,0.3
602,PLR-REAL-Political,0.6742138364779873,0.6985423373286943,3.688679245283019,ST-GBR-RR,0.3
603,PLR-REAL-Political,0.6787301587301587,0.7356526551069633,3.8476190476190477,ST-GBR-RR,0.3
604,PLR-REAL-Political,0.6876190476190477,0.7488476373709619,3.942857142857143,ST-GBR-RR,0.3
605,PLR-REAL-Political,0.7073015873015873,0.7570287609960568,3.6952380952380954,ST-GBR-RR,0.3
606,PLR-REAL-Political,0.7085714285714286,0.7510801667895011,3.9238095238095236,ST-GBR-RR,0.3
607,PLR-REAL-Political,0.6406349206349207,0.7477537248298487,3.723809523809524,ST-GBR-RR,0.3
608,PLR-REAL-Political,0.690793650793651,0.7504704098041035,3.8285714285714287,ST-GBR-RR,0.3
609,PLR-REAL-Political,0.6996825396825397,0.7146172338866084,3.723809523809524,ST-GBR-RR,0.3
610,PLR-REAL-Political,0.6811320754716982,0.7582970829512418,3.80188679245283,ST-GBR-RR,0.3
611,PLR-REAL-Political,0.6767295597484276,0.7436943976101456,3.641509433962264,ST-GBR-RR,0.3
612,PLR-REAL-Political,0.7150943396226415,0.7476121421088425,3.9716981132075473,ST-GBR-RR,0.3
613,PLR-REAL-Political,0.6730158730158731,0.7420522084182384,3.8476190476190477,ST-GBR-RR,0.3
614,PLR-REAL-Political,0.6780952380952381,0.7423297003541685,3.742857142857143,ST-GBR-RR,0.3
615,PLR-REAL-Political,0.6768253968253969,0.7443280587064641,3.7142857142857144,ST-GBR-RR,0.3
616,PLR-REAL-Political,0.6793650793650795,0.7533919803289937,3.8285714285714287,ST-GBR-RR,0.3
617,PLR-REAL-Political,0.6977777777777777,0.7364027423609937,3.704761904761905,ST-GBR-RR,0.3
618,PLR-REAL-Political,0.6711111111111111,0.7493018016739852,3.9047619047619047,ST-GBR-RR,0.3
619,PLR-REAL-Political,0.6971428571428572,0.6877746018806079,3.7904761904761903,ST-GBR-RR,0.3
620,PLR-REAL-Political,0.6647798742138367,0.7524753291536521,3.7830188679245285,ST-GBR-RR,0.3
621,PLR-REAL-Political,0.6867924528301887,0.7450124991953607,3.7735849056603774,ST-GBR-RR,0.3
622,PLR-REAL-Political,0.7062893081761006,0.7360374100660608,3.7735849056603774,ST-GBR-RR,0.3
623,PLR-REAL-Political,0.6812698412698412,0.7401256798371342,3.657142857142857,ST-GBR-RR,0.3
624,PLR-REAL-Political,0.7244444444444444,0.7410143993270271,3.9238095238095236,ST-GBR-RR,0.3
625,PLR-REAL-Political,0.7009523809523809,0.7534360755968404,3.7714285714285714,ST-GBR-RR,0.3
626,PLR-REAL-Political,0.7130158730158731,0.7553815301160007,3.6476190476190475,ST-GBR-RR,0.3
627,PLR-REAL-Political,0.6838095238095238,0.7535306742484975,3.8666666666666667,ST-GBR-RR,0.3
628,PLR-REAL-Political,0.660952380952381,0.7483791719442098,3.876190476190476,ST-GBR-RR,0.3
629,PLR-REAL-Political,0.690793650793651,0.7459948330845588,3.8476190476190477,ST-GBR-RR,0.3
630,PLR-REAL-Political,0.6622641509433964,0.7433475526018914,3.7641509433962264,ST-GBR-RR,0.3
631,PLR-REAL-Political,0.6861635220125786,0.7359829488530032,3.792452830188679,ST-GBR-RR,0.3
632,PLR-REAL-Political,0.6735849056603774,0.7485929200979199,3.830188679245283,ST-GBR-RR,0.3
633,PLR-REAL-Political,0.6863492063492065,0.743172644814375,3.7523809523809524,ST-GBR-RR,0.3
634,PLR-REAL-Political,0.6730158730158731,0.6761570342430074,3.7904761904761903,ST-GBR-RR,0.3
635,PLR-REAL-Political,0.6590476190476191,0.7479356402606396,3.914285714285714,ST-GBR-RR,0.3
636,PLR-REAL-Political,0.6901587301587301,0.7507429180341931,3.8285714285714287,ST-GBR-RR,0.3
637,PLR-REAL-Political,0.6907936507936507,0.7557423376865605,3.8857142857142857,ST-GBR-RR,0.3
638,PLR-REAL-Political,0.6831746031746031,0.6850858931529792,3.8,ST-GBR-RR,0.3
639,PLR-REAL-Political,0.6946031746031747,0.691052965389649,3.8285714285714287,ST-GBR-RR,0.3
640,PLR-REAL-Political,0.7044025157232704,0.7450475125840385,3.943396226415094,ST-GBR-RR,0.3
641,PLR-REAL-Political,0.6735849056603774,0.7402096068112384,3.858490566037736,ST-GBR-RR,0.3
642,PLR-REAL-Political,0.6849056603773584,0.7519996223456313,3.8962264150943398,ST-GBR-RR,0.3
643,PLR-REAL-Political,0.711111111111111,0.7461663386848763,3.8285714285714287,ST-GBR-RR,0.3
644,PLR-REAL-Political,0.6590476190476191,0.7454715031411415,3.6952380952380954,ST-GBR-RR,0.3
645,PLR-REAL-Political,0.6723809523809523,0.7410647583217688,3.8380952380952382,ST-GBR-RR,0.3
646,PLR-REAL-Political,0.6946031746031748,0.7270652508640808,3.895238095238095,ST-GBR-RR,0.3
647,PLR-REAL-Political,0.6895238095238095,0.7160343909431859,3.8190476190476192,ST-GBR-RR,0.3
648,PLR-REAL-Political,0.6838095238095238,0.7444738954480011,3.6857142857142855,ST-GBR-RR,0.3
649,PLR-REAL-Political,0.6965079365079364,0.7325994635497157,3.761904761904762,ST-GBR-RR,0.3
650,PLR-REAL-Political,0.6169811320754718,0.6933467544830867,3.358490566037736,ST-GBR-PI,0.3
651,PLR-REAL-Political,0.5716981132075472,0.7412814377643341,3.4245283018867925,ST-GBR-PI,0.3
652,PLR-REAL-Political,0.5836477987421383,0.7383537627822219,3.358490566037736,ST-GBR-PI,0.3
653,PLR-REAL-Political,0.6457142857142857,0.7532044363912448,3.2666666666666666,ST-GBR-PI,0.3
654,PLR-REAL-Political,0.6323809523809525,0.7390113936626377,3.4,ST-GBR-PI,0.3
655,PLR-REAL-Political,0.6196825396825396,0.743530488252961,3.380952380952381,ST-GBR-PI,0.3
656,PLR-REAL-Political,0.6507936507936509,0.7362053029036443,3.4,ST-GBR-PI,0.3
657,PLR-REAL-Political,0.6012698412698413,0.74292367102316,3.419047619047619,ST-GBR-PI,0.3
658,PLR-REAL-Political,0.6412698412698412,0.7354698674908884,3.3904761904761904,ST-GBR-PI,0.3
659,PLR-REAL-Political,0.6228571428571428,0.7121179642554268,3.4571428571428573,ST-GBR-PI,0.3
660,PLR-REAL-Political,0.6069182389937107,0.7507144970033262,3.2358490566037736,ST-GBR-PI,0.3
661,PLR-REAL-Political,0.5911949685534591,0.7263078341803358,3.3679245283018866,ST-GBR-PI,0.3
662,PLR-REAL-Political,0.6584905660377358,0.7158255213415263,3.292452830188679,ST-GBR-PI,0.3
663,PLR-REAL-Political,0.598095238095238,0.7407119433279611,3.257142857142857,ST-GBR-PI,0.3
664,PLR-REAL-Political,0.6438095238095236,0.7416546999643332,3.4095238095238094,ST-GBR-PI,0.3
665,PLR-REAL-Political,0.6158730158730159,0.7478333978938856,3.295238095238095,ST-GBR-PI,0.3
666,PLR-REAL-Political,0.634920634920635,0.7509222942305678,3.3904761904761904,ST-GBR-PI,0.3
667,PLR-REAL-Political,0.6088888888888889,0.7451162962811316,3.380952380952381,ST-GBR-PI,0.3
668,PLR-REAL-Political,0.6234920634920635,0.7477235966637251,3.361904761904762,ST-GBR-PI,0.3
669,PLR-REAL-Political,0.6190476190476191,0.7326948225535329,3.4952380952380953,ST-GBR-PI,0.3
670,PLR-REAL-Political,0.6144654088050314,0.6952113009426985,3.3679245283018866,ST-GBR-PI,0.3
671,PLR-REAL-Political,0.6037735849056604,0.7282755694097339,3.349056603773585,ST-GBR-PI,0.3
672,PLR-REAL-Political,0.6207547169811322,0.7292886369674234,3.2641509433962264,ST-GBR-PI,0.3
673,PLR-REAL-Political,0.6158730158730159,0.7344825988318342,3.323809523809524,ST-GBR-PI,0.3
674,PLR-REAL-Political,0.6342857142857142,0.7363606541487677,3.361904761904762,ST-GBR-PI,0.3
675,PLR-REAL-Political,0.6203174603174603,0.7082795387515398,3.3904761904761904,ST-GBR-PI,0.3
676,PLR-REAL-Political,0.6546031746031746,0.7321543047836433,3.323809523809524,ST-GBR-PI,0.3
677,PLR-REAL-Political,0.5993650793650793,0.7391716816840603,3.4095238095238094,ST-GBR-PI,0.3
678,PLR-REAL-Political,0.6444444444444445,0.7480719738147251,3.238095238095238,ST-GBR-PI,0.3
679,PLR-REAL-Political,0.6253968253968254,0.7506103842873783,3.5047619047619047,ST-GBR-PI,0.3
680,PLR-REAL-Political,0.6094339622641509,0.6929452900412421,3.2358490566037736,ST-GBR-PI,0.3
681,PLR-REAL-Political,0.610691823899371,0.7398025676050716,3.2169811320754715,ST-GBR-PI,0.3
682,PLR-REAL-Political,0.6251572327044024,0.7369601922771543,3.4622641509433962,ST-GBR-PI,0.3
683,PLR-REAL-Political,0.6120634920634919,0.7386279719808815,3.3904761904761904,ST-GBR-PI,0.3
684,PLR-REAL-Political,0.6082539682539683,0.7515441789988228,3.466666666666667,ST-GBR-PI,0.3
685,PLR-REAL-Political,0.6044444444444443,0.6780588470235079,3.3047619047619046,ST-GBR-PI,0.3
686,PLR-REAL-Political,0.6273015873015874,0.7319317037753312,3.3714285714285714,ST-GBR-PI,0.3
687,PLR-REAL-Political,0.6507936507936507,0.7452851608598349,3.4952380952380953,ST-GBR-PI,0.3
688,PLR-REAL-Political,0.6038095238095238,0.7370963539249938,3.380952380952381,ST-GBR-PI,0.3
689,PLR-REAL-Political,0.6444444444444445,0.7313358353237498,3.342857142857143,ST-GBR-PI,0.3
690,PLR-REAL-Political,0.6339622641509435,0.7372414604449397,3.3773584905660377,ST-GBR-PI,0.3
691,PLR-REAL-Political,0.6075471698113208,0.7415515942742809,3.5377358490566038,ST-GBR-PI,0.3
692,PLR-REAL-Political,0.6138364779874214,0.7515619927701879,3.452830188679245,ST-GBR-PI,0.3
693,PLR-REAL-Political,0.6438095238095237,0.7437861903914462,3.295238095238095,ST-GBR-PI,0.3
694,PLR-REAL-Political,0.5904761904761905,0.7901978809425004,3.4380952380952383,ST-GBR-PI,0.3
695,PLR-REAL-Political,0.6444444444444445,0.7487142992991543,3.3333333333333335,ST-GBR-PI,0.3
696,PLR-REAL-Political,0.6476190476190476,0.736009266249507,3.295238095238095,ST-GBR-PI,0.3
697,PLR-REAL-Political,0.6025396825396825,0.7381700203788567,3.3142857142857145,ST-GBR-PI,0.3
698,PLR-REAL-Political,0.5676190476190476,0.751447246308599,3.5142857142857142,ST-GBR-PI,0.3
699,PLR-REAL-Political,0.6374603174603175,0.7380073576778363,3.2476190476190476,ST-GBR-PI,0.3
700,PLR-REAL-Political,0.7270440251572327,1.5193047627065999,3.2358490566037736,RPC-GB,0.3
701,PLR-REAL-Political,0.7320754716981132,1.50080853708333,3.0849056603773586,RPC-GB,0.3
702,PLR-REAL-Political,0.6943396226415094,1.50297857269953,3.2830188679245285,RPC-GB,0.3
703,PLR-REAL-Political,0.7377777777777776,1.546449465076388,3.3333333333333335,RPC-GB,0.3
704,PLR-REAL-Political,0.7034920634920636,1.5986246110327667,3.447619047619048,RPC-GB,0.3
705,PLR-REAL-Political,0.7320634920634921,1.5158254708243313,3.3142857142857145,RPC-GB,0.3
706,PLR-REAL-Political,0.7295238095238095,1.5338686765953158,3.5238095238095237,RPC-GB,0.3
707,PLR-REAL-Political,0.6755555555555556,1.497687731818759,3.1809523809523808,RPC-GB,0.3
708,PLR-REAL-Political,0.7225396825396826,1.498662531381061,3.1523809523809523,RPC-GB,0.3
709,PLR-REAL-Political,0.7314285714285714,1.5006645744502063,3.2476190476190476,RPC-GB,0.3
710,PLR-REAL-Political,0.6924528301886792,1.4886875360489846,3.3679245283018866,RPC-GB,0.3
711,PLR-REAL-Political,0.6918238993710691,1.4736778097648624,3.349056603773585,RPC-GB,0.3
712,PLR-REAL-Political,0.7113207547169811,1.4908681953711285,3.443396226415094,RPC-GB,0.3
713,PLR-REAL-Political,0.6857142857142857,1.5000446523335267,3.3523809523809525,RPC-GB,0.3
714,PLR-REAL-Political,0.7053968253968255,1.498684486469978,3.342857142857143,RPC-GB,0.3
715,PLR-REAL-Political,0.7187301587301588,1.5213677369407717,3.2,RPC-GB,0.3
716,PLR-REAL-Political,0.7384126984126984,1.517649439744867,3.295238095238095,RPC-GB,0.3
717,PLR-REAL-Political,0.7180952380952381,1.488871265434973,3.2095238095238097,RPC-GB,0.3
718,PLR-REAL-Political,0.7422222222222222,1.48205582721063,3.342857142857143,RPC-GB,0.3
719,PLR-REAL-Political,0.7580952380952382,1.4873018731836092,3.295238095238095,RPC-GB,0.3
720,PLR-REAL-Political,0.6987421383647798,1.495554563026202,3.207547169811321,RPC-GB,0.3
721,PLR-REAL-Political,0.7037735849056604,1.4968077024097484,3.292452830188679,RPC-GB,0.3
722,PLR-REAL-Political,0.7238993710691822,1.4835455901452632,3.292452830188679,RPC-GB,0.3
723,PLR-REAL-Political,0.7333333333333333,1.485862493969173,3.1809523809523808,RPC-GB,0.3
724,PLR-REAL-Political,0.7295238095238095,1.4875148399219722,3.3523809523809525,RPC-GB,0.3
725,PLR-REAL-Political,0.7168253968253969,1.480912764480694,3.238095238095238,RPC-GB,0.3
726,PLR-REAL-Political,0.7358730158730159,1.507322394850628,3.1809523809523808,RPC-GB,0.3
727,PLR-REAL-Political,0.7053968253968255,1.4829723537368449,3.3333333333333335,RPC-GB,0.3
728,PLR-REAL-Political,0.7180952380952381,1.4830353205451778,3.4095238095238094,RPC-GB,0.3
729,PLR-REAL-Political,0.7384126984126984,1.4837154727069353,3.361904761904762,RPC-GB,0.3
730,PLR-REAL-Political,0.7075471698113206,1.496898065657899,3.2547169811320753,RPC-GB,0.3
731,PLR-REAL-Political,0.7081761006289308,1.484650946522492,3.3207547169811322,RPC-GB,0.3
732,PLR-REAL-Political,0.7182389937106919,1.518645613694961,3.2264150943396226,RPC-GB,0.3
733,PLR-REAL-Political,0.7168253968253968,1.5273502293045937,3.2666666666666666,RPC-GB,0.3
734,PLR-REAL-Political,0.7212698412698413,1.493449638584498,3.1714285714285713,RPC-GB,0.3
735,PLR-REAL-Political,0.6799999999999999,1.5056441219669026,3.342857142857143,RPC-GB,0.3
736,PLR-REAL-Political,0.7053968253968254,1.47883209933246,3.4,RPC-GB,0.3
737,PLR-REAL-Political,0.7657142857142857,1.4805405874039486,3.3142857142857145,RPC-GB,0.3
738,PLR-REAL-Political,0.716190476190476,1.513274727873085,3.2285714285714286,RPC-GB,0.3
739,PLR-REAL-Political,0.7257142857142858,1.5626049222400855,3.295238095238095,RPC-GB,0.3
740,PLR-REAL-Political,0.7327044025157232,1.4980269410186933,3.311320754716981,RPC-GB,0.3
741,PLR-REAL-Political,0.7069182389937109,1.5276264291475723,3.30188679245283,RPC-GB,0.3
742,PLR-REAL-Political,0.7144654088050315,1.4767277311704492,3.4245283018867925,RPC-GB,0.3
743,PLR-REAL-Political,0.732063492063492,1.4806142472047574,3.1809523809523808,RPC-GB,0.3
744,PLR-REAL-Political,0.6933333333333334,1.494734089733794,3.1904761904761907,RPC-GB,0.3
745,PLR-REAL-Political,0.6831746031746032,1.4870110396326774,3.419047619047619,RPC-GB,0.3
746,PLR-REAL-Political,0.7168253968253968,1.502173556215577,3.342857142857143,RPC-GB,0.3
747,PLR-REAL-Political,0.7161904761904763,1.4807892328018903,3.3714285714285714,RPC-GB,0.3
748,PLR-REAL-Political,0.7047619047619049,1.4885677340930659,3.142857142857143,RPC-GB,0.3
749,PLR-REAL-Political,0.7098412698412698,1.5270855558787026,3.4285714285714284,RPC-GB,0.3
750,PLR-REAL-Political,0.4679245283018868,1.958157100197612,2.188679245283019,Chain-GBR-PI,0.4
751,PLR-REAL-Political,0.4773584905660378,1.9488013354425648,2.207547169811321,Chain-GBR-PI,0.4
752,PLR-REAL-Political,0.4704402515723271,1.9399752800105063,2.2264150943396226,Chain-GBR-PI,0.4
753,PLR-REAL-Political,0.4450793650793651,1.9430262702754852,1.9523809523809523,Chain-GBR-PI,0.4
754,PLR-REAL-Political,0.452063492063492,1.9474593202389876,2.276190476190476,Chain-GBR-PI,0.4
755,PLR-REAL-Political,0.47238095238095246,1.9442085021857438,2.1904761904761907,Chain-GBR-PI,0.4
756,PLR-REAL-Political,0.4958730158730159,1.944063524696104,2.2666666666666666,Chain-GBR-PI,0.4
757,PLR-REAL-Political,0.43999999999999995,1.9455430524537987,2.1904761904761907,Chain-GBR-PI,0.4
758,PLR-REAL-Political,0.45333333333333337,1.940122559006075,2.038095238095238,Chain-GBR-PI,0.4
759,PLR-REAL-Political,0.460952380952381,1.9424374687407726,2.219047619047619,Chain-GBR-PI,0.4
760,PLR-REAL-Political,0.44150943396226416,1.9429016454665644,2.018867924528302,Chain-GBR-PI,0.4
761,PLR-REAL-Political,0.41823899371069184,1.944261129836744,2.1792452830188678,Chain-GBR-PI,0.4
762,PLR-REAL-Political,0.41257861635220133,1.9525703413736621,2.188679245283019,Chain-GBR-PI,0.4
763,PLR-REAL-Political,0.4228571428571428,1.9446381838307627,2.0285714285714285,Chain-GBR-PI,0.4
764,PLR-REAL-Political,0.4431746031746032,1.937664606420785,2.3523809523809525,Chain-GBR-PI,0.4
765,PLR-REAL-Political,0.4558730158730159,1.9400001912316232,2.1904761904761907,Chain-GBR-PI,0.4
766,PLR-REAL-Political,0.47619047619047616,1.9413857254608247,2.2285714285714286,Chain-GBR-PI,0.4
767,PLR-REAL-Political,0.4577777777777778,1.9452254350102094,2.2857142857142856,Chain-GBR-PI,0.4
768,PLR-REAL-Political,0.47301587301587306,1.9423634549186124,2.3333333333333335,Chain-GBR-PI,0.4
769,PLR-REAL-Political,0.4539682539682541,1.941962898987017,2.238095238095238,Chain-GBR-PI,0.4
770,PLR-REAL-Political,0.45094339622641516,1.9441032945717378,2.0377358490566038,Chain-GBR-PI,0.4
771,PLR-REAL-Political,0.45220125786163523,1.9470442177901268,2.1226415094339623,Chain-GBR-PI,0.4
772,PLR-REAL-Political,0.4484276729559749,1.9465863993155588,2.207547169811321,Chain-GBR-PI,0.4
773,PLR-REAL-Political,0.45968253968253975,1.945214519270773,2.2476190476190476,Chain-GBR-PI,0.4
774,PLR-REAL-Political,0.4488888888888889,1.95795645866449,2.2857142857142856,Chain-GBR-PI,0.4
775,PLR-REAL-Political,0.52,1.9484310729471002,2.295238095238095,Chain-GBR-PI,0.4
776,PLR-REAL-Political,0.43746031746031744,1.9402651408964895,2.066666666666667,Chain-GBR-PI,0.4
777,PLR-REAL-Political,0.4114285714285715,1.9421760121064129,2.0761904761904764,Chain-GBR-PI,0.4
778,PLR-REAL-Political,0.4387301587301588,1.9403956421351374,2.0476190476190474,Chain-GBR-PI,0.4
779,PLR-REAL-Political,0.4698412698412698,1.941836255452427,2.2,Chain-GBR-PI,0.4
780,PLR-REAL-Political,0.4503144654088051,1.9445404205091894,2.1037735849056602,Chain-GBR-PI,0.4
781,PLR-REAL-Political,0.4163522012578617,1.9404935176401967,2.19811320754717,Chain-GBR-PI,0.4
782,PLR-REAL-Political,0.45786163522012585,1.9460093419512587,2.1226415094339623,Chain-GBR-PI,0.4
783,PLR-REAL-Political,0.473015873015873,1.9456224258525943,2.104761904761905,Chain-GBR-PI,0.4
784,PLR-REAL-Political,0.4653968253968254,1.9423056000554682,2.2476190476190476,Chain-GBR-PI,0.4
785,PLR-REAL-Political,0.43682539682539684,1.941337704257947,2.2,Chain-GBR-PI,0.4
786,PLR-REAL-Political,0.40761904761904766,1.9534214686006146,2.0952380952380953,Chain-GBR-PI,0.4
787,PLR-REAL-Political,0.4412698412698413,1.9447167495638908,2.104761904761905,Chain-GBR-PI,0.4
788,PLR-REAL-Political,0.4749206349206349,1.9384976151665998,2.2285714285714286,Chain-GBR-PI,0.4
789,PLR-REAL-Political,0.4831746031746032,1.9482232081981465,2.2095238095238097,Chain-GBR-PI,0.4
790,PLR-REAL-Political,0.45157232704402517,1.9412094536568238,2.1037735849056602,Chain-GBR-PI,0.4
791,PLR-REAL-Political,0.4559748427672956,1.943736263221384,2.1037735849056602,Chain-GBR-PI,0.4
792,PLR-REAL-Political,0.45220125786163523,1.9487577381546337,2.2641509433962264,Chain-GBR-PI,0.4
793,PLR-REAL-Political,0.47936507936507944,1.943614364268987,2.2857142857142856,Chain-GBR-PI,0.4
794,PLR-REAL-Political,0.5206349206349206,1.9398157188312668,2.295238095238095,Chain-GBR-PI,0.4
795,PLR-REAL-Political,0.45333333333333337,1.9410876613337413,2.1714285714285713,Chain-GBR-PI,0.4
796,PLR-REAL-Political,0.48317460317460326,1.9434487747291394,2.295238095238095,Chain-GBR-PI,0.4
797,PLR-REAL-Political,0.44190476190476197,1.9433803616371783,2.1142857142857143,Chain-GBR-PI,0.4
798,PLR-REAL-Political,0.45396825396825397,1.9434437745872875,2.2857142857142856,Chain-GBR-PI,0.4
799,PLR-REAL-Political,0.4406349206349206,1.9431662422356644,2.1904761904761907,Chain-GBR-PI,0.4
800,PLR-REAL-Political,0.5088050314465409,1.9659413116828774,3.4056603773584904,Chain-GBR-RR,0.4
801,PLR-REAL-Political,0.49685534591194974,1.949815240740983,3.3207547169811322,Chain-GBR-RR,0.4
802,PLR-REAL-Political,0.5408805031446541,1.9322517907913732,3.443396226415094,Chain-GBR-RR,0.4
803,PLR-REAL-Political,0.5212698412698413,1.937019744340278,3.380952380952381,Chain-GBR-RR,0.4
804,PLR-REAL-Political,0.535873015873016,1.9446028568887717,3.361904761904762,Chain-GBR-RR,0.4
805,PLR-REAL-Political,0.4901587301587301,1.937826402180205,3.257142857142857,Chain-GBR-RR,0.4
806,PLR-REAL-Political,0.5187301587301587,1.9281172350146247,3.4,Chain-GBR-RR,0.4
807,PLR-REAL-Political,0.4806349206349206,1.929401596860411,3.533333333333333,Chain-GBR-RR,0.4
808,PLR-REAL-Political,0.5041269841269841,1.9285101002988934,3.2857142857142856,Chain-GBR-RR,0.4
809,PLR-REAL-Political,0.4882539682539682,1.9285895273468376,3.3047619047619046,Chain-GBR-RR,0.4
810,PLR-REAL-Political,0.45660377358490567,1.9322666738821914,3.2169811320754715,Chain-GBR-RR,0.4
811,PLR-REAL-Political,0.47672955974842773,1.9343352871287305,3.2358490566037736,Chain-GBR-RR,0.4
812,PLR-REAL-Political,0.5169811320754717,1.9467159692686544,3.4245283018867925,Chain-GBR-RR,0.4
813,PLR-REAL-Political,0.4755555555555555,1.9342748289728209,3.2666666666666666,Chain-GBR-RR,0.4
814,PLR-REAL-Political,0.49968253968253973,1.9254892884591026,3.6476190476190475,Chain-GBR-RR,0.4
815,PLR-REAL-Political,0.5085714285714287,1.9310026835732514,3.4761904761904763,Chain-GBR-RR,0.4
816,PLR-REAL-Political,0.5212698412698413,1.9333455917212121,3.4571428571428573,Chain-GBR-RR,0.4
817,PLR-REAL-Political,0.5307936507936508,1.9301303681434798,3.3142857142857145,Chain-GBR-RR,0.4
818,PLR-REAL-Political,0.5365079365079365,1.9480035626163268,3.419047619047619,Chain-GBR-RR,0.4
819,PLR-REAL-Political,0.49968253968253973,1.9288528051592204,3.4571428571428573,Chain-GBR-RR,0.4
820,PLR-REAL-Political,0.5226415094339623,1.9342244856793418,3.358490566037736,Chain-GBR-RR,0.4
821,PLR-REAL-Political,0.49559748427672956,1.9344289653618243,3.207547169811321,Chain-GBR-RR,0.4
822,PLR-REAL-Political,0.5584905660377358,1.9331378996226316,3.2452830188679247,Chain-GBR-RR,0.4
823,PLR-REAL-Political,0.4825396825396826,1.929688779297445,3.323809523809524,Chain-GBR-RR,0.4
824,PLR-REAL-Political,0.5263492063492063,1.9450197166184313,3.533333333333333,Chain-GBR-RR,0.4
825,PLR-REAL-Political,0.5365079365079365,1.9291110001690712,3.342857142857143,Chain-GBR-RR,0.4
826,PLR-REAL-Political,0.52,1.9245395454498235,3.2666666666666666,Chain-GBR-RR,0.4
827,PLR-REAL-Political,0.5111111111111111,1.9275570051122943,3.447619047619048,Chain-GBR-RR,0.4
828,PLR-REAL-Political,0.5104761904761905,1.9285566234875173,3.2285714285714286,Chain-GBR-RR,0.4
829,PLR-REAL-Political,0.5098412698412699,1.9276085619153014,3.380952380952381,Chain-GBR-RR,0.4
830,PLR-REAL-Political,0.5018867924528302,1.9299223533620444,3.339622641509434,Chain-GBR-RR,0.4
831,PLR-REAL-Political,0.4911949685534592,1.9297244743887185,3.3207547169811322,Chain-GBR-RR,0.4
832,PLR-REAL-Political,0.529559748427673,1.9305502645633108,3.3867924528301887,Chain-GBR-RR,0.4
833,PLR-REAL-Political,0.4863492063492065,1.9288247590190095,3.257142857142857,Chain-GBR-RR,0.4
834,PLR-REAL-Political,0.49523809523809526,1.9315365934858595,3.3714285714285714,Chain-GBR-RR,0.4
835,PLR-REAL-Political,0.4787301587301587,1.929382276536542,3.2476190476190476,Chain-GBR-RR,0.4
836,PLR-REAL-Political,0.5022222222222222,1.9317374655957749,3.3714285714285714,Chain-GBR-RR,0.4
837,PLR-REAL-Political,0.5073015873015873,1.9323360359897197,3.2857142857142856,Chain-GBR-RR,0.4
838,PLR-REAL-Political,0.525079365079365,1.9259622340522342,3.4,Chain-GBR-RR,0.4
839,PLR-REAL-Political,0.5104761904761904,1.9317224728282305,3.3333333333333335,Chain-GBR-RR,0.4
840,PLR-REAL-Political,0.5811320754716981,1.9297633230539981,3.3773584905660377,Chain-GBR-RR,0.4
841,PLR-REAL-Political,0.49748427672955975,1.9322027225489193,3.2735849056603774,Chain-GBR-RR,0.4
842,PLR-REAL-Political,0.5,1.9331501519493166,3.2830188679245285,Chain-GBR-RR,0.4
843,PLR-REAL-Political,0.5085714285714286,1.929488011357797,3.4285714285714284,Chain-GBR-RR,0.4
844,PLR-REAL-Political,0.5396825396825397,1.9279265120788045,3.342857142857143,Chain-GBR-RR,0.4
845,PLR-REAL-Political,0.47238095238095235,1.9288169078596775,3.4285714285714284,Chain-GBR-RR,0.4
846,PLR-REAL-Political,0.5079365079365079,1.9285448892858434,3.447619047619048,Chain-GBR-RR,0.4
847,PLR-REAL-Political,0.5352380952380952,1.9258881268068504,3.3047619047619046,Chain-GBR-RR,0.4
848,PLR-REAL-Political,0.4952380952380953,1.9311618966253339,3.3904761904761904,Chain-GBR-RR,0.4
849,PLR-REAL-Political,0.46666666666666673,1.9296981346941582,3.295238095238095,Chain-GBR-RR,0.4
850,PLR-REAL-Political,0.7044025157232704,0.7131907900355504,3.7264150943396226,ST-GBR-RR,0.4
851,PLR-REAL-Political,0.6761006289308177,0.6530013055314464,3.7169811320754715,ST-GBR-RR,0.4
852,PLR-REAL-Political,0.6672955974842766,0.7227869215709419,3.849056603773585,ST-GBR-RR,0.4
853,PLR-REAL-Political,0.6742857142857143,0.7197360390908824,3.9238095238095236,ST-GBR-RR,0.4
854,PLR-REAL-Political,0.685079365079365,0.6489944591195972,3.857142857142857,ST-GBR-RR,0.4
855,PLR-REAL-Political,0.6850793650793651,0.7156474893152547,3.8285714285714287,ST-GBR-RR,0.4
856,PLR-REAL-Political,0.7028571428571428,0.6719796165032522,3.9238095238095236,ST-GBR-RR,0.4
857,PLR-REAL-Political,0.6311111111111111,0.6560803220465923,3.8380952380952382,ST-GBR-RR,0.4
858,PLR-REAL-Political,0.6952380952380952,0.6970261451294797,3.780952380952381,ST-GBR-RR,0.4
859,PLR-REAL-Political,0.6914285714285714,0.6929201533985376,3.6666666666666665,ST-GBR-RR,0.4
860,PLR-REAL-Political,0.6924528301886793,0.7776610759207786,3.7547169811320753,ST-GBR-RR,0.4
861,PLR-REAL-Political,0.6905660377358488,0.7137383155178985,3.660377358490566,ST-GBR-RR,0.4
862,PLR-REAL-Political,0.6861635220125785,0.7145477828962854,3.943396226415094,ST-GBR-RR,0.4
863,PLR-REAL-Political,0.6761904761904762,0.7153660216897518,3.723809523809524,ST-GBR-RR,0.4
864,PLR-REAL-Political,0.6730158730158731,0.7102406479503337,3.761904761904762,ST-GBR-RR,0.4
865,PLR-REAL-Political,0.6844444444444445,0.7283879968802904,3.8190476190476192,ST-GBR-RR,0.4
866,PLR-REAL-Political,0.6673015873015872,0.7147613482620176,3.780952380952381,ST-GBR-RR,0.4
867,PLR-REAL-Political,0.7123809523809523,0.6976292131196093,3.7714285714285714,ST-GBR-RR,0.4
868,PLR-REAL-Political,0.6711111111111111,0.7149185142136784,3.8380952380952382,ST-GBR-RR,0.4
869,PLR-REAL-Political,0.6971428571428572,0.711258200665304,3.8190476190476192,ST-GBR-RR,0.4
870,PLR-REAL-Political,0.6761006289308176,0.7683452316391174,3.7735849056603774,ST-GBR-RR,0.4
871,PLR-REAL-Political,0.6773584905660378,0.756734623895851,3.6132075471698113,ST-GBR-RR,0.4
872,PLR-REAL-Political,0.7000000000000001,0.6633088285642437,3.8207547169811322,ST-GBR-RR,0.4
873,PLR-REAL-Political,0.6507936507936507,0.7096470608944354,3.742857142857143,ST-GBR-RR,0.4
874,PLR-REAL-Political,0.7263492063492063,0.7340142668804032,3.8857142857142857,ST-GBR-RR,0.4
875,PLR-REAL-Political,0.6977777777777777,0.7058208597020946,3.723809523809524,ST-GBR-RR,0.4
876,PLR-REAL-Political,0.7015873015873015,0.7126763935990653,3.676190476190476,ST-GBR-RR,0.4
877,PLR-REAL-Political,0.6704761904761906,0.7053656576270094,3.9047619047619047,ST-GBR-RR,0.4
878,PLR-REAL-Political,0.6673015873015873,0.7105198202823704,3.8857142857142857,ST-GBR-RR,0.4
879,PLR-REAL-Political,0.6933333333333334,0.7010543295611141,3.876190476190476,ST-GBR-RR,0.4
880,PLR-REAL-Political,0.6660377358490567,0.7198183680568812,3.7169811320754715,ST-GBR-RR,0.4
881,PLR-REAL-Political,0.659119496855346,0.7096202766337443,3.7830188679245285,ST-GBR-RR,0.4
882,PLR-REAL-Political,0.6968553459119496,0.7099523040385599,3.7830188679245285,ST-GBR-RR,0.4
883,PLR-REAL-Political,0.6838095238095238,0.7126805034602562,3.8190476190476192,ST-GBR-RR,0.4
884,PLR-REAL-Political,0.6787301587301587,0.7107711692147424,3.7714285714285714,ST-GBR-RR,0.4
885,PLR-REAL-Political,0.6742857142857143,0.7228395893979437,3.7714285714285714,ST-GBR-RR,0.4
886,PLR-REAL-Political,0.6704761904761904,0.6725091486393951,3.857142857142857,ST-GBR-RR,0.4
887,PLR-REAL-Political,0.6946031746031747,0.7036313758044955,3.876190476190476,ST-GBR-RR,0.4
888,PLR-REAL-Political,0.6793650793650793,0.713834369455613,3.8380952380952382,ST-GBR-RR,0.4
889,PLR-REAL-Political,0.706031746031746,0.7341760892448782,3.857142857142857,ST-GBR-RR,0.4
890,PLR-REAL-Political,0.7050314465408805,0.6603318771617941,3.8773584905660377,ST-GBR-RR,0.4
891,PLR-REAL-Political,0.6465408805031446,0.7185701510547491,3.943396226415094,ST-GBR-RR,0.4
892,PLR-REAL-Political,0.6553459119496855,0.71755873139335,3.7735849056603774,ST-GBR-RR,0.4
893,PLR-REAL-Political,0.6895238095238094,0.7180427006885999,3.7523809523809524,ST-GBR-RR,0.4
894,PLR-REAL-Political,0.662222222222222,0.7076124207394395,3.7904761904761903,ST-GBR-RR,0.4
895,PLR-REAL-Political,0.6584126984126984,0.7064629134054526,3.8285714285714287,ST-GBR-RR,0.4
896,PLR-REAL-Political,0.7034920634920636,0.7073033061985515,3.780952380952381,ST-GBR-RR,0.4
897,PLR-REAL-Political,0.6882539682539682,0.7061920709194338,3.761904761904762,ST-GBR-RR,0.4
898,PLR-REAL-Political,0.6946031746031747,0.6966870215297016,3.676190476190476,ST-GBR-RR,0.4
899,PLR-REAL-Political,0.7028571428571428,0.7082510967160701,3.780952380952381,ST-GBR-RR,0.4
900,PLR-REAL-Political,0.6119496855345913,0.7092258173452974,3.4056603773584904,ST-GBR-PI,0.4
901,PLR-REAL-Political,0.60062893081761,0.6790005736555209,3.311320754716981,ST-GBR-PI,0.4
902,PLR-REAL-Political,0.5874213836477987,0.7094833416045515,3.518867924528302,ST-GBR-PI,0.4
903,PLR-REAL-Political,0.6476190476190476,0.7069840287837692,3.276190476190476,ST-GBR-PI,0.4
904,PLR-REAL-Political,0.6685714285714285,0.7027664619409261,3.2285714285714286,ST-GBR-PI,0.4
905,PLR-REAL-Political,0.6057142857142858,0.7180357373087002,3.323809523809524,ST-GBR-PI,0.4
906,PLR-REAL-Political,0.6704761904761906,0.6682102378754927,3.4095238095238094,ST-GBR-PI,0.4
907,PLR-REAL-Political,0.6177777777777779,0.7030512833198753,3.361904761904762,ST-GBR-PI,0.4
908,PLR-REAL-Political,0.6336507936507937,0.6942190324290325,3.276190476190476,ST-GBR-PI,0.4
909,PLR-REAL-Political,0.6406349206349208,0.6938216074826263,3.295238095238095,ST-GBR-PI,0.4
910,PLR-REAL-Political,0.6339622641509433,0.701614652082619,3.19811320754717,ST-GBR-PI,0.4
911,PLR-REAL-Political,0.6056603773584905,0.6598780530968672,3.207547169811321,ST-GBR-PI,0.4
912,PLR-REAL-Political,0.6264150943396227,0.6952856261991667,3.2358490566037736,ST-GBR-PI,0.4
913,PLR-REAL-Political,0.5942857142857143,0.7150988861627618,3.3714285714285714,ST-GBR-PI,0.4
914,PLR-REAL-Political,0.6234920634920635,0.7204004761320995,3.419047619047619,ST-GBR-PI,0.4
915,PLR-REAL-Political,0.6088888888888889,0.706368838500189,3.3047619047619046,ST-GBR-PI,0.4
916,PLR-REAL-Political,0.6228571428571429,0.7176809458518226,3.5428571428571427,ST-GBR-PI,0.4
917,PLR-REAL-Political,0.6158730158730159,0.7020013098223916,3.2857142857142856,ST-GBR-PI,0.4
918,PLR-REAL-Political,0.633015873015873,0.7002522524056674,3.323809523809524,ST-GBR-PI,0.4
919,PLR-REAL-Political,0.6247619047619047,0.7033079929528828,3.5619047619047617,ST-GBR-PI,0.4
920,PLR-REAL-Political,0.5949685534591195,0.7112852929763335,3.4245283018867925,ST-GBR-PI,0.4
921,PLR-REAL-Political,0.6006289308176099,0.7175469817344136,3.2169811320754715,ST-GBR-PI,0.4
922,PLR-REAL-Political,0.6238993710691825,0.6918039295809764,3.2358490566037736,ST-GBR-PI,0.4
923,PLR-REAL-Political,0.6292063492063492,0.7162375346223097,3.2095238095238097,ST-GBR-PI,0.4
924,PLR-REAL-Political,0.6520634920634921,0.7068301790172961,3.466666666666667,ST-GBR-PI,0.4
925,PLR-REAL-Political,0.626031746031746,0.6978374230423482,3.4380952380952383,ST-GBR-PI,0.4
926,PLR-REAL-Political,0.6374603174603174,0.7128544626796758,3.2285714285714286,ST-GBR-PI,0.4
927,PLR-REAL-Political,0.591111111111111,0.6990359010815015,3.342857142857143,ST-GBR-PI,0.4
928,PLR-REAL-Political,0.64,0.7120420773930151,3.0761904761904764,ST-GBR-PI,0.4
929,PLR-REAL-Political,0.633015873015873,0.7064117482052368,3.4380952380952383,ST-GBR-PI,0.4
930,PLR-REAL-Political,0.5949685534591195,0.7092617887629961,3.349056603773585,ST-GBR-PI,0.4
931,PLR-REAL-Political,0.6018867924528302,0.6529068639584176,3.169811320754717,ST-GBR-PI,0.4
932,PLR-REAL-Political,0.6333333333333333,0.7041046079931517,3.4056603773584904,ST-GBR-PI,0.4
933,PLR-REAL-Political,0.6152380952380954,0.6887611197198407,3.323809523809524,ST-GBR-PI,0.4
934,PLR-REAL-Political,0.6228571428571429,0.7002356474722903,3.3904761904761904,ST-GBR-PI,0.4
935,PLR-REAL-Political,0.6025396825396825,0.707639394758007,3.323809523809524,ST-GBR-PI,0.4
936,PLR-REAL-Political,0.6139682539682539,0.6572546766479577,3.3904761904761904,ST-GBR-PI,0.4
937,PLR-REAL-Political,0.6399999999999999,0.7416863481551945,3.295238095238095,ST-GBR-PI,0.4
938,PLR-REAL-Political,0.6126984126984126,0.7200368441838603,3.3714285714285714,ST-GBR-PI,0.4
939,PLR-REAL-Political,0.6342857142857143,0.6798323697503392,3.4,ST-GBR-PI,0.4
940,PLR-REAL-Political,0.6295597484276729,0.7029988094099133,3.4716981132075473,ST-GBR-PI,0.4
941,PLR-REAL-Political,0.6188679245283021,0.7059653228167166,3.330188679245283,ST-GBR-PI,0.4
942,PLR-REAL-Political,0.5962264150943396,0.7114179966444378,3.311320754716981,ST-GBR-PI,0.4
943,PLR-REAL-Political,0.6457142857142858,0.7054837425524398,3.2476190476190476,ST-GBR-PI,0.4
944,PLR-REAL-Political,0.6215873015873016,0.7133457689288173,3.2857142857142856,ST-GBR-PI,0.4
945,PLR-REAL-Political,0.6577777777777778,0.7036425406072532,3.238095238095238,ST-GBR-PI,0.4
946,PLR-REAL-Political,0.6247619047619047,0.719429441285412,3.4380952380952383,ST-GBR-PI,0.4
947,PLR-REAL-Political,0.620952380952381,0.7087876663817734,3.219047619047619,ST-GBR-PI,0.4
948,PLR-REAL-Political,0.6095238095238096,0.668747465781174,3.3142857142857145,ST-GBR-PI,0.4
949,PLR-REAL-Political,0.641904761904762,0.7047530908001093,3.2666666666666666,ST-GBR-PI,0.4
950,PLR-REAL-Political,0.7150943396226415,1.3635569848615379,3.30188679245283,RPC-GB,0.4
951,PLR-REAL-Political,0.7402515723270441,1.3846951632032332,3.3773584905660377,RPC-GB,0.4
952,PLR-REAL-Political,0.7012578616352201,1.371910798864965,3.3962264150943398,RPC-GB,0.4
953,PLR-REAL-Political,0.7301587301587302,1.3836100852455757,3.380952380952381,RPC-GB,0.4
954,PLR-REAL-Political,0.7155555555555556,1.3709432872880318,3.4761904761904763,RPC-GB,0.4
955,PLR-REAL-Political,0.728888888888889,1.3713345547345692,3.380952380952381,RPC-GB,0.4
956,PLR-REAL-Political,0.7244444444444444,1.3618333014867439,3.466666666666667,RPC-GB,0.4
957,PLR-REAL-Political,0.6825396825396826,1.3659237969280569,3.2,RPC-GB,0.4
958,PLR-REAL-Political,0.7396825396825397,1.38591617062201,3.219047619047619,RPC-GB,0.4
959,PLR-REAL-Political,0.7453968253968253,1.3802270179251745,3.2285714285714286,RPC-GB,0.4
960,PLR-REAL-Political,0.7257861635220126,1.3735084237198618,3.330188679245283,RPC-GB,0.4
961,PLR-REAL-Political,0.6999999999999998,1.3653477289700064,3.2830188679245285,RPC-GB,0.4
962,PLR-REAL-Political,0.7088050314465408,1.3598160261447934,3.3867924528301887,RPC-GB,0.4
963,PLR-REAL-Political,0.6895238095238094,1.3550835468632083,3.3904761904761904,RPC-GB,0.4
964,PLR-REAL-Political,0.7155555555555554,1.4267595561285806,3.276190476190476,RPC-GB,0.4
965,PLR-REAL-Political,0.704126984126984,1.4506513306067652,3.257142857142857,RPC-GB,0.4
966,PLR-REAL-Political,0.7193650793650794,1.4171527938144397,3.323809523809524,RPC-GB,0.4
967,PLR-REAL-Political,0.6933333333333334,1.4047219336909325,3.1714285714285713,RPC-GB,0.4
968,PLR-REAL-Political,0.7282539682539683,1.3690757393214177,3.342857142857143,RPC-GB,0.4
969,PLR-REAL-Political,0.7257142857142858,1.407833391425137,3.380952380952381,RPC-GB,0.4
970,PLR-REAL-Political,0.6911949685534591,1.355744589513673,3.339622641509434,RPC-GB,0.4
971,PLR-REAL-Political,0.7075471698113206,1.4001242452117428,3.330188679245283,RPC-GB,0.4
972,PLR-REAL-Political,0.7333333333333334,1.4045085873814722,3.349056603773585,RPC-GB,0.4
973,PLR-REAL-Political,0.7149206349206348,1.4047465821301353,3.1714285714285713,RPC-GB,0.4
974,PLR-REAL-Political,0.7219047619047618,1.3817714677175954,3.3904761904761904,RPC-GB,0.4
975,PLR-REAL-Political,0.7003174603174603,1.405237183553044,3.3047619047619046,RPC-GB,0.4
976,PLR-REAL-Political,0.733968253968254,1.3608264896776476,3.276190476190476,RPC-GB,0.4
977,PLR-REAL-Political,0.7155555555555555,1.4316143726538155,3.4285714285714284,RPC-GB,0.4
978,PLR-REAL-Political,0.6958730158730159,1.408130685347471,3.2285714285714286,RPC-GB,0.4
979,PLR-REAL-Political,0.718095238095238,1.377462652490329,3.2666666666666666,RPC-GB,0.4
980,PLR-REAL-Political,0.688050314465409,1.3619354481709143,3.2641509433962264,RPC-GB,0.4
981,PLR-REAL-Political,0.6786163522012579,1.3591306386868307,3.0849056603773586,RPC-GB,0.4
982,PLR-REAL-Political,0.6987421383647798,1.3519549726342281,3.3207547169811322,RPC-GB,0.4
983,PLR-REAL-Political,0.7111111111111111,1.3553806727086537,3.323809523809524,RPC-GB,0.4
984,PLR-REAL-Political,0.7396825396825396,1.4074955129545936,3.1714285714285713,RPC-GB,0.4
985,PLR-REAL-Political,0.7053968253968254,1.386371982562731,3.1809523809523808,RPC-GB,0.4
986,PLR-REAL-Political,0.7015873015873016,1.3998747626191477,3.4285714285714284,RPC-GB,0.4
987,PLR-REAL-Political,0.7682539682539682,1.384805241534772,3.238095238095238,RPC-GB,0.4
988,PLR-REAL-Political,0.7326984126984126,1.3933306571093356,3.323809523809524,RPC-GB,0.4
989,PLR-REAL-Political,0.7276190476190477,1.3936189967337402,3.219047619047619,RPC-GB,0.4
990,PLR-REAL-Political,0.7377358490566038,1.3552827255030333,3.547169811320755,RPC-GB,0.4
991,PLR-REAL-Political,0.6993710691823899,1.376925334561206,3.2547169811320753,RPC-GB,0.4
992,PLR-REAL-Political,0.7044025157232704,1.4717677472870607,3.358490566037736,RPC-GB,0.4
993,PLR-REAL-Political,0.6920634920634922,1.3821965699621064,3.342857142857143,RPC-GB,0.4
994,PLR-REAL-Political,0.664126984126984,1.3756394825600513,3.295238095238095,RPC-GB,0.4
995,PLR-REAL-Political,0.6952380952380952,1.3853188152799416,3.466666666666667,RPC-GB,0.4
996,PLR-REAL-Political,0.7149206349206351,1.357602144224736,3.3904761904761904,RPC-GB,0.4
997,PLR-REAL-Political,0.7034920634920634,1.3893832728977629,3.219047619047619,RPC-GB,0.4
998,PLR-REAL-Political,0.7028571428571428,1.3603849826448633,3.104761904761905,RPC-GB,0.4
999,PLR-REAL-Political,0.7174603174603175,1.3542836652697887,3.066666666666667,RPC-GB,0.4
1000,PLR-REAL-Political,0.37924528301886795,1.938368745103757,2.047169811320755,Chain-GBR-PI,0.5
1001,PLR-REAL-Political,0.4742138364779875,1.9347778965477855,2.056603773584906,Chain-GBR-PI,0.5
1002,PLR-REAL-Political,0.3742138364779874,1.9414757572609114,1.971698113207547,Chain-GBR-PI,0.5
1003,PLR-REAL-Political,0.3892063492063493,1.93736154188989,2.2,Chain-GBR-PI,0.5
1004,PLR-REAL-Political,0.3904761904761905,1.9329999273163818,1.9619047619047618,Chain-GBR-PI,0.5
1005,PLR-REAL-Political,0.3441269841269841,1.9338528511899968,1.9238095238095239,Chain-GBR-PI,0.5
1006,PLR-REAL-Political,0.42095238095238097,1.9340698107845216,2.085714285714286,Chain-GBR-PI,0.5
1007,PLR-REAL-Political,0.42222222222222217,1.9317073388477084,2.066666666666667,Chain-GBR-PI,0.5
1008,PLR-REAL-Political,0.38158730158730164,1.9323596844238258,1.9619047619047618,Chain-GBR-PI,0.5
1009,PLR-REAL-Political,0.358095238095238,1.9329485006136267,2.0,Chain-GBR-PI,0.5
1010,PLR-REAL-Political,0.42327044025157234,1.940413239233088,2.1037735849056602,Chain-GBR-PI,0.5
1011,PLR-REAL-Political,0.4377358490566038,1.9373893573562881,2.0943396226415096,Chain-GBR-PI,0.5
1012,PLR-REAL-Political,0.4125786163522013,1.9389307478522493,1.9622641509433962,Chain-GBR-PI,0.5
1013,PLR-REAL-Political,0.3961904761904762,1.9394486786114538,1.9619047619047618,Chain-GBR-PI,0.5
1014,PLR-REAL-Political,0.38793650793650797,1.9439864071080952,2.038095238095238,Chain-GBR-PI,0.5
1015,PLR-REAL-Political,0.406984126984127,1.9467098790032833,1.9904761904761905,Chain-GBR-PI,0.5
1016,PLR-REAL-Political,0.43047619047619057,1.9473841724293346,2.0476190476190474,Chain-GBR-PI,0.5
1017,PLR-REAL-Political,0.3955555555555556,1.9516100835007617,1.838095238095238,Chain-GBR-PI,0.5
1018,PLR-REAL-Political,0.39873015873015866,1.9492935764020645,1.980952380952381,Chain-GBR-PI,0.5
1019,PLR-REAL-Political,0.4234920634920636,1.9482229718387647,2.104761904761905,Chain-GBR-PI,0.5
1020,PLR-REAL-Political,0.4119496855345912,1.9481612312674919,1.990566037735849,Chain-GBR-PI,0.5
1021,PLR-REAL-Political,0.3842767295597485,1.9448863496362798,2.009433962264151,Chain-GBR-PI,0.5
1022,PLR-REAL-Political,0.3993710691823899,1.943722410474341,2.018867924528302,Chain-GBR-PI,0.5
1023,PLR-REAL-Political,0.4736507936507937,1.9365497847980353,2.1714285714285713,Chain-GBR-PI,0.5
1024,PLR-REAL-Political,0.4171428571428571,1.940404712168184,2.0285714285714285,Chain-GBR-PI,0.5
1025,PLR-REAL-Political,0.40126984126984133,1.9358119539341347,1.9047619047619047,Chain-GBR-PI,0.5
1026,PLR-REAL-Political,0.4495238095238096,1.9351348477649328,2.0285714285714285,Chain-GBR-PI,0.5
1027,PLR-REAL-Political,0.36126984126984124,1.936810454330138,2.019047619047619,Chain-GBR-PI,0.5
1028,PLR-REAL-Political,0.45015873015873015,1.9365156570493245,2.142857142857143,Chain-GBR-PI,0.5
1029,PLR-REAL-Political,0.4000000000000001,1.9341464130210508,1.9523809523809523,Chain-GBR-PI,0.5
1030,PLR-REAL-Political,0.4238993710691824,1.9327349567413659,1.8867924528301887,Chain-GBR-PI,0.5
1031,PLR-REAL-Political,0.41132075471698115,1.933234605781086,1.9528301886792452,Chain-GBR-PI,0.5
1032,PLR-REAL-Political,0.3968553459119497,1.9392571789227528,2.056603773584906,Chain-GBR-PI,0.5
1033,PLR-REAL-Political,0.4355555555555556,1.9519125920495792,2.1333333333333333,Chain-GBR-PI,0.5
1034,PLR-REAL-Political,0.4063492063492064,1.95051246982813,1.8095238095238095,Chain-GBR-PI,0.5
1035,PLR-REAL-Political,0.4006349206349207,1.9616879994094136,2.0285714285714285,Chain-GBR-PI,0.5
1036,PLR-REAL-Political,0.39682539682539686,1.958861220192444,2.057142857142857,Chain-GBR-PI,0.5
1037,PLR-REAL-Political,0.3993650793650793,1.9511526190994422,2.104761904761905,Chain-GBR-PI,0.5
1038,PLR-REAL-Political,0.42222222222222233,1.935172536232296,1.9714285714285715,Chain-GBR-PI,0.5
1039,PLR-REAL-Political,0.3746031746031746,1.9355756841282865,2.0,Chain-GBR-PI,0.5
1040,PLR-REAL-Political,0.4144654088050314,1.9361929983836907,2.1320754716981134,Chain-GBR-PI,0.5
1041,PLR-REAL-Political,0.44276729559748423,1.942540239488061,2.0283018867924527,Chain-GBR-PI,0.5
1042,PLR-REAL-Political,0.36729559748427676,1.9431737796629582,1.9811320754716981,Chain-GBR-PI,0.5
1043,PLR-REAL-Political,0.39809523809523806,1.9519437763409584,1.9142857142857144,Chain-GBR-PI,0.5
1044,PLR-REAL-Political,0.4444444444444445,1.949237840294763,2.0476190476190474,Chain-GBR-PI,0.5
1045,PLR-REAL-Political,0.42793650793650795,1.9496463220411713,2.0285714285714285,Chain-GBR-PI,0.5
1046,PLR-REAL-Political,0.4323809523809524,1.9442080523971055,2.085714285714286,Chain-GBR-PI,0.5
1047,PLR-REAL-Political,0.3841269841269841,1.937375448651492,1.9714285714285715,Chain-GBR-PI,0.5
1048,PLR-REAL-Political,0.3523809523809524,1.9337008101032034,1.9619047619047618,Chain-GBR-PI,0.5
1049,PLR-REAL-Political,0.4012698412698413,1.9327278942042008,2.0761904761904764,Chain-GBR-PI,0.5
1050,PLR-REAL-Political,0.4245283018867925,1.9282434921492504,3.1226415094339623,Chain-GBR-RR,0.5
1051,PLR-REAL-Political,0.5018867924528302,1.9449309627860687,3.150943396226415,Chain-GBR-RR,0.5
1052,PLR-REAL-Political,0.4283018867924528,1.9223968809742376,3.188679245283019,Chain-GBR-RR,0.5
1053,PLR-REAL-Political,0.43682539682539684,1.924871753124106,3.238095238095238,Chain-GBR-RR,0.5
1054,PLR-REAL-Political,0.4653968253968254,1.919397520576902,3.057142857142857,Chain-GBR-RR,0.5
1055,PLR-REAL-Political,0.4228571428571428,1.9199458677205767,3.1809523809523808,Chain-GBR-RR,0.5
1056,PLR-REAL-Political,0.46730158730158733,1.9216622486768915,3.2,Chain-GBR-RR,0.5
1057,PLR-REAL-Political,0.433015873015873,1.922122320510863,3.295238095238095,Chain-GBR-RR,0.5
1058,PLR-REAL-Political,0.4203174603174603,1.9221224414763665,3.1904761904761907,Chain-GBR-RR,0.5
1059,PLR-REAL-Political,0.39746031746031746,1.9251667532967824,3.1333333333333333,Chain-GBR-RR,0.5
1060,PLR-REAL-Political,0.459748427672956,1.936149796369488,3.207547169811321,Chain-GBR-RR,0.5
1061,PLR-REAL-Political,0.4723270440251572,1.9292179674651018,3.0283018867924527,Chain-GBR-RR,0.5
1062,PLR-REAL-Political,0.4635220125786164,1.9322585722330377,3.1226415094339623,Chain-GBR-RR,0.5
1063,PLR-REAL-Political,0.49142857142857144,1.9277550630301192,3.1619047619047618,Chain-GBR-RR,0.5
1064,PLR-REAL-Political,0.42476190476190484,1.931960764353281,3.3523809523809525,Chain-GBR-RR,0.5
1065,PLR-REAL-Political,0.4552380952380952,1.9359899857598424,3.1619047619047618,Chain-GBR-RR,0.5
1066,PLR-REAL-Political,0.46158730158730155,1.936043504941096,3.2476190476190476,Chain-GBR-RR,0.5
1067,PLR-REAL-Political,0.4361904761904762,1.9378035372564006,3.038095238095238,Chain-GBR-RR,0.5
1068,PLR-REAL-Political,0.48888888888888893,1.9350179965599736,3.2095238095238097,Chain-GBR-RR,0.5
1069,PLR-REAL-Political,0.4685714285714285,1.93480921901031,3.3333333333333335,Chain-GBR-RR,0.5
1070,PLR-REAL-Political,0.4578616352201258,1.9340650736166012,3.1226415094339623,Chain-GBR-RR,0.5
1071,PLR-REAL-Political,0.4364779874213837,1.9260211029390637,3.1226415094339623,Chain-GBR-RR,0.5
1072,PLR-REAL-Political,0.46792452830188686,1.9242881509908092,3.1792452830188678,Chain-GBR-RR,0.5
1073,PLR-REAL-Political,0.4717460317460318,1.9197178748447297,3.3142857142857145,Chain-GBR-RR,0.5
1074,PLR-REAL-Political,0.4901587301587302,1.9202620258567227,3.342857142857143,Chain-GBR-RR,0.5
1075,PLR-REAL-Political,0.44571428571428573,1.9197085586055191,3.0476190476190474,Chain-GBR-RR,0.5
1076,PLR-REAL-Political,0.4933333333333333,1.9473816266960957,3.295238095238095,Chain-GBR-RR,0.5
1077,PLR-REAL-Political,0.41904761904761906,1.9208407305039266,3.2666666666666666,Chain-GBR-RR,0.5
1078,PLR-REAL-Political,0.4552380952380952,1.920231591755203,3.1523809523809523,Chain-GBR-RR,0.5
1079,PLR-REAL-Political,0.43619047619047624,1.920809257836048,3.3142857142857145,Chain-GBR-RR,0.5
1080,PLR-REAL-Political,0.4610062893081761,1.936941256469389,3.3207547169811322,Chain-GBR-RR,0.5
1081,PLR-REAL-Political,0.44339622641509435,1.92110313674571,3.1226415094339623,Chain-GBR-RR,0.5
1082,PLR-REAL-Political,0.47798742138364786,1.9244602521238459,3.150943396226415,Chain-GBR-RR,0.5
1083,PLR-REAL-Political,0.4603174603174603,1.926638481393421,3.295238095238095,Chain-GBR-RR,0.5
1084,PLR-REAL-Political,0.46349206349206346,1.928548724288336,3.057142857142857,Chain-GBR-RR,0.5
1085,PLR-REAL-Political,0.44952380952380955,1.9305110634193507,3.1714285714285713,Chain-GBR-RR,0.5
1086,PLR-REAL-Political,0.4647619047619048,1.9334958947441128,3.2666666666666666,Chain-GBR-RR,0.5
1087,PLR-REAL-Political,0.4768253968253969,1.9270260413311275,3.1904761904761907,Chain-GBR-RR,0.5
1088,PLR-REAL-Political,0.4685714285714286,1.9208158334284298,3.0,Chain-GBR-RR,0.5
1089,PLR-REAL-Political,0.466031746031746,1.916487746109833,3.219047619047619,Chain-GBR-RR,0.5
1090,PLR-REAL-Political,0.49182389937106924,1.917956941127235,3.207547169811321,Chain-GBR-RR,0.5
1091,PLR-REAL-Political,0.4811320754716981,1.9330054909281056,3.1226415094339623,Chain-GBR-RR,0.5
1092,PLR-REAL-Political,0.4264150943396226,1.9362431314359467,3.2169811320754715,Chain-GBR-RR,0.5
1093,PLR-REAL-Political,0.4431746031746032,1.935741603878967,3.1333333333333333,Chain-GBR-RR,0.5
1094,PLR-REAL-Political,0.45650793650793653,1.935579636963057,3.1904761904761907,Chain-GBR-RR,0.5
1095,PLR-REAL-Political,0.4984126984126984,1.9321573484070806,3.238095238095238,Chain-GBR-RR,0.5
1096,PLR-REAL-Political,0.4895238095238096,1.9261852208332304,3.2476190476190476,Chain-GBR-RR,0.5
1097,PLR-REAL-Political,0.4666666666666667,1.9205709489530112,3.361904761904762,Chain-GBR-RR,0.5
1098,PLR-REAL-Political,0.41206349206349213,1.9195356021675731,3.1619047619047618,Chain-GBR-RR,0.5
1099,PLR-REAL-Political,0.43619047619047624,1.9284078520890136,3.257142857142857,Chain-GBR-RR,0.5
1100,PLR-REAL-Political,0.6987421383647798,0.6360859100573706,3.6792452830188678,ST-GBR-RR,0.5
1101,PLR-REAL-Political,0.6654088050314466,0.6466709209780871,3.811320754716981,ST-GBR-RR,0.5
1102,PLR-REAL-Political,0.6534591194968553,0.6737768488012299,3.811320754716981,ST-GBR-RR,0.5
1103,PLR-REAL-Political,0.660952380952381,0.6727302111634116,3.9523809523809526,ST-GBR-RR,0.5
1104,PLR-REAL-Political,0.6780952380952381,0.6680873648242048,3.780952380952381,ST-GBR-RR,0.5
1105,PLR-REAL-Political,0.6787301587301587,0.6589777727296636,3.8285714285714287,ST-GBR-RR,0.5
1106,PLR-REAL-Political,0.6990476190476191,0.6814786636533335,3.857142857142857,ST-GBR-RR,0.5
1107,PLR-REAL-Political,0.6234920634920635,0.6710550596173254,3.6857142857142855,ST-GBR-RR,0.5
1108,PLR-REAL-Political,0.6882539682539682,0.6647329035341808,3.9714285714285715,ST-GBR-RR,0.5
1109,PLR-REAL-Political,0.6698412698412698,0.6891493430295422,3.6952380952380954,ST-GBR-RR,0.5
1110,PLR-REAL-Political,0.6635220125786163,0.6859000080085258,3.792452830188679,ST-GBR-RR,0.5
1111,PLR-REAL-Political,0.6836477987421382,0.6755108851918284,3.7735849056603774,ST-GBR-RR,0.5
1112,PLR-REAL-Political,0.6735849056603774,0.6857899736781504,3.8679245283018866,ST-GBR-RR,0.5
1113,PLR-REAL-Political,0.673015873015873,0.6849449028793626,3.8285714285714287,ST-GBR-RR,0.5
1114,PLR-REAL-Political,0.6799999999999999,0.6776314920218207,3.857142857142857,ST-GBR-RR,0.5
1115,PLR-REAL-Political,0.674920634920635,0.6635163162981419,3.8285714285714287,ST-GBR-RR,0.5
1116,PLR-REAL-Political,0.6768253968253968,0.6788298049100743,3.7714285714285714,ST-GBR-RR,0.5
1117,PLR-REAL-Political,0.6977777777777777,0.674667783437455,3.780952380952381,ST-GBR-RR,0.5
1118,PLR-REAL-Political,0.6615873015873016,0.6660967002111384,3.9047619047619047,ST-GBR-RR,0.5
1119,PLR-REAL-Political,0.6844444444444444,0.6731580520141134,3.7904761904761903,ST-GBR-RR,0.5
1120,PLR-REAL-Political,0.6540880503144655,0.6696186803218724,3.830188679245283,ST-GBR-RR,0.5
1121,PLR-REAL-Political,0.6786163522012579,0.6848328029924635,3.6792452830188678,ST-GBR-RR,0.5
1122,PLR-REAL-Political,0.6962264150943395,0.6659035298188621,3.7735849056603774,ST-GBR-RR,0.5
1123,PLR-REAL-Political,0.6628571428571429,0.6758128150471889,3.7523809523809524,ST-GBR-RR,0.5
1124,PLR-REAL-Political,0.700952380952381,0.6845087442553311,3.914285714285714,ST-GBR-RR,0.5
1125,PLR-REAL-Political,0.6831746031746032,0.6679661623342764,3.7523809523809524,ST-GBR-RR,0.5
1126,PLR-REAL-Political,0.6844444444444444,0.667700171502897,3.761904761904762,ST-GBR-RR,0.5
1127,PLR-REAL-Political,0.6812698412698412,0.6695796599300233,3.8380952380952382,ST-GBR-RR,0.5
1128,PLR-REAL-Political,0.6666666666666666,0.6256270870203315,3.914285714285714,ST-GBR-RR,0.5
1129,PLR-REAL-Political,0.6825396825396826,0.6721157839203169,3.980952380952381,ST-GBR-RR,0.5
1130,PLR-REAL-Political,0.6735849056603773,0.6691591357893111,3.7264150943396226,ST-GBR-RR,0.5
1131,PLR-REAL-Political,0.6729559748427671,0.6759256904256035,3.811320754716981,ST-GBR-RR,0.5
1132,PLR-REAL-Political,0.6685534591194967,0.6804068569760422,3.7264150943396226,ST-GBR-RR,0.5
1133,PLR-REAL-Political,0.6711111111111112,0.6708734881108337,3.8095238095238093,ST-GBR-RR,0.5
1134,PLR-REAL-Political,0.6793650793650795,0.6776020587101155,3.7523809523809524,ST-GBR-RR,0.5
1135,PLR-REAL-Political,0.6742857142857144,0.6816363143238077,3.638095238095238,ST-GBR-RR,0.5
1136,PLR-REAL-Political,0.6755555555555555,0.7379345987502676,3.857142857142857,ST-GBR-RR,0.5
1137,PLR-REAL-Political,0.7034920634920636,0.6675827634110645,3.742857142857143,ST-GBR-RR,0.5
1138,PLR-REAL-Political,0.6774603174603174,0.6764238124321091,3.8095238095238093,ST-GBR-RR,0.5
1139,PLR-REAL-Political,0.6977777777777777,0.7568309388457088,3.8285714285714287,ST-GBR-RR,0.5
1140,PLR-REAL-Political,0.6842767295597483,0.6720065729039315,3.9245283018867925,ST-GBR-RR,0.5
1141,PLR-REAL-Political,0.6761006289308176,0.6685778092602911,3.80188679245283,ST-GBR-RR,0.5
1142,PLR-REAL-Political,0.6773584905660377,0.6498396540603076,3.858490566037736,ST-GBR-RR,0.5
1143,PLR-REAL-Political,0.6787301587301587,0.6834202265189074,3.742857142857143,ST-GBR-RR,0.5
1144,PLR-REAL-Political,0.6704761904761904,0.6698520313978537,3.704761904761905,ST-GBR-RR,0.5
1145,PLR-REAL-Political,0.6526984126984126,0.6717361520539865,3.933333333333333,ST-GBR-RR,0.5
1146,PLR-REAL-Political,0.7053968253968254,0.6852169014115155,3.7714285714285714,ST-GBR-RR,0.5
1147,PLR-REAL-Political,0.673015873015873,0.6718663163355155,3.8476190476190477,ST-GBR-RR,0.5
1148,PLR-REAL-Political,0.6723809523809523,0.6419441284435642,3.7714285714285714,ST-GBR-RR,0.5
1149,PLR-REAL-Political,0.6812698412698412,0.6710103106456907,3.7904761904761903,ST-GBR-RR,0.5
1150,PLR-REAL-Political,0.5924528301886793,0.6404616264605304,3.2735849056603774,ST-GBR-PI,0.5
1151,PLR-REAL-Political,0.6050314465408806,0.6838682321846735,3.2830188679245285,ST-GBR-PI,0.5
1152,PLR-REAL-Political,0.5918238993710692,0.6779072775707926,3.2547169811320753,ST-GBR-PI,0.5
1153,PLR-REAL-Political,0.6406349206349208,0.6677778043688541,3.2,ST-GBR-PI,0.5
1154,PLR-REAL-Political,0.6203174603174604,0.6721330768388858,3.3333333333333335,ST-GBR-PI,0.5
1155,PLR-REAL-Political,0.6292063492063493,0.6633637765110642,3.3047619047619046,ST-GBR-PI,0.5
1156,PLR-REAL-Political,0.6438095238095237,0.6588656365246067,3.4380952380952383,ST-GBR-PI,0.5
1157,PLR-REAL-Political,0.587936507936508,0.6625804796554156,3.295238095238095,ST-GBR-PI,0.5
1158,PLR-REAL-Political,0.6431746031746032,0.6662628167467995,3.4095238095238094,ST-GBR-PI,0.5
1159,PLR-REAL-Political,0.5942857142857143,0.7122678379715578,3.342857142857143,ST-GBR-PI,0.5
1160,PLR-REAL-Political,0.6257861635220127,0.6642577120185839,3.2169811320754715,ST-GBR-PI,0.5
1161,PLR-REAL-Political,0.5918238993710692,0.6772420874637352,3.1226415094339623,ST-GBR-PI,0.5
1162,PLR-REAL-Political,0.6113207547169811,0.6799487495324428,3.2452830188679247,ST-GBR-PI,0.5
1163,PLR-REAL-Political,0.5974603174603175,0.6777835886137761,3.219047619047619,ST-GBR-PI,0.5
1164,PLR-REAL-Political,0.6590476190476191,0.6798753349115043,3.3333333333333335,ST-GBR-PI,0.5
1165,PLR-REAL-Political,0.6228571428571429,0.6778262380402013,3.1523809523809523,ST-GBR-PI,0.5
1166,PLR-REAL-Political,0.6273015873015874,0.6565000555779923,3.4095238095238094,ST-GBR-PI,0.5
1167,PLR-REAL-Political,0.6095238095238096,0.6204644993848177,3.4380952380952383,ST-GBR-PI,0.5
1168,PLR-REAL-Political,0.638095238095238,0.6742619980487874,3.380952380952381,ST-GBR-PI,0.5
1169,PLR-REAL-Political,0.6234920634920635,0.6621208960907834,3.4857142857142858,ST-GBR-PI,0.5
1170,PLR-REAL-Political,0.5981132075471698,0.668188149426588,3.2264150943396226,ST-GBR-PI,0.5
1171,PLR-REAL-Political,0.6433962264150942,0.6898767556773528,3.2641509433962264,ST-GBR-PI,0.5
1172,PLR-REAL-Political,0.6251572327044025,0.6816368989736733,3.188679245283019,ST-GBR-PI,0.5
1173,PLR-REAL-Political,0.6304761904761905,0.6666600670591074,3.219047619047619,ST-GBR-PI,0.5
1174,PLR-REAL-Political,0.6539682539682539,0.663923969308479,3.361904761904762,ST-GBR-PI,0.5
1175,PLR-REAL-Political,0.634920634920635,0.6791637968984586,3.3047619047619046,ST-GBR-PI,0.5
1176,PLR-REAL-Political,0.6552380952380952,0.67437146440789,3.295238095238095,ST-GBR-PI,0.5
1177,PLR-REAL-Political,0.6184126984126984,0.6690733793978589,3.2095238095238097,ST-GBR-PI,0.5
1178,PLR-REAL-Political,0.6304761904761905,0.6686098114512062,3.2666666666666666,ST-GBR-PI,0.5
1179,PLR-REAL-Political,0.6336507936507937,0.6681811513234059,3.3047619047619046,ST-GBR-PI,0.5
1180,PLR-REAL-Political,0.5886792452830188,0.6552887996842719,3.2452830188679247,ST-GBR-PI,0.5
1181,PLR-REAL-Political,0.6232704402515724,0.7312273340050532,3.2264150943396226,ST-GBR-PI,0.5
1182,PLR-REAL-Political,0.6056603773584904,0.6615027928953305,3.3867924528301887,ST-GBR-PI,0.5
1183,PLR-REAL-Political,0.6266666666666665,0.6730563111932018,3.257142857142857,ST-GBR-PI,0.5
1184,PLR-REAL-Political,0.6088888888888889,0.6271215153566516,3.447619047619048,ST-GBR-PI,0.5
1185,PLR-REAL-Political,0.6088888888888888,0.6670581241699489,3.257142857142857,ST-GBR-PI,0.5
1186,PLR-REAL-Political,0.6057142857142858,0.6783900448724162,3.3047619047619046,ST-GBR-PI,0.5
1187,PLR-REAL-Political,0.627936507936508,0.676885824934157,3.295238095238095,ST-GBR-PI,0.5
1188,PLR-REAL-Political,0.6088888888888888,0.6808830457388078,3.238095238095238,ST-GBR-PI,0.5
1189,PLR-REAL-Political,0.6444444444444445,0.6723275771630796,3.2857142857142856,ST-GBR-PI,0.5
1190,PLR-REAL-Political,0.6125786163522011,0.6754641641287397,3.4056603773584904,ST-GBR-PI,0.5
1191,PLR-REAL-Political,0.6308176100628932,0.6729928929783293,3.4056603773584904,ST-GBR-PI,0.5
1192,PLR-REAL-Political,0.5874213836477988,0.6651336332052731,3.330188679245283,ST-GBR-PI,0.5
1193,PLR-REAL-Political,0.5955555555555555,0.6755884301482052,3.2666666666666666,ST-GBR-PI,0.5
1194,PLR-REAL-Political,0.6412698412698413,0.6743841857548742,3.2476190476190476,ST-GBR-PI,0.5
1195,PLR-REAL-Political,0.6273015873015874,0.6629327567619908,3.2476190476190476,ST-GBR-PI,0.5
1196,PLR-REAL-Political,0.6285714285714286,0.6135149036282336,3.1714285714285713,ST-GBR-PI,0.5
1197,PLR-REAL-Political,0.620952380952381,0.6388805545463477,3.295238095238095,ST-GBR-PI,0.5
1198,PLR-REAL-Political,0.5987301587301588,0.6616289488917324,3.2857142857142856,ST-GBR-PI,0.5
1199,PLR-REAL-Political,0.6196825396825396,0.6707025518144831,3.2857142857142856,ST-GBR-PI,0.5
1200,PLR-REAL-Political,0.7176100628930818,1.26183079688992,3.141509433962264,RPC-GB,0.5
1201,PLR-REAL-Political,0.7119496855345913,1.2582067433483302,3.160377358490566,RPC-GB,0.5
1202,PLR-REAL-Political,0.6823899371069183,1.2396128044719512,3.5943396226415096,RPC-GB,0.5
1203,PLR-REAL-Political,0.7155555555555556,1.2499692684219874,3.3904761904761904,RPC-GB,0.5
1204,PLR-REAL-Political,0.6914285714285715,1.2596607987783301,3.552380952380952,RPC-GB,0.5
1205,PLR-REAL-Political,0.728888888888889,1.2325817940409018,3.2857142857142856,RPC-GB,0.5
1206,PLR-REAL-Political,0.704126984126984,1.2569250204315028,3.466666666666667,RPC-GB,0.5
1207,PLR-REAL-Political,0.6825396825396824,1.2321042662891,3.1523809523809523,RPC-GB,0.5
1208,PLR-REAL-Political,0.7225396825396825,1.2354377030035764,3.1714285714285713,RPC-GB,0.5
1209,PLR-REAL-Political,0.7180952380952381,1.3078289834876422,3.3142857142857145,RPC-GB,0.5
1210,PLR-REAL-Political,0.7012578616352201,1.2742038832330547,3.349056603773585,RPC-GB,0.5
1211,PLR-REAL-Political,0.6817610062893081,1.2894892151561053,3.160377358490566,RPC-GB,0.5
1212,PLR-REAL-Political,0.7025157232704403,1.2738329741457466,3.443396226415094,RPC-GB,0.5
1213,PLR-REAL-Political,0.6565079365079364,1.2987276307958193,3.2476190476190476,RPC-GB,0.5
1214,PLR-REAL-Political,0.6939682539682539,1.2390563599040045,3.323809523809524,RPC-GB,0.5
1215,PLR-REAL-Political,0.6952380952380952,1.2478535807541813,3.2095238095238097,RPC-GB,0.5
1216,PLR-REAL-Political,0.7238095238095238,1.239876675719745,3.219047619047619,RPC-GB,0.5
1217,PLR-REAL-Political,0.7073015873015873,1.276102442613371,3.380952380952381,RPC-GB,0.5
1218,PLR-REAL-Political,0.7314285714285714,1.2974889448613027,3.5238095238095237,RPC-GB,0.5
1219,PLR-REAL-Political,0.7403174603174602,1.3334721568248933,3.5238095238095237,RPC-GB,0.5
1220,PLR-REAL-Political,0.6742138364779875,1.2303433955671321,3.3207547169811322,RPC-GB,0.5
1221,PLR-REAL-Political,0.6924528301886793,1.2416487393635818,3.311320754716981,RPC-GB,0.5
1222,PLR-REAL-Political,0.7176100628930818,1.2761685057194,3.4622641509433962,RPC-GB,0.5
1223,PLR-REAL-Political,0.6920634920634922,1.2460124658354261,3.1809523809523808,RPC-GB,0.5
1224,PLR-REAL-Political,0.7231746031746032,1.2395545478192331,3.4857142857142858,RPC-GB,0.5
1225,PLR-REAL-Political,0.6926984126984128,1.2415423951673206,3.2095238095238097,RPC-GB,0.5
1226,PLR-REAL-Political,0.7174603174603175,1.2523834077519496,3.361904761904762,RPC-GB,0.5
1227,PLR-REAL-Political,0.6876190476190477,1.2844870194126774,3.1904761904761907,RPC-GB,0.5
1228,PLR-REAL-Political,0.713015873015873,1.2454214937103758,3.238095238095238,RPC-GB,0.5
1229,PLR-REAL-Political,0.7225396825396826,1.2363497822239038,3.4571428571428573,RPC-GB,0.5
1230,PLR-REAL-Political,0.6861635220125788,1.263078476965413,3.2264150943396226,RPC-GB,0.5
1231,PLR-REAL-Political,0.7163522012578617,1.2707535516507138,3.30188679245283,RPC-GB,0.5
1232,PLR-REAL-Political,0.670440251572327,1.248268642944081,3.2264150943396226,RPC-GB,0.5
1233,PLR-REAL-Political,0.6952380952380952,1.2780741430155365,3.419047619047619,RPC-GB,0.5
1234,PLR-REAL-Political,0.7015873015873016,1.228548380798087,3.257142857142857,RPC-GB,0.5
1235,PLR-REAL-Political,0.6603174603174604,1.2550557903732125,3.2857142857142856,RPC-GB,0.5
1236,PLR-REAL-Political,0.6825396825396824,1.236284863629779,3.4,RPC-GB,0.5
1237,PLR-REAL-Political,0.7117460317460318,1.2443492395568005,3.276190476190476,RPC-GB,0.5
1238,PLR-REAL-Political,0.706031746031746,1.2356420715594036,3.1714285714285713,RPC-GB,0.5
1239,PLR-REAL-Political,0.706031746031746,1.255327366872675,3.3333333333333335,RPC-GB,0.5
1240,PLR-REAL-Political,0.70062893081761,1.2329292457349115,3.292452830188679,RPC-GB,0.5
1241,PLR-REAL-Political,0.7169811320754716,1.2826676923648006,3.330188679245283,RPC-GB,0.5
1242,PLR-REAL-Political,0.6849056603773586,1.2655758586496668,3.3773584905660377,RPC-GB,0.5
1243,PLR-REAL-Political,0.7168253968253968,1.2649091093841849,3.4380952380952383,RPC-GB,0.5
1244,PLR-REAL-Political,0.7034920634920633,1.2686485013519302,3.1809523809523808,RPC-GB,0.5
1245,PLR-REAL-Political,0.6990476190476189,1.2364331979446663,3.4285714285714284,RPC-GB,0.5
1246,PLR-REAL-Political,0.7136507936507936,1.2423265951378262,3.2666666666666666,RPC-GB,0.5
1247,PLR-REAL-Political,0.6971428571428571,1.258808646288352,3.238095238095238,RPC-GB,0.5
1248,PLR-REAL-Political,0.6920634920634922,1.242630925497827,3.1333333333333333,RPC-GB,0.5
1249,PLR-REAL-Political,0.6939682539682539,1.253086637465805,3.2095238095238097,RPC-GB,0.5
1250,PLR-REAL-Political,0.39119496855345914,1.9198530149535347,1.830188679245283,Chain-GBR-PI,0.6
1251,PLR-REAL-Political,0.4238993710691824,1.9174226662327596,1.9339622641509433,Chain-GBR-PI,0.6
1252,PLR-REAL-Political,0.32452830188679244,1.919823590321867,1.820754716981132,Chain-GBR-PI,0.6
1253,PLR-REAL-Political,0.4266666666666667,1.9243782777804703,2.0952380952380953,Chain-GBR-PI,0.6
1254,PLR-REAL-Political,0.4196825396825397,1.9228851140825998,2.066666666666667,Chain-GBR-PI,0.6
1255,PLR-REAL-Political,0.38158730158730164,1.9136250944326887,2.0476190476190474,Chain-GBR-PI,0.6
1256,PLR-REAL-Political,0.42857142857142855,1.9082367009862835,2.1904761904761907,Chain-GBR-PI,0.6
1257,PLR-REAL-Political,0.3828571428571429,1.9069826008644357,2.0,Chain-GBR-PI,0.6
1258,PLR-REAL-Political,0.32253968253968257,1.9121276202052229,1.9333333333333333,Chain-GBR-PI,0.6
1259,PLR-REAL-Political,0.4406349206349207,1.9214817959092885,1.9619047619047618,Chain-GBR-PI,0.6
1260,PLR-REAL-Political,0.3666666666666666,1.912142269814255,2.0,Chain-GBR-PI,0.6
1261,PLR-REAL-Political,0.3880503144654088,1.9153634501137025,1.9811320754716981,Chain-GBR-PI,0.6
1262,PLR-REAL-Political,0.38742138364779877,1.9183337728343153,1.8396226415094339,Chain-GBR-PI,0.6
1263,PLR-REAL-Political,0.40317460317460324,1.921566159143955,2.057142857142857,Chain-GBR-PI,0.6
1264,PLR-REAL-Political,0.39238095238095233,1.9173359736933697,1.980952380952381,Chain-GBR-PI,0.6
1265,PLR-REAL-Political,0.44571428571428573,1.9191355913496042,1.980952380952381,Chain-GBR-PI,0.6
1266,PLR-REAL-Political,0.4063492063492064,1.9133013860881056,1.8952380952380952,Chain-GBR-PI,0.6
1267,PLR-REAL-Political,0.41206349206349213,1.9084018644016483,2.0476190476190474,Chain-GBR-PI,0.6
1268,PLR-REAL-Political,0.3619047619047619,1.9224134875078938,2.019047619047619,Chain-GBR-PI,0.6
1269,PLR-REAL-Political,0.38412698412698415,1.9279978335015244,2.0285714285714285,Chain-GBR-PI,0.6
1270,PLR-REAL-Political,0.39874213836477995,1.9301229473799024,1.990566037735849,Chain-GBR-PI,0.6
1271,PLR-REAL-Political,0.3880503144654089,1.927912557402233,2.018867924528302,Chain-GBR-PI,0.6
1272,PLR-REAL-Political,0.3459119496855346,1.9312882325103813,1.8773584905660377,Chain-GBR-PI,0.6
1273,PLR-REAL-Political,0.4793650793650794,1.9287874343646834,2.1333333333333333,Chain-GBR-PI,0.6
1274,PLR-REAL-Political,0.387936507936508,1.9184415034110884,2.057142857142857,Chain-GBR-PI,0.6
1275,PLR-REAL-Political,0.406984126984127,1.9181938207611107,2.1142857142857143,Chain-GBR-PI,0.6
1276,PLR-REAL-Political,0.4133333333333334,1.9141214872687247,2.066666666666667,Chain-GBR-PI,0.6
1277,PLR-REAL-Political,0.3606349206349207,1.9209316086226176,2.038095238095238,Chain-GBR-PI,0.6
1278,PLR-REAL-Political,0.4425396825396826,1.923623034288086,2.142857142857143,Chain-GBR-PI,0.6
1279,PLR-REAL-Political,0.3993650793650793,1.9319812408623895,1.9523809523809523,Chain-GBR-PI,0.6
1280,PLR-REAL-Political,0.39433962264150946,1.928441131860244,1.971698113207547,Chain-GBR-PI,0.6
1281,PLR-REAL-Political,0.3635220125786163,1.9248532557063347,1.830188679245283,Chain-GBR-PI,0.6
1282,PLR-REAL-Political,0.33962264150943405,1.9293753585009072,1.8773584905660377,Chain-GBR-PI,0.6
1283,PLR-REAL-Political,0.3955555555555556,1.9107775545595305,2.0095238095238095,Chain-GBR-PI,0.6
1284,PLR-REAL-Political,0.4177777777777778,1.9126367825633366,2.1619047619047618,Chain-GBR-PI,0.6
1285,PLR-REAL-Political,0.4215873015873016,1.912833587909434,1.9333333333333333,Chain-GBR-PI,0.6
1286,PLR-REAL-Political,0.3663492063492064,1.915803954738421,1.9714285714285715,Chain-GBR-PI,0.6
1287,PLR-REAL-Political,0.4368253968253969,1.9154622525639364,2.057142857142857,Chain-GBR-PI,0.6
1288,PLR-REAL-Political,0.366984126984127,1.9133148998488618,1.9047619047619047,Chain-GBR-PI,0.6
1289,PLR-REAL-Political,0.40571428571428575,1.9099746909257336,1.9714285714285715,Chain-GBR-PI,0.6
1290,PLR-REAL-Political,0.38490566037735846,1.9117175751121953,2.0283018867924527,Chain-GBR-PI,0.6
1291,PLR-REAL-Political,0.3886792452830189,1.9090932433962213,1.8679245283018868,Chain-GBR-PI,0.6
1292,PLR-REAL-Political,0.35283018867924526,1.908682929151554,1.830188679245283,Chain-GBR-PI,0.6
1293,PLR-REAL-Political,0.39492063492063495,1.9109789792079959,1.9523809523809523,Chain-GBR-PI,0.6
1294,PLR-REAL-Political,0.44634920634920644,1.9062208502813283,1.9619047619047618,Chain-GBR-PI,0.6
1295,PLR-REAL-Political,0.4000000000000001,1.9083176902749575,2.0761904761904764,Chain-GBR-PI,0.6
1296,PLR-REAL-Political,0.40253968253968253,1.912327981807852,2.066666666666667,Chain-GBR-PI,0.6
1297,PLR-REAL-Political,0.3701587301587302,1.9140476054711715,1.9333333333333333,Chain-GBR-PI,0.6
1298,PLR-REAL-Political,0.3504761904761905,1.9114995357046958,2.0952380952380953,Chain-GBR-PI,0.6
1299,PLR-REAL-Political,0.38349206349206355,1.911412275520639,1.9142857142857144,Chain-GBR-PI,0.6
1300,PLR-REAL-Political,0.40503144654088047,1.9121277650753898,3.0283018867924527,Chain-GBR-RR,0.6
1301,PLR-REAL-Political,0.4176100628930818,1.9152219422312695,3.1226415094339623,Chain-GBR-RR,0.6
1302,PLR-REAL-Political,0.3666666666666667,1.9139328964271756,2.990566037735849,Chain-GBR-RR,0.6
1303,PLR-REAL-Political,0.45650793650793653,1.9168154585048545,3.2095238095238097,Chain-GBR-RR,0.6
1304,PLR-REAL-Political,0.4717460317460318,1.918364790897826,3.019047619047619,Chain-GBR-RR,0.6
1305,PLR-REAL-Political,0.4126984126984127,1.9012415980035533,2.9523809523809526,Chain-GBR-RR,0.6
1306,PLR-REAL-Political,0.4831746031746032,1.8988187383144763,3.0,Chain-GBR-RR,0.6
1307,PLR-REAL-Political,0.40634920634920635,1.896674927077709,3.0,Chain-GBR-RR,0.6
1308,PLR-REAL-Political,0.36380952380952386,1.8978742147515255,2.9904761904761905,Chain-GBR-RR,0.6
1309,PLR-REAL-Political,0.4412698412698413,1.912799733121799,3.019047619047619,Chain-GBR-RR,0.6
1310,PLR-REAL-Political,0.37987421383647807,1.909282001695331,3.009433962264151,Chain-GBR-RR,0.6
1311,PLR-REAL-Political,0.41194968553459116,1.9117028330815071,2.9716981132075473,Chain-GBR-RR,0.6
1312,PLR-REAL-Political,0.3949685534591196,1.9110470017685162,3.056603773584906,Chain-GBR-RR,0.6
1313,PLR-REAL-Political,0.4304761904761905,1.9129470975291858,3.038095238095238,Chain-GBR-RR,0.6
1314,PLR-REAL-Political,0.44,1.9199571531674324,3.104761904761905,Chain-GBR-RR,0.6
1315,PLR-REAL-Political,0.433015873015873,1.9038369651966391,3.019047619047619,Chain-GBR-RR,0.6
1316,PLR-REAL-Political,0.4101587301587301,1.8933590314622595,2.9047619047619047,Chain-GBR-RR,0.6
1317,PLR-REAL-Political,0.41079365079365077,1.9006385032345106,3.085714285714286,Chain-GBR-RR,0.6
1318,PLR-REAL-Political,0.40380952380952384,1.9137590501388484,3.0285714285714285,Chain-GBR-RR,0.6
1319,PLR-REAL-Political,0.43174603174603177,1.909622648595544,3.019047619047619,Chain-GBR-RR,0.6
1320,PLR-REAL-Political,0.3811320754716981,1.914329708023265,3.047169811320755,Chain-GBR-RR,0.6
1321,PLR-REAL-Political,0.3893081761006289,1.917747019801328,3.1226415094339623,Chain-GBR-RR,0.6
1322,PLR-REAL-Political,0.389308176100629,1.9147741788446813,2.981132075471698,Chain-GBR-RR,0.6
1323,PLR-REAL-Political,0.4406349206349206,1.9073574261271913,3.142857142857143,Chain-GBR-RR,0.6
1324,PLR-REAL-Political,0.38857142857142857,1.9015083744110313,3.057142857142857,Chain-GBR-RR,0.6
1325,PLR-REAL-Political,0.3993650793650794,1.9010602197244588,3.066666666666667,Chain-GBR-RR,0.6
1326,PLR-REAL-Political,0.42539682539682544,1.898674332010026,2.9523809523809526,Chain-GBR-RR,0.6
1327,PLR-REAL-Political,0.405079365079365,1.8984158469715904,3.0,Chain-GBR-RR,0.6
1328,PLR-REAL-Political,0.41333333333333333,1.9082265617440433,2.914285714285714,Chain-GBR-RR,0.6
1329,PLR-REAL-Political,0.4228571428571428,1.909928318020977,3.085714285714286,Chain-GBR-RR,0.6
1330,PLR-REAL-Political,0.39559748427672964,1.9088597795511049,3.056603773584906,Chain-GBR-RR,0.6
1331,PLR-REAL-Political,0.4006289308176101,1.9063082998253262,3.0283018867924527,Chain-GBR-RR,0.6
1332,PLR-REAL-Political,0.38301886792452833,1.906882089959584,2.9339622641509435,Chain-GBR-RR,0.6
1333,PLR-REAL-Political,0.406984126984127,1.8946056689929514,3.019047619047619,Chain-GBR-RR,0.6
1334,PLR-REAL-Political,0.4088888888888889,1.8964960160859439,3.142857142857143,Chain-GBR-RR,0.6
1335,PLR-REAL-Political,0.43682539682539684,1.8956213762138028,2.933333333333333,Chain-GBR-RR,0.6
1336,PLR-REAL-Political,0.3993650793650793,1.9022460671523564,3.1333333333333333,Chain-GBR-RR,0.6
1337,PLR-REAL-Political,0.4387301587301587,1.8998865200372492,3.2,Chain-GBR-RR,0.6
1338,PLR-REAL-Political,0.40507936507936504,1.9010767122910885,2.8857142857142857,Chain-GBR-RR,0.6
1339,PLR-REAL-Political,0.42158730158730157,1.902463854845933,3.0095238095238095,Chain-GBR-RR,0.6
1340,PLR-REAL-Political,0.409433962264151,1.901718185208345,3.0,Chain-GBR-RR,0.6
1341,PLR-REAL-Political,0.3874213836477987,1.8935367461402668,3.018867924528302,Chain-GBR-RR,0.6
1342,PLR-REAL-Political,0.3918238993710692,1.8927019599013235,2.9245283018867925,Chain-GBR-RR,0.6
1343,PLR-REAL-Political,0.4,1.899801166177246,3.066666666666667,Chain-GBR-RR,0.6
1344,PLR-REAL-Political,0.4158730158730159,1.8959075475933713,3.019047619047619,Chain-GBR-RR,0.6
1345,PLR-REAL-Political,0.42412698412698413,1.8937669592657287,3.057142857142857,Chain-GBR-RR,0.6
1346,PLR-REAL-Political,0.40507936507936515,1.8963912979760493,3.0095238095238095,Chain-GBR-RR,0.6
1347,PLR-REAL-Political,0.3961904761904762,1.8986216850699544,3.0476190476190474,Chain-GBR-RR,0.6
1348,PLR-REAL-Political,0.3936507936507937,1.8967776725320522,3.038095238095238,Chain-GBR-RR,0.6
1349,PLR-REAL-Political,0.41015873015873017,1.8960522284445191,3.019047619047619,Chain-GBR-RR,0.6
1350,PLR-REAL-Political,0.7081761006289308,0.627706997735584,3.811320754716981,ST-GBR-RR,0.6
1351,PLR-REAL-Political,0.6610062893081761,0.643357839013251,3.7358490566037736,ST-GBR-RR,0.6
1352,PLR-REAL-Political,0.6597484276729558,0.6025332023785425,3.7264150943396226,ST-GBR-RR,0.6
1353,PLR-REAL-Political,0.6577777777777778,0.6422936524901802,3.8190476190476192,ST-GBR-RR,0.6
1354,PLR-REAL-Political,0.6831746031746031,0.6424190781770455,3.9714285714285715,ST-GBR-RR,0.6
1355,PLR-REAL-Political,0.6831746031746032,0.6537320658992302,3.8857142857142857,ST-GBR-RR,0.6
1356,PLR-REAL-Political,0.6920634920634922,0.6297973316523049,3.9523809523809526,ST-GBR-RR,0.6
1357,PLR-REAL-Political,0.6387301587301587,0.6355872158541216,3.7142857142857144,ST-GBR-RR,0.6
1358,PLR-REAL-Political,0.6863492063492063,0.6444654506092148,3.8476190476190477,ST-GBR-RR,0.6
1359,PLR-REAL-Political,0.6615873015873016,0.6422314559314066,3.8380952380952382,ST-GBR-RR,0.6
1360,PLR-REAL-Political,0.6477987421383646,0.5768445839552416,3.792452830188679,ST-GBR-RR,0.6
1361,PLR-REAL-Political,0.6610062893081761,0.6484138516503758,3.641509433962264,ST-GBR-RR,0.6
1362,PLR-REAL-Political,0.6949685534591196,0.6319798651727313,3.839622641509434,ST-GBR-RR,0.6
1363,PLR-REAL-Political,0.6774603174603174,0.6473161684685999,3.6952380952380954,ST-GBR-RR,0.6
1364,PLR-REAL-Political,0.6806349206349207,0.6354338816971563,3.6095238095238096,ST-GBR-RR,0.6
1365,PLR-REAL-Political,0.6666666666666666,0.6448114406549295,3.704761904761905,ST-GBR-RR,0.6
1366,PLR-REAL-Political,0.6653968253968253,0.5848003890645288,3.933333333333333,ST-GBR-RR,0.6
1367,PLR-REAL-Political,0.6812698412698412,0.6254488500223769,3.9047619047619047,ST-GBR-RR,0.6
1368,PLR-REAL-Political,0.6692063492063492,0.6291356650291908,3.7714285714285714,ST-GBR-RR,0.6
1369,PLR-REAL-Political,0.68,0.6331890365794879,3.7333333333333334,ST-GBR-RR,0.6
1370,PLR-REAL-Political,0.6867924528301885,0.6185506017810175,3.8867924528301887,ST-GBR-RR,0.6
1371,PLR-REAL-Political,0.6559748427672956,0.6374243163007607,3.7641509433962264,ST-GBR-RR,0.6
1372,PLR-REAL-Political,0.6767295597484276,0.6273723559661313,3.80188679245283,ST-GBR-RR,0.6
1373,PLR-REAL-Political,0.6634920634920634,0.6268762389745424,3.761904761904762,ST-GBR-RR,0.6
1374,PLR-REAL-Political,0.693968253968254,0.6286091965564422,3.8190476190476192,ST-GBR-RR,0.6
1375,PLR-REAL-Political,0.6965079365079365,0.6040039238374657,3.6952380952380954,ST-GBR-RR,0.6
1376,PLR-REAL-Political,0.6844444444444445,0.6336450765435847,3.7142857142857144,ST-GBR-RR,0.6
1377,PLR-REAL-Political,0.6990476190476191,0.6262903040973131,3.8476190476190477,ST-GBR-RR,0.6
1378,PLR-REAL-Political,0.6558730158730159,0.5538338640587696,3.8857142857142857,ST-GBR-RR,0.6
1379,PLR-REAL-Political,0.6946031746031746,0.6431989450846236,3.8380952380952382,ST-GBR-RR,0.6
1380,PLR-REAL-Political,0.6377358490566037,0.6505451021624692,3.7547169811320753,ST-GBR-RR,0.6
1381,PLR-REAL-Political,0.6572327044025158,0.6322328202275558,3.8207547169811322,ST-GBR-RR,0.6
1382,PLR-REAL-Political,0.6647798742138362,0.6356160389666994,3.849056603773585,ST-GBR-RR,0.6
1383,PLR-REAL-Political,0.6793650793650793,0.6274100899766646,3.6952380952380954,ST-GBR-RR,0.6
1384,PLR-REAL-Political,0.6730158730158731,0.6363963655014837,3.742857142857143,ST-GBR-RR,0.6
1385,PLR-REAL-Political,0.6622222222222222,0.5974975305351067,3.8380952380952382,ST-GBR-RR,0.6
1386,PLR-REAL-Political,0.68,0.6471464409085456,3.8380952380952382,ST-GBR-RR,0.6
1387,PLR-REAL-Political,0.7053968253968254,0.6401738264078631,3.723809523809524,ST-GBR-RR,0.6
1388,PLR-REAL-Political,0.6736507936507936,0.6389803056454563,3.761904761904762,ST-GBR-RR,0.6
1389,PLR-REAL-Political,0.7066666666666667,0.6300593749695742,3.780952380952381,ST-GBR-RR,0.6
1390,PLR-REAL-Political,0.6905660377358491,0.6477632754357248,3.80188679245283,ST-GBR-RR,0.6
1391,PLR-REAL-Political,0.6723270440251573,0.6213783380743468,3.839622641509434,ST-GBR-RR,0.6
1392,PLR-REAL-Political,0.6477987421383649,0.6239460089212063,3.839622641509434,ST-GBR-RR,0.6
1393,PLR-REAL-Political,0.6673015873015873,0.6368533810591909,3.8666666666666667,ST-GBR-RR,0.6
1394,PLR-REAL-Political,0.6273015873015872,0.5712104480910779,3.7904761904761903,ST-GBR-RR,0.6
1395,PLR-REAL-Political,0.6368253968253968,0.6487918210308296,3.8857142857142857,ST-GBR-RR,0.6
1396,PLR-REAL-Political,0.685079365079365,0.6372983947839115,3.742857142857143,ST-GBR-RR,0.6
1397,PLR-REAL-Political,0.6996825396825397,0.6472485063538195,3.7904761904761903,ST-GBR-RR,0.6
1398,PLR-REAL-Political,0.6901587301587302,0.6497796341905275,3.7142857142857144,ST-GBR-RR,0.6
1399,PLR-REAL-Political,0.6838095238095238,0.6519566649384558,3.6476190476190475,ST-GBR-RR,0.6
1400,PLR-REAL-Political,0.6270440251572327,0.6200573763763455,3.311320754716981,ST-GBR-PI,0.6
1401,PLR-REAL-Political,0.579245283018868,0.6348054111373128,3.4245283018867925,ST-GBR-PI,0.6
1402,PLR-REAL-Political,0.6075471698113206,0.6113584194526652,3.2358490566037736,ST-GBR-PI,0.6
1403,PLR-REAL-Political,0.653968253968254,0.6344060198330038,3.2095238095238097,ST-GBR-PI,0.6
1404,PLR-REAL-Political,0.6520634920634921,0.6285682954046992,3.219047619047619,ST-GBR-PI,0.6
1405,PLR-REAL-Political,0.6222222222222222,0.639766541799718,3.295238095238095,ST-GBR-PI,0.6
1406,PLR-REAL-Political,0.653968253968254,0.6383645228334145,3.3333333333333335,ST-GBR-PI,0.6
1407,PLR-REAL-Political,0.5853968253968254,0.6260708434389245,3.123809523809524,ST-GBR-PI,0.6
1408,PLR-REAL-Political,0.6241269841269842,0.6265311771880451,3.276190476190476,ST-GBR-PI,0.6
1409,PLR-REAL-Political,0.626031746031746,0.6269052033551898,3.295238095238095,ST-GBR-PI,0.6
1410,PLR-REAL-Political,0.6012578616352201,0.635477036565908,3.2169811320754715,ST-GBR-PI,0.6
1411,PLR-REAL-Political,0.6257861635220126,0.6349389781732838,3.2358490566037736,ST-GBR-PI,0.6
1412,PLR-REAL-Political,0.6446540880503144,0.5642950221619429,3.207547169811321,ST-GBR-PI,0.6
1413,PLR-REAL-Political,0.6019047619047618,0.6257150365655795,3.104761904761905,ST-GBR-PI,0.6
1414,PLR-REAL-Political,0.6292063492063492,0.64496831393682,3.3047619047619046,ST-GBR-PI,0.6
1415,PLR-REAL-Political,0.6038095238095238,0.6254586804921377,3.276190476190476,ST-GBR-PI,0.6
1416,PLR-REAL-Political,0.6419047619047619,0.6359003459647794,3.2095238095238097,ST-GBR-PI,0.6
1417,PLR-REAL-Political,0.6107936507936509,0.6348390292402291,3.2095238095238097,ST-GBR-PI,0.6
1418,PLR-REAL-Political,0.641904761904762,0.6289733817940111,3.2476190476190476,ST-GBR-PI,0.6
1419,PLR-REAL-Political,0.6253968253968254,0.6242241584192318,3.3523809523809525,ST-GBR-PI,0.6
1420,PLR-REAL-Political,0.5924528301886792,0.6254287561305514,3.19811320754717,ST-GBR-PI,0.6
1421,PLR-REAL-Political,0.6257861635220126,0.6391092481221566,3.2735849056603774,ST-GBR-PI,0.6
1422,PLR-REAL-Political,0.6138364779874215,0.6408069779356798,3.1320754716981134,ST-GBR-PI,0.6
1423,PLR-REAL-Political,0.6050793650793651,0.6256854081603878,3.342857142857143,ST-GBR-PI,0.6
1424,PLR-REAL-Political,0.6101587301587301,0.6317581586468128,3.276190476190476,ST-GBR-PI,0.6
1425,PLR-REAL-Political,0.6298412698412698,0.6216016803386675,3.1333333333333333,ST-GBR-PI,0.6
1426,PLR-REAL-Political,0.6304761904761905,0.6341797292507853,3.2,ST-GBR-PI,0.6
1427,PLR-REAL-Political,0.606984126984127,0.6242313177273068,3.1142857142857143,ST-GBR-PI,0.6
1428,PLR-REAL-Political,0.6158730158730159,0.6401261414524042,3.323809523809524,ST-GBR-PI,0.6
1429,PLR-REAL-Political,0.6171428571428572,0.6353664100194284,3.3047619047619046,ST-GBR-PI,0.6
1430,PLR-REAL-Political,0.6012578616352201,0.6518662148207807,3.1132075471698113,ST-GBR-PI,0.6
1431,PLR-REAL-Political,0.5842767295597484,0.6309928494033742,3.169811320754717,ST-GBR-PI,0.6
1432,PLR-REAL-Political,0.6176100628930817,0.6318837195485704,3.292452830188679,ST-GBR-PI,0.6
1433,PLR-REAL-Political,0.6139682539682538,0.6310338691616802,3.1714285714285713,ST-GBR-PI,0.6
1434,PLR-REAL-Political,0.6317460317460317,0.6265180556156794,3.3142857142857145,ST-GBR-PI,0.6
1435,PLR-REAL-Political,0.5974603174603174,0.6026660244542101,3.1904761904761907,ST-GBR-PI,0.6
1436,PLR-REAL-Political,0.5911111111111111,0.6372311424940686,3.104761904761905,ST-GBR-PI,0.6
1437,PLR-REAL-Political,0.6171428571428571,0.6358889690587556,3.276190476190476,ST-GBR-PI,0.6
1438,PLR-REAL-Political,0.6019047619047618,0.6337208896717399,3.2476190476190476,ST-GBR-PI,0.6
1439,PLR-REAL-Political,0.6298412698412699,0.643647647389668,3.3047619047619046,ST-GBR-PI,0.6
1440,PLR-REAL-Political,0.6232704402515723,0.6558291965237396,3.2547169811320753,ST-GBR-PI,0.6
1441,PLR-REAL-Political,0.6308176100628932,0.6431383086038777,3.150943396226415,ST-GBR-PI,0.6
1442,PLR-REAL-Political,0.5968553459119497,0.6168357577345394,3.2641509433962264,ST-GBR-PI,0.6
1443,PLR-REAL-Political,0.5968253968253967,0.6180493127670734,3.2285714285714286,ST-GBR-PI,0.6
1444,PLR-REAL-Political,0.6184126984126984,0.6300241638404802,3.2666666666666666,ST-GBR-PI,0.6
1445,PLR-REAL-Political,0.6241269841269841,0.6370966166624925,3.3523809523809525,ST-GBR-PI,0.6
1446,PLR-REAL-Political,0.627936507936508,0.6283533973464653,3.1904761904761907,ST-GBR-PI,0.6
1447,PLR-REAL-Political,0.6196825396825396,0.6954037582658662,3.295238095238095,ST-GBR-PI,0.6
1448,PLR-REAL-Political,0.5879365079365079,0.6321850243286065,3.2095238095238097,ST-GBR-PI,0.6
1449,PLR-REAL-Political,0.6114285714285713,0.6153969044808102,2.857142857142857,ST-GBR-PI,0.6
1450,PLR-REAL-Political,0.6836477987421384,1.1549606664184389,3.349056603773585,RPC-GB,0.6
1451,PLR-REAL-Political,0.7138364779874213,1.1187031317643301,3.330188679245283,RPC-GB,0.6
1452,PLR-REAL-Political,0.6754716981132074,1.1372020242696697,3.19811320754717,RPC-GB,0.6
1453,PLR-REAL-Political,0.6679365079365078,1.1564508679506087,3.3523809523809525,RPC-GB,0.6
1454,PLR-REAL-Political,0.6717460317460318,1.1559067587736094,3.419047619047619,RPC-GB,0.6
1455,PLR-REAL-Political,0.6996825396825397,1.1474689616774962,3.295238095238095,RPC-GB,0.6
1456,PLR-REAL-Political,0.6653968253968254,1.1441984640043876,3.5238095238095237,RPC-GB,0.6
1457,PLR-REAL-Political,0.6368253968253968,1.0994716530991673,3.219047619047619,RPC-GB,0.6
1458,PLR-REAL-Political,0.7161904761904763,1.1500808358612358,3.3142857142857145,RPC-GB,0.6
1459,PLR-REAL-Political,0.6882539682539682,1.140857072973928,3.2476190476190476,RPC-GB,0.6
1460,PLR-REAL-Political,0.6710691823899371,1.186742734119303,3.3962264150943398,RPC-GB,0.6
1461,PLR-REAL-Political,0.6893081761006289,1.1626967497930802,3.160377358490566,RPC-GB,0.6
1462,PLR-REAL-Political,0.6528301886792454,1.116782376304331,3.3679245283018866,RPC-GB,0.6
1463,PLR-REAL-Political,0.6704761904761904,1.1315101166342898,3.447619047619048,RPC-GB,0.6
1464,PLR-REAL-Political,0.6641269841269842,1.1529608779059854,3.380952380952381,RPC-GB,0.6
1465,PLR-REAL-Political,0.6926984126984127,1.1203269469265806,3.2285714285714286,RPC-GB,0.6
1466,PLR-REAL-Political,0.7117460317460318,1.1664139912612925,3.2666666666666666,RPC-GB,0.6
1467,PLR-REAL-Political,0.6926984126984127,1.1436089012203965,3.104761904761905,RPC-GB,0.6
1468,PLR-REAL-Political,0.6888888888888889,1.1213091973371745,3.361904761904762,RPC-GB,0.6
1469,PLR-REAL-Political,0.7403174603174604,1.1993052859781272,3.419047619047619,RPC-GB,0.6
1470,PLR-REAL-Political,0.6484276729559748,1.1797429821821752,3.339622641509434,RPC-GB,0.6
1471,PLR-REAL-Political,0.6786163522012577,1.1727197947378645,3.1320754716981134,RPC-GB,0.6
1472,PLR-REAL-Political,0.6729559748427673,1.153338948869614,3.3773584905660377,RPC-GB,0.6
1473,PLR-REAL-Political,0.6838095238095238,1.1113297597792657,3.0,RPC-GB,0.6
1474,PLR-REAL-Political,0.7187301587301589,1.138081897315703,3.5238095238095237,RPC-GB,0.6
1475,PLR-REAL-Political,0.6584126984126984,1.104164403960508,3.2095238095238097,RPC-GB,0.6
1476,PLR-REAL-Political,0.702857142857143,1.132119623965655,3.380952380952381,RPC-GB,0.6
1477,PLR-REAL-Political,0.6825396825396824,1.1728359041163305,3.419047619047619,RPC-GB,0.6
1478,PLR-REAL-Political,0.6704761904761906,1.1160956437515264,3.3047619047619046,RPC-GB,0.6
1479,PLR-REAL-Political,0.7034920634920634,1.145008332715246,3.380952380952381,RPC-GB,0.6
1480,PLR-REAL-Political,0.6597484276729562,1.119887417102715,3.2830188679245285,RPC-GB,0.6
1481,PLR-REAL-Political,0.6509433962264151,1.1434714985572922,3.349056603773585,RPC-GB,0.6
1482,PLR-REAL-Political,0.6446540880503144,1.1944335557084838,3.2735849056603774,RPC-GB,0.6
1483,PLR-REAL-Political,0.6552380952380952,1.1427705176642873,3.342857142857143,RPC-GB,0.6
1484,PLR-REAL-Political,0.7022222222222222,1.1314921581871307,3.2285714285714286,RPC-GB,0.6
1485,PLR-REAL-Political,0.6812698412698412,1.1973168937174723,3.3047619047619046,RPC-GB,0.6
1486,PLR-REAL-Political,0.6787301587301587,1.2087158669415852,3.4095238095238094,RPC-GB,0.6
1487,PLR-REAL-Political,0.7492063492063492,1.135888818042808,3.2,RPC-GB,0.6
1488,PLR-REAL-Political,0.6876190476190477,1.2000677826539636,3.104761904761905,RPC-GB,0.6
1489,PLR-REAL-Political,0.6787301587301587,1.1255754852593594,3.238095238095238,RPC-GB,0.6
1490,PLR-REAL-Political,0.7037735849056604,1.1149456220095895,3.4339622641509435,RPC-GB,0.6
1491,PLR-REAL-Political,0.6786163522012577,1.1577951580596033,3.207547169811321,RPC-GB,0.6
1492,PLR-REAL-Political,0.6647798742138364,1.1147707168016823,3.6226415094339623,RPC-GB,0.6
1493,PLR-REAL-Political,0.6952380952380951,1.1112082397131866,3.238095238095238,RPC-GB,0.6
1494,PLR-REAL-Political,0.6952380952380952,1.1451904605715675,3.2857142857142856,RPC-GB,0.6
1495,PLR-REAL-Political,0.6603174603174603,1.1458174601480662,3.4,RPC-GB,0.6
1496,PLR-REAL-Political,0.6971428571428572,1.1412313025963052,3.257142857142857,RPC-GB,0.6
1497,PLR-REAL-Political,0.6717460317460318,1.1294788462041652,3.447619047619048,RPC-GB,0.6
1498,PLR-REAL-Political,0.6863492063492065,1.1412187699896323,3.295238095238095,RPC-GB,0.6
1499,PLR-REAL-Political,0.6457142857142856,1.1286645648567757,3.4,RPC-GB,0.6
