,data,tau_x_score,prediction_time,buckets_per_rank,algo
0,PLR-REAL-Political,0.6044025157232704,1.6348490511436307,6.0,ST-GBR-EPSI(0.0)
1,PLR-REAL-Political,0.550314465408805,0.8031848956568941,6.0,ST-GBR-EPSI(0.0)
2,PLR-REAL-Political,0.5911949685534592,0.8203163294475725,6.0,ST-GBR-EPSI(0.0)
3,PLR-REAL-Political,0.5561904761904761,0.8031089180419758,6.0,ST-GBR-EPSI(0.0)
4,PLR-REAL-Political,0.579047619047619,0.8294254205149098,6.0,ST-GBR-EPSI(0.0)
5,PLR-REAL-Political,0.5873015873015873,0.7933588847567811,6.0,ST-GBR-EPSI(0.0)
6,PLR-REAL-Political,0.6203174603174603,0.8449365338347066,6.0,ST-GBR-EPSI(0.0)
7,PLR-REAL-Political,0.533968253968254,0.7627802403454778,6.0,ST-GBR-EPSI(0.0)
8,PLR-REAL-Political,0.6044444444444443,0.8357696303372714,6.0,ST-GBR-EPSI(0.0)
9,PLR-REAL-Political,0.5968253968253968,0.8308841920418519,6.0,ST-GBR-EPSI(0.0)
10,PLR-REAL-Political,0.5616352201257861,0.8704313161780214,6.0,ST-GBR-EPSI(0.0)
11,PLR-REAL-Political,0.5867924528301887,0.8391722417569556,6.0,ST-GBR-EPSI(0.0)
12,PLR-REAL-Political,0.60062893081761,0.7625040676641623,6.0,ST-GBR-EPSI(0.0)
13,PLR-REAL-Political,0.5873015873015872,0.8389733239598847,6.0,ST-GBR-EPSI(0.0)
14,PLR-REAL-Political,0.5885714285714285,0.829335141051523,6.0,ST-GBR-EPSI(0.0)
15,PLR-REAL-Political,0.5701587301587302,0.8473115337653256,6.0,ST-GBR-EPSI(0.0)
16,PLR-REAL-Political,0.5714285714285714,0.8769794993268354,6.0,ST-GBR-EPSI(0.0)
17,PLR-REAL-Political,0.5974603174603174,1.0103837487996943,6.0,ST-GBR-EPSI(0.0)
18,PLR-REAL-Political,0.5815873015873017,1.4189385045092378,6.0,ST-GBR-EPSI(0.0)
19,PLR-REAL-Political,0.586031746031746,0.8896465018844903,6.0,ST-GBR-EPSI(0.0)
20,PLR-REAL-Political,0.5811320754716981,0.8800043398966169,6.0,ST-GBR-EPSI(0.0)
21,PLR-REAL-Political,0.5779874213836477,0.8373762921876984,6.0,ST-GBR-EPSI(0.0)
22,PLR-REAL-Political,0.5842767295597484,1.1017400568042095,6.0,ST-GBR-EPSI(0.0)
23,PLR-REAL-Political,0.5339682539682539,0.9076656058358403,6.0,ST-GBR-EPSI(0.0)
24,PLR-REAL-Political,0.6063492063492063,1.035881531093133,6.0,ST-GBR-EPSI(0.0)
25,PLR-REAL-Political,0.584126984126984,0.8381009088084467,6.0,ST-GBR-EPSI(0.0)
26,PLR-REAL-Political,0.5765079365079364,1.034498332682768,6.0,ST-GBR-EPSI(0.0)
27,PLR-REAL-Political,0.6171428571428572,1.058063525612714,6.0,ST-GBR-EPSI(0.0)
28,PLR-REAL-Political,0.5885714285714285,1.0365014566463258,6.0,ST-GBR-EPSI(0.0)
29,PLR-REAL-Political,0.5892063492063492,1.0152539171361352,6.0,ST-GBR-EPSI(0.0)
30,PLR-REAL-Political,0.5559748427672955,0.8388096886270011,6.0,ST-GBR-EPSI(0.0)
31,PLR-REAL-Political,0.5729559748427673,1.0548183898592385,6.0,ST-GBR-EPSI(0.0)
32,PLR-REAL-Political,0.5880503144654088,0.8739285518778371,6.0,ST-GBR-EPSI(0.0)
33,PLR-REAL-Political,0.5657142857142857,1.0063796882769538,6.0,ST-GBR-EPSI(0.0)
34,PLR-REAL-Political,0.5688888888888888,0.9100469761031279,6.0,ST-GBR-EPSI(0.0)
35,PLR-REAL-Political,0.5676190476190476,0.8282441124409966,6.0,ST-GBR-EPSI(0.0)
36,PLR-REAL-Political,0.6006349206349205,1.1531832082169617,6.0,ST-GBR-EPSI(0.0)
37,PLR-REAL-Political,0.591111111111111,0.8402872383951349,6.0,ST-GBR-EPSI(0.0)
38,PLR-REAL-Political,0.6107936507936507,0.8395442850132921,6.0,ST-GBR-EPSI(0.0)
39,PLR-REAL-Political,0.6152380952380954,0.8352325516335536,6.0,ST-GBR-EPSI(0.0)
40,PLR-REAL-Political,0.6081761006289308,0.9925242480511189,6.0,ST-GBR-EPSI(0.0)
41,PLR-REAL-Political,0.5830188679245283,0.9530254374548641,6.0,ST-GBR-EPSI(0.0)
42,PLR-REAL-Political,0.5748427672955974,1.0249084292554178,6.0,ST-GBR-EPSI(0.0)
43,PLR-REAL-Political,0.580952380952381,0.8412695187634267,6.0,ST-GBR-EPSI(0.0)
44,PLR-REAL-Political,0.5466666666666666,0.937277678613056,6.0,ST-GBR-EPSI(0.0)
45,PLR-REAL-Political,0.5803174603174602,0.9361465330131191,6.0,ST-GBR-EPSI(0.0)
46,PLR-REAL-Political,0.598095238095238,0.950373123778427,6.0,ST-GBR-EPSI(0.0)
47,PLR-REAL-Political,0.6146031746031746,0.9370729029857899,6.0,ST-GBR-EPSI(0.0)
48,PLR-REAL-Political,0.5517460317460318,0.9324651923823045,6.0,ST-GBR-EPSI(0.0)
49,PLR-REAL-Political,0.5917460317460317,0.8696547514573126,6.0,ST-GBR-EPSI(0.0)
50,PLR-REAL-Political,0.6125786163522011,0.8637820081742336,5.7075471698113205,ST-GBR-EPSI(0.01)
51,PLR-REAL-Political,0.559748427672956,0.8313865615325162,5.660377358490566,ST-GBR-EPSI(0.01)
52,PLR-REAL-Political,0.610691823899371,0.8459185850007267,5.509433962264151,ST-GBR-EPSI(0.01)
53,PLR-REAL-Political,0.5777777777777777,0.8268201941222575,5.59047619047619,ST-GBR-EPSI(0.01)
54,PLR-REAL-Political,0.6038095238095238,0.805579997214055,5.552380952380952,ST-GBR-EPSI(0.01)
55,PLR-REAL-Political,0.5961904761904762,0.8386020802149333,5.485714285714286,ST-GBR-EPSI(0.01)
56,PLR-REAL-Political,0.6311111111111111,0.7692808310186855,5.6571428571428575,ST-GBR-EPSI(0.01)
57,PLR-REAL-Political,0.5473015873015873,0.8319990236909633,5.580952380952381,ST-GBR-EPSI(0.01)
58,PLR-REAL-Political,0.6133333333333334,0.833918491258132,5.6761904761904765,ST-GBR-EPSI(0.01)
59,PLR-REAL-Political,0.606984126984127,0.7718657745937441,5.647619047619048,ST-GBR-EPSI(0.01)
60,PLR-REAL-Political,0.5786163522012578,0.8689575366795693,5.60377358490566,ST-GBR-EPSI(0.01)
61,PLR-REAL-Political,0.5937106918238994,0.8346946403193725,5.660377358490566,ST-GBR-EPSI(0.01)
62,PLR-REAL-Political,0.6138364779874212,0.8272005073795035,5.60377358490566,ST-GBR-EPSI(0.01)
63,PLR-REAL-Political,0.6038095238095238,0.8349931097246033,5.6571428571428575,ST-GBR-EPSI(0.01)
64,PLR-REAL-Political,0.6044444444444443,0.8491260173056007,5.628571428571429,ST-GBR-EPSI(0.01)
65,PLR-REAL-Political,0.5866666666666666,0.8709485495369069,5.571428571428571,ST-GBR-EPSI(0.01)
66,PLR-REAL-Political,0.5923809523809523,0.8878497213943474,5.561904761904762,ST-GBR-EPSI(0.01)
67,PLR-REAL-Political,0.6120634920634921,0.9096419130526174,5.723809523809524,ST-GBR-EPSI(0.01)
68,PLR-REAL-Political,0.594920634920635,0.903141009088211,5.647619047619048,ST-GBR-EPSI(0.01)
69,PLR-REAL-Political,0.6025396825396825,0.8158159877113597,5.6380952380952385,ST-GBR-EPSI(0.01)
70,PLR-REAL-Political,0.5880503144654088,0.8423326794030053,5.669811320754717,ST-GBR-EPSI(0.01)
71,PLR-REAL-Political,0.5949685534591195,0.8758772003739054,5.59433962264151,ST-GBR-EPSI(0.01)
72,PLR-REAL-Political,0.6056603773584904,0.8624789665601449,5.556603773584905,ST-GBR-EPSI(0.01)
73,PLR-REAL-Political,0.5441269841269841,0.8360368366578811,5.6,ST-GBR-EPSI(0.01)
74,PLR-REAL-Political,0.6165079365079366,1.0100854440045224,5.666666666666667,ST-GBR-EPSI(0.01)
75,PLR-REAL-Political,0.598095238095238,1.0083877489024804,5.628571428571429,ST-GBR-EPSI(0.01)
76,PLR-REAL-Political,0.5942857142857143,0.9704000980577263,5.619047619047619,ST-GBR-EPSI(0.01)
77,PLR-REAL-Political,0.6253968253968253,0.889466319930755,5.714285714285714,ST-GBR-EPSI(0.01)
78,PLR-REAL-Political,0.6,0.8556117842907893,5.6,ST-GBR-EPSI(0.01)
79,PLR-REAL-Political,0.5993650793650793,0.8356501623563333,5.647619047619048,ST-GBR-EPSI(0.01)
80,PLR-REAL-Political,0.5660377358490566,0.8365667762101997,5.660377358490566,ST-GBR-EPSI(0.01)
81,PLR-REAL-Political,0.5893081761006289,1.0427382916423888,5.537735849056604,ST-GBR-EPSI(0.01)
82,PLR-REAL-Political,0.6012578616352201,1.02504979418259,5.7075471698113205,ST-GBR-EPSI(0.01)
83,PLR-REAL-Political,0.5803174603174603,0.8935070530644597,5.6380952380952385,ST-GBR-EPSI(0.01)
84,PLR-REAL-Political,0.5860317460317461,0.9326539042370324,5.666666666666667,ST-GBR-EPSI(0.01)
85,PLR-REAL-Political,0.579047619047619,1.0097055993786759,5.609523809523809,ST-GBR-EPSI(0.01)
86,PLR-REAL-Political,0.6146031746031746,1.0604480465528483,5.666666666666667,ST-GBR-EPSI(0.01)
87,PLR-REAL-Political,0.6095238095238096,0.876172747592432,5.628571428571429,ST-GBR-EPSI(0.01)
88,PLR-REAL-Political,0.6273015873015874,1.002524772406941,5.561904761904762,ST-GBR-EPSI(0.01)
89,PLR-REAL-Political,0.6298412698412698,1.007551449596133,5.609523809523809,ST-GBR-EPSI(0.01)
90,PLR-REAL-Political,0.6176100628930817,1.0710784427744078,5.622641509433962,ST-GBR-EPSI(0.01)
91,PLR-REAL-Political,0.5981132075471698,0.932963104406655,5.584905660377358,ST-GBR-EPSI(0.01)
92,PLR-REAL-Political,0.5886792452830188,0.8845242287837767,5.650943396226415,ST-GBR-EPSI(0.01)
93,PLR-REAL-Political,0.6,0.9658216229575498,5.6761904761904765,ST-GBR-EPSI(0.01)
94,PLR-REAL-Political,0.5638095238095239,0.8719647488880098,5.666666666666667,ST-GBR-EPSI(0.01)
95,PLR-REAL-Political,0.6,0.9825343642097637,5.552380952380952,ST-GBR-EPSI(0.01)
96,PLR-REAL-Political,0.6063492063492063,0.9849844821571998,5.695238095238095,ST-GBR-EPSI(0.01)
97,PLR-REAL-Political,0.6292063492063492,0.8244210380298858,5.704761904761905,ST-GBR-EPSI(0.01)
98,PLR-REAL-Political,0.5644444444444444,0.9937421467571226,5.647619047619048,ST-GBR-EPSI(0.01)
99,PLR-REAL-Political,0.6076190476190476,0.8635512820766098,5.685714285714286,ST-GBR-EPSI(0.01)
100,PLR-REAL-Political,0.6327044025157234,1.023673655476303,4.971698113207547,ST-GBR-EPSI(0.03)
101,PLR-REAL-Political,0.5930817610062894,0.9176672628091983,4.962264150943396,ST-GBR-EPSI(0.03)
102,PLR-REAL-Political,0.6245283018867922,0.7942651969938983,4.9245283018867925,ST-GBR-EPSI(0.03)
103,PLR-REAL-Political,0.6139682539682539,0.8187695541622065,4.914285714285715,ST-GBR-EPSI(0.03)
104,PLR-REAL-Political,0.6342857142857142,0.8285801869101853,4.885714285714286,ST-GBR-EPSI(0.03)
105,PLR-REAL-Political,0.6393650793650795,0.8259939527451151,4.771428571428571,ST-GBR-EPSI(0.03)
106,PLR-REAL-Political,0.6488888888888888,0.8095946498107092,5.057142857142857,ST-GBR-EPSI(0.03)
107,PLR-REAL-Political,0.5784126984126985,0.8336505545645279,4.876190476190477,ST-GBR-EPSI(0.03)
108,PLR-REAL-Political,0.6361904761904763,0.8383030587725316,4.9523809523809526,ST-GBR-EPSI(0.03)
109,PLR-REAL-Political,0.6406349206349208,0.8332274690703078,4.980952380952381,ST-GBR-EPSI(0.03)
110,PLR-REAL-Political,0.6056603773584905,0.8560112099874421,4.9245283018867925,ST-GBR-EPSI(0.03)
111,PLR-REAL-Political,0.6201257861635219,0.7829461098145637,4.990566037735849,ST-GBR-EPSI(0.03)
112,PLR-REAL-Political,0.6427672955974842,0.8412987342606554,4.877358490566038,ST-GBR-EPSI(0.03)
113,PLR-REAL-Political,0.6304761904761905,0.812565487391188,4.933333333333334,ST-GBR-EPSI(0.03)
114,PLR-REAL-Political,0.6317460317460317,0.8916941528878274,4.904761904761905,ST-GBR-EPSI(0.03)
115,PLR-REAL-Political,0.6101587301587301,0.9390366834750978,4.914285714285715,ST-GBR-EPSI(0.03)
116,PLR-REAL-Political,0.6203174603174603,0.8647752807533718,4.876190476190477,ST-GBR-EPSI(0.03)
117,PLR-REAL-Political,0.6298412698412698,0.9736049541937718,5.066666666666666,ST-GBR-EPSI(0.03)
118,PLR-REAL-Political,0.6184126984126984,0.8700553655871711,4.942857142857143,ST-GBR-EPSI(0.03)
119,PLR-REAL-Political,0.6311111111111111,0.8273249981549905,4.847619047619047,ST-GBR-EPSI(0.03)
120,PLR-REAL-Political,0.6144654088050315,0.8514875889778819,5.084905660377358,ST-GBR-EPSI(0.03)
121,PLR-REAL-Political,0.6358490566037736,1.0019271491217552,4.839622641509434,ST-GBR-EPSI(0.03)
122,PLR-REAL-Political,0.6308176100628932,1.0219213005317904,5.009433962264151,ST-GBR-EPSI(0.03)
123,PLR-REAL-Political,0.5714285714285714,0.749763256447666,4.9904761904761905,ST-GBR-EPSI(0.03)
124,PLR-REAL-Political,0.6520634920634919,1.0000962522124552,4.933333333333334,ST-GBR-EPSI(0.03)
125,PLR-REAL-Political,0.6215873015873016,0.9186413299672426,5.0,ST-GBR-EPSI(0.03)
126,PLR-REAL-Political,0.620952380952381,1.0100301976081738,5.0285714285714285,ST-GBR-EPSI(0.03)
127,PLR-REAL-Political,0.6507936507936507,1.048058371653221,5.114285714285714,ST-GBR-EPSI(0.03)
128,PLR-REAL-Political,0.6190476190476191,1.0248624354057971,4.980952380952381,ST-GBR-EPSI(0.03)
129,PLR-REAL-Political,0.641904761904762,0.8374703927375758,4.885714285714286,ST-GBR-EPSI(0.03)
130,PLR-REAL-Political,0.5842767295597483,0.845299242743329,5.037735849056604,ST-GBR-EPSI(0.03)
131,PLR-REAL-Political,0.610691823899371,0.9255680520800266,4.962264150943396,ST-GBR-EPSI(0.03)
132,PLR-REAL-Political,0.6188679245283019,0.879556566292694,5.0754716981132075,ST-GBR-EPSI(0.03)
133,PLR-REAL-Political,0.6019047619047619,0.9983761672500241,5.019047619047619,ST-GBR-EPSI(0.03)
134,PLR-REAL-Political,0.6184126984126984,1.0093016826830492,4.9904761904761905,ST-GBR-EPSI(0.03)
135,PLR-REAL-Political,0.6114285714285714,1.0127888891932244,4.9523809523809526,ST-GBR-EPSI(0.03)
136,PLR-REAL-Political,0.6336507936507937,1.0524680777500337,5.0,ST-GBR-EPSI(0.03)
137,PLR-REAL-Political,0.6399999999999999,0.9646467305006304,4.847619047619047,ST-GBR-EPSI(0.03)
138,PLR-REAL-Political,0.6526984126984128,1.0022969427500488,4.876190476190477,ST-GBR-EPSI(0.03)
139,PLR-REAL-Political,0.6704761904761904,0.9218136102230792,4.876190476190477,ST-GBR-EPSI(0.03)
140,PLR-REAL-Political,0.6540880503144654,1.0765495001225327,4.962264150943396,ST-GBR-EPSI(0.03)
141,PLR-REAL-Political,0.6339622641509435,1.0074907327950786,4.867924528301887,ST-GBR-EPSI(0.03)
142,PLR-REAL-Political,0.6226415094339621,0.9464925620007949,4.943396226415095,ST-GBR-EPSI(0.03)
143,PLR-REAL-Political,0.6336507936507937,0.9207309401684024,4.809523809523809,ST-GBR-EPSI(0.03)
144,PLR-REAL-Political,0.5873015873015873,1.0023495905691875,5.0095238095238095,ST-GBR-EPSI(0.03)
145,PLR-REAL-Political,0.6342857142857143,1.0059754221369852,4.761904761904762,ST-GBR-EPSI(0.03)
146,PLR-REAL-Political,0.6285714285714286,0.9150522988338123,5.104761904761904,ST-GBR-EPSI(0.03)
147,PLR-REAL-Political,0.6438095238095237,0.7569974536211604,5.0476190476190474,ST-GBR-EPSI(0.03)
148,PLR-REAL-Political,0.5961904761904762,0.861452795378556,4.885714285714286,ST-GBR-EPSI(0.03)
149,PLR-REAL-Political,0.6361904761904762,1.004137116540846,5.0476190476190474,ST-GBR-EPSI(0.03)
150,PLR-REAL-Political,0.6547169811320754,1.0201531323179183,4.40566037735849,ST-GBR-EPSI(0.05)
151,PLR-REAL-Political,0.6270440251572326,1.014710730071472,4.283018867924528,ST-GBR-EPSI(0.05)
152,PLR-REAL-Political,0.6522012578616352,0.8458870347504522,4.339622641509434,ST-GBR-EPSI(0.05)
153,PLR-REAL-Political,0.6380952380952383,0.8002276961291727,4.380952380952381,ST-GBR-EPSI(0.05)
154,PLR-REAL-Political,0.6577777777777778,0.8244184166296902,4.428571428571429,ST-GBR-EPSI(0.05)
155,PLR-REAL-Political,0.6571428571428571,0.7504432350741992,4.228571428571429,ST-GBR-EPSI(0.05)
156,PLR-REAL-Political,0.6742857142857144,0.8118022607263633,4.428571428571429,ST-GBR-EPSI(0.05)
157,PLR-REAL-Political,0.6177777777777779,0.832544139599044,4.257142857142857,ST-GBR-EPSI(0.05)
158,PLR-REAL-Political,0.6653968253968254,0.8377766398279156,4.40952380952381,ST-GBR-EPSI(0.05)
159,PLR-REAL-Political,0.6685714285714285,0.8313821367148327,4.3238095238095235,ST-GBR-EPSI(0.05)
160,PLR-REAL-Political,0.6389937106918239,0.8931421792122972,4.283018867924528,ST-GBR-EPSI(0.05)
161,PLR-REAL-Political,0.628930817610063,0.8169402994945948,4.377358490566038,ST-GBR-EPSI(0.05)
162,PLR-REAL-Political,0.6641509433962264,0.8251866887561792,4.320754716981132,ST-GBR-EPSI(0.05)
163,PLR-REAL-Political,0.6495238095238095,0.8273994505172776,4.352380952380952,ST-GBR-EPSI(0.05)
164,PLR-REAL-Political,0.6628571428571427,0.8383842383666708,4.285714285714286,ST-GBR-EPSI(0.05)
165,PLR-REAL-Political,0.6482539682539682,0.8413088306464306,4.219047619047619,ST-GBR-EPSI(0.05)
166,PLR-REAL-Political,0.6431746031746032,0.9903287569847106,4.40952380952381,ST-GBR-EPSI(0.05)
167,PLR-REAL-Political,0.6546031746031745,1.000020388305962,4.4,ST-GBR-EPSI(0.05)
168,PLR-REAL-Political,0.6342857142857143,1.0084388130420001,4.438095238095238,ST-GBR-EPSI(0.05)
169,PLR-REAL-Political,0.6558730158730158,0.8516393898014594,4.266666666666667,ST-GBR-EPSI(0.05)
170,PLR-REAL-Political,0.6345911949685533,0.8781440110456521,4.4245283018867925,ST-GBR-EPSI(0.05)
171,PLR-REAL-Political,0.6515723270440251,0.9700526854067306,4.235849056603773,ST-GBR-EPSI(0.05)
172,PLR-REAL-Political,0.6622641509433963,0.9859471737391587,4.339622641509434,ST-GBR-EPSI(0.05)
173,PLR-REAL-Political,0.6057142857142858,0.8174305102059838,4.3619047619047615,ST-GBR-EPSI(0.05)
174,PLR-REAL-Political,0.667936507936508,1.0040272855898271,4.3238095238095235,ST-GBR-EPSI(0.05)
175,PLR-REAL-Political,0.6584126984126984,0.8369708548275353,4.190476190476191,ST-GBR-EPSI(0.05)
176,PLR-REAL-Political,0.648888888888889,1.0112474975183643,4.295238095238095,ST-GBR-EPSI(0.05)
177,PLR-REAL-Political,0.6653968253968253,0.8932461388266548,4.419047619047619,ST-GBR-EPSI(0.05)
178,PLR-REAL-Political,0.646984126984127,1.0191124210168852,4.352380952380952,ST-GBR-EPSI(0.05)
179,PLR-REAL-Political,0.6666666666666666,0.9972138647109112,4.2,ST-GBR-EPSI(0.05)
180,PLR-REAL-Political,0.6226415094339621,0.8008241357019423,4.367924528301887,ST-GBR-EPSI(0.05)
181,PLR-REAL-Political,0.620754716981132,0.8932725914468278,4.433962264150943,ST-GBR-EPSI(0.05)
182,PLR-REAL-Political,0.6459119496855346,1.0069921304852274,4.386792452830188,ST-GBR-EPSI(0.05)
183,PLR-REAL-Political,0.6336507936507937,0.8447676031253027,4.380952380952381,ST-GBR-EPSI(0.05)
184,PLR-REAL-Political,0.6476190476190476,1.0050166738785211,4.3238095238095235,ST-GBR-EPSI(0.05)
185,PLR-REAL-Political,0.633015873015873,0.934114527897301,4.3619047619047615,ST-GBR-EPSI(0.05)
186,PLR-REAL-Political,0.6514285714285714,1.056621702063554,4.4,ST-GBR-EPSI(0.05)
187,PLR-REAL-Political,0.6622222222222222,1.0067773879645805,4.266666666666667,ST-GBR-EPSI(0.05)
188,PLR-REAL-Political,0.6717460317460318,1.002728952862027,4.304761904761905,ST-GBR-EPSI(0.05)
189,PLR-REAL-Political,0.6882539682539682,1.0224200320691783,4.276190476190476,ST-GBR-EPSI(0.05)
190,PLR-REAL-Political,0.6836477987421384,1.0819865214918623,4.39622641509434,ST-GBR-EPSI(0.05)
191,PLR-REAL-Political,0.6528301886792454,0.9058553791204756,4.3584905660377355,ST-GBR-EPSI(0.05)
192,PLR-REAL-Political,0.6389937106918239,0.9397200841553923,4.254716981132075,ST-GBR-EPSI(0.05)
193,PLR-REAL-Political,0.6704761904761904,1.0001932545093057,4.180952380952381,ST-GBR-EPSI(0.05)
194,PLR-REAL-Political,0.6082539682539683,0.997770061569348,4.3619047619047615,ST-GBR-EPSI(0.05)
195,PLR-REAL-Political,0.6628571428571429,0.9436119913211567,4.180952380952381,ST-GBR-EPSI(0.05)
196,PLR-REAL-Political,0.6653968253968254,0.881449981941654,4.3428571428571425,ST-GBR-EPSI(0.05)
197,PLR-REAL-Political,0.6603174603174603,0.8195497025947966,4.457142857142857,ST-GBR-EPSI(0.05)
198,PLR-REAL-Political,0.6361904761904762,0.9803177690713988,4.171428571428572,ST-GBR-EPSI(0.05)
199,PLR-REAL-Political,0.6590476190476191,1.0151030836271644,4.40952380952381,ST-GBR-EPSI(0.05)
200,PLR-REAL-Political,0.6786163522012577,0.9857901635766924,3.7830188679245285,ST-GBR-EPSI(0.07)
201,PLR-REAL-Political,0.6522012578616352,1.0030250452910563,3.707547169811321,ST-GBR-EPSI(0.07)
202,PLR-REAL-Political,0.6654088050314464,0.8147431601588476,3.849056603773585,ST-GBR-EPSI(0.07)
203,PLR-REAL-Political,0.671111111111111,0.814492995958008,3.7142857142857144,ST-GBR-EPSI(0.07)
204,PLR-REAL-Political,0.6736507936507936,0.8027549848904049,3.8476190476190477,ST-GBR-EPSI(0.07)
205,PLR-REAL-Political,0.6831746031746033,0.8341158108916089,3.7333333333333334,ST-GBR-EPSI(0.07)
206,PLR-REAL-Political,0.6863492063492063,1.0176160905056084,3.942857142857143,ST-GBR-EPSI(0.07)
207,PLR-REAL-Political,0.6304761904761904,0.8349693928117561,3.761904761904762,ST-GBR-EPSI(0.07)
208,PLR-REAL-Political,0.6952380952380952,0.8538675630152329,3.7904761904761903,ST-GBR-EPSI(0.07)
209,PLR-REAL-Political,0.6971428571428572,0.760840307403764,3.7333333333333334,ST-GBR-EPSI(0.07)
210,PLR-REAL-Political,0.6471698113207547,0.9150601189184505,3.650943396226415,ST-GBR-EPSI(0.07)
211,PLR-REAL-Political,0.6427672955974842,0.8199884688634037,3.830188679245283,ST-GBR-EPSI(0.07)
212,PLR-REAL-Political,0.6735849056603774,0.8283776716517613,3.7830188679245285,ST-GBR-EPSI(0.07)
213,PLR-REAL-Political,0.646984126984127,0.8324910805055418,3.8190476190476192,ST-GBR-EPSI(0.07)
214,PLR-REAL-Political,0.6825396825396824,0.8443791540549823,3.6952380952380954,ST-GBR-EPSI(0.07)
215,PLR-REAL-Political,0.6596825396825398,0.8313612602193584,3.7142857142857144,ST-GBR-EPSI(0.07)
216,PLR-REAL-Political,0.6793650793650792,0.9248890838260592,3.8666666666666667,ST-GBR-EPSI(0.07)
217,PLR-REAL-Political,0.6793650793650793,1.020952559025976,3.8285714285714287,ST-GBR-EPSI(0.07)
218,PLR-REAL-Political,0.6717460317460318,0.9693138986680493,3.8666666666666667,ST-GBR-EPSI(0.07)
219,PLR-REAL-Political,0.6698412698412698,0.8199040667674954,3.723809523809524,ST-GBR-EPSI(0.07)
220,PLR-REAL-Political,0.6666666666666664,0.9891057707261386,3.69811320754717,ST-GBR-EPSI(0.07)
221,PLR-REAL-Political,0.6679245283018869,0.9477052572933085,3.792452830188679,ST-GBR-EPSI(0.07)
222,PLR-REAL-Political,0.6761006289308176,0.9045989199494682,3.8207547169811322,ST-GBR-EPSI(0.07)
223,PLR-REAL-Political,0.6444444444444444,0.8245222970007658,3.857142857142857,ST-GBR-EPSI(0.07)
224,PLR-REAL-Political,0.6952380952380953,0.9592438301190174,3.8190476190476192,ST-GBR-EPSI(0.07)
225,PLR-REAL-Political,0.6717460317460318,1.009876693818748,3.7142857142857144,ST-GBR-EPSI(0.07)
226,PLR-REAL-Political,0.660952380952381,1.0020761428291338,3.723809523809524,ST-GBR-EPSI(0.07)
227,PLR-REAL-Political,0.6590476190476191,1.035322485927279,3.7714285714285714,ST-GBR-EPSI(0.07)
228,PLR-REAL-Political,0.6723809523809523,1.0189520695261034,3.8095238095238093,ST-GBR-EPSI(0.07)
229,PLR-REAL-Political,0.6806349206349207,0.8692910599979031,3.780952380952381,ST-GBR-EPSI(0.07)
230,PLR-REAL-Political,0.6396226415094338,0.8087460056645543,3.849056603773585,ST-GBR-EPSI(0.07)
231,PLR-REAL-Political,0.6459119496855348,0.9806859352447168,3.9150943396226414,ST-GBR-EPSI(0.07)
232,PLR-REAL-Political,0.6704402515723269,1.0090205973777602,3.8207547169811322,ST-GBR-EPSI(0.07)
233,PLR-REAL-Political,0.6476190476190476,0.9115517906117956,3.8,ST-GBR-EPSI(0.07)
234,PLR-REAL-Political,0.6780952380952381,0.895059494150289,3.780952380952381,ST-GBR-EPSI(0.07)
235,PLR-REAL-Political,0.6584126984126983,0.947638702171145,3.7333333333333334,ST-GBR-EPSI(0.07)
236,PLR-REAL-Political,0.6622222222222222,1.071751617261909,3.7333333333333334,ST-GBR-EPSI(0.07)
237,PLR-REAL-Political,0.6780952380952381,1.0051427158456776,3.6857142857142855,ST-GBR-EPSI(0.07)
238,PLR-REAL-Political,0.6907936507936507,0.913202922385183,3.8095238095238093,ST-GBR-EPSI(0.07)
239,PLR-REAL-Political,0.6933333333333334,0.9660113741599534,3.8095238095238093,ST-GBR-EPSI(0.07)
240,PLR-REAL-Political,0.6930817610062894,0.8940363148806779,3.839622641509434,ST-GBR-EPSI(0.07)
241,PLR-REAL-Political,0.6761006289308177,0.9120322578797777,3.7830188679245285,ST-GBR-EPSI(0.07)
242,PLR-REAL-Political,0.6679245283018868,1.0016837334198785,3.80188679245283,ST-GBR-EPSI(0.07)
243,PLR-REAL-Political,0.7015873015873016,0.9082719064119059,3.761904761904762,ST-GBR-EPSI(0.07)
244,PLR-REAL-Political,0.6387301587301586,0.9954413067720708,3.657142857142857,ST-GBR-EPSI(0.07)
245,PLR-REAL-Political,0.6742857142857143,1.004493781264122,3.7714285714285714,ST-GBR-EPSI(0.07)
246,PLR-REAL-Political,0.6933333333333331,1.0014531949991834,3.7714285714285714,ST-GBR-EPSI(0.07)
247,PLR-REAL-Political,0.6736507936507936,0.8217117036295015,3.8857142857142857,ST-GBR-EPSI(0.07)
248,PLR-REAL-Political,0.6520634920634919,0.9728995515826926,3.7523809523809524,ST-GBR-EPSI(0.07)
249,PLR-REAL-Political,0.6888888888888889,0.9551443977024655,3.8190476190476192,ST-GBR-EPSI(0.07)
250,PLR-REAL-Political,0.6660377358490566,1.0066987623161843,3.3962264150943398,ST-GBR-EPSI(0.09)
251,PLR-REAL-Political,0.6710691823899371,1.02470930216116,3.292452830188679,ST-GBR-EPSI(0.09)
252,PLR-REAL-Political,0.669182389937107,0.829486990980412,3.2735849056603774,ST-GBR-EPSI(0.09)
253,PLR-REAL-Political,0.673015873015873,0.9133393002441909,3.2285714285714286,ST-GBR-EPSI(0.09)
254,PLR-REAL-Political,0.6768253968253969,0.8256360942142479,3.3714285714285714,ST-GBR-EPSI(0.09)
255,PLR-REAL-Political,0.6850793650793651,0.8315630494278631,3.380952380952381,ST-GBR-EPSI(0.09)
256,PLR-REAL-Political,0.7111111111111111,0.8917328287704009,3.323809523809524,ST-GBR-EPSI(0.09)
257,PLR-REAL-Political,0.6507936507936507,0.8141074990961694,3.2666666666666666,ST-GBR-EPSI(0.09)
258,PLR-REAL-Political,0.6971428571428571,0.8675159302806436,3.276190476190476,ST-GBR-EPSI(0.09)
259,PLR-REAL-Political,0.6933333333333334,0.8121749360638125,3.2476190476190476,ST-GBR-EPSI(0.09)
260,PLR-REAL-Political,0.6622641509433961,0.8700943305912704,3.2169811320754715,ST-GBR-EPSI(0.09)
261,PLR-REAL-Political,0.649056603773585,0.8422884628673277,3.4339622641509435,ST-GBR-EPSI(0.09)
262,PLR-REAL-Political,0.6723270440251573,0.8321257652856457,3.339622641509434,ST-GBR-EPSI(0.09)
263,PLR-REAL-Political,0.6342857142857142,0.8404372546710583,3.323809523809524,ST-GBR-EPSI(0.09)
264,PLR-REAL-Political,0.690793650793651,0.8340181867593126,3.257142857142857,ST-GBR-EPSI(0.09)
265,PLR-REAL-Political,0.6711111111111111,0.8044466154643313,3.1809523809523808,ST-GBR-EPSI(0.09)
266,PLR-REAL-Political,0.6907936507936507,0.8356399318456597,3.361904761904762,ST-GBR-EPSI(0.09)
267,PLR-REAL-Political,0.6907936507936507,0.8512278739291489,3.466666666666667,ST-GBR-EPSI(0.09)
268,PLR-REAL-Political,0.6914285714285714,1.015726666222069,3.2666666666666666,ST-GBR-EPSI(0.09)
269,PLR-REAL-Political,0.6844444444444444,0.8444734017606416,3.238095238095238,ST-GBR-EPSI(0.09)
270,PLR-REAL-Political,0.6691823899371068,0.9348946021673159,3.2641509433962264,ST-GBR-EPSI(0.09)
271,PLR-REAL-Political,0.6767295597484275,1.006919276028683,3.339622641509434,ST-GBR-EPSI(0.09)
272,PLR-REAL-Political,0.6754716981132074,0.865477638620812,3.330188679245283,ST-GBR-EPSI(0.09)
273,PLR-REAL-Political,0.6692063492063492,0.8234612189365778,3.342857142857143,ST-GBR-EPSI(0.09)
274,PLR-REAL-Political,0.6965079365079364,1.0133066805793196,3.361904761904762,ST-GBR-EPSI(0.09)
275,PLR-REAL-Political,0.6768253968253968,0.9747889860650791,3.2476190476190476,ST-GBR-EPSI(0.09)
276,PLR-REAL-Political,0.6780952380952381,0.836824891426551,3.295238095238095,ST-GBR-EPSI(0.09)
277,PLR-REAL-Political,0.6647619047619048,1.0278280652257374,3.380952380952381,ST-GBR-EPSI(0.09)
278,PLR-REAL-Political,0.6768253968253968,1.0222911324815298,3.342857142857143,ST-GBR-EPSI(0.09)
279,PLR-REAL-Political,0.6857142857142857,1.0079399081949634,3.447619047619048,ST-GBR-EPSI(0.09)
280,PLR-REAL-Political,0.6628930817610063,1.009703048560066,3.349056603773585,ST-GBR-EPSI(0.09)
281,PLR-REAL-Political,0.6641509433962265,0.8770354031619592,3.4150943396226414,ST-GBR-EPSI(0.09)
282,PLR-REAL-Political,0.6786163522012577,0.9217675275711362,3.3679245283018866,ST-GBR-EPSI(0.09)
283,PLR-REAL-Political,0.6584126984126983,0.8550177489234958,3.342857142857143,ST-GBR-EPSI(0.09)
284,PLR-REAL-Political,0.6863492063492063,1.0130891443374268,3.2476190476190476,ST-GBR-EPSI(0.09)
285,PLR-REAL-Political,0.6793650793650793,0.8377830940995942,3.219047619047619,ST-GBR-EPSI(0.09)
286,PLR-REAL-Political,0.6584126984126984,1.0580525162759182,3.276190476190476,ST-GBR-EPSI(0.09)
287,PLR-REAL-Political,0.6850793650793651,0.9124468336391607,3.3047619047619046,ST-GBR-EPSI(0.09)
288,PLR-REAL-Political,0.6888888888888889,1.0093852761944255,3.3714285714285714,ST-GBR-EPSI(0.09)
289,PLR-REAL-Political,0.6946031746031747,0.9303778351329001,3.3142857142857145,ST-GBR-EPSI(0.09)
290,PLR-REAL-Political,0.710691823899371,1.0699799845166775,3.3207547169811322,ST-GBR-EPSI(0.09)
291,PLR-REAL-Political,0.6761006289308177,1.002453874546706,3.30188679245283,ST-GBR-EPSI(0.09)
292,PLR-REAL-Political,0.6767295597484276,0.9854713750837234,3.3207547169811322,ST-GBR-EPSI(0.09)
293,PLR-REAL-Political,0.6984126984126984,0.9309120393239315,3.3333333333333335,ST-GBR-EPSI(0.09)
294,PLR-REAL-Political,0.6590476190476191,0.8570682664343203,3.276190476190476,ST-GBR-EPSI(0.09)
295,PLR-REAL-Political,0.6965079365079365,0.9732663685563805,3.4,ST-GBR-EPSI(0.09)
296,PLR-REAL-Political,0.7066666666666667,0.9348115201173302,3.2666666666666666,ST-GBR-EPSI(0.09)
297,PLR-REAL-Political,0.6698412698412697,0.81909010896921,3.3904761904761904,ST-GBR-EPSI(0.09)
298,PLR-REAL-Political,0.6634920634920636,1.0059419431407555,3.276190476190476,ST-GBR-EPSI(0.09)
299,PLR-REAL-Political,0.6838095238095238,1.0177120081309887,3.3142857142857145,ST-GBR-EPSI(0.09)
300,PLR-REAL-Political,0.659748427672956,1.0192233772683037,2.7547169811320753,ST-GBR-EPSI(0.12)
301,PLR-REAL-Political,0.6817610062893081,0.8472213711795654,2.6792452830188678,ST-GBR-EPSI(0.12)
302,PLR-REAL-Political,0.6440251572327043,0.7992036450963899,2.7452830188679247,ST-GBR-EPSI(0.12)
303,PLR-REAL-Political,0.6768253968253968,0.9466950335044843,2.7142857142857144,ST-GBR-EPSI(0.12)
304,PLR-REAL-Political,0.6501587301587302,0.7612936068343483,2.7142857142857144,ST-GBR-EPSI(0.12)
305,PLR-REAL-Political,0.6546031746031746,0.8414945114707424,2.704761904761905,ST-GBR-EPSI(0.12)
306,PLR-REAL-Political,0.6768253968253969,0.8855185184263211,2.6952380952380954,ST-GBR-EPSI(0.12)
307,PLR-REAL-Political,0.6298412698412698,0.8273799897533828,2.704761904761905,ST-GBR-EPSI(0.12)
308,PLR-REAL-Political,0.6622222222222222,0.8481254987277727,2.676190476190476,ST-GBR-EPSI(0.12)
309,PLR-REAL-Political,0.6952380952380952,0.8217647532259584,2.657142857142857,ST-GBR-EPSI(0.12)
310,PLR-REAL-Political,0.6427672955974842,0.8925170115828439,2.650943396226415,ST-GBR-EPSI(0.12)
311,PLR-REAL-Political,0.6383647798742137,0.7603280234055451,2.6792452830188678,ST-GBR-EPSI(0.12)
312,PLR-REAL-Political,0.6610062893081762,0.8408091186593539,2.7830188679245285,ST-GBR-EPSI(0.12)
313,PLR-REAL-Political,0.6247619047619047,0.7563779632771229,2.638095238095238,ST-GBR-EPSI(0.12)
314,PLR-REAL-Political,0.68,0.8435005265107346,2.638095238095238,ST-GBR-EPSI(0.12)
315,PLR-REAL-Political,0.6590476190476191,0.7225757960047821,2.638095238095238,ST-GBR-EPSI(0.12)
316,PLR-REAL-Political,0.6711111111111111,1.0069299717788882,2.8095238095238093,ST-GBR-EPSI(0.12)
317,PLR-REAL-Political,0.6711111111111111,1.0140399218765708,2.704761904761905,ST-GBR-EPSI(0.12)
318,PLR-REAL-Political,0.6711111111111111,0.954682139839727,2.657142857142857,ST-GBR-EPSI(0.12)
319,PLR-REAL-Political,0.6660317460317461,0.7585732399793159,2.7333333333333334,ST-GBR-EPSI(0.12)
320,PLR-REAL-Political,0.6635220125786163,0.7779693757644806,2.5849056603773586,ST-GBR-EPSI(0.12)
321,PLR-REAL-Political,0.669182389937107,0.8686429806441078,2.688679245283019,ST-GBR-EPSI(0.12)
322,PLR-REAL-Political,0.660377358490566,0.9582265828655685,2.7452830188679247,ST-GBR-EPSI(0.12)
323,PLR-REAL-Political,0.6692063492063492,0.9515834853797608,2.7142857142857144,ST-GBR-EPSI(0.12)
324,PLR-REAL-Political,0.6596825396825395,0.8988768089211845,2.6857142857142855,ST-GBR-EPSI(0.12)
325,PLR-REAL-Political,0.6450793650793651,1.0052336973632878,2.619047619047619,ST-GBR-EPSI(0.12)
326,PLR-REAL-Political,0.6565079365079364,1.0126847401787178,2.6857142857142855,ST-GBR-EPSI(0.12)
327,PLR-REAL-Political,0.6292063492063492,1.0516252217178912,2.657142857142857,ST-GBR-EPSI(0.12)
328,PLR-REAL-Political,0.674920634920635,0.9461273063966268,2.7714285714285714,ST-GBR-EPSI(0.12)
329,PLR-REAL-Political,0.6799999999999999,0.963307277474001,2.780952380952381,ST-GBR-EPSI(0.12)
330,PLR-REAL-Political,0.641509433962264,0.9177803480306633,2.660377358490566,ST-GBR-EPSI(0.12)
331,PLR-REAL-Political,0.6339622641509435,0.8451953419595752,2.7735849056603774,ST-GBR-EPSI(0.12)
332,PLR-REAL-Political,0.6698113207547169,0.9773845731547778,2.650943396226415,ST-GBR-EPSI(0.12)
333,PLR-REAL-Political,0.6285714285714286,0.9982296198742506,2.638095238095238,ST-GBR-EPSI(0.12)
334,PLR-REAL-Political,0.6711111111111112,1.0149552048591488,2.6952380952380954,ST-GBR-EPSI(0.12)
335,PLR-REAL-Political,0.6736507936507935,0.9991635534745988,2.580952380952381,ST-GBR-EPSI(0.12)
336,PLR-REAL-Political,0.6507936507936507,0.8963278408352656,2.6857142857142855,ST-GBR-EPSI(0.12)
337,PLR-REAL-Political,0.6806349206349207,0.9008975251917704,2.704761904761905,ST-GBR-EPSI(0.12)
338,PLR-REAL-Political,0.6514285714285715,0.8335984027021246,2.7142857142857144,ST-GBR-EPSI(0.12)
339,PLR-REAL-Political,0.6876190476190475,0.9785648526773874,2.704761904761905,ST-GBR-EPSI(0.12)
340,PLR-REAL-Political,0.689937106918239,1.0716916191211348,2.707547169811321,ST-GBR-EPSI(0.12)
341,PLR-REAL-Political,0.6672955974842769,0.9387990226863258,2.556603773584906,ST-GBR-EPSI(0.12)
342,PLR-REAL-Political,0.6597484276729562,1.0037851214158007,2.6792452830188678,ST-GBR-EPSI(0.12)
343,PLR-REAL-Political,0.6539682539682539,0.8332906513409797,2.6857142857142855,ST-GBR-EPSI(0.12)
344,PLR-REAL-Political,0.6533333333333333,0.909293621394012,2.7142857142857144,ST-GBR-EPSI(0.12)
345,PLR-REAL-Political,0.6755555555555555,0.9972613475766102,2.780952380952381,ST-GBR-EPSI(0.12)
346,PLR-REAL-Political,0.6755555555555556,0.9885694150573392,2.619047619047619,ST-GBR-EPSI(0.12)
347,PLR-REAL-Political,0.6260317460317459,0.8140149881973411,2.742857142857143,ST-GBR-EPSI(0.12)
348,PLR-REAL-Political,0.6419047619047619,1.0200522227182098,2.580952380952381,ST-GBR-EPSI(0.12)
349,PLR-REAL-Political,0.6552380952380952,1.010088376957201,2.5904761904761906,ST-GBR-EPSI(0.12)
350,PLR-REAL-Political,0.6440251572327044,0.8266836524684075,2.339622641509434,ST-GBR-EPSI(0.14)
351,PLR-REAL-Political,0.6496855345911949,1.0167830952836499,2.330188679245283,ST-GBR-EPSI(0.14)
352,PLR-REAL-Political,0.6283018867924528,0.8276839566323799,2.3867924528301887,ST-GBR-EPSI(0.14)
353,PLR-REAL-Political,0.6615873015873016,0.9677998056101158,2.342857142857143,ST-GBR-EPSI(0.14)
354,PLR-REAL-Political,0.6152380952380951,0.7579390780191532,2.2666666666666666,ST-GBR-EPSI(0.14)
355,PLR-REAL-Political,0.6158730158730159,0.8374075491829616,2.3333333333333335,ST-GBR-EPSI(0.14)
356,PLR-REAL-Political,0.6146031746031746,1.0141749805658136,2.323809523809524,ST-GBR-EPSI(0.14)
357,PLR-REAL-Political,0.6120634920634921,0.8334798302876691,2.3047619047619046,ST-GBR-EPSI(0.14)
358,PLR-REAL-Political,0.6361904761904763,0.8778585759472902,2.295238095238095,ST-GBR-EPSI(0.14)
359,PLR-REAL-Political,0.6819047619047619,0.8391501279267455,2.3333333333333335,ST-GBR-EPSI(0.14)
360,PLR-REAL-Political,0.6056603773584905,0.9282181748227335,2.311320754716981,ST-GBR-EPSI(0.14)
361,PLR-REAL-Political,0.6119496855345912,0.8342289231064638,2.2641509433962264,ST-GBR-EPSI(0.14)
362,PLR-REAL-Political,0.6333333333333333,0.82985443242674,2.3962264150943398,ST-GBR-EPSI(0.14)
363,PLR-REAL-Political,0.5993650793650794,0.8260756356524465,2.295238095238095,ST-GBR-EPSI(0.14)
364,PLR-REAL-Political,0.6355555555555555,0.8412450300349025,2.2857142857142856,ST-GBR-EPSI(0.14)
365,PLR-REAL-Political,0.633015873015873,0.7477432448997274,2.295238095238095,ST-GBR-EPSI(0.14)
366,PLR-REAL-Political,0.6444444444444445,0.860428596126491,2.5238095238095237,ST-GBR-EPSI(0.14)
367,PLR-REAL-Political,0.620952380952381,0.9246166354266203,2.2,ST-GBR-EPSI(0.14)
368,PLR-REAL-Political,0.636190476190476,0.8419185835881927,2.2666666666666666,ST-GBR-EPSI(0.14)
369,PLR-REAL-Political,0.6558730158730159,0.7800403671792445,2.3333333333333335,ST-GBR-EPSI(0.14)
370,PLR-REAL-Political,0.6276729559748426,0.8295572396843545,2.2735849056603774,ST-GBR-EPSI(0.14)
371,PLR-REAL-Political,0.6383647798742139,0.8772241278807943,2.330188679245283,ST-GBR-EPSI(0.14)
372,PLR-REAL-Political,0.5955974842767296,0.8767769000337444,2.3679245283018866,ST-GBR-EPSI(0.14)
373,PLR-REAL-Political,0.6387301587301587,0.8902603106509906,2.3333333333333335,ST-GBR-EPSI(0.14)
374,PLR-REAL-Political,0.6253968253968253,0.9872113748783723,2.3523809523809525,ST-GBR-EPSI(0.14)
375,PLR-REAL-Political,0.6184126984126984,0.9207732134697634,2.323809523809524,ST-GBR-EPSI(0.14)
376,PLR-REAL-Political,0.627936507936508,1.0057818118995057,2.3333333333333335,ST-GBR-EPSI(0.14)
377,PLR-REAL-Political,0.5568253968253968,1.0411923488423835,2.1809523809523808,ST-GBR-EPSI(0.14)
378,PLR-REAL-Political,0.626031746031746,0.8407229850122352,2.361904761904762,ST-GBR-EPSI(0.14)
379,PLR-REAL-Political,0.6425396825396825,0.8337303211298621,2.380952380952381,ST-GBR-EPSI(0.14)
380,PLR-REAL-Political,0.5993710691823899,1.0137563929300368,2.2641509433962264,ST-GBR-EPSI(0.14)
381,PLR-REAL-Political,0.5968553459119498,0.8546519582426481,2.3773584905660377,ST-GBR-EPSI(0.14)
382,PLR-REAL-Political,0.6358490566037736,0.8984521273790557,2.2830188679245285,ST-GBR-EPSI(0.14)
383,PLR-REAL-Political,0.5961904761904762,1.0094052567280032,2.2666666666666666,ST-GBR-EPSI(0.14)
384,PLR-REAL-Political,0.64,1.0072684270263106,2.323809523809524,ST-GBR-EPSI(0.14)
385,PLR-REAL-Political,0.6526984126984127,1.0104785727453645,2.342857142857143,ST-GBR-EPSI(0.14)
386,PLR-REAL-Political,0.6019047619047619,1.0405719828954294,2.295238095238095,ST-GBR-EPSI(0.14)
387,PLR-REAL-Political,0.6463492063492063,0.9598193719119472,2.323809523809524,ST-GBR-EPSI(0.14)
388,PLR-REAL-Political,0.6431746031746032,0.820804941438007,2.361904761904762,ST-GBR-EPSI(0.14)
389,PLR-REAL-Political,0.6546031746031746,0.7995507503229682,2.3333333333333335,ST-GBR-EPSI(0.14)
390,PLR-REAL-Political,0.6578616352201258,1.0880104586213297,2.358490566037736,ST-GBR-EPSI(0.14)
391,PLR-REAL-Political,0.6477987421383649,0.8273748788209657,2.2735849056603774,ST-GBR-EPSI(0.14)
392,PLR-REAL-Political,0.6371069182389937,0.9143204162130315,2.3867924528301887,ST-GBR-EPSI(0.14)
393,PLR-REAL-Political,0.6323809523809525,0.7744554476124479,2.3523809523809525,ST-GBR-EPSI(0.14)
394,PLR-REAL-Political,0.6184126984126984,1.0064118289430122,2.323809523809524,ST-GBR-EPSI(0.14)
395,PLR-REAL-Political,0.626031746031746,0.9156354977621105,2.3904761904761904,ST-GBR-EPSI(0.14)
396,PLR-REAL-Political,0.638095238095238,0.9469838116462692,2.238095238095238,ST-GBR-EPSI(0.14)
397,PLR-REAL-Political,0.5714285714285714,0.8262601578666254,2.342857142857143,ST-GBR-EPSI(0.14)
398,PLR-REAL-Political,0.6082539682539683,0.921553824533638,2.2857142857142856,ST-GBR-EPSI(0.14)
399,PLR-REAL-Political,0.6228571428571428,0.9847761890142847,2.2666666666666666,ST-GBR-EPSI(0.14)
400,PLR-REAL-Political,0.5855345911949684,0.8253897646616519,2.056603773584906,ST-GBR-EPSI(0.16)
401,PLR-REAL-Political,0.6081761006289308,1.0137576680637175,2.0943396226415096,ST-GBR-EPSI(0.16)
402,PLR-REAL-Political,0.5691823899371069,0.7754251600929577,2.0754716981132075,ST-GBR-EPSI(0.16)
403,PLR-REAL-Political,0.6031746031746033,1.0163871376848803,2.066666666666667,ST-GBR-EPSI(0.16)
404,PLR-REAL-Political,0.5631746031746032,0.8120149410502715,2.0095238095238095,ST-GBR-EPSI(0.16)
405,PLR-REAL-Political,0.5726984126984127,0.8317989900511401,2.019047619047619,ST-GBR-EPSI(0.16)
406,PLR-REAL-Political,0.5390476190476191,1.0230599300225933,1.9619047619047618,ST-GBR-EPSI(0.16)
407,PLR-REAL-Political,0.579047619047619,0.7582876968237471,2.0285714285714285,ST-GBR-EPSI(0.16)
408,PLR-REAL-Political,0.5885714285714286,1.0515086783030818,2.038095238095238,ST-GBR-EPSI(0.16)
409,PLR-REAL-Political,0.6152380952380954,0.8019125146798413,2.0095238095238095,ST-GBR-EPSI(0.16)
410,PLR-REAL-Political,0.5635220125786163,0.8770302030296132,2.0283018867924527,ST-GBR-EPSI(0.16)
411,PLR-REAL-Political,0.5610062893081761,0.81083040449016,1.9150943396226414,ST-GBR-EPSI(0.16)
412,PLR-REAL-Political,0.5742138364779874,0.8257638186209251,2.0283018867924527,ST-GBR-EPSI(0.16)
413,PLR-REAL-Political,0.5434920634920635,0.8350813126376049,2.0285714285714285,ST-GBR-EPSI(0.16)
414,PLR-REAL-Political,0.5961904761904762,0.8391207194198173,2.0476190476190474,ST-GBR-EPSI(0.16)
415,PLR-REAL-Political,0.6088888888888888,0.8302425877949319,2.0476190476190474,ST-GBR-EPSI(0.16)
416,PLR-REAL-Political,0.587936507936508,0.9024113902216953,2.085714285714286,ST-GBR-EPSI(0.16)
417,PLR-REAL-Political,0.579047619047619,0.8233159010750365,1.9428571428571428,ST-GBR-EPSI(0.16)
418,PLR-REAL-Political,0.5809523809523809,0.8341634248833245,2.0285714285714285,ST-GBR-EPSI(0.16)
419,PLR-REAL-Political,0.5961904761904762,0.8324255792400227,2.057142857142857,ST-GBR-EPSI(0.16)
420,PLR-REAL-Political,0.5742138364779874,0.7715336156172476,1.9811320754716981,ST-GBR-EPSI(0.16)
421,PLR-REAL-Political,0.579874213836478,0.9149757015231028,1.971698113207547,ST-GBR-EPSI(0.16)
422,PLR-REAL-Political,0.570440251572327,0.8431949677413404,2.0754716981132075,ST-GBR-EPSI(0.16)
423,PLR-REAL-Political,0.6082539682539683,0.9182219298206116,2.038095238095238,ST-GBR-EPSI(0.16)
424,PLR-REAL-Political,0.5676190476190476,0.822392874043588,2.0095238095238095,ST-GBR-EPSI(0.16)
425,PLR-REAL-Political,0.579047619047619,0.8344995718644765,2.057142857142857,ST-GBR-EPSI(0.16)
426,PLR-REAL-Political,0.5758730158730159,1.011578395489994,2.085714285714286,ST-GBR-EPSI(0.16)
427,PLR-REAL-Political,0.5073015873015873,1.0333170994702272,1.9142857142857144,ST-GBR-EPSI(0.16)
428,PLR-REAL-Political,0.5961904761904762,0.8360340533913743,2.038095238095238,ST-GBR-EPSI(0.16)
429,PLR-REAL-Political,0.6107936507936507,0.8368926167939711,2.085714285714286,ST-GBR-EPSI(0.16)
430,PLR-REAL-Political,0.5635220125786164,1.005118880796598,1.9811320754716981,ST-GBR-EPSI(0.16)
431,PLR-REAL-Political,0.5584905660377358,0.8264131430459071,2.0849056603773586,ST-GBR-EPSI(0.16)
432,PLR-REAL-Political,0.5930817610062893,0.9650268332720419,2.009433962264151,ST-GBR-EPSI(0.16)
433,PLR-REAL-Political,0.5441269841269842,1.002883988094218,1.980952380952381,ST-GBR-EPSI(0.16)
434,PLR-REAL-Political,0.6,0.9345088787076762,1.980952380952381,ST-GBR-EPSI(0.16)
435,PLR-REAL-Political,0.6120634920634921,1.012819600732165,2.057142857142857,ST-GBR-EPSI(0.16)
436,PLR-REAL-Political,0.5580952380952381,0.9435473110737382,2.038095238095238,ST-GBR-EPSI(0.16)
437,PLR-REAL-Political,0.580952380952381,0.9606000779850747,2.019047619047619,ST-GBR-EPSI(0.16)
438,PLR-REAL-Political,0.5828571428571429,0.8338368238404409,2.085714285714286,ST-GBR-EPSI(0.16)
439,PLR-REAL-Political,0.5993650793650793,0.8502904677691074,2.0285714285714285,ST-GBR-EPSI(0.16)
440,PLR-REAL-Political,0.5899371069182389,1.07456661790686,2.0943396226415096,ST-GBR-EPSI(0.16)
441,PLR-REAL-Political,0.6088050314465409,0.9039621866668196,2.0377358490566038,ST-GBR-EPSI(0.16)
442,PLR-REAL-Political,0.5823899371069182,0.869714915280895,2.0754716981132075,ST-GBR-EPSI(0.16)
443,PLR-REAL-Political,0.6031746031746031,0.8313948112341464,2.0952380952380953,ST-GBR-EPSI(0.16)
444,PLR-REAL-Political,0.5657142857142857,1.0149223817877349,2.0285714285714285,ST-GBR-EPSI(0.16)
445,PLR-REAL-Political,0.6006349206349206,0.9984169617258296,2.1619047619047618,ST-GBR-EPSI(0.16)
446,PLR-REAL-Political,0.5784126984126984,0.8339828082478656,1.9428571428571428,ST-GBR-EPSI(0.16)
447,PLR-REAL-Political,0.5307936507936508,0.803454569697762,2.0285714285714285,ST-GBR-EPSI(0.16)
448,PLR-REAL-Political,0.5536507936507936,0.8510012286211809,1.9714285714285715,ST-GBR-EPSI(0.16)
449,PLR-REAL-Political,0.5752380952380953,1.004126973972383,1.9904761904761905,ST-GBR-EPSI(0.16)
450,PLR-REAL-Political,0.5037735849056604,0.8289146324941913,1.7547169811320755,ST-GBR-EPSI(0.18)
451,PLR-REAL-Political,0.5704402515723271,0.9377488059454452,1.8679245283018868,ST-GBR-EPSI(0.18)
452,PLR-REAL-Political,0.5283018867924528,0.8318349187987575,1.849056603773585,ST-GBR-EPSI(0.18)
453,PLR-REAL-Political,0.5466666666666666,1.0094381729307607,1.8,ST-GBR-EPSI(0.18)
454,PLR-REAL-Political,0.513015873015873,0.8303756921006729,1.8,ST-GBR-EPSI(0.18)
455,PLR-REAL-Political,0.5155555555555555,0.796356650252032,1.8095238095238095,ST-GBR-EPSI(0.18)
456,PLR-REAL-Political,0.48000000000000004,0.8361609413202346,1.7714285714285714,ST-GBR-EPSI(0.18)
457,PLR-REAL-Political,0.5504761904761906,0.8259531113630038,1.8857142857142857,ST-GBR-EPSI(0.18)
458,PLR-REAL-Political,0.533968253968254,0.9264518480946565,1.7714285714285714,ST-GBR-EPSI(0.18)
459,PLR-REAL-Political,0.5650793650793651,0.8268866828549419,1.8,ST-GBR-EPSI(0.18)
460,PLR-REAL-Political,0.5138364779874214,0.8380679590905648,1.830188679245283,ST-GBR-EPSI(0.18)
461,PLR-REAL-Political,0.5037735849056604,0.7515486093623361,1.7169811320754718,ST-GBR-EPSI(0.18)
462,PLR-REAL-Political,0.49937106918239,0.8414036552624732,1.7924528301886793,ST-GBR-EPSI(0.18)
463,PLR-REAL-Political,0.5003174603174604,0.8384539671118596,1.838095238095238,ST-GBR-EPSI(0.18)
464,PLR-REAL-Political,0.5504761904761905,0.7918484001069046,1.838095238095238,ST-GBR-EPSI(0.18)
465,PLR-REAL-Political,0.5701587301587302,0.8227318361757732,1.7809523809523808,ST-GBR-EPSI(0.18)
466,PLR-REAL-Political,0.5358730158730158,0.8703897260230339,1.7619047619047619,ST-GBR-EPSI(0.18)
467,PLR-REAL-Political,0.5301587301587302,0.8290434200267573,1.7333333333333334,ST-GBR-EPSI(0.18)
468,PLR-REAL-Political,0.5117460317460317,0.8544301326562234,1.8095238095238095,ST-GBR-EPSI(0.18)
469,PLR-REAL-Political,0.5606349206349206,0.8272098267393411,1.838095238095238,ST-GBR-EPSI(0.18)
470,PLR-REAL-Political,0.5358490566037737,0.8245354660845183,1.8018867924528301,ST-GBR-EPSI(0.18)
471,PLR-REAL-Political,0.5226415094339624,0.8589353417517793,1.7735849056603774,ST-GBR-EPSI(0.18)
472,PLR-REAL-Political,0.509433962264151,1.0067954466898361,1.8396226415094339,ST-GBR-EPSI(0.18)
473,PLR-REAL-Political,0.5828571428571429,0.8954012021093315,1.8285714285714285,ST-GBR-EPSI(0.18)
474,PLR-REAL-Political,0.5066666666666666,0.8235014838580681,1.7809523809523808,ST-GBR-EPSI(0.18)
475,PLR-REAL-Political,0.5333333333333334,0.9562615914943411,1.838095238095238,ST-GBR-EPSI(0.18)
476,PLR-REAL-Political,0.5276190476190477,0.972477201274842,1.8476190476190477,ST-GBR-EPSI(0.18)
477,PLR-REAL-Political,0.4546031746031746,1.0173117569064507,1.7047619047619047,ST-GBR-EPSI(0.18)
478,PLR-REAL-Political,0.5396825396825398,0.8301465606527868,1.7333333333333334,ST-GBR-EPSI(0.18)
479,PLR-REAL-Political,0.5466666666666667,0.8303532391328579,1.819047619047619,ST-GBR-EPSI(0.18)
480,PLR-REAL-Political,0.5176100628930819,1.0074552625512787,1.7264150943396226,ST-GBR-EPSI(0.18)
481,PLR-REAL-Political,0.5000000000000001,0.8459490265490767,1.8113207547169812,ST-GBR-EPSI(0.18)
482,PLR-REAL-Political,0.5364779874213836,1.0073255630462006,1.7641509433962264,ST-GBR-EPSI(0.18)
483,PLR-REAL-Political,0.500952380952381,1.0093133358934796,1.7714285714285714,ST-GBR-EPSI(0.18)
484,PLR-REAL-Political,0.5441269841269842,1.0174483781237793,1.7904761904761906,ST-GBR-EPSI(0.18)
485,PLR-REAL-Political,0.5746031746031747,1.0317551615535139,1.819047619047619,ST-GBR-EPSI(0.18)
486,PLR-REAL-Political,0.4996825396825396,0.8452145941748821,1.7809523809523808,ST-GBR-EPSI(0.18)
487,PLR-REAL-Political,0.5396825396825398,0.8251384100396771,1.8095238095238095,ST-GBR-EPSI(0.18)
488,PLR-REAL-Political,0.5238095238095238,0.8182861476310571,1.8,ST-GBR-EPSI(0.18)
489,PLR-REAL-Political,0.52,0.8306933866043223,1.7619047619047619,ST-GBR-EPSI(0.18)
490,PLR-REAL-Political,0.5075471698113208,1.0702079270260565,1.7924528301886793,ST-GBR-EPSI(0.18)
491,PLR-REAL-Political,0.5528301886792454,0.9429661827795168,1.830188679245283,ST-GBR-EPSI(0.18)
492,PLR-REAL-Political,0.5364779874213838,0.8301651219050611,1.830188679245283,ST-GBR-EPSI(0.18)
493,PLR-REAL-Political,0.5479365079365079,0.8220331102256632,1.8571428571428572,ST-GBR-EPSI(0.18)
494,PLR-REAL-Political,0.5326984126984128,1.0030021042387813,1.7904761904761906,ST-GBR-EPSI(0.18)
495,PLR-REAL-Political,0.5466666666666667,0.8952464249496775,1.8571428571428572,ST-GBR-EPSI(0.18)
496,PLR-REAL-Political,0.513015873015873,0.8138539273596408,1.7428571428571429,ST-GBR-EPSI(0.18)
497,PLR-REAL-Political,0.5098412698412699,0.7354941312220593,1.7904761904761906,ST-GBR-EPSI(0.18)
498,PLR-REAL-Political,0.5117460317460318,0.8112191537564133,1.8,ST-GBR-EPSI(0.18)
499,PLR-REAL-Political,0.5104761904761904,0.9582612079732283,1.7619047619047619,ST-GBR-EPSI(0.18)
500,PLR-REAL-Political,0.43333333333333335,0.7570388060597171,1.5377358490566038,ST-GBR-EPSI(0.2)
501,PLR-REAL-Political,0.5276729559748428,0.8449220183156774,1.5943396226415094,ST-GBR-EPSI(0.2)
502,PLR-REAL-Political,0.45220125786163523,0.8116349173543522,1.6132075471698113,ST-GBR-EPSI(0.2)
503,PLR-REAL-Political,0.5066666666666667,1.010910782597322,1.6,ST-GBR-EPSI(0.2)
504,PLR-REAL-Political,0.46285714285714286,0.8194839766643953,1.5904761904761904,ST-GBR-EPSI(0.2)
505,PLR-REAL-Political,0.4615873015873016,0.7670158542374795,1.6571428571428573,ST-GBR-EPSI(0.2)
506,PLR-REAL-Political,0.43238095238095237,0.8387804652674017,1.5333333333333334,ST-GBR-EPSI(0.2)
507,PLR-REAL-Political,0.5117460317460317,0.8215383186577838,1.6666666666666667,ST-GBR-EPSI(0.2)
508,PLR-REAL-Political,0.48063492063492064,0.8386861830131833,1.6095238095238096,ST-GBR-EPSI(0.2)
509,PLR-REAL-Political,0.513015873015873,0.8783593717520956,1.6,ST-GBR-EPSI(0.2)
510,PLR-REAL-Political,0.48238993710691824,0.8411226127901441,1.669811320754717,ST-GBR-EPSI(0.2)
511,PLR-REAL-Political,0.4672955974842768,0.8023789975438834,1.5849056603773586,ST-GBR-EPSI(0.2)
512,PLR-REAL-Political,0.4459119496855346,0.8300448203417864,1.6132075471698113,ST-GBR-EPSI(0.2)
513,PLR-REAL-Political,0.4323809523809524,0.8077423714803588,1.5904761904761904,ST-GBR-EPSI(0.2)
514,PLR-REAL-Political,0.4958730158730159,0.8825910689306434,1.6476190476190475,ST-GBR-EPSI(0.2)
515,PLR-REAL-Political,0.5168253968253969,0.7426379750326948,1.619047619047619,ST-GBR-EPSI(0.2)
516,PLR-REAL-Political,0.47047619047619055,0.8756481722485728,1.5238095238095237,ST-GBR-EPSI(0.2)
517,PLR-REAL-Political,0.4653968253968255,0.8367146495910958,1.542857142857143,ST-GBR-EPSI(0.2)
518,PLR-REAL-Political,0.47682539682539676,0.8300669944241325,1.6666666666666667,ST-GBR-EPSI(0.2)
519,PLR-REAL-Political,0.4933333333333334,0.8375688487415347,1.638095238095238,ST-GBR-EPSI(0.2)
520,PLR-REAL-Political,0.4836477987421384,0.81059683163212,1.650943396226415,ST-GBR-EPSI(0.2)
521,PLR-REAL-Political,0.46981132075471704,0.767259936472325,1.6320754716981132,ST-GBR-EPSI(0.2)
522,PLR-REAL-Political,0.4477987421383648,0.8747809851250864,1.5188679245283019,ST-GBR-EPSI(0.2)
523,PLR-REAL-Political,0.5244444444444445,1.0126213903861936,1.5714285714285714,ST-GBR-EPSI(0.2)
524,PLR-REAL-Political,0.4558730158730158,0.8128447133819308,1.5904761904761904,ST-GBR-EPSI(0.2)
525,PLR-REAL-Political,0.4926984126984127,0.9221427218588538,1.6,ST-GBR-EPSI(0.2)
526,PLR-REAL-Political,0.47047619047619044,0.8656015962318568,1.6,ST-GBR-EPSI(0.2)
527,PLR-REAL-Political,0.4152380952380953,1.0317526011594793,1.5523809523809524,ST-GBR-EPSI(0.2)
528,PLR-REAL-Political,0.48888888888888893,0.9989362722463712,1.5714285714285714,ST-GBR-EPSI(0.2)
529,PLR-REAL-Political,0.49396825396825395,0.8359638593207728,1.6095238095238096,ST-GBR-EPSI(0.2)
530,PLR-REAL-Political,0.4849056603773586,1.0091854403342708,1.5754716981132075,ST-GBR-EPSI(0.2)
531,PLR-REAL-Political,0.45094339622641505,0.8311413283856878,1.5660377358490567,ST-GBR-EPSI(0.2)
532,PLR-REAL-Political,0.48301886792452825,1.0094334191469296,1.5849056603773586,ST-GBR-EPSI(0.2)
533,PLR-REAL-Political,0.4444444444444445,0.8350211908116377,1.561904761904762,ST-GBR-EPSI(0.2)
534,PLR-REAL-Political,0.48063492063492075,0.9935506351539035,1.5523809523809524,ST-GBR-EPSI(0.2)
535,PLR-REAL-Political,0.5066666666666667,1.009649997820224,1.638095238095238,ST-GBR-EPSI(0.2)
536,PLR-REAL-Political,0.4596825396825396,0.828460598367829,1.6285714285714286,ST-GBR-EPSI(0.2)
537,PLR-REAL-Political,0.49714285714285716,0.8323005936539349,1.6095238095238096,ST-GBR-EPSI(0.2)
538,PLR-REAL-Political,0.47809523809523813,0.8140593624329097,1.5904761904761904,ST-GBR-EPSI(0.2)
539,PLR-REAL-Political,0.4425396825396825,0.8349944671234115,1.561904761904762,ST-GBR-EPSI(0.2)
540,PLR-REAL-Political,0.4647798742138365,1.0724865793439389,1.6132075471698113,ST-GBR-EPSI(0.2)
541,PLR-REAL-Political,0.4905660377358491,0.921387986271749,1.6132075471698113,ST-GBR-EPSI(0.2)
542,PLR-REAL-Political,0.48993710691823905,0.8227571493022631,1.669811320754717,ST-GBR-EPSI(0.2)
543,PLR-REAL-Political,0.49206349206349204,0.7756781165208038,1.6476190476190475,ST-GBR-EPSI(0.2)
544,PLR-REAL-Political,0.4895238095238095,1.002385439845699,1.5809523809523809,ST-GBR-EPSI(0.2)
545,PLR-REAL-Political,0.48126984126984124,1.0059130631164586,1.619047619047619,ST-GBR-EPSI(0.2)
546,PLR-REAL-Political,0.49904761904761913,0.8226491589752297,1.5904761904761904,ST-GBR-EPSI(0.2)
547,PLR-REAL-Political,0.42666666666666664,0.8337973233026189,1.5238095238095237,ST-GBR-EPSI(0.2)
548,PLR-REAL-Political,0.4653968253968254,0.8352470337232542,1.6666666666666667,ST-GBR-EPSI(0.2)
549,PLR-REAL-Political,0.44317460317460317,0.842630809128093,1.561904761904762,ST-GBR-EPSI(0.2)
550,PLR-REAL-Political,0.6018867924528302,1.9336924756499259,6.0,Chain-GBR-RR-EPSI(0.0)
551,PLR-REAL-Political,0.560377358490566,1.952272694589524,6.0,Chain-GBR-RR-EPSI(0.0)
552,PLR-REAL-Political,0.5811320754716981,1.933401704412225,6.0,Chain-GBR-RR-EPSI(0.0)
553,PLR-REAL-Political,0.5574603174603174,1.9252941367164917,6.0,Chain-GBR-RR-EPSI(0.0)
554,PLR-REAL-Political,0.5803174603174602,1.9226316454133412,6.0,Chain-GBR-RR-EPSI(0.0)
555,PLR-REAL-Political,0.5885714285714285,1.9297037606577383,6.0,Chain-GBR-RR-EPSI(0.0)
556,PLR-REAL-Political,0.6228571428571428,1.9515552296896295,6.0,Chain-GBR-RR-EPSI(0.0)
557,PLR-REAL-Political,0.5199999999999999,1.9170950214886784,6.0,Chain-GBR-RR-EPSI(0.0)
558,PLR-REAL-Political,0.5955555555555555,1.9273862594478883,6.0,Chain-GBR-RR-EPSI(0.0)
559,PLR-REAL-Political,0.587936507936508,1.9287492221943814,6.0,Chain-GBR-RR-EPSI(0.0)
560,PLR-REAL-Political,0.5654088050314465,1.931157740743356,6.0,Chain-GBR-RR-EPSI(0.0)
561,PLR-REAL-Political,0.5742138364779874,1.9288343223507909,6.0,Chain-GBR-RR-EPSI(0.0)
562,PLR-REAL-Political,0.6232704402515723,1.9231566702416454,6.0,Chain-GBR-RR-EPSI(0.0)
563,PLR-REAL-Political,0.5873015873015871,1.9253578704780647,6.0,Chain-GBR-RR-EPSI(0.0)
564,PLR-REAL-Political,0.5885714285714285,1.9274671262064966,6.0,Chain-GBR-RR-EPSI(0.0)
565,PLR-REAL-Political,0.5663492063492063,1.9212459023046633,6.0,Chain-GBR-RR-EPSI(0.0)
566,PLR-REAL-Political,0.5663492063492063,1.9235835130451049,6.0,Chain-GBR-RR-EPSI(0.0)
567,PLR-REAL-Political,0.5796825396825397,1.9325224565012233,6.0,Chain-GBR-RR-EPSI(0.0)
568,PLR-REAL-Political,0.5815873015873017,1.9250736423651713,6.0,Chain-GBR-RR-EPSI(0.0)
569,PLR-REAL-Political,0.5619047619047618,1.9226501900896338,6.0,Chain-GBR-RR-EPSI(0.0)
570,PLR-REAL-Political,0.5773584905660377,1.9256290434641978,6.0,Chain-GBR-RR-EPSI(0.0)
571,PLR-REAL-Political,0.5578616352201258,1.925160914794237,6.0,Chain-GBR-RR-EPSI(0.0)
572,PLR-REAL-Political,0.6056603773584905,1.9321665809588806,6.0,Chain-GBR-RR-EPSI(0.0)
573,PLR-REAL-Political,0.5365079365079364,1.924014303716042,6.0,Chain-GBR-RR-EPSI(0.0)
574,PLR-REAL-Political,0.6139682539682538,1.9169754835519393,6.0,Chain-GBR-RR-EPSI(0.0)
575,PLR-REAL-Political,0.5828571428571429,1.9228011052499085,6.0,Chain-GBR-RR-EPSI(0.0)
576,PLR-REAL-Political,0.5815873015873015,1.93106690035724,6.0,Chain-GBR-RR-EPSI(0.0)
577,PLR-REAL-Political,0.6247619047619047,1.9273965763290917,6.0,Chain-GBR-RR-EPSI(0.0)
578,PLR-REAL-Political,0.5733333333333333,1.9228617475113003,6.0,Chain-GBR-RR-EPSI(0.0)
579,PLR-REAL-Political,0.5676190476190476,1.924710321024381,6.0,Chain-GBR-RR-EPSI(0.0)
580,PLR-REAL-Political,0.5685534591194967,1.9257377129695845,6.0,Chain-GBR-RR-EPSI(0.0)
581,PLR-REAL-Political,0.5716981132075473,1.9378146408307917,6.0,Chain-GBR-RR-EPSI(0.0)
582,PLR-REAL-Political,0.5742138364779874,1.9239193340406675,6.0,Chain-GBR-RR-EPSI(0.0)
583,PLR-REAL-Political,0.5644444444444444,1.9271392398803022,6.0,Chain-GBR-RR-EPSI(0.0)
584,PLR-REAL-Political,0.5549206349206349,1.9275549782913324,6.0,Chain-GBR-RR-EPSI(0.0)
585,PLR-REAL-Political,0.5612698412698413,1.9263771239814116,6.0,Chain-GBR-RR-EPSI(0.0)
586,PLR-REAL-Political,0.6031746031746031,1.9229945954925147,6.0,Chain-GBR-RR-EPSI(0.0)
587,PLR-REAL-Political,0.5860317460317459,1.9217996238449402,6.0,Chain-GBR-RR-EPSI(0.0)
588,PLR-REAL-Political,0.6019047619047619,1.9238290404303062,6.0,Chain-GBR-RR-EPSI(0.0)
589,PLR-REAL-Political,0.6152380952380954,1.9257321155597857,6.0,Chain-GBR-RR-EPSI(0.0)
590,PLR-REAL-Political,0.6132075471698113,1.970248883365754,6.0,Chain-GBR-RR-EPSI(0.0)
591,PLR-REAL-Political,0.570440251572327,1.9187871630002182,6.0,Chain-GBR-RR-EPSI(0.0)
592,PLR-REAL-Political,0.5660377358490566,1.9174080146037884,6.0,Chain-GBR-RR-EPSI(0.0)
593,PLR-REAL-Political,0.5796825396825396,1.9181415767456789,6.0,Chain-GBR-RR-EPSI(0.0)
594,PLR-REAL-Political,0.5238095238095238,1.9168026745923998,6.0,Chain-GBR-RR-EPSI(0.0)
595,PLR-REAL-Political,0.5904761904761905,1.920573281945447,6.0,Chain-GBR-RR-EPSI(0.0)
596,PLR-REAL-Political,0.5942857142857143,1.9250904035221172,6.0,Chain-GBR-RR-EPSI(0.0)
597,PLR-REAL-Political,0.6006349206349206,1.9185841557809402,6.0,Chain-GBR-RR-EPSI(0.0)
598,PLR-REAL-Political,0.5568253968253968,1.9222506751037471,6.0,Chain-GBR-RR-EPSI(0.0)
599,PLR-REAL-Political,0.5841269841269842,1.9195267053794083,6.0,Chain-GBR-RR-EPSI(0.0)
600,PLR-REAL-Political,0.6157232704402515,1.929127614607303,5.566037735849057,Chain-GBR-RR-EPSI(0.01)
601,PLR-REAL-Political,0.5792452830188679,1.9523699011278153,5.547169811320755,Chain-GBR-RR-EPSI(0.01)
602,PLR-REAL-Political,0.6006289308176102,1.9392069732893795,5.566037735849057,Chain-GBR-RR-EPSI(0.01)
603,PLR-REAL-Political,0.5784126984126984,1.9295663619435877,5.6,Chain-GBR-RR-EPSI(0.01)
604,PLR-REAL-Political,0.5923809523809523,1.9212788736985111,5.647619047619048,Chain-GBR-RR-EPSI(0.01)
605,PLR-REAL-Political,0.5955555555555555,1.9281262774324126,5.704761904761905,Chain-GBR-RR-EPSI(0.01)
606,PLR-REAL-Political,0.6323809523809525,1.929426656305842,5.609523809523809,Chain-GBR-RR-EPSI(0.01)
607,PLR-REAL-Political,0.5390476190476191,1.9163679628691956,5.628571428571429,Chain-GBR-RR-EPSI(0.01)
608,PLR-REAL-Political,0.6044444444444443,1.9244917303545448,5.580952380952381,Chain-GBR-RR-EPSI(0.01)
609,PLR-REAL-Political,0.6095238095238096,1.9292592821592756,5.542857142857143,Chain-GBR-RR-EPSI(0.01)
610,PLR-REAL-Political,0.5830188679245284,1.9256108007384196,5.490566037735849,Chain-GBR-RR-EPSI(0.01)
611,PLR-REAL-Political,0.5886792452830188,1.9243407253963678,5.622641509433962,Chain-GBR-RR-EPSI(0.01)
612,PLR-REAL-Political,0.6371069182389937,1.9212436579141696,5.669811320754717,Chain-GBR-RR-EPSI(0.01)
613,PLR-REAL-Political,0.6012698412698412,1.9214339401956921,5.619047619047619,Chain-GBR-RR-EPSI(0.01)
614,PLR-REAL-Political,0.6063492063492064,1.927611285244354,5.533333333333333,Chain-GBR-RR-EPSI(0.01)
615,PLR-REAL-Political,0.5784126984126984,1.9210634517045075,5.704761904761905,Chain-GBR-RR-EPSI(0.01)
616,PLR-REAL-Political,0.5790476190476189,1.9244179204005654,5.6380952380952385,Chain-GBR-RR-EPSI(0.01)
617,PLR-REAL-Political,0.5974603174603175,1.9260009534873748,5.561904761904762,Chain-GBR-RR-EPSI(0.01)
618,PLR-REAL-Political,0.5917460317460317,1.9297318294197907,5.6380952380952385,Chain-GBR-RR-EPSI(0.01)
619,PLR-REAL-Political,0.5866666666666667,1.9209195263378416,5.561904761904762,Chain-GBR-RR-EPSI(0.01)
620,PLR-REAL-Political,0.5930817610062894,1.9266878652854424,5.679245283018868,Chain-GBR-RR-EPSI(0.01)
621,PLR-REAL-Political,0.5754716981132075,1.9232654724210754,5.547169811320755,Chain-GBR-RR-EPSI(0.01)
622,PLR-REAL-Political,0.6232704402515723,1.9565240427334212,5.566037735849057,Chain-GBR-RR-EPSI(0.01)
623,PLR-REAL-Political,0.5542857142857143,1.9174816385609958,5.6571428571428575,Chain-GBR-RR-EPSI(0.01)
624,PLR-REAL-Political,0.6228571428571428,1.9211988648092553,5.666666666666667,Chain-GBR-RR-EPSI(0.01)
625,PLR-REAL-Political,0.598095238095238,1.925455323808014,5.6571428571428575,Chain-GBR-RR-EPSI(0.01)
626,PLR-REAL-Political,0.591111111111111,1.9345204709414172,5.561904761904762,Chain-GBR-RR-EPSI(0.01)
627,PLR-REAL-Political,0.6374603174603175,1.938671799828249,5.561904761904762,Chain-GBR-RR-EPSI(0.01)
628,PLR-REAL-Political,0.5898412698412698,1.923458441685,5.666666666666667,Chain-GBR-RR-EPSI(0.01)
629,PLR-REAL-Political,0.5803174603174602,1.9231067055192188,5.6,Chain-GBR-RR-EPSI(0.01)
630,PLR-REAL-Political,0.580503144654088,1.921597995557005,5.69811320754717,Chain-GBR-RR-EPSI(0.01)
631,PLR-REAL-Political,0.5867924528301887,1.93983273162163,5.688679245283019,Chain-GBR-RR-EPSI(0.01)
632,PLR-REAL-Political,0.5918238993710692,1.9226920798903,5.547169811320755,Chain-GBR-RR-EPSI(0.01)
633,PLR-REAL-Political,0.5822222222222222,1.929956054774361,5.647619047619048,Chain-GBR-RR-EPSI(0.01)
634,PLR-REAL-Political,0.5663492063492064,1.9238249870700708,5.628571428571429,Chain-GBR-RR-EPSI(0.01)
635,PLR-REAL-Political,0.5752380952380952,1.9292293189965664,5.609523809523809,Chain-GBR-RR-EPSI(0.01)
636,PLR-REAL-Political,0.6114285714285714,1.9188075664090354,5.6571428571428575,Chain-GBR-RR-EPSI(0.01)
637,PLR-REAL-Political,0.6101587301587301,1.9215228683239898,5.523809523809524,Chain-GBR-RR-EPSI(0.01)
638,PLR-REAL-Political,0.6203174603174604,1.920261276898952,5.542857142857143,Chain-GBR-RR-EPSI(0.01)
639,PLR-REAL-Political,0.6247619047619049,1.9235933431665682,5.59047619047619,Chain-GBR-RR-EPSI(0.01)
640,PLR-REAL-Political,0.6194968553459118,1.9577011098878039,5.679245283018868,Chain-GBR-RR-EPSI(0.01)
641,PLR-REAL-Political,0.5930817610062893,1.9190913038071409,5.528301886792453,Chain-GBR-RR-EPSI(0.01)
642,PLR-REAL-Political,0.5830188679245283,1.9195372250979796,5.679245283018868,Chain-GBR-RR-EPSI(0.01)
643,PLR-REAL-Political,0.606984126984127,1.917606808585236,5.514285714285714,Chain-GBR-RR-EPSI(0.01)
644,PLR-REAL-Political,0.5384126984126983,1.9194600346795774,5.609523809523809,Chain-GBR-RR-EPSI(0.01)
645,PLR-REAL-Political,0.6050793650793651,1.920200903661057,5.476190476190476,Chain-GBR-RR-EPSI(0.01)
646,PLR-REAL-Political,0.6139682539682539,1.9230231283144743,5.533333333333333,Chain-GBR-RR-EPSI(0.01)
647,PLR-REAL-Political,0.6177777777777778,1.9178304938035842,5.571428571428571,Chain-GBR-RR-EPSI(0.01)
648,PLR-REAL-Political,0.5682539682539682,1.9239277961491537,5.571428571428571,Chain-GBR-RR-EPSI(0.01)
649,PLR-REAL-Political,0.6019047619047619,1.9204280873287654,5.6571428571428575,Chain-GBR-RR-EPSI(0.01)
650,PLR-REAL-Political,0.6452830188679245,1.928870653951512,4.773584905660377,Chain-GBR-RR-EPSI(0.03)
651,PLR-REAL-Political,0.6157232704402515,1.9461205795238832,4.8584905660377355,Chain-GBR-RR-EPSI(0.03)
652,PLR-REAL-Political,0.6289308176100628,1.9385508931415878,4.849056603773585,Chain-GBR-RR-EPSI(0.03)
653,PLR-REAL-Political,0.6095238095238096,1.9286958894263297,4.961904761904762,Chain-GBR-RR-EPSI(0.03)
654,PLR-REAL-Political,0.6146031746031746,1.939994986980207,4.876190476190477,Chain-GBR-RR-EPSI(0.03)
655,PLR-REAL-Political,0.6234920634920635,1.9278944020582698,4.904761904761905,Chain-GBR-RR-EPSI(0.03)
656,PLR-REAL-Political,0.6507936507936509,1.9279991024174643,4.9904761904761905,Chain-GBR-RR-EPSI(0.03)
657,PLR-REAL-Political,0.5714285714285714,1.9214378425262784,4.895238095238096,Chain-GBR-RR-EPSI(0.03)
658,PLR-REAL-Political,0.6438095238095237,1.928678350052592,4.819047619047619,Chain-GBR-RR-EPSI(0.03)
659,PLR-REAL-Political,0.6400000000000001,1.9274554814206823,4.857142857142857,Chain-GBR-RR-EPSI(0.03)
660,PLR-REAL-Political,0.6138364779874215,1.920241629293375,4.735849056603773,Chain-GBR-RR-EPSI(0.03)
661,PLR-REAL-Political,0.6176100628930817,1.9238149451273907,4.811320754716981,Chain-GBR-RR-EPSI(0.03)
662,PLR-REAL-Political,0.6654088050314465,1.9248757146042617,4.943396226415095,Chain-GBR-RR-EPSI(0.03)
663,PLR-REAL-Political,0.6349206349206349,1.924143935196097,4.876190476190477,Chain-GBR-RR-EPSI(0.03)
664,PLR-REAL-Political,0.634920634920635,1.9258108146440853,4.857142857142857,Chain-GBR-RR-EPSI(0.03)
665,PLR-REAL-Political,0.6171428571428571,1.9232599772547414,4.828571428571428,Chain-GBR-RR-EPSI(0.03)
666,PLR-REAL-Political,0.6120634920634921,1.9221170564221315,4.914285714285715,Chain-GBR-RR-EPSI(0.03)
667,PLR-REAL-Political,0.627936507936508,1.9242938693008653,4.866666666666666,Chain-GBR-RR-EPSI(0.03)
668,PLR-REAL-Political,0.6292063492063493,1.9325354114500526,4.780952380952381,Chain-GBR-RR-EPSI(0.03)
669,PLR-REAL-Political,0.6298412698412699,1.9215819932135305,4.752380952380952,Chain-GBR-RR-EPSI(0.03)
670,PLR-REAL-Political,0.6182389937106918,1.9221900147751998,5.047169811320755,Chain-GBR-RR-EPSI(0.03)
671,PLR-REAL-Political,0.6169811320754718,1.9245208478213516,4.80188679245283,Chain-GBR-RR-EPSI(0.03)
672,PLR-REAL-Political,0.6540880503144654,1.9466148853567564,4.89622641509434,Chain-GBR-RR-EPSI(0.03)
673,PLR-REAL-Political,0.5923809523809525,1.9175205119677463,4.904761904761905,Chain-GBR-RR-EPSI(0.03)
674,PLR-REAL-Political,0.6438095238095237,1.9194237445082718,4.904761904761905,Chain-GBR-RR-EPSI(0.03)
675,PLR-REAL-Political,0.6298412698412698,1.9235401673887642,4.847619047619047,Chain-GBR-RR-EPSI(0.03)
676,PLR-REAL-Political,0.6292063492063492,1.9263157223770477,4.79047619047619,Chain-GBR-RR-EPSI(0.03)
677,PLR-REAL-Political,0.6558730158730158,1.9206057656706348,4.942857142857143,Chain-GBR-RR-EPSI(0.03)
678,PLR-REAL-Political,0.6120634920634921,1.9203097799505364,4.8,Chain-GBR-RR-EPSI(0.03)
679,PLR-REAL-Political,0.6088888888888889,1.9281576908321836,4.895238095238096,Chain-GBR-RR-EPSI(0.03)
680,PLR-REAL-Political,0.6,1.9214183904129027,5.0,Chain-GBR-RR-EPSI(0.03)
681,PLR-REAL-Political,0.6232704402515724,1.9447014892282004,4.90566037735849,Chain-GBR-RR-EPSI(0.03)
682,PLR-REAL-Political,0.6308176100628932,1.9252031536567624,4.820754716981132,Chain-GBR-RR-EPSI(0.03)
683,PLR-REAL-Political,0.606984126984127,1.9314845639723908,4.866666666666666,Chain-GBR-RR-EPSI(0.03)
684,PLR-REAL-Political,0.6044444444444445,1.9266890125877703,4.809523809523809,Chain-GBR-RR-EPSI(0.03)
685,PLR-REAL-Political,0.6006349206349206,1.9365737694967482,4.866666666666666,Chain-GBR-RR-EPSI(0.03)
686,PLR-REAL-Political,0.6374603174603175,1.9196809758703912,4.895238095238096,Chain-GBR-RR-EPSI(0.03)
687,PLR-REAL-Political,0.6450793650793651,1.9222952392469803,4.857142857142857,Chain-GBR-RR-EPSI(0.03)
688,PLR-REAL-Political,0.6584126984126984,1.920322077448313,4.866666666666666,Chain-GBR-RR-EPSI(0.03)
689,PLR-REAL-Political,0.6711111111111112,1.9219202112873413,4.885714285714286,Chain-GBR-RR-EPSI(0.03)
690,PLR-REAL-Political,0.6572327044025158,1.9580091856954045,4.830188679245283,Chain-GBR-RR-EPSI(0.03)
691,PLR-REAL-Political,0.6339622641509433,1.9178681009711054,4.7924528301886795,Chain-GBR-RR-EPSI(0.03)
692,PLR-REAL-Political,0.6062893081761006,1.9194284524899694,4.952830188679245,Chain-GBR-RR-EPSI(0.03)
693,PLR-REAL-Political,0.6476190476190476,1.9182179683847744,4.742857142857143,Chain-GBR-RR-EPSI(0.03)
694,PLR-REAL-Political,0.5892063492063493,1.9202363694307616,4.819047619047619,Chain-GBR-RR-EPSI(0.03)
695,PLR-REAL-Political,0.6222222222222223,1.9204466920796643,4.885714285714286,Chain-GBR-RR-EPSI(0.03)
696,PLR-REAL-Political,0.6488888888888888,1.9231848171246937,4.838095238095238,Chain-GBR-RR-EPSI(0.03)
697,PLR-REAL-Political,0.6450793650793649,1.9175134106655738,4.885714285714286,Chain-GBR-RR-EPSI(0.03)
698,PLR-REAL-Political,0.6025396825396825,1.922435842457019,4.780952380952381,Chain-GBR-RR-EPSI(0.03)
699,PLR-REAL-Political,0.6406349206349208,1.9198777413461816,4.904761904761905,Chain-GBR-RR-EPSI(0.03)
700,PLR-REAL-Political,0.6817610062893081,1.9262679132665068,4.09433962264151,Chain-GBR-RR-EPSI(0.05)
701,PLR-REAL-Political,0.6622641509433963,1.9539630636827086,4.169811320754717,Chain-GBR-RR-EPSI(0.05)
702,PLR-REAL-Political,0.6471698113207547,1.928580144720866,4.235849056603773,Chain-GBR-RR-EPSI(0.05)
703,PLR-REAL-Political,0.6615873015873016,1.9300381172046763,4.142857142857143,Chain-GBR-RR-EPSI(0.05)
704,PLR-REAL-Political,0.6355555555555555,1.922579683376212,4.304761904761905,Chain-GBR-RR-EPSI(0.05)
705,PLR-REAL-Political,0.6603174603174604,1.930077329537792,4.266666666666667,Chain-GBR-RR-EPSI(0.05)
706,PLR-REAL-Political,0.6774603174603175,1.9237510225172156,4.352380952380952,Chain-GBR-RR-EPSI(0.05)
707,PLR-REAL-Political,0.6120634920634921,1.9223965556448157,4.0285714285714285,Chain-GBR-RR-EPSI(0.05)
708,PLR-REAL-Political,0.6882539682539683,1.9207080951360262,4.133333333333334,Chain-GBR-RR-EPSI(0.05)
709,PLR-REAL-Political,0.674920634920635,1.9278434903222774,4.152380952380953,Chain-GBR-RR-EPSI(0.05)
710,PLR-REAL-Political,0.6415094339622641,1.922328975314216,4.169811320754717,Chain-GBR-RR-EPSI(0.05)
711,PLR-REAL-Political,0.6440251572327044,1.9211313613600993,4.216981132075472,Chain-GBR-RR-EPSI(0.05)
712,PLR-REAL-Political,0.6899371069182391,1.9254102056877114,4.283018867924528,Chain-GBR-RR-EPSI(0.05)
713,PLR-REAL-Political,0.6584126984126984,1.9212915639326853,4.3238095238095235,Chain-GBR-RR-EPSI(0.05)
714,PLR-REAL-Political,0.6717460317460319,1.9273930760080165,4.171428571428572,Chain-GBR-RR-EPSI(0.05)
715,PLR-REAL-Political,0.6609523809523808,1.9254283455938068,4.076190476190476,Chain-GBR-RR-EPSI(0.05)
716,PLR-REAL-Political,0.6361904761904762,1.9233060326840161,4.3238095238095235,Chain-GBR-RR-EPSI(0.05)
717,PLR-REAL-Political,0.6514285714285715,1.9262285102469998,4.295238095238095,Chain-GBR-RR-EPSI(0.05)
718,PLR-REAL-Political,0.6673015873015874,1.9303944406194182,4.180952380952381,Chain-GBR-RR-EPSI(0.05)
719,PLR-REAL-Political,0.6679365079365078,1.9221661795838598,4.133333333333334,Chain-GBR-RR-EPSI(0.05)
720,PLR-REAL-Political,0.6427672955974842,1.9254456860282254,4.169811320754717,Chain-GBR-RR-EPSI(0.05)
721,PLR-REAL-Political,0.6484276729559747,1.9247526043716539,4.169811320754717,Chain-GBR-RR-EPSI(0.05)
722,PLR-REAL-Political,0.6949685534591195,1.9352722728608631,4.235849056603773,Chain-GBR-RR-EPSI(0.05)
723,PLR-REAL-Political,0.638095238095238,1.9169931848982997,4.247619047619048,Chain-GBR-RR-EPSI(0.05)
724,PLR-REAL-Political,0.678095238095238,1.920340045480367,4.295238095238095,Chain-GBR-RR-EPSI(0.05)
725,PLR-REAL-Political,0.6704761904761904,1.9243742259703267,4.133333333333334,Chain-GBR-RR-EPSI(0.05)
726,PLR-REAL-Political,0.6539682539682539,1.9346282274896391,4.190476190476191,Chain-GBR-RR-EPSI(0.05)
727,PLR-REAL-Political,0.6692063492063492,1.9201649985338005,4.3428571428571425,Chain-GBR-RR-EPSI(0.05)
728,PLR-REAL-Political,0.6495238095238097,1.9204112699608735,4.219047619047619,Chain-GBR-RR-EPSI(0.05)
729,PLR-REAL-Political,0.6660317460317462,1.9294917505898799,4.219047619047619,Chain-GBR-RR-EPSI(0.05)
730,PLR-REAL-Political,0.6477987421383649,1.920347141179614,4.2075471698113205,Chain-GBR-RR-EPSI(0.05)
731,PLR-REAL-Political,0.661006289308176,1.9519563759827656,4.254716981132075,Chain-GBR-RR-EPSI(0.05)
732,PLR-REAL-Political,0.6685534591194968,1.9219262942005182,4.10377358490566,Chain-GBR-RR-EPSI(0.05)
733,PLR-REAL-Political,0.6438095238095239,1.9264330672453445,4.266666666666667,Chain-GBR-RR-EPSI(0.05)
734,PLR-REAL-Political,0.6317460317460317,1.9277708283004948,4.133333333333334,Chain-GBR-RR-EPSI(0.05)
735,PLR-REAL-Political,0.6374603174603175,1.9531048079877418,4.161904761904762,Chain-GBR-RR-EPSI(0.05)
736,PLR-REAL-Political,0.657142857142857,1.9204653148358142,4.238095238095238,Chain-GBR-RR-EPSI(0.05)
737,PLR-REAL-Political,0.6755555555555555,1.9212721791717555,4.142857142857143,Chain-GBR-RR-EPSI(0.05)
738,PLR-REAL-Political,0.7022222222222222,1.9268271897282303,4.171428571428572,Chain-GBR-RR-EPSI(0.05)
739,PLR-REAL-Political,0.686984126984127,1.923131037783745,4.219047619047619,Chain-GBR-RR-EPSI(0.05)
740,PLR-REAL-Political,0.6830188679245284,1.949579469017284,4.273584905660377,Chain-GBR-RR-EPSI(0.05)
741,PLR-REAL-Political,0.660377358490566,1.9200304508553545,4.226415094339623,Chain-GBR-RR-EPSI(0.05)
742,PLR-REAL-Political,0.6471698113207548,1.9198129265026853,4.235849056603773,Chain-GBR-RR-EPSI(0.05)
743,PLR-REAL-Political,0.6812698412698412,1.9180565401698202,4.0476190476190474,Chain-GBR-RR-EPSI(0.05)
744,PLR-REAL-Political,0.6158730158730159,1.9198207593332006,4.171428571428572,Chain-GBR-RR-EPSI(0.05)
745,PLR-REAL-Political,0.641904761904762,1.9232948827705862,4.3238095238095235,Chain-GBR-RR-EPSI(0.05)
746,PLR-REAL-Political,0.6831746031746031,1.9215476878693845,4.190476190476191,Chain-GBR-RR-EPSI(0.05)
747,PLR-REAL-Political,0.6685714285714285,1.9182072176078038,4.190476190476191,Chain-GBR-RR-EPSI(0.05)
748,PLR-REAL-Political,0.6431746031746032,1.9190359099067429,4.171428571428572,Chain-GBR-RR-EPSI(0.05)
749,PLR-REAL-Political,0.6698412698412699,1.9185514868583649,4.314285714285714,Chain-GBR-RR-EPSI(0.05)
750,PLR-REAL-Political,0.6943396226415094,1.9275684579990193,3.5943396226415096,Chain-GBR-RR-EPSI(0.07)
751,PLR-REAL-Political,0.6748427672955974,1.943562622320542,3.660377358490566,Chain-GBR-RR-EPSI(0.07)
752,PLR-REAL-Political,0.6547169811320754,1.9481122016566654,3.6226415094339623,Chain-GBR-RR-EPSI(0.07)
753,PLR-REAL-Political,0.6863492063492062,1.9359668019700376,3.638095238095238,Chain-GBR-RR-EPSI(0.07)
754,PLR-REAL-Political,0.6577777777777779,1.9243474680502057,3.8476190476190477,Chain-GBR-RR-EPSI(0.07)
755,PLR-REAL-Political,0.7015873015873016,1.927071841577254,3.6,Chain-GBR-RR-EPSI(0.07)
756,PLR-REAL-Political,0.693968253968254,1.925469855963165,3.723809523809524,Chain-GBR-RR-EPSI(0.07)
757,PLR-REAL-Political,0.6444444444444445,1.921785871544098,3.380952380952381,Chain-GBR-RR-EPSI(0.07)
758,PLR-REAL-Political,0.7123809523809523,1.9213177757060456,3.6476190476190475,Chain-GBR-RR-EPSI(0.07)
759,PLR-REAL-Political,0.7149206349206348,1.9319584696370027,3.619047619047619,Chain-GBR-RR-EPSI(0.07)
760,PLR-REAL-Political,0.6672955974842769,1.9222041864330581,3.6320754716981134,Chain-GBR-RR-EPSI(0.07)
761,PLR-REAL-Political,0.6440251572327043,1.9212516240343112,3.688679245283019,Chain-GBR-RR-EPSI(0.07)
762,PLR-REAL-Political,0.6930817610062894,1.928776416874241,3.80188679245283,Chain-GBR-RR-EPSI(0.07)
763,PLR-REAL-Political,0.6793650793650793,1.9228028775121155,3.7142857142857144,Chain-GBR-RR-EPSI(0.07)
764,PLR-REAL-Political,0.7015873015873015,1.9252820405255693,3.6666666666666665,Chain-GBR-RR-EPSI(0.07)
765,PLR-REAL-Political,0.6958730158730159,1.9254360900397571,3.4380952380952383,Chain-GBR-RR-EPSI(0.07)
766,PLR-REAL-Political,0.6501587301587302,1.923383180120862,3.723809523809524,Chain-GBR-RR-EPSI(0.07)
767,PLR-REAL-Political,0.6787301587301587,1.9276589641681805,3.676190476190476,Chain-GBR-RR-EPSI(0.07)
768,PLR-REAL-Political,0.6806349206349207,1.9295850074534089,3.6666666666666665,Chain-GBR-RR-EPSI(0.07)
769,PLR-REAL-Political,0.6984126984126985,1.9219318665934102,3.580952380952381,Chain-GBR-RR-EPSI(0.07)
770,PLR-REAL-Political,0.670440251572327,1.9231698255696854,3.5660377358490565,Chain-GBR-RR-EPSI(0.07)
771,PLR-REAL-Political,0.6855345911949686,1.921946418605988,3.6320754716981134,Chain-GBR-RR-EPSI(0.07)
772,PLR-REAL-Political,0.6949685534591192,1.9366912639224767,3.650943396226415,Chain-GBR-RR-EPSI(0.07)
773,PLR-REAL-Political,0.6565079365079364,1.9181322806929588,3.723809523809524,Chain-GBR-RR-EPSI(0.07)
774,PLR-REAL-Political,0.6996825396825398,1.9198415243171296,3.580952380952381,Chain-GBR-RR-EPSI(0.07)
775,PLR-REAL-Political,0.7092063492063491,1.9228382037479987,3.6,Chain-GBR-RR-EPSI(0.07)
776,PLR-REAL-Political,0.6666666666666666,1.9284448751596157,3.657142857142857,Chain-GBR-RR-EPSI(0.07)
777,PLR-REAL-Political,0.6869841269841269,1.9177851474951075,3.723809523809524,Chain-GBR-RR-EPSI(0.07)
778,PLR-REAL-Political,0.6596825396825396,1.9185109680683303,3.676190476190476,Chain-GBR-RR-EPSI(0.07)
779,PLR-REAL-Political,0.7015873015873016,1.9280100519529115,3.7714285714285714,Chain-GBR-RR-EPSI(0.07)
780,PLR-REAL-Political,0.6761006289308178,1.9235608919793221,3.641509433962264,Chain-GBR-RR-EPSI(0.07)
781,PLR-REAL-Political,0.6691823899371068,1.9532233294530708,3.811320754716981,Chain-GBR-RR-EPSI(0.07)
782,PLR-REAL-Political,0.6911949685534593,1.9259578293091528,3.669811320754717,Chain-GBR-RR-EPSI(0.07)
783,PLR-REAL-Political,0.6520634920634921,1.9275809174285015,3.8,Chain-GBR-RR-EPSI(0.07)
784,PLR-REAL-Political,0.6552380952380952,1.9300429201708094,3.5714285714285716,Chain-GBR-RR-EPSI(0.07)
785,PLR-REAL-Political,0.6622222222222222,1.9570598531201286,3.6285714285714286,Chain-GBR-RR-EPSI(0.07)
786,PLR-REAL-Political,0.6876190476190477,1.9210211298187019,3.6857142857142855,Chain-GBR-RR-EPSI(0.07)
787,PLR-REAL-Political,0.7034920634920636,1.9221911686382562,3.5238095238095237,Chain-GBR-RR-EPSI(0.07)
788,PLR-REAL-Political,0.718095238095238,1.926389643812747,3.619047619047619,Chain-GBR-RR-EPSI(0.07)
789,PLR-REAL-Political,0.7117460317460319,1.922276892936191,3.6952380952380954,Chain-GBR-RR-EPSI(0.07)
790,PLR-REAL-Political,0.7031446540880502,1.9439322980933569,3.7735849056603774,Chain-GBR-RR-EPSI(0.07)
791,PLR-REAL-Political,0.6805031446540881,1.918556271493843,3.6320754716981134,Chain-GBR-RR-EPSI(0.07)
792,PLR-REAL-Political,0.6836477987421384,1.9234243443625634,3.5754716981132075,Chain-GBR-RR-EPSI(0.07)
793,PLR-REAL-Political,0.7009523809523809,1.915274499322724,3.5428571428571427,Chain-GBR-RR-EPSI(0.07)
794,PLR-REAL-Political,0.6558730158730158,1.9183993055358715,3.7142857142857144,Chain-GBR-RR-EPSI(0.07)
795,PLR-REAL-Political,0.6717460317460318,1.9205483256667673,3.780952380952381,Chain-GBR-RR-EPSI(0.07)
796,PLR-REAL-Political,0.7015873015873016,1.9194042603379684,3.6952380952380954,Chain-GBR-RR-EPSI(0.07)
797,PLR-REAL-Political,0.6793650793650792,1.916780884524251,3.6952380952380954,Chain-GBR-RR-EPSI(0.07)
798,PLR-REAL-Political,0.6812698412698412,1.919077744658283,3.6095238095238096,Chain-GBR-RR-EPSI(0.07)
799,PLR-REAL-Political,0.6926984126984127,1.9179021997132422,3.742857142857143,Chain-GBR-RR-EPSI(0.07)
800,PLR-REAL-Political,0.6974842767295597,1.9601882915322058,3.169811320754717,Chain-GBR-RR-EPSI(0.09)
801,PLR-REAL-Political,0.6874213836477987,1.953403385349923,3.160377358490566,Chain-GBR-RR-EPSI(0.09)
802,PLR-REAL-Political,0.6540880503144654,1.9262032322177238,3.1792452830188678,Chain-GBR-RR-EPSI(0.09)
803,PLR-REAL-Political,0.6882539682539682,1.9305094788255979,3.2,Chain-GBR-RR-EPSI(0.09)
804,PLR-REAL-Political,0.6615873015873016,1.9236140667000696,3.3333333333333335,Chain-GBR-RR-EPSI(0.09)
805,PLR-REAL-Political,0.7073015873015874,1.9289147858394131,3.1333333333333333,Chain-GBR-RR-EPSI(0.09)
806,PLR-REAL-Political,0.7079365079365079,1.9211993999854924,3.2095238095238097,Chain-GBR-RR-EPSI(0.09)
807,PLR-REAL-Political,0.646984126984127,1.9195561533625576,3.0761904761904764,Chain-GBR-RR-EPSI(0.09)
808,PLR-REAL-Political,0.7225396825396825,1.9207371894712593,3.1809523809523808,Chain-GBR-RR-EPSI(0.09)
809,PLR-REAL-Political,0.7168253968253968,1.9293672606250725,3.1809523809523808,Chain-GBR-RR-EPSI(0.09)
810,PLR-REAL-Political,0.680503144654088,1.9262659614346185,3.2358490566037736,Chain-GBR-RR-EPSI(0.09)
811,PLR-REAL-Political,0.6477987421383646,1.9209033937395132,3.2830188679245285,Chain-GBR-RR-EPSI(0.09)
812,PLR-REAL-Political,0.6899371069182391,1.9221069156757515,3.2547169811320753,Chain-GBR-RR-EPSI(0.09)
813,PLR-REAL-Political,0.6653968253968254,1.921616261596057,3.295238095238095,Chain-GBR-RR-EPSI(0.09)
814,PLR-REAL-Political,0.7111111111111111,1.923444483356597,3.1809523809523808,Chain-GBR-RR-EPSI(0.09)
815,PLR-REAL-Political,0.695873015873016,1.926684026276857,3.123809523809524,Chain-GBR-RR-EPSI(0.09)
816,PLR-REAL-Political,0.6704761904761906,1.9216084215446054,3.219047619047619,Chain-GBR-RR-EPSI(0.09)
817,PLR-REAL-Political,0.6901587301587301,1.9252189466723337,3.219047619047619,Chain-GBR-RR-EPSI(0.09)
818,PLR-REAL-Political,0.6850793650793651,1.9269313970910988,3.2095238095238097,Chain-GBR-RR-EPSI(0.09)
819,PLR-REAL-Political,0.7034920634920636,1.9187506931319989,3.2476190476190476,Chain-GBR-RR-EPSI(0.09)
820,PLR-REAL-Political,0.6761006289308176,1.9233736900533813,3.141509433962264,Chain-GBR-RR-EPSI(0.09)
821,PLR-REAL-Political,0.6855345911949686,1.9254593926000154,3.169811320754717,Chain-GBR-RR-EPSI(0.09)
822,PLR-REAL-Political,0.6918238993710691,1.9342751285010469,3.2452830188679247,Chain-GBR-RR-EPSI(0.09)
823,PLR-REAL-Political,0.6971428571428572,1.9167152771743774,3.1809523809523808,Chain-GBR-RR-EPSI(0.09)
824,PLR-REAL-Political,0.7003174603174603,1.920537813426197,3.1809523809523808,Chain-GBR-RR-EPSI(0.09)
825,PLR-REAL-Political,0.7022222222222222,1.9244978910373225,3.142857142857143,Chain-GBR-RR-EPSI(0.09)
826,PLR-REAL-Political,0.6901587301587302,1.932781354187571,3.123809523809524,Chain-GBR-RR-EPSI(0.09)
827,PLR-REAL-Political,0.6761904761904762,1.919746606545359,3.2285714285714286,Chain-GBR-RR-EPSI(0.09)
828,PLR-REAL-Political,0.6768253968253969,1.9182396501245518,3.1809523809523808,Chain-GBR-RR-EPSI(0.09)
829,PLR-REAL-Political,0.7060317460317461,1.9275241592736347,3.3142857142857145,Chain-GBR-RR-EPSI(0.09)
830,PLR-REAL-Political,0.6836477987421385,1.9282541699900086,3.1037735849056602,Chain-GBR-RR-EPSI(0.09)
831,PLR-REAL-Political,0.6930817610062894,1.9397682140955608,3.311320754716981,Chain-GBR-RR-EPSI(0.09)
832,PLR-REAL-Political,0.6924528301886793,1.9214918839733874,3.0849056603773586,Chain-GBR-RR-EPSI(0.09)
833,PLR-REAL-Political,0.6615873015873016,1.9281070589570943,3.2095238095238097,Chain-GBR-RR-EPSI(0.09)
834,PLR-REAL-Political,0.6863492063492065,1.925808655609598,3.142857142857143,Chain-GBR-RR-EPSI(0.09)
835,PLR-REAL-Political,0.6768253968253968,1.9699567379931016,3.1714285714285713,Chain-GBR-RR-EPSI(0.09)
836,PLR-REAL-Political,0.6806349206349207,1.9228580112940037,3.219047619047619,Chain-GBR-RR-EPSI(0.09)
837,PLR-REAL-Political,0.6996825396825398,1.9220880006593188,3.1714285714285713,Chain-GBR-RR-EPSI(0.09)
838,PLR-REAL-Political,0.7174603174603172,1.9249869673519227,3.1142857142857143,Chain-GBR-RR-EPSI(0.09)
839,PLR-REAL-Political,0.7168253968253969,1.9229285395254596,3.2476190476190476,Chain-GBR-RR-EPSI(0.09)
840,PLR-REAL-Political,0.6993710691823899,1.9271329718986294,3.2641509433962264,Chain-GBR-RR-EPSI(0.09)
841,PLR-REAL-Political,0.6836477987421384,1.919719385585241,3.1792452830188678,Chain-GBR-RR-EPSI(0.09)
842,PLR-REAL-Political,0.6893081761006289,1.921137604323423,3.1226415094339623,Chain-GBR-RR-EPSI(0.09)
843,PLR-REAL-Political,0.7117460317460318,1.9334357105557904,3.1904761904761907,Chain-GBR-RR-EPSI(0.09)
844,PLR-REAL-Political,0.678095238095238,1.9186223229038941,3.1809523809523808,Chain-GBR-RR-EPSI(0.09)
845,PLR-REAL-Political,0.6914285714285715,1.921053477742059,3.3714285714285714,Chain-GBR-RR-EPSI(0.09)
846,PLR-REAL-Political,0.7142857142857143,1.9199094497864582,3.238095238095238,Chain-GBR-RR-EPSI(0.09)
847,PLR-REAL-Political,0.6793650793650793,1.9170903869619587,3.323809523809524,Chain-GBR-RR-EPSI(0.09)
848,PLR-REAL-Political,0.6755555555555555,1.9192151316744759,3.066666666666667,Chain-GBR-RR-EPSI(0.09)
849,PLR-REAL-Political,0.6933333333333334,1.9169370552953742,3.2,Chain-GBR-RR-EPSI(0.09)
850,PLR-REAL-Political,0.6880503144654089,1.927684329396866,2.6226415094339623,Chain-GBR-RR-EPSI(0.12)
851,PLR-REAL-Political,0.6874213836477988,1.956324423514591,2.5849056603773586,Chain-GBR-RR-EPSI(0.12)
852,PLR-REAL-Political,0.6440251572327044,1.9252339515376746,2.6226415094339623,Chain-GBR-RR-EPSI(0.12)
853,PLR-REAL-Political,0.6768253968253968,1.9215419740491002,2.6285714285714286,Chain-GBR-RR-EPSI(0.12)
854,PLR-REAL-Political,0.6431746031746033,1.9234964815861024,2.580952380952381,Chain-GBR-RR-EPSI(0.12)
855,PLR-REAL-Political,0.6761904761904762,1.9312605881767229,2.6095238095238096,Chain-GBR-RR-EPSI(0.12)
856,PLR-REAL-Political,0.6711111111111111,1.922751031265384,2.657142857142857,Chain-GBR-RR-EPSI(0.12)
857,PLR-REAL-Political,0.6317460317460318,1.9239414663378804,2.552380952380952,Chain-GBR-RR-EPSI(0.12)
858,PLR-REAL-Political,0.6876190476190477,1.9212211830830521,2.704761904761905,Chain-GBR-RR-EPSI(0.12)
859,PLR-REAL-Political,0.7142857142857142,1.928463461969981,2.638095238095238,Chain-GBR-RR-EPSI(0.12)
860,PLR-REAL-Political,0.6534591194968553,1.9254940006851988,2.6226415094339623,Chain-GBR-RR-EPSI(0.12)
861,PLR-REAL-Political,0.6540880503144654,1.9203949286805009,2.660377358490566,Chain-GBR-RR-EPSI(0.12)
862,PLR-REAL-Political,0.6685534591194967,1.923263352658164,2.660377358490566,Chain-GBR-RR-EPSI(0.12)
863,PLR-REAL-Political,0.6215873015873017,1.928804799705267,2.6285714285714286,Chain-GBR-RR-EPSI(0.12)
864,PLR-REAL-Political,0.6831746031746031,1.9266598312108505,2.6666666666666665,Chain-GBR-RR-EPSI(0.12)
865,PLR-REAL-Political,0.6793650793650793,1.9213880046951664,2.4952380952380953,Chain-GBR-RR-EPSI(0.12)
866,PLR-REAL-Political,0.6838095238095238,1.9201977484058046,2.723809523809524,Chain-GBR-RR-EPSI(0.12)
867,PLR-REAL-Political,0.6914285714285715,1.9274056977184606,2.6952380952380954,Chain-GBR-RR-EPSI(0.12)
868,PLR-REAL-Political,0.6628571428571428,1.9255691062306952,2.657142857142857,Chain-GBR-RR-EPSI(0.12)
869,PLR-REAL-Political,0.7015873015873015,1.9205531021755538,2.657142857142857,Chain-GBR-RR-EPSI(0.12)
870,PLR-REAL-Political,0.6742138364779875,1.9236775910596577,2.5754716981132075,Chain-GBR-RR-EPSI(0.12)
871,PLR-REAL-Political,0.6779874213836478,1.9246910019062464,2.5849056603773586,Chain-GBR-RR-EPSI(0.12)
872,PLR-REAL-Political,0.6628930817610063,1.928611954189205,2.650943396226415,Chain-GBR-RR-EPSI(0.12)
873,PLR-REAL-Political,0.6844444444444445,1.9182025787282202,2.676190476190476,Chain-GBR-RR-EPSI(0.12)
874,PLR-REAL-Political,0.6736507936507936,1.920125786274404,2.6095238095238096,Chain-GBR-RR-EPSI(0.12)
875,PLR-REAL-Political,0.6857142857142857,1.9216941105316552,2.580952380952381,Chain-GBR-RR-EPSI(0.12)
876,PLR-REAL-Political,0.664126984126984,1.9332892122696665,2.552380952380952,Chain-GBR-RR-EPSI(0.12)
877,PLR-REAL-Political,0.666031746031746,1.9202872966143705,2.6476190476190475,Chain-GBR-RR-EPSI(0.12)
878,PLR-REAL-Political,0.6615873015873017,1.919719301414361,2.6666666666666665,Chain-GBR-RR-EPSI(0.12)
879,PLR-REAL-Political,0.6825396825396826,1.9304825109387334,2.619047619047619,Chain-GBR-RR-EPSI(0.12)
880,PLR-REAL-Political,0.6641509433962266,1.9261285911606172,2.6226415094339623,Chain-GBR-RR-EPSI(0.12)
881,PLR-REAL-Political,0.6389937106918239,1.929674847605767,2.641509433962264,Chain-GBR-RR-EPSI(0.12)
882,PLR-REAL-Political,0.6761006289308177,1.9220432686606332,2.641509433962264,Chain-GBR-RR-EPSI(0.12)
883,PLR-REAL-Political,0.6412698412698412,1.9304396639299641,2.6095238095238096,Chain-GBR-RR-EPSI(0.12)
884,PLR-REAL-Political,0.6876190476190477,1.923180255142589,2.7142857142857144,Chain-GBR-RR-EPSI(0.12)
885,PLR-REAL-Political,0.6571428571428571,1.9630610484540942,2.657142857142857,Chain-GBR-RR-EPSI(0.12)
886,PLR-REAL-Political,0.667936507936508,1.9260679071786495,2.6476190476190475,Chain-GBR-RR-EPSI(0.12)
887,PLR-REAL-Political,0.7003174603174603,1.9218102757770488,2.6857142857142855,Chain-GBR-RR-EPSI(0.12)
888,PLR-REAL-Political,0.6749206349206348,1.9234566351649929,2.6095238095238096,Chain-GBR-RR-EPSI(0.12)
889,PLR-REAL-Political,0.6952380952380953,1.9205969451220162,2.6857142857142855,Chain-GBR-RR-EPSI(0.12)
890,PLR-REAL-Political,0.6937106918238993,1.9232266759106476,2.7169811320754715,Chain-GBR-RR-EPSI(0.12)
891,PLR-REAL-Political,0.6660377358490566,1.91874112384798,2.6132075471698113,Chain-GBR-RR-EPSI(0.12)
892,PLR-REAL-Political,0.6729559748427674,1.920620864522881,2.660377358490566,Chain-GBR-RR-EPSI(0.12)
893,PLR-REAL-Political,0.6819047619047619,1.9196278523030192,2.6952380952380954,Chain-GBR-RR-EPSI(0.12)
894,PLR-REAL-Political,0.6717460317460318,1.9205463064365362,2.619047619047619,Chain-GBR-RR-EPSI(0.12)
895,PLR-REAL-Political,0.6907936507936507,1.9193697302302501,2.676190476190476,Chain-GBR-RR-EPSI(0.12)
896,PLR-REAL-Political,0.6895238095238095,1.9192221204080875,2.5904761904761906,Chain-GBR-RR-EPSI(0.12)
897,PLR-REAL-Political,0.6641269841269841,1.916412449738061,2.7333333333333334,Chain-GBR-RR-EPSI(0.12)
898,PLR-REAL-Political,0.6584126984126983,1.9194483755236844,2.580952380952381,Chain-GBR-RR-EPSI(0.12)
899,PLR-REAL-Political,0.6761904761904762,1.9156825459519433,2.619047619047619,Chain-GBR-RR-EPSI(0.12)
900,PLR-REAL-Political,0.6421383647798742,1.9346289909837777,2.30188679245283,Chain-GBR-RR-EPSI(0.14)
901,PLR-REAL-Political,0.6597484276729558,1.9509119525586642,2.2547169811320753,Chain-GBR-RR-EPSI(0.14)
902,PLR-REAL-Political,0.620754716981132,1.928396032676779,2.330188679245283,Chain-GBR-RR-EPSI(0.14)
903,PLR-REAL-Political,0.6533333333333333,1.921947668076033,2.3904761904761904,Chain-GBR-RR-EPSI(0.14)
904,PLR-REAL-Political,0.6184126984126983,1.9227688332270385,2.342857142857143,Chain-GBR-RR-EPSI(0.14)
905,PLR-REAL-Political,0.6241269841269842,1.9296676136644677,2.342857142857143,Chain-GBR-RR-EPSI(0.14)
906,PLR-REAL-Political,0.6450793650793653,1.931305889820489,2.3714285714285714,Chain-GBR-RR-EPSI(0.14)
907,PLR-REAL-Political,0.6190476190476191,1.9217882800696076,2.3142857142857145,Chain-GBR-RR-EPSI(0.14)
908,PLR-REAL-Political,0.6628571428571429,1.9218190013472887,2.4095238095238094,Chain-GBR-RR-EPSI(0.14)
909,PLR-REAL-Political,0.6780952380952381,1.9322697826947375,2.342857142857143,Chain-GBR-RR-EPSI(0.14)
910,PLR-REAL-Political,0.6213836477987421,1.9235708297006626,2.339622641509434,Chain-GBR-RR-EPSI(0.14)
911,PLR-REAL-Political,0.6320754716981132,1.9240899171710506,2.349056603773585,Chain-GBR-RR-EPSI(0.14)
912,PLR-REAL-Political,0.6352201257861635,1.9231171671546223,2.3773584905660377,Chain-GBR-RR-EPSI(0.14)
913,PLR-REAL-Political,0.5828571428571429,1.9264747942984024,2.2666666666666666,Chain-GBR-RR-EPSI(0.14)
914,PLR-REAL-Political,0.6526984126984126,1.9231964347427941,2.3142857142857145,Chain-GBR-RR-EPSI(0.14)
915,PLR-REAL-Political,0.6450793650793651,1.921440407561517,2.2095238095238097,Chain-GBR-RR-EPSI(0.14)
916,PLR-REAL-Political,0.6615873015873015,1.9237802025107762,2.3904761904761904,Chain-GBR-RR-EPSI(0.14)
917,PLR-REAL-Political,0.6177777777777779,1.9280864117310585,2.276190476190476,Chain-GBR-RR-EPSI(0.14)
918,PLR-REAL-Political,0.627936507936508,1.9278295985262988,2.323809523809524,Chain-GBR-RR-EPSI(0.14)
919,PLR-REAL-Political,0.6615873015873016,1.9190496996279678,2.380952380952381,Chain-GBR-RR-EPSI(0.14)
920,PLR-REAL-Political,0.6371069182389937,1.9275835412061875,2.2830188679245285,Chain-GBR-RR-EPSI(0.14)
921,PLR-REAL-Political,0.6559748427672956,1.9293124777071637,2.2641509433962264,Chain-GBR-RR-EPSI(0.14)
922,PLR-REAL-Political,0.6402515723270441,1.9257446567529086,2.4150943396226414,Chain-GBR-RR-EPSI(0.14)
923,PLR-REAL-Political,0.6520634920634921,1.9205330041466642,2.3714285714285714,Chain-GBR-RR-EPSI(0.14)
924,PLR-REAL-Political,0.633015873015873,1.9207053111666919,2.257142857142857,Chain-GBR-RR-EPSI(0.14)
925,PLR-REAL-Political,0.6495238095238095,1.922098273783365,2.2476190476190476,Chain-GBR-RR-EPSI(0.14)
926,PLR-REAL-Political,0.6184126984126984,1.9362187997180942,2.257142857142857,Chain-GBR-RR-EPSI(0.14)
927,PLR-REAL-Political,0.6253968253968254,1.921919648690798,2.3333333333333335,Chain-GBR-RR-EPSI(0.14)
928,PLR-REAL-Political,0.6444444444444445,1.9219152399828126,2.4095238095238094,Chain-GBR-RR-EPSI(0.14)
929,PLR-REAL-Political,0.6501587301587302,1.9290886277381847,2.2857142857142856,Chain-GBR-RR-EPSI(0.14)
930,PLR-REAL-Political,0.6459119496855346,1.9443465746996227,2.2358490566037736,Chain-GBR-RR-EPSI(0.14)
931,PLR-REAL-Political,0.6062893081761006,1.9240349634197245,2.3207547169811322,Chain-GBR-RR-EPSI(0.14)
932,PLR-REAL-Political,0.6440251572327044,1.9182913639019175,2.349056603773585,Chain-GBR-RR-EPSI(0.14)
933,PLR-REAL-Political,0.6088888888888889,1.9244064860735364,2.2857142857142856,Chain-GBR-RR-EPSI(0.14)
934,PLR-REAL-Political,0.6717460317460318,1.9234933707135649,2.419047619047619,Chain-GBR-RR-EPSI(0.14)
935,PLR-REAL-Political,0.6273015873015874,1.9639536972757667,2.361904761904762,Chain-GBR-RR-EPSI(0.14)
936,PLR-REAL-Political,0.6298412698412699,1.9244407973198367,2.323809523809524,Chain-GBR-RR-EPSI(0.14)
937,PLR-REAL-Political,0.6831746031746031,1.9235431017055276,2.323809523809524,Chain-GBR-RR-EPSI(0.14)
938,PLR-REAL-Political,0.6349206349206349,1.9243290728229827,2.3523809523809525,Chain-GBR-RR-EPSI(0.14)
939,PLR-REAL-Political,0.6501587301587303,1.9228386369971133,2.3523809523809525,Chain-GBR-RR-EPSI(0.14)
940,PLR-REAL-Political,0.659748427672956,1.9264357406890014,2.4245283018867925,Chain-GBR-RR-EPSI(0.14)
941,PLR-REAL-Political,0.6352201257861636,1.9150294603226683,2.292452830188679,Chain-GBR-RR-EPSI(0.14)
942,PLR-REAL-Political,0.6308176100628932,1.9208240257050262,2.3679245283018866,Chain-GBR-RR-EPSI(0.14)
943,PLR-REAL-Political,0.6311111111111111,1.9160153299539477,2.342857142857143,Chain-GBR-RR-EPSI(0.14)
944,PLR-REAL-Political,0.6292063492063493,1.920285735426838,2.2857142857142856,Chain-GBR-RR-EPSI(0.14)
945,PLR-REAL-Political,0.6653968253968253,1.9192990680696336,2.361904761904762,Chain-GBR-RR-EPSI(0.14)
946,PLR-REAL-Political,0.6488888888888888,1.9211329582187773,2.2666666666666666,Chain-GBR-RR-EPSI(0.14)
947,PLR-REAL-Political,0.6374603174603175,1.9159254571519546,2.419047619047619,Chain-GBR-RR-EPSI(0.14)
948,PLR-REAL-Political,0.6273015873015872,1.9189011275079644,2.295238095238095,Chain-GBR-RR-EPSI(0.14)
949,PLR-REAL-Political,0.6298412698412698,1.920686618973735,2.295238095238095,Chain-GBR-RR-EPSI(0.14)
950,PLR-REAL-Political,0.6062893081761006,1.951031234711073,2.1037735849056602,Chain-GBR-RR-EPSI(0.16)
951,PLR-REAL-Political,0.6182389937106919,1.9496687448985617,2.0283018867924527,Chain-GBR-RR-EPSI(0.16)
952,PLR-REAL-Political,0.5867924528301887,1.945189081675718,2.1132075471698113,Chain-GBR-RR-EPSI(0.16)
953,PLR-REAL-Political,0.5961904761904762,1.921684022317567,2.066666666666667,Chain-GBR-RR-EPSI(0.16)
954,PLR-REAL-Political,0.579047619047619,1.9220924143009364,2.0285714285714285,Chain-GBR-RR-EPSI(0.16)
955,PLR-REAL-Political,0.5917460317460317,1.9284887960927146,2.0761904761904764,Chain-GBR-RR-EPSI(0.16)
956,PLR-REAL-Political,0.5746031746031746,1.9231203333589932,2.0285714285714285,Chain-GBR-RR-EPSI(0.16)
957,PLR-REAL-Political,0.6038095238095238,1.9223947503069974,2.1333333333333333,Chain-GBR-RR-EPSI(0.16)
958,PLR-REAL-Political,0.5923809523809525,1.9319878006803193,2.057142857142857,Chain-GBR-RR-EPSI(0.16)
959,PLR-REAL-Political,0.6558730158730158,1.9320464115400178,2.1142857142857143,Chain-GBR-RR-EPSI(0.16)
960,PLR-REAL-Political,0.5823899371069182,1.9245079357075,2.0754716981132075,Chain-GBR-RR-EPSI(0.16)
961,PLR-REAL-Political,0.580503144654088,1.9254271179721956,2.0660377358490565,Chain-GBR-RR-EPSI(0.16)
962,PLR-REAL-Political,0.6088050314465409,1.9275621868230355,2.1037735849056602,Chain-GBR-RR-EPSI(0.16)
963,PLR-REAL-Political,0.532063492063492,1.9300517800642163,1.9523809523809523,Chain-GBR-RR-EPSI(0.16)
964,PLR-REAL-Political,0.6126984126984126,1.925095683261168,2.0761904761904764,Chain-GBR-RR-EPSI(0.16)
965,PLR-REAL-Political,0.5936507936507937,1.9208899150168675,1.9904761904761905,Chain-GBR-RR-EPSI(0.16)
966,PLR-REAL-Political,0.6215873015873016,1.9222079917521353,2.1333333333333333,Chain-GBR-RR-EPSI(0.16)
967,PLR-REAL-Political,0.5974603174603174,1.9269453572268065,2.019047619047619,Chain-GBR-RR-EPSI(0.16)
968,PLR-REAL-Political,0.5638095238095239,1.9247982074874268,1.9904761904761905,Chain-GBR-RR-EPSI(0.16)
969,PLR-REAL-Political,0.6400000000000001,1.9188096612444467,2.1904761904761907,Chain-GBR-RR-EPSI(0.16)
970,PLR-REAL-Political,0.5855345911949685,1.923826407659316,2.018867924528302,Chain-GBR-RR-EPSI(0.16)
971,PLR-REAL-Political,0.5924528301886793,1.930108121057119,2.0283018867924527,Chain-GBR-RR-EPSI(0.16)
972,PLR-REAL-Political,0.5786163522012578,1.9232770617083277,2.0283018867924527,Chain-GBR-RR-EPSI(0.16)
973,PLR-REAL-Political,0.620952380952381,1.9170479793076693,2.038095238095238,Chain-GBR-RR-EPSI(0.16)
974,PLR-REAL-Political,0.5822222222222222,1.9210123829288919,2.019047619047619,Chain-GBR-RR-EPSI(0.16)
975,PLR-REAL-Political,0.6203174603174603,1.9211291570724274,2.066666666666667,Chain-GBR-RR-EPSI(0.16)
976,PLR-REAL-Political,0.587936507936508,1.937110381502112,2.066666666666667,Chain-GBR-RR-EPSI(0.16)
977,PLR-REAL-Political,0.5853968253968254,1.9206787567016474,2.104761904761905,Chain-GBR-RR-EPSI(0.16)
978,PLR-REAL-Political,0.6044444444444445,1.9204518407976998,2.1619047619047618,Chain-GBR-RR-EPSI(0.16)
979,PLR-REAL-Political,0.5942857142857143,1.9283836439542243,2.038095238095238,Chain-GBR-RR-EPSI(0.16)
980,PLR-REAL-Political,0.6075471698113208,1.9310120429134532,2.056603773584906,Chain-GBR-RR-EPSI(0.16)
981,PLR-REAL-Political,0.5710691823899371,1.9180710550631301,2.018867924528302,Chain-GBR-RR-EPSI(0.16)
982,PLR-REAL-Political,0.5937106918238992,1.9199460851262442,2.1132075471698113,Chain-GBR-RR-EPSI(0.16)
983,PLR-REAL-Political,0.5650793650793651,1.930187027722575,2.0095238095238095,Chain-GBR-RR-EPSI(0.16)
984,PLR-REAL-Political,0.6514285714285715,1.9243773042034573,2.123809523809524,Chain-GBR-RR-EPSI(0.16)
985,PLR-REAL-Political,0.5873015873015872,1.9612813098207746,2.0,Chain-GBR-RR-EPSI(0.16)
986,PLR-REAL-Political,0.606984126984127,1.928407722009724,2.066666666666667,Chain-GBR-RR-EPSI(0.16)
987,PLR-REAL-Political,0.64,1.9301653470163367,2.085714285714286,Chain-GBR-RR-EPSI(0.16)
988,PLR-REAL-Political,0.5904761904761905,1.92105732921463,2.0952380952380953,Chain-GBR-RR-EPSI(0.16)
989,PLR-REAL-Political,0.591111111111111,1.9277142665707072,2.038095238095238,Chain-GBR-RR-EPSI(0.16)
990,PLR-REAL-Political,0.5654088050314465,1.9189806988295026,2.009433962264151,Chain-GBR-RR-EPSI(0.16)
991,PLR-REAL-Political,0.5867924528301887,1.9156873185497547,2.0377358490566038,Chain-GBR-RR-EPSI(0.16)
992,PLR-REAL-Political,0.6050314465408806,1.9185638924690198,2.141509433962264,Chain-GBR-RR-EPSI(0.16)
993,PLR-REAL-Political,0.584126984126984,1.916293744026427,2.085714285714286,Chain-GBR-RR-EPSI(0.16)
994,PLR-REAL-Political,0.5873015873015873,1.918873524475692,2.019047619047619,Chain-GBR-RR-EPSI(0.16)
995,PLR-REAL-Political,0.6260317460317459,1.9226494889274153,2.123809523809524,Chain-GBR-RR-EPSI(0.16)
996,PLR-REAL-Political,0.5860317460317459,1.9181093515964738,2.0095238095238095,Chain-GBR-RR-EPSI(0.16)
997,PLR-REAL-Political,0.5828571428571429,1.916185920965348,2.0952380952380953,Chain-GBR-RR-EPSI(0.16)
998,PLR-REAL-Political,0.5904761904761906,1.916819548642826,2.0761904761904764,Chain-GBR-RR-EPSI(0.16)
999,PLR-REAL-Political,0.5828571428571429,1.9170633775043193,1.980952380952381,Chain-GBR-RR-EPSI(0.16)
1000,PLR-REAL-Political,0.5603773584905661,1.9314256216722137,1.9150943396226414,Chain-GBR-RR-EPSI(0.18)
1001,PLR-REAL-Political,0.5962264150943396,1.9450451703590785,1.8773584905660377,Chain-GBR-RR-EPSI(0.18)
1002,PLR-REAL-Political,0.5773584905660377,1.9412032525911904,1.9433962264150944,Chain-GBR-RR-EPSI(0.18)
1003,PLR-REAL-Political,0.561904761904762,1.9206811101255767,1.8571428571428572,Chain-GBR-RR-EPSI(0.18)
1004,PLR-REAL-Political,0.518095238095238,1.9207901172612467,1.7523809523809524,Chain-GBR-RR-EPSI(0.18)
1005,PLR-REAL-Political,0.5263492063492063,1.9261293802658397,1.819047619047619,Chain-GBR-RR-EPSI(0.18)
1006,PLR-REAL-Political,0.49523809523809526,1.9221827158424956,1.7523809523809524,Chain-GBR-RR-EPSI(0.18)
1007,PLR-REAL-Political,0.5688888888888889,1.9216696018369568,1.9333333333333333,Chain-GBR-RR-EPSI(0.18)
1008,PLR-REAL-Political,0.5390476190476191,1.9202812148142145,1.8,Chain-GBR-RR-EPSI(0.18)
1009,PLR-REAL-Political,0.6082539682539682,1.9301363224210444,1.9047619047619047,Chain-GBR-RR-EPSI(0.18)
1010,PLR-REAL-Political,0.5471698113207546,1.9203305018181034,1.849056603773585,Chain-GBR-RR-EPSI(0.18)
1011,PLR-REAL-Political,0.530188679245283,1.9244433343973015,1.820754716981132,Chain-GBR-RR-EPSI(0.18)
1012,PLR-REAL-Political,0.5679245283018868,1.9233763524968048,1.8773584905660377,Chain-GBR-RR-EPSI(0.18)
1013,PLR-REAL-Political,0.4888888888888888,1.9296164253404455,1.7428571428571429,Chain-GBR-RR-EPSI(0.18)
1014,PLR-REAL-Political,0.572063492063492,1.9246072621950414,1.8666666666666667,Chain-GBR-RR-EPSI(0.18)
1015,PLR-REAL-Political,0.591111111111111,1.9213770188761725,1.9047619047619047,Chain-GBR-RR-EPSI(0.18)
1016,PLR-REAL-Political,0.5580952380952381,1.9202256760298728,1.8095238095238095,Chain-GBR-RR-EPSI(0.18)
1017,PLR-REAL-Political,0.5549206349206349,1.9274970510505995,1.819047619047619,Chain-GBR-RR-EPSI(0.18)
1018,PLR-REAL-Political,0.5390476190476191,1.9278884043991662,1.8476190476190477,Chain-GBR-RR-EPSI(0.18)
1019,PLR-REAL-Political,0.5682539682539682,1.9189671020144314,1.8666666666666667,Chain-GBR-RR-EPSI(0.18)
1020,PLR-REAL-Political,0.5415094339622641,1.9224285493021656,1.8018867924528301,Chain-GBR-RR-EPSI(0.18)
1021,PLR-REAL-Political,0.5660377358490567,1.930786956914275,1.830188679245283,Chain-GBR-RR-EPSI(0.18)
1022,PLR-REAL-Political,0.5257861635220127,1.919329178977659,1.8018867924528301,Chain-GBR-RR-EPSI(0.18)
1023,PLR-REAL-Political,0.6222222222222222,1.9168896759440461,1.838095238095238,Chain-GBR-RR-EPSI(0.18)
1024,PLR-REAL-Political,0.546031746031746,1.9218317253292108,1.8,Chain-GBR-RR-EPSI(0.18)
1025,PLR-REAL-Political,0.579047619047619,1.9222472465654394,1.8571428571428572,Chain-GBR-RR-EPSI(0.18)
1026,PLR-REAL-Political,0.5542857142857143,1.9387018822271753,1.8857142857142857,Chain-GBR-RR-EPSI(0.18)
1027,PLR-REAL-Political,0.5098412698412698,1.9231461313378848,1.8476190476190477,Chain-GBR-RR-EPSI(0.18)
1028,PLR-REAL-Political,0.5568253968253969,1.9193228236230122,1.8666666666666667,Chain-GBR-RR-EPSI(0.18)
1029,PLR-REAL-Political,0.5365079365079365,1.926085538018054,1.7904761904761906,Chain-GBR-RR-EPSI(0.18)
1030,PLR-REAL-Political,0.5748427672955975,1.9336191023985205,1.8584905660377358,Chain-GBR-RR-EPSI(0.18)
1031,PLR-REAL-Political,0.5018867924528302,1.9166498393485416,1.7924528301886793,Chain-GBR-RR-EPSI(0.18)
1032,PLR-REAL-Political,0.5547169811320755,1.9177935405170563,1.9245283018867925,Chain-GBR-RR-EPSI(0.18)
1033,PLR-REAL-Political,0.5149206349206349,1.9294267822889588,1.819047619047619,Chain-GBR-RR-EPSI(0.18)
1034,PLR-REAL-Political,0.5942857142857143,1.9250319420286173,1.9333333333333333,Chain-GBR-RR-EPSI(0.18)
1035,PLR-REAL-Political,0.5365079365079365,1.959911190422301,1.7619047619047619,Chain-GBR-RR-EPSI(0.18)
1036,PLR-REAL-Political,0.5612698412698413,1.925194929114566,1.8761904761904762,Chain-GBR-RR-EPSI(0.18)
1037,PLR-REAL-Political,0.5803174603174602,1.9277753828009943,1.9047619047619047,Chain-GBR-RR-EPSI(0.18)
1038,PLR-REAL-Political,0.5396825396825398,1.9210601795756952,1.8571428571428572,Chain-GBR-RR-EPSI(0.18)
1039,PLR-REAL-Political,0.5212698412698412,1.9336062209372586,1.8095238095238095,Chain-GBR-RR-EPSI(0.18)
1040,PLR-REAL-Political,0.5371069182389937,1.9217635818784244,1.830188679245283,Chain-GBR-RR-EPSI(0.18)
1041,PLR-REAL-Political,0.5427672955974844,1.9170823391817082,1.8396226415094339,Chain-GBR-RR-EPSI(0.18)
1042,PLR-REAL-Political,0.5333333333333333,1.917301506217974,1.830188679245283,Chain-GBR-RR-EPSI(0.18)
1043,PLR-REAL-Political,0.5561904761904761,1.9164592220175385,1.8952380952380952,Chain-GBR-RR-EPSI(0.18)
1044,PLR-REAL-Political,0.5549206349206349,1.9173907413670392,1.838095238095238,Chain-GBR-RR-EPSI(0.18)
1045,PLR-REAL-Political,0.5682539682539683,1.9194129822894872,1.8666666666666667,Chain-GBR-RR-EPSI(0.18)
1046,PLR-REAL-Political,0.5244444444444444,1.9183477424974977,1.7714285714285714,Chain-GBR-RR-EPSI(0.18)
1047,PLR-REAL-Political,0.5193650793650794,1.916659730298554,1.838095238095238,Chain-GBR-RR-EPSI(0.18)
1048,PLR-REAL-Political,0.5358730158730158,1.92087019432688,1.8095238095238095,Chain-GBR-RR-EPSI(0.18)
1049,PLR-REAL-Political,0.5390476190476191,1.9186649435583634,1.819047619047619,Chain-GBR-RR-EPSI(0.18)
1050,PLR-REAL-Political,0.4805031446540881,1.9299063987939113,1.679245283018868,Chain-GBR-RR-EPSI(0.2)
1051,PLR-REAL-Political,0.5446540880503145,1.9413932012161674,1.7264150943396226,Chain-GBR-RR-EPSI(0.2)
1052,PLR-REAL-Political,0.5264150943396226,1.9388244556949183,1.7452830188679245,Chain-GBR-RR-EPSI(0.2)
1053,PLR-REAL-Political,0.4952380952380953,1.922355879056485,1.619047619047619,Chain-GBR-RR-EPSI(0.2)
1054,PLR-REAL-Political,0.4514285714285714,1.919901715063153,1.542857142857143,Chain-GBR-RR-EPSI(0.2)
1055,PLR-REAL-Political,0.4628571428571429,1.9259178887402755,1.6476190476190475,Chain-GBR-RR-EPSI(0.2)
1056,PLR-REAL-Political,0.45206349206349206,1.9198907452365699,1.5904761904761904,Chain-GBR-RR-EPSI(0.2)
1057,PLR-REAL-Political,0.5206349206349207,1.9239581480479673,1.7714285714285714,Chain-GBR-RR-EPSI(0.2)
1058,PLR-REAL-Political,0.49650793650793656,1.9222417678682007,1.6666666666666667,Chain-GBR-RR-EPSI(0.2)
1059,PLR-REAL-Political,0.5631746031746032,1.925997129308638,1.7428571428571429,Chain-GBR-RR-EPSI(0.2)
1060,PLR-REAL-Political,0.5069182389937106,1.9230153886800432,1.6886792452830188,Chain-GBR-RR-EPSI(0.2)
1061,PLR-REAL-Political,0.49559748427672956,1.9247074717140304,1.6603773584905661,Chain-GBR-RR-EPSI(0.2)
1062,PLR-REAL-Political,0.48993710691823905,1.925605500647417,1.6603773584905661,Chain-GBR-RR-EPSI(0.2)
1063,PLR-REAL-Political,0.46984126984126984,1.9330219769640626,1.6666666666666667,Chain-GBR-RR-EPSI(0.2)
1064,PLR-REAL-Political,0.5009523809523809,1.9206380454297536,1.638095238095238,Chain-GBR-RR-EPSI(0.2)
1065,PLR-REAL-Political,0.5650793650793652,1.9202267731150167,1.7428571428571429,Chain-GBR-RR-EPSI(0.2)
1066,PLR-REAL-Political,0.5009523809523809,1.9182586419280347,1.6095238095238096,Chain-GBR-RR-EPSI(0.2)
1067,PLR-REAL-Political,0.5047619047619047,1.9323683586232419,1.6857142857142857,Chain-GBR-RR-EPSI(0.2)
1068,PLR-REAL-Political,0.49523809523809526,1.9219552373225175,1.7333333333333334,Chain-GBR-RR-EPSI(0.2)
1069,PLR-REAL-Political,0.49841269841269853,1.9207427745265901,1.6666666666666667,Chain-GBR-RR-EPSI(0.2)
1070,PLR-REAL-Political,0.5062893081761006,1.927123730092163,1.679245283018868,Chain-GBR-RR-EPSI(0.2)
1071,PLR-REAL-Political,0.5138364779874214,1.9323971094403285,1.669811320754717,Chain-GBR-RR-EPSI(0.2)
1072,PLR-REAL-Political,0.47735849056603774,1.921326809861611,1.650943396226415,Chain-GBR-RR-EPSI(0.2)
1073,PLR-REAL-Political,0.5561904761904761,1.9166514844018834,1.6476190476190475,Chain-GBR-RR-EPSI(0.2)
1074,PLR-REAL-Political,0.4933333333333333,1.9195596757370794,1.6476190476190475,Chain-GBR-RR-EPSI(0.2)
1075,PLR-REAL-Political,0.5517460317460318,1.9227420776683788,1.723809523809524,Chain-GBR-RR-EPSI(0.2)
1076,PLR-REAL-Political,0.5161904761904763,1.9504381517154536,1.723809523809524,Chain-GBR-RR-EPSI(0.2)
1077,PLR-REAL-Political,0.4380952380952381,1.9210440568849525,1.619047619047619,Chain-GBR-RR-EPSI(0.2)
1078,PLR-REAL-Political,0.5288888888888889,1.923313251329926,1.6952380952380952,Chain-GBR-RR-EPSI(0.2)
1079,PLR-REAL-Political,0.48888888888888893,1.9236433114679283,1.6095238095238096,Chain-GBR-RR-EPSI(0.2)
1080,PLR-REAL-Political,0.5283018867924529,1.933130455626443,1.669811320754717,Chain-GBR-RR-EPSI(0.2)
1081,PLR-REAL-Political,0.4484276729559749,1.91685052009131,1.6037735849056605,Chain-GBR-RR-EPSI(0.2)
1082,PLR-REAL-Political,0.47798742138364786,1.9153284085775861,1.7075471698113207,Chain-GBR-RR-EPSI(0.2)
1083,PLR-REAL-Political,0.47111111111111104,1.9278692850001649,1.5904761904761904,Chain-GBR-RR-EPSI(0.2)
1084,PLR-REAL-Political,0.5434920634920635,1.9253368544408092,1.723809523809524,Chain-GBR-RR-EPSI(0.2)
1085,PLR-REAL-Political,0.5009523809523809,1.960487916880384,1.638095238095238,Chain-GBR-RR-EPSI(0.2)
1086,PLR-REAL-Political,0.49396825396825395,1.9204343112403155,1.6476190476190475,Chain-GBR-RR-EPSI(0.2)
1087,PLR-REAL-Political,0.5022222222222221,1.922266770959213,1.6476190476190475,Chain-GBR-RR-EPSI(0.2)
1088,PLR-REAL-Political,0.4914285714285714,1.9202075958600175,1.6952380952380952,Chain-GBR-RR-EPSI(0.2)
1089,PLR-REAL-Political,0.46793650793650793,1.945018102830463,1.6571428571428573,Chain-GBR-RR-EPSI(0.2)
1090,PLR-REAL-Political,0.4823899371069183,1.9256799549850148,1.6886792452830188,Chain-GBR-RR-EPSI(0.2)
1091,PLR-REAL-Political,0.4955974842767296,1.9144559616390089,1.6886792452830188,Chain-GBR-RR-EPSI(0.2)
1092,PLR-REAL-Political,0.4773584905660378,1.915299613546815,1.6603773584905661,Chain-GBR-RR-EPSI(0.2)
1093,PLR-REAL-Political,0.513015873015873,1.9145003559989584,1.723809523809524,Chain-GBR-RR-EPSI(0.2)
1094,PLR-REAL-Political,0.5244444444444444,1.9206500826166668,1.723809523809524,Chain-GBR-RR-EPSI(0.2)
1095,PLR-REAL-Political,0.4895238095238096,1.9171953338996959,1.6571428571428573,Chain-GBR-RR-EPSI(0.2)
1096,PLR-REAL-Political,0.4895238095238095,1.9177403814200211,1.6476190476190475,Chain-GBR-RR-EPSI(0.2)
1097,PLR-REAL-Political,0.46349206349206346,1.9154559678104672,1.6571428571428573,Chain-GBR-RR-EPSI(0.2)
1098,PLR-REAL-Political,0.5009523809523809,1.9191346902559474,1.6952380952380952,Chain-GBR-RR-EPSI(0.2)
1099,PLR-REAL-Political,0.5053968253968254,1.9177897310521488,1.6857142857142857,Chain-GBR-RR-EPSI(0.2)
