,data,tau_x_score,prediction_time,buckets_per_rank,algo,percentage
0,PLR-REAL-Political,0.5685534591194968,1.9285801186439515,2.7169811320754715,Chain-GBR-PI,0.1
1,PLR-REAL-Political,0.5672955974842767,1.930603468860145,2.7735849056603774,Chain-GBR-PI,0.1
2,PLR-REAL-Political,0.549685534591195,1.927465496967486,2.9056603773584904,Chain-GBR-PI,0.1
3,PLR-REAL-Political,0.6323809523809525,1.9316316201575805,2.8190476190476192,Chain-GBR-PI,0.1
4,PLR-REAL-Political,0.6146031746031746,1.9322014786108046,2.8285714285714287,Chain-GBR-PI,0.1
5,PLR-REAL-Political,0.5904761904761905,1.9311749001860319,2.8,Chain-GBR-PI,0.1
6,PLR-REAL-Political,0.5784126984126984,1.9290739586981251,2.961904761904762,Chain-GBR-PI,0.1
7,PLR-REAL-Political,0.5523809523809524,1.929279714870756,2.580952380952381,Chain-GBR-PI,0.1
8,PLR-REAL-Political,0.5885714285714285,1.9296661776477584,2.876190476190476,Chain-GBR-PI,0.1
9,PLR-REAL-Political,0.6101587301587301,1.9306432021484887,2.8095238095238093,Chain-GBR-PI,0.1
10,PLR-REAL-Political,0.5767295597484277,1.9306529908376517,2.69811320754717,Chain-GBR-PI,0.1
11,PLR-REAL-Political,0.570440251572327,1.9293792172249113,2.669811320754717,Chain-GBR-PI,0.1
12,PLR-REAL-Political,0.5943396226415094,1.9269956056163353,2.6320754716981134,Chain-GBR-PI,0.1
13,PLR-REAL-Political,0.5574603174603175,1.9318123185230878,2.7142857142857144,Chain-GBR-PI,0.1
14,PLR-REAL-Political,0.5815873015873017,1.92805633107713,2.942857142857143,Chain-GBR-PI,0.1
15,PLR-REAL-Political,0.584126984126984,1.9310305831299313,2.7714285714285714,Chain-GBR-PI,0.1
16,PLR-REAL-Political,0.587936507936508,1.9284157741411667,2.8857142857142857,Chain-GBR-PI,0.1
17,PLR-REAL-Political,0.5676190476190476,1.937142781729489,2.780952380952381,Chain-GBR-PI,0.1
18,PLR-REAL-Political,0.6057142857142858,1.9419070590657999,2.8666666666666667,Chain-GBR-PI,0.1
19,PLR-REAL-Political,0.606984126984127,1.9281205174767473,2.6476190476190475,Chain-GBR-PI,0.1
20,PLR-REAL-Political,0.5779874213836477,1.9285699730676837,2.858490566037736,Chain-GBR-PI,0.1
21,PLR-REAL-Political,0.5779874213836477,1.9280651549959866,2.6792452830188678,Chain-GBR-PI,0.1
22,PLR-REAL-Political,0.5547169811320755,1.9283211270084977,2.7169811320754715,Chain-GBR-PI,0.1
23,PLR-REAL-Political,0.6025396825396826,1.9290456428313478,2.6952380952380954,Chain-GBR-PI,0.1
24,PLR-REAL-Political,0.5904761904761904,1.9384586911134363,2.780952380952381,Chain-GBR-PI,0.1
25,PLR-REAL-Political,0.6311111111111111,1.9304580643097422,3.0285714285714285,Chain-GBR-PI,0.1
26,PLR-REAL-Political,0.5993650793650793,1.930714326077846,2.857142857142857,Chain-GBR-PI,0.1
27,PLR-REAL-Political,0.5847619047619047,1.9280873969298076,2.876190476190476,Chain-GBR-PI,0.1
28,PLR-REAL-Political,0.6184126984126984,1.9305491044802634,3.038095238095238,Chain-GBR-PI,0.1
29,PLR-REAL-Political,0.6006349206349206,1.9296509565168298,2.8095238095238093,Chain-GBR-PI,0.1
30,PLR-REAL-Political,0.5886792452830188,1.9290918519115647,2.811320754716981,Chain-GBR-PI,0.1
31,PLR-REAL-Political,0.5515723270440251,1.927908706596767,2.688679245283019,Chain-GBR-PI,0.1
32,PLR-REAL-Political,0.560377358490566,1.9290477290834354,2.9339622641509435,Chain-GBR-PI,0.1
33,PLR-REAL-Political,0.5701587301587302,1.9285355648756564,2.857142857142857,Chain-GBR-PI,0.1
34,PLR-REAL-Political,0.6114285714285714,1.9310827861826791,2.9523809523809526,Chain-GBR-PI,0.1
35,PLR-REAL-Political,0.5904761904761905,1.931174101447744,2.723809523809524,Chain-GBR-PI,0.1
36,PLR-REAL-Political,0.6031746031746033,1.9312749221542613,2.7333333333333334,Chain-GBR-PI,0.1
37,PLR-REAL-Political,0.5993650793650793,1.9304803611693906,2.942857142857143,Chain-GBR-PI,0.1
38,PLR-REAL-Political,0.5606349206349206,1.93103684249948,2.657142857142857,Chain-GBR-PI,0.1
39,PLR-REAL-Political,0.6101587301587301,1.9344959945812445,2.857142857142857,Chain-GBR-PI,0.1
40,PLR-REAL-Political,0.5937106918238994,1.9294223195371711,2.811320754716981,Chain-GBR-PI,0.1
41,PLR-REAL-Political,0.5446540880503146,1.9357335743877517,2.80188679245283,Chain-GBR-PI,0.1
42,PLR-REAL-Political,0.5911949685534592,1.9323991091182202,2.69811320754717,Chain-GBR-PI,0.1
43,PLR-REAL-Political,0.5822222222222222,1.9296167593317803,2.6285714285714286,Chain-GBR-PI,0.1
44,PLR-REAL-Political,0.6196825396825396,1.934271083429151,2.6666666666666665,Chain-GBR-PI,0.1
45,PLR-REAL-Political,0.5625396825396826,1.9294005695986483,2.7333333333333334,Chain-GBR-PI,0.1
46,PLR-REAL-Political,0.5885714285714286,1.9357809292509693,2.780952380952381,Chain-GBR-PI,0.1
47,PLR-REAL-Political,0.5784126984126984,1.9307685202963591,2.8190476190476192,Chain-GBR-PI,0.1
48,PLR-REAL-Political,0.5834920634920634,1.9287845854037344,2.780952380952381,Chain-GBR-PI,0.1
49,PLR-REAL-Political,0.6114285714285714,1.930579933338802,2.7333333333333334,Chain-GBR-PI,0.1
50,PLR-REAL-Political,0.6371069182389937,1.914389608188521,4.009433962264151,Chain-GBR-RR,0.1
51,PLR-REAL-Political,0.5867924528301887,1.9155052422262902,4.0754716981132075,Chain-GBR-RR,0.1
52,PLR-REAL-Political,0.5893081761006289,1.9142474840508485,4.264150943396227,Chain-GBR-RR,0.1
53,PLR-REAL-Political,0.626031746031746,1.9170102662960133,4.085714285714285,Chain-GBR-RR,0.1
54,PLR-REAL-Political,0.6393650793650792,1.9184775412063428,4.085714285714285,Chain-GBR-RR,0.1
55,PLR-REAL-Political,0.6234920634920635,1.9154912579103447,4.038095238095238,Chain-GBR-RR,0.1
56,PLR-REAL-Political,0.6279365079365078,1.9153445718438638,4.076190476190476,Chain-GBR-RR,0.1
57,PLR-REAL-Political,0.5606349206349206,1.9184195523813625,4.038095238095238,Chain-GBR-RR,0.1
58,PLR-REAL-Political,0.6057142857142858,1.9164151593938947,4.123809523809523,Chain-GBR-RR,0.1
59,PLR-REAL-Political,0.6158730158730159,1.9165512252238572,4.085714285714285,Chain-GBR-RR,0.1
60,PLR-REAL-Political,0.6163522012578616,1.918744005073896,4.160377358490566,Chain-GBR-RR,0.1
61,PLR-REAL-Political,0.6050314465408805,1.9148522598488198,4.1415094339622645,Chain-GBR-RR,0.1
62,PLR-REAL-Political,0.6257861635220126,1.9135383042646832,4.10377358490566,Chain-GBR-RR,0.1
63,PLR-REAL-Political,0.6095238095238096,1.9156188514525816,4.123809523809523,Chain-GBR-RR,0.1
64,PLR-REAL-Political,0.6006349206349206,1.9147465991725148,4.219047619047619,Chain-GBR-RR,0.1
65,PLR-REAL-Political,0.5923809523809523,1.916664551240507,4.133333333333334,Chain-GBR-RR,0.1
66,PLR-REAL-Political,0.6025396825396826,1.9158793179389266,4.038095238095238,Chain-GBR-RR,0.1
67,PLR-REAL-Political,0.6215873015873016,1.9149304499092168,4.076190476190476,Chain-GBR-RR,0.1
68,PLR-REAL-Political,0.6342857142857143,1.9269817777872997,4.180952380952381,Chain-GBR-RR,0.1
69,PLR-REAL-Political,0.6247619047619049,1.9153417141318103,4.085714285714285,Chain-GBR-RR,0.1
70,PLR-REAL-Political,0.6,1.913234169634566,4.188679245283019,Chain-GBR-RR,0.1
71,PLR-REAL-Political,0.6169811320754718,1.9140842340412914,3.952830188679245,Chain-GBR-RR,0.1
72,PLR-REAL-Political,0.6220125786163521,1.9167737660269535,4.1415094339622645,Chain-GBR-RR,0.1
73,PLR-REAL-Political,0.593015873015873,1.9162351823217223,4.104761904761904,Chain-GBR-RR,0.1
74,PLR-REAL-Political,0.6317460317460317,1.9254316976062766,4.257142857142857,Chain-GBR-RR,0.1
75,PLR-REAL-Political,0.6311111111111111,1.9132721113229698,4.228571428571429,Chain-GBR-RR,0.1
76,PLR-REAL-Political,0.6203174603174603,1.915834715511776,4.2,Chain-GBR-RR,0.1
77,PLR-REAL-Political,0.6292063492063493,1.9152477458664712,4.190476190476191,Chain-GBR-RR,0.1
78,PLR-REAL-Political,0.6336507936507937,1.9165171588147931,4.152380952380953,Chain-GBR-RR,0.1
79,PLR-REAL-Political,0.627936507936508,1.9142505990022758,4.114285714285714,Chain-GBR-RR,0.1
80,PLR-REAL-Political,0.5943396226415094,1.912979776156729,4.160377358490566,Chain-GBR-RR,0.1
81,PLR-REAL-Political,0.619496855345912,1.9140490228558007,4.037735849056604,Chain-GBR-RR,0.1
82,PLR-REAL-Political,0.6144654088050315,1.9125388629194713,4.10377358490566,Chain-GBR-RR,0.1
83,PLR-REAL-Political,0.6184126984126984,1.916849739252073,4.076190476190476,Chain-GBR-RR,0.1
84,PLR-REAL-Political,0.6241269841269842,1.9143726332393693,4.0285714285714285,Chain-GBR-RR,0.1
85,PLR-REAL-Political,0.5968253968253968,1.915341573425075,4.171428571428572,Chain-GBR-RR,0.1
86,PLR-REAL-Political,0.6361904761904763,1.917421699096371,4.228571428571429,Chain-GBR-RR,0.1
87,PLR-REAL-Political,0.6399999999999999,1.9167577634931234,4.152380952380953,Chain-GBR-RR,0.1
88,PLR-REAL-Political,0.6019047619047619,1.916978281865087,4.038095238095238,Chain-GBR-RR,0.1
89,PLR-REAL-Political,0.659047619047619,1.9215473558682465,4.180952380952381,Chain-GBR-RR,0.1
90,PLR-REAL-Political,0.6477987421383649,1.9142599577527324,4.150943396226415,Chain-GBR-RR,0.1
91,PLR-REAL-Political,0.59937106918239,1.9162614755918115,4.113207547169812,Chain-GBR-RR,0.1
92,PLR-REAL-Political,0.5993710691823899,1.9125752861018748,4.216981132075472,Chain-GBR-RR,0.1
93,PLR-REAL-Political,0.6234920634920635,1.9139012103341788,4.0285714285714285,Chain-GBR-RR,0.1
94,PLR-REAL-Political,0.5892063492063492,1.9169373949574593,4.085714285714285,Chain-GBR-RR,0.1
95,PLR-REAL-Political,0.6063492063492064,1.9148767675855043,4.133333333333334,Chain-GBR-RR,0.1
96,PLR-REAL-Political,0.6171428571428571,1.9193382787195252,4.104761904761904,Chain-GBR-RR,0.1
97,PLR-REAL-Political,0.6323809523809525,1.9145272409037255,4.2,Chain-GBR-RR,0.1
98,PLR-REAL-Political,0.6323809523809523,1.9160552557245276,4.0,Chain-GBR-RR,0.1
99,PLR-REAL-Political,0.6361904761904762,1.9145236219524282,4.133333333333334,Chain-GBR-RR,0.1
100,PLR-REAL-Political,0.710062893081761,1.4935588987481154,3.8962264150943398,ST-GBR-RR,0.1
101,PLR-REAL-Political,0.6867924528301886,0.7357814472329962,3.8207547169811322,ST-GBR-RR,0.1
102,PLR-REAL-Political,0.6710691823899372,0.7459710529557599,4.122641509433962,ST-GBR-RR,0.1
103,PLR-REAL-Political,0.6825396825396826,0.7429581118986844,3.980952380952381,ST-GBR-RR,0.1
104,PLR-REAL-Political,0.6692063492063492,0.7120328349196173,4.0476190476190474,ST-GBR-RR,0.1
105,PLR-REAL-Political,0.6749206349206348,0.7196673745141415,3.914285714285714,ST-GBR-RR,0.1
106,PLR-REAL-Political,0.7104761904761904,0.7625004104780241,4.066666666666666,ST-GBR-RR,0.1
107,PLR-REAL-Political,0.6279365079365078,0.73873794822854,3.933333333333333,ST-GBR-RR,0.1
108,PLR-REAL-Political,0.6965079365079365,0.7288427519713142,4.066666666666666,ST-GBR-RR,0.1
109,PLR-REAL-Political,0.6850793650793653,0.7190366214320244,3.9047619047619047,ST-GBR-RR,0.1
110,PLR-REAL-Political,0.6647798742138363,0.7311096087906094,4.028301886792453,ST-GBR-RR,0.1
111,PLR-REAL-Political,0.6943396226415095,0.7800934835301206,3.981132075471698,ST-GBR-RR,0.1
112,PLR-REAL-Political,0.7012578616352202,0.7525269271316158,4.084905660377358,ST-GBR-RR,0.1
113,PLR-REAL-Political,0.6761904761904762,0.8035980214236854,4.0476190476190474,ST-GBR-RR,0.1
114,PLR-REAL-Political,0.676190476190476,0.7534636442241973,3.961904761904762,ST-GBR-RR,0.1
115,PLR-REAL-Political,0.6869841269841269,0.8061950973781864,3.895238095238095,ST-GBR-RR,0.1
116,PLR-REAL-Political,0.6584126984126984,0.7210337066759818,4.0285714285714285,ST-GBR-RR,0.1
117,PLR-REAL-Political,0.6711111111111111,0.7572389312682966,3.9904761904761905,ST-GBR-RR,0.1
118,PLR-REAL-Political,0.6965079365079365,0.737445298264759,4.0476190476190474,ST-GBR-RR,0.1
119,PLR-REAL-Political,0.7085714285714285,0.7634499996160308,3.914285714285714,ST-GBR-RR,0.1
120,PLR-REAL-Political,0.6647798742138364,0.7658012815782389,3.9150943396226414,ST-GBR-RR,0.1
121,PLR-REAL-Political,0.6823899371069184,0.8135742136616765,3.8962264150943398,ST-GBR-RR,0.1
122,PLR-REAL-Political,0.6811320754716982,0.7381953312124506,4.018867924528302,ST-GBR-RR,0.1
123,PLR-REAL-Political,0.6412698412698412,0.7603131150530497,3.9238095238095236,ST-GBR-RR,0.1
124,PLR-REAL-Political,0.7015873015873016,0.7436275969612617,4.057142857142857,ST-GBR-RR,0.1
125,PLR-REAL-Political,0.6971428571428571,0.8071462376378612,3.9047619047619047,ST-GBR-RR,0.1
126,PLR-REAL-Political,0.7060317460317458,0.8223918428014919,3.9714285714285715,ST-GBR-RR,0.1
127,PLR-REAL-Political,0.6736507936507936,0.714228345950571,4.057142857142857,ST-GBR-RR,0.1
128,PLR-REAL-Political,0.6742857142857144,0.7264989902377598,4.0285714285714285,ST-GBR-RR,0.1
129,PLR-REAL-Political,0.6838095238095238,0.850647192992829,4.019047619047619,ST-GBR-RR,0.1
130,PLR-REAL-Political,0.6641509433962264,0.7342260544473037,3.9245283018867925,ST-GBR-RR,0.1
131,PLR-REAL-Political,0.6691823899371068,0.7185191569003524,4.018867924528302,ST-GBR-RR,0.1
132,PLR-REAL-Political,0.6742138364779875,0.7996911403788179,3.990566037735849,ST-GBR-RR,0.1
133,PLR-REAL-Political,0.6990476190476191,0.7155953445065617,3.895238095238095,ST-GBR-RR,0.1
134,PLR-REAL-Political,0.6647619047619048,0.7441132776987368,3.895238095238095,ST-GBR-RR,0.1
135,PLR-REAL-Political,0.6761904761904762,0.7369872515114749,4.038095238095238,ST-GBR-RR,0.1
136,PLR-REAL-Political,0.6774603174603175,0.7440129648363205,4.0,ST-GBR-RR,0.1
137,PLR-REAL-Political,0.7009523809523809,0.7629766758803068,3.8380952380952382,ST-GBR-RR,0.1
138,PLR-REAL-Political,0.6901587301587302,0.7107704411386796,4.0285714285714285,ST-GBR-RR,0.1
139,PLR-REAL-Political,0.7155555555555556,0.7377551666815351,4.0285714285714285,ST-GBR-RR,0.1
140,PLR-REAL-Political,0.7031446540880504,0.7192525564409916,4.047169811320755,ST-GBR-RR,0.1
141,PLR-REAL-Political,0.6685534591194969,0.7361788173020996,4.028301886792453,ST-GBR-RR,0.1
142,PLR-REAL-Political,0.6666666666666667,0.7419946785526277,4.018867924528302,ST-GBR-RR,0.1
143,PLR-REAL-Political,0.664126984126984,0.7547358048039812,4.0285714285714285,ST-GBR-RR,0.1
144,PLR-REAL-Political,0.6374603174603174,0.726967072135292,4.076190476190476,ST-GBR-RR,0.1
145,PLR-REAL-Political,0.6717460317460319,0.730886814800406,4.019047619047619,ST-GBR-RR,0.1
146,PLR-REAL-Political,0.6825396825396826,0.7729060104628996,4.0285714285714285,ST-GBR-RR,0.1
147,PLR-REAL-Political,0.6838095238095236,0.7846652789327954,3.9714285714285715,ST-GBR-RR,0.1
148,PLR-REAL-Political,0.6825396825396824,0.7174000034614496,3.914285714285714,ST-GBR-RR,0.1
149,PLR-REAL-Political,0.6844444444444444,0.745857452251449,4.0,ST-GBR-RR,0.1
150,PLR-REAL-Political,0.6320754716981132,1.4986734941678919,3.311320754716981,ST-GBR-PI,0.1
151,PLR-REAL-Political,0.6264150943396227,1.3923526173541647,3.150943396226415,ST-GBR-PI,0.1
152,PLR-REAL-Political,0.6132075471698113,1.3858163647762511,3.3962264150943398,ST-GBR-PI,0.1
153,PLR-REAL-Political,0.6704761904761904,1.3566687241508864,3.0952380952380953,ST-GBR-PI,0.1
154,PLR-REAL-Political,0.6374603174603174,0.7082159226492649,3.3142857142857145,ST-GBR-PI,0.1
155,PLR-REAL-Political,0.6393650793650795,0.7301486534437868,3.2285714285714286,ST-GBR-PI,0.1
156,PLR-REAL-Political,0.61015873015873,0.7153995122424693,3.3333333333333335,ST-GBR-PI,0.1
157,PLR-REAL-Political,0.6114285714285714,0.7258576382441853,3.1333333333333333,ST-GBR-PI,0.1
158,PLR-REAL-Political,0.634920634920635,1.3780765113057019,3.2285714285714286,ST-GBR-PI,0.1
159,PLR-REAL-Political,0.6260317460317459,0.7358589179383553,3.3523809523809525,ST-GBR-PI,0.1
160,PLR-REAL-Political,0.6421383647798742,0.7348530695766513,3.0943396226415096,ST-GBR-PI,0.1
161,PLR-REAL-Political,0.609433962264151,0.7356519577882557,3.3867924528301887,ST-GBR-PI,0.1
162,PLR-REAL-Political,0.6515723270440251,0.7468926067239716,3.2169811320754715,ST-GBR-PI,0.1
163,PLR-REAL-Political,0.6285714285714286,0.7050256263784784,3.1142857142857143,ST-GBR-PI,0.1
164,PLR-REAL-Political,0.6514285714285715,0.7096593485487546,3.447619047619048,ST-GBR-PI,0.1
165,PLR-REAL-Political,0.6253968253968254,0.6988927256594643,3.2857142857142856,ST-GBR-PI,0.1
166,PLR-REAL-Political,0.6304761904761905,0.7057717798235608,3.219047619047619,ST-GBR-PI,0.1
167,PLR-REAL-Political,0.6241269841269842,0.7068246500392604,3.1809523809523808,ST-GBR-PI,0.1
168,PLR-REAL-Political,0.6565079365079366,0.7382845068032219,3.276190476190476,ST-GBR-PI,0.1
169,PLR-REAL-Political,0.6234920634920635,0.79868337650627,3.3333333333333335,ST-GBR-PI,0.1
170,PLR-REAL-Political,0.5955974842767295,0.7339135520087858,3.2735849056603774,ST-GBR-PI,0.1
171,PLR-REAL-Political,0.620125786163522,0.7216434424490802,3.30188679245283,ST-GBR-PI,0.1
172,PLR-REAL-Political,0.6270440251572327,0.7080673352246655,3.2452830188679247,ST-GBR-PI,0.1
173,PLR-REAL-Political,0.6266666666666666,0.6993055506192479,3.2857142857142856,ST-GBR-PI,0.1
174,PLR-REAL-Political,0.6469841269841269,0.704643494974986,3.2857142857142856,ST-GBR-PI,0.1
175,PLR-REAL-Political,0.6565079365079366,0.786624721818273,3.3142857142857145,ST-GBR-PI,0.1
176,PLR-REAL-Political,0.6742857142857142,0.8106710473854626,3.2857142857142856,ST-GBR-PI,0.1
177,PLR-REAL-Political,0.6120634920634921,0.7010605537418121,3.2666666666666666,ST-GBR-PI,0.1
178,PLR-REAL-Political,0.6412698412698413,0.7333159905148151,3.1809523809523808,ST-GBR-PI,0.1
179,PLR-REAL-Political,0.6488888888888888,0.8016788178615168,3.1523809523809523,ST-GBR-PI,0.1
180,PLR-REAL-Political,0.6031446540880502,0.7281316900534325,3.2641509433962264,ST-GBR-PI,0.1
181,PLR-REAL-Political,0.6320754716981132,0.7125022112569983,3.150943396226415,ST-GBR-PI,0.1
182,PLR-REAL-Political,0.6251572327044025,0.7364758285191676,3.339622641509434,ST-GBR-PI,0.1
183,PLR-REAL-Political,0.6355555555555554,0.713746343572146,3.0952380952380953,ST-GBR-PI,0.1
184,PLR-REAL-Political,0.6336507936507937,0.7276583498572146,3.4,ST-GBR-PI,0.1
185,PLR-REAL-Political,0.6241269841269841,0.7071199636429932,3.3714285714285714,ST-GBR-PI,0.1
186,PLR-REAL-Political,0.6292063492063493,0.7112183849468897,3.1714285714285713,ST-GBR-PI,0.1
187,PLR-REAL-Political,0.6730158730158731,0.707532409191414,3.3714285714285714,ST-GBR-PI,0.1
188,PLR-REAL-Political,0.6387301587301587,0.7086713117108479,3.1904761904761907,ST-GBR-PI,0.1
189,PLR-REAL-Political,0.6723809523809524,0.7385134650284271,3.3142857142857145,ST-GBR-PI,0.1
190,PLR-REAL-Political,0.6553459119496855,0.744569564237029,3.3773584905660377,ST-GBR-PI,0.1
191,PLR-REAL-Political,0.6220125786163523,0.7076620704700415,3.188679245283019,ST-GBR-PI,0.1
192,PLR-REAL-Political,0.6251572327044025,0.740028673751221,3.3679245283018866,ST-GBR-PI,0.1
193,PLR-REAL-Political,0.620952380952381,0.7250835634075807,3.2857142857142856,ST-GBR-PI,0.1
194,PLR-REAL-Political,0.6323809523809523,0.7216993674110115,3.238095238095238,ST-GBR-PI,0.1
195,PLR-REAL-Political,0.6317460317460318,0.718858455587981,3.2095238095238097,ST-GBR-PI,0.1
196,PLR-REAL-Political,0.6253968253968253,0.7129738396583728,3.2476190476190476,ST-GBR-PI,0.1
197,PLR-REAL-Political,0.626031746031746,0.7306056638594456,3.1904761904761907,ST-GBR-PI,0.1
198,PLR-REAL-Political,0.6196825396825396,0.7068233670107469,3.323809523809524,ST-GBR-PI,0.1
199,PLR-REAL-Political,0.6584126984126984,0.7039652577061289,3.1142857142857143,ST-GBR-PI,0.1
200,PLR-REAL-Political,0.7446540880503145,1.7632476436619984,3.141509433962264,RPC-GB,0.1
201,PLR-REAL-Political,0.7654088050314465,1.7678631941239502,3.0660377358490565,RPC-GB,0.1
202,PLR-REAL-Political,0.7056603773584905,1.7507351373378264,3.3773584905660377,RPC-GB,0.1
203,PLR-REAL-Political,0.7453968253968254,1.7564076844754117,3.219047619047619,RPC-GB,0.1
204,PLR-REAL-Political,0.7326984126984127,1.776173165849733,3.6285714285714286,RPC-GB,0.1
205,PLR-REAL-Political,0.7447619047619047,1.779670117170261,3.342857142857143,RPC-GB,0.1
206,PLR-REAL-Political,0.7453968253968254,1.770023897297177,3.361904761904762,RPC-GB,0.1
207,PLR-REAL-Political,0.6780952380952381,1.770374865348254,3.1904761904761907,RPC-GB,0.1
208,PLR-REAL-Political,0.739047619047619,1.7682163071738295,3.295238095238095,RPC-GB,0.1
209,PLR-REAL-Political,0.7333333333333333,1.749512165443753,3.2476190476190476,RPC-GB,0.1
210,PLR-REAL-Political,0.7056603773584906,1.7775819876842254,3.207547169811321,RPC-GB,0.1
211,PLR-REAL-Political,0.7194968553459119,1.7624341715806415,3.19811320754717,RPC-GB,0.1
212,PLR-REAL-Political,0.7270440251572328,1.7615044774347237,3.207547169811321,RPC-GB,0.1
213,PLR-REAL-Political,0.7003174603174603,1.758308778351085,3.2476190476190476,RPC-GB,0.1
214,PLR-REAL-Political,0.7066666666666667,1.7535850444107655,3.3047619047619046,RPC-GB,0.1
215,PLR-REAL-Political,0.7193650793650793,1.7584028253470891,3.3142857142857145,RPC-GB,0.1
216,PLR-REAL-Political,0.7574603174603173,1.751922661512204,3.3142857142857145,RPC-GB,0.1
217,PLR-REAL-Political,0.7396825396825397,1.7626964335953166,3.1523809523809523,RPC-GB,0.1
218,PLR-REAL-Political,0.7523809523809523,1.7512223137210345,3.2666666666666666,RPC-GB,0.1
219,PLR-REAL-Political,0.7574603174603174,1.749528400185641,3.323809523809524,RPC-GB,0.1
220,PLR-REAL-Political,0.7088050314465407,1.7632740337456982,3.330188679245283,RPC-GB,0.1
221,PLR-REAL-Political,0.7371069182389938,1.7539844671392049,3.2169811320754715,RPC-GB,0.1
222,PLR-REAL-Political,0.7515723270440251,1.7514192076991646,3.349056603773585,RPC-GB,0.1
223,PLR-REAL-Political,0.7244444444444444,1.7506466702106032,3.1142857142857143,RPC-GB,0.1
224,PLR-REAL-Political,0.7314285714285714,1.7707160554631913,3.380952380952381,RPC-GB,0.1
225,PLR-REAL-Political,0.7295238095238096,1.7548118514205857,3.295238095238095,RPC-GB,0.1
226,PLR-REAL-Political,0.7587301587301588,1.758835183314126,3.2095238095238097,RPC-GB,0.1
227,PLR-REAL-Political,0.7212698412698414,1.7497562099337742,3.3523809523809525,RPC-GB,0.1
228,PLR-REAL-Political,0.7384126984126984,1.7565671852116054,3.3142857142857145,RPC-GB,0.1
229,PLR-REAL-Political,0.7219047619047618,1.7654415011920672,3.3333333333333335,RPC-GB,0.1
230,PLR-REAL-Political,0.7150943396226415,1.753437551231312,3.1226415094339623,RPC-GB,0.1
231,PLR-REAL-Political,0.7081761006289308,1.7552433862110803,3.2169811320754715,RPC-GB,0.1
232,PLR-REAL-Political,0.7245283018867923,1.7531724486765914,3.2641509433962264,RPC-GB,0.1
233,PLR-REAL-Political,0.7136507936507936,1.7585402523335194,3.1619047619047618,RPC-GB,0.1
234,PLR-REAL-Political,0.7238095238095238,1.7715305159515207,3.238095238095238,RPC-GB,0.1
235,PLR-REAL-Political,0.7079365079365078,1.7757000486965386,3.3714285714285714,RPC-GB,0.1
236,PLR-REAL-Political,0.7041269841269842,1.7822084858382599,3.3142857142857145,RPC-GB,0.1
237,PLR-REAL-Political,0.7707936507936507,1.7633543685176163,3.4285714285714284,RPC-GB,0.1
238,PLR-REAL-Political,0.7358730158730159,1.7672711280967512,3.238095238095238,RPC-GB,0.1
239,PLR-REAL-Political,0.7269841269841271,1.7780243049456703,3.219047619047619,RPC-GB,0.1
240,PLR-REAL-Political,0.7339622641509433,1.811643410254717,3.349056603773585,RPC-GB,0.1
241,PLR-REAL-Political,0.7232704402515724,1.7607103140988012,3.292452830188679,RPC-GB,0.1
242,PLR-REAL-Political,0.718867924528302,1.7644740542584467,3.4150943396226414,RPC-GB,0.1
243,PLR-REAL-Political,0.7244444444444442,1.7557400738749254,3.1904761904761907,RPC-GB,0.1
244,PLR-REAL-Political,0.6965079365079364,1.7497827901879461,3.4,RPC-GB,0.1
245,PLR-REAL-Political,0.7212698412698413,1.7585684484644883,3.4952380952380953,RPC-GB,0.1
246,PLR-REAL-Political,0.7320634920634921,1.7494083431757725,3.219047619047619,RPC-GB,0.1
247,PLR-REAL-Political,0.7339682539682539,1.7629633186599283,3.3333333333333335,RPC-GB,0.1
248,PLR-REAL-Political,0.7434920634920634,1.7538681863794137,3.057142857142857,RPC-GB,0.1
249,PLR-REAL-Political,0.7479365079365079,1.76751093967271,3.219047619047619,RPC-GB,0.1
250,PLR-REAL-Political,0.530188679245283,1.9284262477235152,2.4150943396226414,Chain-GBR-PI,0.2
251,PLR-REAL-Political,0.5893081761006289,1.9309966744978972,2.650943396226415,Chain-GBR-PI,0.2
252,PLR-REAL-Political,0.5050314465408805,1.9360143563571128,2.509433962264151,Chain-GBR-PI,0.2
253,PLR-REAL-Political,0.5765079365079365,1.930602576902855,2.5619047619047617,Chain-GBR-PI,0.2
254,PLR-REAL-Political,0.5390476190476191,1.932359455431952,2.7333333333333334,Chain-GBR-PI,0.2
255,PLR-REAL-Political,0.52,1.9334420495659308,2.3333333333333335,Chain-GBR-PI,0.2
256,PLR-REAL-Political,0.5231746031746032,1.932186291731532,2.6666666666666665,Chain-GBR-PI,0.2
257,PLR-REAL-Political,0.5085714285714287,1.9303113767072506,2.7142857142857144,Chain-GBR-PI,0.2
258,PLR-REAL-Political,0.533968253968254,1.9286885980326367,2.5428571428571427,Chain-GBR-PI,0.2
259,PLR-REAL-Political,0.5587301587301587,1.9315995369539174,2.5904761904761906,Chain-GBR-PI,0.2
260,PLR-REAL-Political,0.5377358490566039,1.927942193418459,2.5377358490566038,Chain-GBR-PI,0.2
261,PLR-REAL-Political,0.5534591194968553,1.9291553789225069,2.6037735849056602,Chain-GBR-PI,0.2
262,PLR-REAL-Political,0.5553459119496855,1.933733738903565,2.5754716981132075,Chain-GBR-PI,0.2
263,PLR-REAL-Political,0.5098412698412699,1.928958876463271,2.5142857142857142,Chain-GBR-PI,0.2
264,PLR-REAL-Political,0.546031746031746,1.933951923161274,2.7523809523809524,Chain-GBR-PI,0.2
265,PLR-REAL-Political,0.5168253968253969,1.930869931936489,2.4380952380952383,Chain-GBR-PI,0.2
266,PLR-REAL-Political,0.5593650793650794,1.9299772482784676,2.580952380952381,Chain-GBR-PI,0.2
267,PLR-REAL-Political,0.5523809523809524,1.930477762374929,2.580952380952381,Chain-GBR-PI,0.2
268,PLR-REAL-Political,0.5593650793650794,1.9296661695636383,2.657142857142857,Chain-GBR-PI,0.2
269,PLR-REAL-Political,0.5511111111111111,1.9302020647742877,2.5428571428571427,Chain-GBR-PI,0.2
270,PLR-REAL-Political,0.5484276729559748,1.929037620425746,2.5660377358490565,Chain-GBR-PI,0.2
271,PLR-REAL-Political,0.59937106918239,1.928028361038564,2.6132075471698113,Chain-GBR-PI,0.2
272,PLR-REAL-Political,0.5861635220125786,1.9308660095993373,2.650943396226415,Chain-GBR-PI,0.2
273,PLR-REAL-Political,0.5371428571428571,1.9284595702340532,2.4857142857142858,Chain-GBR-PI,0.2
274,PLR-REAL-Political,0.5396825396825398,1.9275693803498506,2.6857142857142855,Chain-GBR-PI,0.2
275,PLR-REAL-Political,0.5625396825396825,1.9293354135278071,2.6285714285714286,Chain-GBR-PI,0.2
276,PLR-REAL-Political,0.6082539682539682,1.9305863994926604,2.533333333333333,Chain-GBR-PI,0.2
277,PLR-REAL-Political,0.5238095238095238,1.9267961622845362,2.4857142857142858,Chain-GBR-PI,0.2
278,PLR-REAL-Political,0.5390476190476191,1.9315533409151644,2.6285714285714286,Chain-GBR-PI,0.2
279,PLR-REAL-Political,0.5015873015873016,1.9298028819124926,2.638095238095238,Chain-GBR-PI,0.2
280,PLR-REAL-Political,0.5383647798742138,1.929431008872956,2.6792452830188678,Chain-GBR-PI,0.2
281,PLR-REAL-Political,0.5358490566037736,1.930867203375937,2.4056603773584904,Chain-GBR-PI,0.2
282,PLR-REAL-Political,0.5471698113207547,1.9323774400975597,2.547169811320755,Chain-GBR-PI,0.2
283,PLR-REAL-Political,0.5841269841269842,1.9321405349802785,2.7904761904761903,Chain-GBR-PI,0.2
284,PLR-REAL-Political,0.5580952380952381,1.9327155771143754,2.6285714285714286,Chain-GBR-PI,0.2
285,PLR-REAL-Political,0.535873015873016,1.931337940108491,2.7333333333333334,Chain-GBR-PI,0.2
286,PLR-REAL-Political,0.553015873015873,1.9301269248469846,2.5238095238095237,Chain-GBR-PI,0.2
287,PLR-REAL-Political,0.5974603174603175,1.9307124547749739,2.676190476190476,Chain-GBR-PI,0.2
288,PLR-REAL-Political,0.5498412698412698,1.9318601093167465,2.5047619047619047,Chain-GBR-PI,0.2
289,PLR-REAL-Political,0.5333333333333332,1.9325958382572772,2.5238095238095237,Chain-GBR-PI,0.2
290,PLR-REAL-Political,0.5320754716981133,1.9299802038125684,2.641509433962264,Chain-GBR-PI,0.2
291,PLR-REAL-Political,0.5125786163522013,1.9296075642323887,2.518867924528302,Chain-GBR-PI,0.2
292,PLR-REAL-Political,0.5339622641509434,1.9277787388848704,2.518867924528302,Chain-GBR-PI,0.2
293,PLR-REAL-Political,0.5498412698412698,1.9326076663348004,2.4380952380952383,Chain-GBR-PI,0.2
294,PLR-REAL-Political,0.5460317460317461,1.932382617933966,2.4952380952380953,Chain-GBR-PI,0.2
295,PLR-REAL-Political,0.5390476190476191,1.928917988938529,2.6952380952380954,Chain-GBR-PI,0.2
296,PLR-REAL-Political,0.579047619047619,1.9334108986276197,2.5047619047619047,Chain-GBR-PI,0.2
297,PLR-REAL-Political,0.5301587301587302,1.9297313048746982,2.533333333333333,Chain-GBR-PI,0.2
298,PLR-REAL-Political,0.5777777777777777,1.932296012010416,2.6095238095238096,Chain-GBR-PI,0.2
299,PLR-REAL-Political,0.5758730158730159,1.9286951853314103,2.5047619047619047,Chain-GBR-PI,0.2
300,PLR-REAL-Political,0.5880503144654088,1.9148653874192267,4.122641509433962,Chain-GBR-RR,0.2
301,PLR-REAL-Political,0.5867924528301887,1.9172628787174617,4.066037735849057,Chain-GBR-RR,0.2
302,PLR-REAL-Political,0.5603773584905659,1.9170108835913804,4.018867924528302,Chain-GBR-RR,0.2
303,PLR-REAL-Political,0.5701587301587302,1.9193920540032583,3.9714285714285715,Chain-GBR-RR,0.2
304,PLR-REAL-Political,0.5942857142857143,1.916935001228169,3.933333333333333,Chain-GBR-RR,0.2
305,PLR-REAL-Political,0.56,1.9154956651159276,3.942857142857143,Chain-GBR-RR,0.2
306,PLR-REAL-Political,0.5955555555555555,1.9176458171390358,4.0476190476190474,Chain-GBR-RR,0.2
307,PLR-REAL-Political,0.5473015873015873,1.9154231328522424,3.8190476190476192,Chain-GBR-RR,0.2
308,PLR-REAL-Political,0.5866666666666668,1.9145822884224943,3.933333333333333,Chain-GBR-RR,0.2
309,PLR-REAL-Political,0.5974603174603175,1.9178873642612433,3.942857142857143,Chain-GBR-RR,0.2
310,PLR-REAL-Political,0.5389937106918239,1.9149538984260377,3.8867924528301887,Chain-GBR-RR,0.2
311,PLR-REAL-Political,0.5729559748427673,1.9181024273914657,4.122641509433962,Chain-GBR-RR,0.2
312,PLR-REAL-Political,0.6100628930817611,1.9238202423452198,4.160377358490566,Chain-GBR-RR,0.2
313,PLR-REAL-Political,0.5536507936507936,1.9159818999577125,4.019047619047619,Chain-GBR-RR,0.2
314,PLR-REAL-Political,0.5549206349206348,1.9216925539400576,4.123809523809523,Chain-GBR-RR,0.2
315,PLR-REAL-Political,0.5644444444444444,1.9176072256536205,4.066666666666666,Chain-GBR-RR,0.2
316,PLR-REAL-Political,0.5866666666666667,1.9172577935706048,4.057142857142857,Chain-GBR-RR,0.2
317,PLR-REAL-Political,0.6,1.9186680424188236,4.095238095238095,Chain-GBR-RR,0.2
318,PLR-REAL-Political,0.5917460317460317,1.9185936414455655,4.057142857142857,Chain-GBR-RR,0.2
319,PLR-REAL-Political,0.5688888888888889,1.915542916740983,3.980952380952381,Chain-GBR-RR,0.2
320,PLR-REAL-Political,0.5811320754716981,1.9153458363787192,3.9622641509433962,Chain-GBR-RR,0.2
321,PLR-REAL-Political,0.5981132075471698,1.9169666280806075,4.19811320754717,Chain-GBR-RR,0.2
322,PLR-REAL-Political,0.6119496855345913,1.915241711643019,3.9622641509433962,Chain-GBR-RR,0.2
323,PLR-REAL-Political,0.5517460317460318,1.9153197777357651,4.104761904761904,Chain-GBR-RR,0.2
324,PLR-REAL-Political,0.5784126984126984,1.914910067078079,4.057142857142857,Chain-GBR-RR,0.2
325,PLR-REAL-Political,0.6031746031746031,1.9145888971364358,3.895238095238095,Chain-GBR-RR,0.2
326,PLR-REAL-Political,0.6031746031746031,1.9175390585376735,3.876190476190476,Chain-GBR-RR,0.2
327,PLR-REAL-Political,0.598095238095238,1.9143471607730862,3.933333333333333,Chain-GBR-RR,0.2
328,PLR-REAL-Political,0.5822222222222222,1.916648319355414,4.104761904761904,Chain-GBR-RR,0.2
329,PLR-REAL-Political,0.5765079365079365,1.9163492338368309,4.038095238095238,Chain-GBR-RR,0.2
330,PLR-REAL-Political,0.5628930817610063,1.917442902915131,4.047169811320755,Chain-GBR-RR,0.2
331,PLR-REAL-Political,0.5647798742138366,1.9147389681110492,3.9150943396226414,Chain-GBR-RR,0.2
332,PLR-REAL-Political,0.6031446540880504,1.9175611627859714,4.0,Chain-GBR-RR,0.2
333,PLR-REAL-Political,0.5885714285714285,1.9211464129972122,3.942857142857143,Chain-GBR-RR,0.2
334,PLR-REAL-Political,0.5917460317460318,1.917931981593769,3.876190476190476,Chain-GBR-RR,0.2
335,PLR-REAL-Political,0.5733333333333334,1.9188672129921456,4.076190476190476,Chain-GBR-RR,0.2
336,PLR-REAL-Political,0.6050793650793651,1.9143652441762486,4.019047619047619,Chain-GBR-RR,0.2
337,PLR-REAL-Political,0.580952380952381,1.9154011778179607,3.9047619047619047,Chain-GBR-RR,0.2
338,PLR-REAL-Political,0.603174603174603,1.9156433530281476,4.0285714285714285,Chain-GBR-RR,0.2
339,PLR-REAL-Political,0.6006349206349206,1.917686345345747,4.0476190476190474,Chain-GBR-RR,0.2
340,PLR-REAL-Political,0.5899371069182391,1.9176176936761122,4.132075471698113,Chain-GBR-RR,0.2
341,PLR-REAL-Political,0.5710691823899372,1.918481662662026,3.8867924528301887,Chain-GBR-RR,0.2
342,PLR-REAL-Political,0.571698113207547,1.9161071720840517,4.028301886792453,Chain-GBR-RR,0.2
343,PLR-REAL-Political,0.5714285714285715,1.918697121758245,3.8857142857142857,Chain-GBR-RR,0.2
344,PLR-REAL-Political,0.5314285714285714,1.917286888288,3.9904761904761905,Chain-GBR-RR,0.2
345,PLR-REAL-Political,0.5828571428571429,1.9165761998992303,3.933333333333333,Chain-GBR-RR,0.2
346,PLR-REAL-Political,0.6025396825396825,1.9196993553586756,3.980952380952381,Chain-GBR-RR,0.2
347,PLR-REAL-Political,0.5847619047619047,1.9158858410600084,3.9523809523809526,Chain-GBR-RR,0.2
348,PLR-REAL-Political,0.6006349206349206,1.9188064709392822,3.961904761904762,Chain-GBR-RR,0.2
349,PLR-REAL-Political,0.5917460317460317,1.9157525213296476,4.038095238095238,Chain-GBR-RR,0.2
350,PLR-REAL-Political,0.7037735849056603,0.7043866857972073,3.952830188679245,ST-GBR-RR,0.2
351,PLR-REAL-Political,0.6930817610062894,0.7718988354027385,3.8773584905660377,ST-GBR-RR,0.2
352,PLR-REAL-Political,0.6779874213836478,0.7111052735011468,3.990566037735849,ST-GBR-RR,0.2
353,PLR-REAL-Political,0.6692063492063492,0.6809708466271088,3.9523809523809526,ST-GBR-RR,0.2
354,PLR-REAL-Political,0.6723809523809523,0.7043495212828285,4.057142857142857,ST-GBR-RR,0.2
355,PLR-REAL-Political,0.6647619047619048,0.7803695362017281,4.038095238095238,ST-GBR-RR,0.2
356,PLR-REAL-Political,0.6984126984126984,0.7114961335068818,4.123809523809523,ST-GBR-RR,0.2
357,PLR-REAL-Political,0.6158730158730158,0.7301376232614281,3.8857142857142857,ST-GBR-RR,0.2
358,PLR-REAL-Political,0.6933333333333335,0.7668092071352377,4.0095238095238095,ST-GBR-RR,0.2
359,PLR-REAL-Political,0.6838095238095238,0.7511845678552953,3.9904761904761905,ST-GBR-RR,0.2
360,PLR-REAL-Political,0.6698113207547169,0.6980238026113099,4.009433962264151,ST-GBR-RR,0.2
361,PLR-REAL-Political,0.6773584905660377,0.7808803218664992,3.9056603773584904,ST-GBR-RR,0.2
362,PLR-REAL-Political,0.6836477987421382,0.765125807865105,4.047169811320755,ST-GBR-RR,0.2
363,PLR-REAL-Political,0.68,0.7039159979645407,3.980952380952381,ST-GBR-RR,0.2
364,PLR-REAL-Political,0.6838095238095238,0.7563017148729905,4.038095238095238,ST-GBR-RR,0.2
365,PLR-REAL-Political,0.669206349206349,0.7792979160638897,3.914285714285714,ST-GBR-RR,0.2
366,PLR-REAL-Political,0.6742857142857143,0.773848630567511,3.980952380952381,ST-GBR-RR,0.2
367,PLR-REAL-Political,0.6946031746031746,0.7364951887760225,3.933333333333333,ST-GBR-RR,0.2
368,PLR-REAL-Political,0.6634920634920636,0.782905468243294,4.095238095238095,ST-GBR-RR,0.2
369,PLR-REAL-Political,0.686984126984127,0.71121916457504,4.019047619047619,ST-GBR-RR,0.2
370,PLR-REAL-Political,0.6547169811320754,0.7070850874098592,3.9056603773584904,ST-GBR-RR,0.2
371,PLR-REAL-Political,0.6823899371069182,0.7059902124460441,3.9056603773584904,ST-GBR-RR,0.2
372,PLR-REAL-Political,0.7050314465408805,0.7745797498970601,3.9622641509433962,ST-GBR-RR,0.2
373,PLR-REAL-Political,0.6558730158730158,0.6993118617393966,4.038095238095238,ST-GBR-RR,0.2
374,PLR-REAL-Political,0.7015873015873016,0.7174215983894788,4.0476190476190474,ST-GBR-RR,0.2
375,PLR-REAL-Political,0.6882539682539682,0.7152129256393258,3.980952380952381,ST-GBR-RR,0.2
376,PLR-REAL-Political,0.6882539682539682,0.7731730401537391,3.961904761904762,ST-GBR-RR,0.2
377,PLR-REAL-Political,0.6673015873015873,0.7794448852703355,4.019047619047619,ST-GBR-RR,0.2
378,PLR-REAL-Political,0.6647619047619048,0.7035142051504,4.0285714285714285,ST-GBR-RR,0.2
379,PLR-REAL-Political,0.6857142857142857,0.7628098925636201,4.0476190476190474,ST-GBR-RR,0.2
380,PLR-REAL-Political,0.6433962264150942,0.7098126287686831,3.858490566037736,ST-GBR-RR,0.2
381,PLR-REAL-Political,0.6874213836477988,0.6790920328281298,3.9716981132075473,ST-GBR-RR,0.2
382,PLR-REAL-Political,0.6698113207547168,0.7719327432543646,3.9339622641509435,ST-GBR-RR,0.2
383,PLR-REAL-Political,0.6723809523809523,0.688715566077102,3.914285714285714,ST-GBR-RR,0.2
384,PLR-REAL-Political,0.660952380952381,0.7085749142284634,3.9238095238095236,ST-GBR-RR,0.2
385,PLR-REAL-Political,0.6742857142857144,0.7803333467453766,4.057142857142857,ST-GBR-RR,0.2
386,PLR-REAL-Political,0.6946031746031746,0.7249654281670236,4.019047619047619,ST-GBR-RR,0.2
387,PLR-REAL-Political,0.6863492063492063,0.6849380111406235,3.9047619047619047,ST-GBR-RR,0.2
388,PLR-REAL-Political,0.6825396825396824,0.7244649232847563,4.0095238095238095,ST-GBR-RR,0.2
389,PLR-REAL-Political,0.7015873015873016,0.7076578283168625,3.9714285714285715,ST-GBR-RR,0.2
390,PLR-REAL-Political,0.7018867924528301,0.769660499079454,4.066037735849057,ST-GBR-RR,0.2
391,PLR-REAL-Political,0.6641509433962265,0.7361792988217123,3.981132075471698,ST-GBR-RR,0.2
392,PLR-REAL-Political,0.6735849056603774,0.7008063820172612,4.056603773584905,ST-GBR-RR,0.2
393,PLR-REAL-Political,0.6603174603174602,0.771272949781944,3.9238095238095236,ST-GBR-RR,0.2
394,PLR-REAL-Political,0.6266666666666666,0.7189862043593629,3.895238095238095,ST-GBR-RR,0.2
395,PLR-REAL-Political,0.6838095238095238,0.7720219142792711,3.933333333333333,ST-GBR-RR,0.2
396,PLR-REAL-Political,0.6926984126984127,0.7672714148113035,3.980952380952381,ST-GBR-RR,0.2
397,PLR-REAL-Political,0.6952380952380953,0.6995166781184567,4.019047619047619,ST-GBR-RR,0.2
398,PLR-REAL-Political,0.6825396825396826,0.7217722895939103,3.8095238095238093,ST-GBR-RR,0.2
399,PLR-REAL-Political,0.6831746031746032,0.7386273193954511,4.0095238095238095,ST-GBR-RR,0.2
400,PLR-REAL-Political,0.6081761006289308,0.7066241447067391,3.207547169811321,ST-GBR-PI,0.2
401,PLR-REAL-Political,0.6289308176100628,0.6725628306705579,3.160377358490566,ST-GBR-PI,0.2
402,PLR-REAL-Political,0.60188679245283,0.7319927970986088,3.311320754716981,ST-GBR-PI,0.2
403,PLR-REAL-Political,0.6577777777777778,0.7057662792963707,3.085714285714286,ST-GBR-PI,0.2
404,PLR-REAL-Political,0.6546031746031745,0.702166970901054,3.1333333333333333,ST-GBR-PI,0.2
405,PLR-REAL-Political,0.6311111111111111,0.6982725907088868,3.1619047619047618,ST-GBR-PI,0.2
406,PLR-REAL-Political,0.6279365079365078,0.6777887133628614,3.257142857142857,ST-GBR-PI,0.2
407,PLR-REAL-Political,0.6285714285714286,0.6926721330226898,3.2666666666666666,ST-GBR-PI,0.2
408,PLR-REAL-Political,0.6368253968253967,0.699697298114002,3.2285714285714286,ST-GBR-PI,0.2
409,PLR-REAL-Political,0.6336507936507937,0.6786601623917818,3.3714285714285714,ST-GBR-PI,0.2
410,PLR-REAL-Political,0.6345911949685534,0.7213057431890855,3.150943396226415,ST-GBR-PI,0.2
411,PLR-REAL-Political,0.6113207547169811,0.6894511143112041,3.3679245283018866,ST-GBR-PI,0.2
412,PLR-REAL-Political,0.6446540880503144,0.7019339463979172,3.0660377358490565,ST-GBR-PI,0.2
413,PLR-REAL-Political,0.606984126984127,0.7047309408720024,3.066666666666667,ST-GBR-PI,0.2
414,PLR-REAL-Political,0.6450793650793651,0.703207289496456,3.4095238095238094,ST-GBR-PI,0.2
415,PLR-REAL-Political,0.6088888888888889,0.7076521433936206,3.342857142857143,ST-GBR-PI,0.2
416,PLR-REAL-Political,0.6285714285714284,0.7120483784216907,3.219047619047619,ST-GBR-PI,0.2
417,PLR-REAL-Political,0.6139682539682539,0.6991672273785481,3.219047619047619,ST-GBR-PI,0.2
418,PLR-REAL-Political,0.6457142857142857,0.7156537605111751,3.257142857142857,ST-GBR-PI,0.2
419,PLR-REAL-Political,0.6228571428571429,0.7653864180440599,3.342857142857143,ST-GBR-PI,0.2
420,PLR-REAL-Political,0.5924528301886792,0.7728888128995499,3.2264150943396226,ST-GBR-PI,0.2
421,PLR-REAL-Political,0.6377358490566037,0.6689123067231323,3.1792452830188678,ST-GBR-PI,0.2
422,PLR-REAL-Political,0.6320754716981133,0.6873600396355275,3.3207547169811322,ST-GBR-PI,0.2
423,PLR-REAL-Political,0.6190476190476191,0.6752369066814037,3.238095238095238,ST-GBR-PI,0.2
424,PLR-REAL-Political,0.6387301587301588,0.6980955621850359,3.3142857142857145,ST-GBR-PI,0.2
425,PLR-REAL-Political,0.6298412698412698,0.6792756516857731,3.276190476190476,ST-GBR-PI,0.2
426,PLR-REAL-Political,0.6558730158730158,0.7074444106010207,3.019047619047619,ST-GBR-PI,0.2
427,PLR-REAL-Political,0.6082539682539683,0.6845560385267534,3.276190476190476,ST-GBR-PI,0.2
428,PLR-REAL-Political,0.6438095238095237,0.7170603671269743,3.257142857142857,ST-GBR-PI,0.2
429,PLR-REAL-Political,0.6501587301587302,0.6781589230595412,3.1904761904761907,ST-GBR-PI,0.2
430,PLR-REAL-Political,0.5855345911949685,0.780902285831625,3.1132075471698113,ST-GBR-PI,0.2
431,PLR-REAL-Political,0.6477987421383646,0.7160042151493092,3.1320754716981134,ST-GBR-PI,0.2
432,PLR-REAL-Political,0.6339622641509433,0.7703921897000631,3.292452830188679,ST-GBR-PI,0.2
433,PLR-REAL-Political,0.6273015873015874,0.684224792664437,3.238095238095238,ST-GBR-PI,0.2
434,PLR-REAL-Political,0.6241269841269841,0.7032165050568656,3.3523809523809525,ST-GBR-PI,0.2
435,PLR-REAL-Political,0.6279365079365078,0.703374379690322,3.3142857142857145,ST-GBR-PI,0.2
436,PLR-REAL-Political,0.6361904761904763,0.7078950938570623,3.1904761904761907,ST-GBR-PI,0.2
437,PLR-REAL-Political,0.6673015873015873,0.6900396285566269,3.295238095238095,ST-GBR-PI,0.2
438,PLR-REAL-Political,0.6095238095238096,0.6929904055074324,3.238095238095238,ST-GBR-PI,0.2
439,PLR-REAL-Political,0.6222222222222222,0.6790444374606226,3.2666666666666666,ST-GBR-PI,0.2
440,PLR-REAL-Political,0.6433962264150944,0.7057726617975283,3.2830188679245285,ST-GBR-PI,0.2
441,PLR-REAL-Political,0.6389937106918239,0.7191678761805292,3.1226415094339623,ST-GBR-PI,0.2
442,PLR-REAL-Political,0.6075471698113208,0.6731656676020213,3.4339622641509435,ST-GBR-PI,0.2
443,PLR-REAL-Political,0.6374603174603175,0.6793121344128579,3.142857142857143,ST-GBR-PI,0.2
444,PLR-REAL-Political,0.6196825396825396,0.6762874995092767,3.3047619047619046,ST-GBR-PI,0.2
445,PLR-REAL-Political,0.638095238095238,0.8084858088617298,3.219047619047619,ST-GBR-PI,0.2
446,PLR-REAL-Political,0.6374603174603175,0.7635883923788629,3.2857142857142856,ST-GBR-PI,0.2
447,PLR-REAL-Political,0.626031746031746,0.7134675045010179,3.0761904761904764,ST-GBR-PI,0.2
448,PLR-REAL-Political,0.6241269841269842,0.6924845029984822,3.2,ST-GBR-PI,0.2
449,PLR-REAL-Political,0.634920634920635,0.7229953326369293,3.2476190476190476,ST-GBR-PI,0.2
450,PLR-REAL-Political,0.7440251572327045,1.6192054248809042,3.150943396226415,RPC-GB,0.2
451,PLR-REAL-Political,0.7421383647798743,1.62469155222297,3.1037735849056602,RPC-GB,0.2
452,PLR-REAL-Political,0.6962264150943395,1.6187537110493946,3.339622641509434,RPC-GB,0.2
453,PLR-REAL-Political,0.728888888888889,1.6267361697341831,3.238095238095238,RPC-GB,0.2
454,PLR-REAL-Political,0.7168253968253969,1.6160815984569836,3.533333333333333,RPC-GB,0.2
455,PLR-REAL-Political,0.7371428571428571,1.612664006571993,3.295238095238095,RPC-GB,0.2
456,PLR-REAL-Political,0.7225396825396826,1.6141591864086826,3.3904761904761904,RPC-GB,0.2
457,PLR-REAL-Political,0.6952380952380951,1.6106957487224538,3.142857142857143,RPC-GB,0.2
458,PLR-REAL-Political,0.7282539682539683,1.6076482308402607,3.257142857142857,RPC-GB,0.2
459,PLR-REAL-Political,0.7212698412698413,1.613494296271414,3.2476190476190476,RPC-GB,0.2
460,PLR-REAL-Political,0.7012578616352201,1.6251299763414628,3.30188679245283,RPC-GB,0.2
461,PLR-REAL-Political,0.7094339622641508,1.6166407356525785,3.0754716981132075,RPC-GB,0.2
462,PLR-REAL-Political,0.7339622641509432,1.6161335384212228,3.3773584905660377,RPC-GB,0.2
463,PLR-REAL-Political,0.6844444444444444,1.6298088924931637,3.2095238095238097,RPC-GB,0.2
464,PLR-REAL-Political,0.7187301587301588,1.6125443550902594,3.342857142857143,RPC-GB,0.2
465,PLR-REAL-Political,0.7358730158730159,1.6090852640967663,3.1619047619047618,RPC-GB,0.2
466,PLR-REAL-Political,0.7511111111111111,1.6214684342071979,3.3523809523809525,RPC-GB,0.2
467,PLR-REAL-Political,0.7441269841269841,1.6367510923129673,3.2476190476190476,RPC-GB,0.2
468,PLR-REAL-Political,0.7365079365079364,1.6152401502977654,3.4095238095238094,RPC-GB,0.2
469,PLR-REAL-Political,0.7428571428571429,1.610534213232253,3.3714285714285714,RPC-GB,0.2
470,PLR-REAL-Political,0.6949685534591196,1.6197526517625507,3.2264150943396226,RPC-GB,0.2
471,PLR-REAL-Political,0.7138364779874214,1.6110066737693145,3.358490566037736,RPC-GB,0.2
472,PLR-REAL-Political,0.7327044025157232,1.6222205952948159,3.2641509433962264,RPC-GB,0.2
473,PLR-REAL-Political,0.7193650793650793,1.6072680268181405,3.104761904761905,RPC-GB,0.2
474,PLR-REAL-Political,0.7384126984126984,1.6148021417625784,3.3714285714285714,RPC-GB,0.2
475,PLR-REAL-Political,0.7358730158730157,1.6113430432871712,3.3714285714285714,RPC-GB,0.2
476,PLR-REAL-Political,0.7498412698412699,1.6129163236677164,3.142857142857143,RPC-GB,0.2
477,PLR-REAL-Political,0.7212698412698412,1.6127021076346366,3.2857142857142856,RPC-GB,0.2
478,PLR-REAL-Political,0.72,1.6233923395341292,3.3523809523809525,RPC-GB,0.2
479,PLR-REAL-Political,0.7117460317460319,1.6115216666364343,3.238095238095238,RPC-GB,0.2
480,PLR-REAL-Political,0.7176100628930817,1.6272681401836904,3.2452830188679247,RPC-GB,0.2
481,PLR-REAL-Political,0.722012578616352,1.6125714486013354,3.292452830188679,RPC-GB,0.2
482,PLR-REAL-Political,0.7150943396226415,1.6137156146387488,3.1792452830188678,RPC-GB,0.2
483,PLR-REAL-Political,0.7263492063492063,1.625774248455581,3.3714285714285714,RPC-GB,0.2
484,PLR-REAL-Political,0.7326984126984127,1.6181374762359115,3.1523809523809523,RPC-GB,0.2
485,PLR-REAL-Political,0.7174603174603176,1.6541373380441113,3.3714285714285714,RPC-GB,0.2
486,PLR-REAL-Political,0.7219047619047617,1.6281380675194381,3.4285714285714284,RPC-GB,0.2
487,PLR-REAL-Political,0.7644444444444445,1.6256050716485415,3.3047619047619046,RPC-GB,0.2
488,PLR-REAL-Political,0.726984126984127,1.6111599979686342,3.257142857142857,RPC-GB,0.2
489,PLR-REAL-Political,0.7187301587301588,1.625209276341983,3.3047619047619046,RPC-GB,0.2
490,PLR-REAL-Political,0.7415094339622642,1.6246421023955893,3.4339622641509435,RPC-GB,0.2
491,PLR-REAL-Political,0.7289308176100631,1.621594151138872,3.2264150943396226,RPC-GB,0.2
492,PLR-REAL-Political,0.7150943396226415,1.6298214644165447,3.19811320754717,RPC-GB,0.2
493,PLR-REAL-Political,0.7346031746031745,1.6274180185283882,3.295238095238095,RPC-GB,0.2
494,PLR-REAL-Political,0.7034920634920636,1.6172548163583162,3.3523809523809525,RPC-GB,0.2
495,PLR-REAL-Political,0.723174603174603,1.6275935297221058,3.3523809523809525,RPC-GB,0.2
496,PLR-REAL-Political,0.7276190476190477,1.6300025110878134,3.3142857142857145,RPC-GB,0.2
497,PLR-REAL-Political,0.7123809523809522,1.6087143074818067,3.2476190476190476,RPC-GB,0.2
498,PLR-REAL-Political,0.7034920634920634,1.618087741143172,3.1619047619047618,RPC-GB,0.2
499,PLR-REAL-Political,0.739047619047619,1.6112039256636366,3.2285714285714286,RPC-GB,0.2
500,PLR-REAL-Political,0.4817610062893081,1.9305398374190292,2.2452830188679247,Chain-GBR-PI,0.3
501,PLR-REAL-Political,0.5352201257861635,1.9327147880479212,2.509433962264151,Chain-GBR-PI,0.3
502,PLR-REAL-Political,0.5069182389937108,1.9319280856113328,2.311320754716981,Chain-GBR-PI,0.3
503,PLR-REAL-Political,0.5555555555555556,1.934471394964875,2.4285714285714284,Chain-GBR-PI,0.3
504,PLR-REAL-Political,0.5606349206349206,1.935641719664898,2.619047619047619,Chain-GBR-PI,0.3
505,PLR-REAL-Political,0.5174603174603175,1.9341842487239629,2.3047619047619046,Chain-GBR-PI,0.3
506,PLR-REAL-Political,0.5307936507936508,1.932689679182784,2.5142857142857142,Chain-GBR-PI,0.3
507,PLR-REAL-Political,0.5136507936507936,1.929453444367052,2.4571428571428573,Chain-GBR-PI,0.3
508,PLR-REAL-Political,0.5295238095238096,1.9319863371636208,2.447619047619048,Chain-GBR-PI,0.3
509,PLR-REAL-Political,0.5396825396825398,1.9321657368998766,2.5428571428571427,Chain-GBR-PI,0.3
510,PLR-REAL-Political,0.5264150943396226,1.9288230807863302,2.518867924528302,Chain-GBR-PI,0.3
511,PLR-REAL-Political,0.4937106918238994,1.931596824913122,2.2358490566037736,Chain-GBR-PI,0.3
512,PLR-REAL-Political,0.4660377358490566,1.9424495800619952,2.490566037735849,Chain-GBR-PI,0.3
513,PLR-REAL-Political,0.46285714285714286,1.932982765826407,2.238095238095238,Chain-GBR-PI,0.3
514,PLR-REAL-Political,0.4895238095238095,1.9311440034220848,2.380952380952381,Chain-GBR-PI,0.3
515,PLR-REAL-Political,0.5288888888888889,1.9352864532079408,2.5238095238095237,Chain-GBR-PI,0.3
516,PLR-REAL-Political,0.513015873015873,1.9311215293345232,2.6666666666666665,Chain-GBR-PI,0.3
517,PLR-REAL-Political,0.5549206349206349,1.9312936009589063,2.4857142857142858,Chain-GBR-PI,0.3
518,PLR-REAL-Political,0.5346031746031745,1.929985548408999,2.4761904761904763,Chain-GBR-PI,0.3
519,PLR-REAL-Political,0.5625396825396825,1.9322937111102563,2.5142857142857142,Chain-GBR-PI,0.3
520,PLR-REAL-Political,0.539622641509434,1.9289210224416398,2.452830188679245,Chain-GBR-PI,0.3
521,PLR-REAL-Political,0.5176100628930819,1.9329026224322665,2.349056603773585,Chain-GBR-PI,0.3
522,PLR-REAL-Political,0.5352201257861636,1.9319512882346956,2.5754716981132075,Chain-GBR-PI,0.3
523,PLR-REAL-Political,0.5104761904761905,1.9326850641015978,2.3714285714285714,Chain-GBR-PI,0.3
524,PLR-REAL-Political,0.4926984126984128,1.9317085018661755,2.419047619047619,Chain-GBR-PI,0.3
525,PLR-REAL-Political,0.48888888888888893,1.9295443640911862,2.4380952380952383,Chain-GBR-PI,0.3
526,PLR-REAL-Political,0.5333333333333334,1.9340484616708846,2.447619047619048,Chain-GBR-PI,0.3
527,PLR-REAL-Political,0.4596825396825397,1.9298068167260047,2.323809523809524,Chain-GBR-PI,0.3
528,PLR-REAL-Political,0.5117460317460318,1.9287674548523919,2.3523809523809525,Chain-GBR-PI,0.3
529,PLR-REAL-Political,0.5333333333333332,1.9339263561314612,2.5904761904761906,Chain-GBR-PI,0.3
530,PLR-REAL-Political,0.48805031446540886,1.9393764863785903,2.4150943396226414,Chain-GBR-PI,0.3
531,PLR-REAL-Political,0.5119496855345912,1.9309400283215559,2.292452830188679,Chain-GBR-PI,0.3
532,PLR-REAL-Political,0.4955974842767296,1.932812836002484,2.4339622641509435,Chain-GBR-PI,0.3
533,PLR-REAL-Political,0.4895238095238095,1.9303687119484934,2.3333333333333335,Chain-GBR-PI,0.3
534,PLR-REAL-Political,0.5707936507936509,1.93046384165378,2.6,Chain-GBR-PI,0.3
535,PLR-REAL-Political,0.5015873015873016,1.9317902230686332,2.4,Chain-GBR-PI,0.3
536,PLR-REAL-Political,0.5015873015873016,1.930089121479169,2.4571428571428573,Chain-GBR-PI,0.3
537,PLR-REAL-Political,0.5714285714285714,1.9340427189914802,2.447619047619048,Chain-GBR-PI,0.3
538,PLR-REAL-Political,0.5022222222222222,1.9361350133574164,2.466666666666667,Chain-GBR-PI,0.3
539,PLR-REAL-Political,0.5123809523809524,1.92993359441978,2.5047619047619047,Chain-GBR-PI,0.3
540,PLR-REAL-Political,0.5339622641509434,1.929442597992071,2.4056603773584904,Chain-GBR-PI,0.3
541,PLR-REAL-Political,0.4867924528301887,1.9296640611756932,2.2452830188679247,Chain-GBR-PI,0.3
542,PLR-REAL-Political,0.49056603773584906,1.9284667982634358,2.3962264150943398,Chain-GBR-PI,0.3
543,PLR-REAL-Political,0.5123809523809525,1.9304467718959537,2.466666666666667,Chain-GBR-PI,0.3
544,PLR-REAL-Political,0.5365079365079365,1.9309331202831626,2.419047619047619,Chain-GBR-PI,0.3
545,PLR-REAL-Political,0.5142857142857142,1.9306748024613307,2.5142857142857142,Chain-GBR-PI,0.3
546,PLR-REAL-Political,0.5390476190476191,1.9310864574149953,2.4285714285714284,Chain-GBR-PI,0.3
547,PLR-REAL-Political,0.4901587301587302,1.9322814090710125,2.419047619047619,Chain-GBR-PI,0.3
548,PLR-REAL-Political,0.5555555555555555,1.9305120116060779,2.4095238095238094,Chain-GBR-PI,0.3
549,PLR-REAL-Political,0.5568253968253969,1.9301796672940188,2.3714285714285714,Chain-GBR-PI,0.3
550,PLR-REAL-Political,0.5547169811320755,1.9169803045500151,3.8207547169811322,Chain-GBR-RR,0.3
551,PLR-REAL-Political,0.5729559748427673,1.9181514268053428,3.8207547169811322,Chain-GBR-RR,0.3
552,PLR-REAL-Political,0.5647798742138365,1.9169163014816268,3.7452830188679247,Chain-GBR-RR,0.3
553,PLR-REAL-Political,0.5771428571428571,1.9205563954138427,4.019047619047619,Chain-GBR-RR,0.3
554,PLR-REAL-Political,0.56,1.9193748977282477,3.9238095238095236,Chain-GBR-RR,0.3
555,PLR-REAL-Political,0.5930158730158729,1.9172738221083716,3.8666666666666667,Chain-GBR-RR,0.3
556,PLR-REAL-Political,0.5923809523809525,1.916665211771535,3.8857142857142857,Chain-GBR-RR,0.3
557,PLR-REAL-Political,0.5066666666666666,1.9156063711024258,3.8,Chain-GBR-RR,0.3
558,PLR-REAL-Political,0.5688888888888889,1.9165659396950503,3.933333333333333,Chain-GBR-RR,0.3
559,PLR-REAL-Political,0.5479365079365079,1.9182009631651893,3.895238095238095,Chain-GBR-RR,0.3
560,PLR-REAL-Political,0.5415094339622643,1.9150812703300235,3.8773584905660377,Chain-GBR-RR,0.3
561,PLR-REAL-Political,0.560377358490566,1.9176692801688433,3.7452830188679247,Chain-GBR-RR,0.3
562,PLR-REAL-Political,0.5440251572327044,1.9269962221295052,3.830188679245283,Chain-GBR-RR,0.3
563,PLR-REAL-Political,0.5447619047619048,1.917792569880005,3.8857142857142857,Chain-GBR-RR,0.3
564,PLR-REAL-Political,0.5415873015873015,1.9183663344116215,3.914285714285714,Chain-GBR-RR,0.3
565,PLR-REAL-Political,0.5771428571428572,1.92195011564909,3.980952380952381,Chain-GBR-RR,0.3
566,PLR-REAL-Political,0.5669841269841269,1.915795748530115,4.019047619047619,Chain-GBR-RR,0.3
567,PLR-REAL-Political,0.5853968253968254,1.9194317856859937,3.9523809523809526,Chain-GBR-RR,0.3
568,PLR-REAL-Political,0.5390476190476191,1.9156872654372288,4.0095238095238095,Chain-GBR-RR,0.3
569,PLR-REAL-Political,0.5688888888888889,1.918168112258998,3.9714285714285715,Chain-GBR-RR,0.3
570,PLR-REAL-Political,0.5522012578616352,1.9150302828160024,3.811320754716981,Chain-GBR-RR,0.3
571,PLR-REAL-Political,0.5553459119496855,1.917949554355556,3.9056603773584904,Chain-GBR-RR,0.3
572,PLR-REAL-Political,0.5691823899371069,1.915989044364286,3.69811320754717,Chain-GBR-RR,0.3
573,PLR-REAL-Political,0.5047619047619047,1.9322200767614919,4.038095238095238,Chain-GBR-RR,0.3
574,PLR-REAL-Political,0.5606349206349206,1.9166315302905927,3.857142857142857,Chain-GBR-RR,0.3
575,PLR-REAL-Political,0.5517460317460318,1.9188763478070774,3.8476190476190477,Chain-GBR-RR,0.3
576,PLR-REAL-Political,0.5707936507936509,1.9181172427902582,3.8476190476190477,Chain-GBR-RR,0.3
577,PLR-REAL-Political,0.5365079365079365,1.918125361365409,3.895238095238095,Chain-GBR-RR,0.3
578,PLR-REAL-Political,0.5473015873015873,1.9200350955048824,3.7333333333333334,Chain-GBR-RR,0.3
579,PLR-REAL-Political,0.5771428571428572,1.923106981195725,3.9238095238095236,Chain-GBR-RR,0.3
580,PLR-REAL-Political,0.5402515723270439,1.9268563641601224,3.7547169811320753,Chain-GBR-RR,0.3
581,PLR-REAL-Political,0.5333333333333334,1.920864516551692,3.7169811320754715,Chain-GBR-RR,0.3
582,PLR-REAL-Political,0.5635220125786163,1.9147251792034359,3.7452830188679247,Chain-GBR-RR,0.3
583,PLR-REAL-Political,0.5111111111111112,1.916945366219631,3.8666666666666667,Chain-GBR-RR,0.3
584,PLR-REAL-Political,0.5561904761904761,1.9183445858327057,3.8285714285714287,Chain-GBR-RR,0.3
585,PLR-REAL-Political,0.5415873015873015,1.9180299856933878,3.704761904761905,Chain-GBR-RR,0.3
586,PLR-REAL-Political,0.5657142857142857,1.9169497945560858,3.9714285714285715,Chain-GBR-RR,0.3
587,PLR-REAL-Political,0.5853968253968254,1.9199459362074576,3.7714285714285714,Chain-GBR-RR,0.3
588,PLR-REAL-Political,0.5428571428571428,1.921616439646494,3.876190476190476,Chain-GBR-RR,0.3
589,PLR-REAL-Political,0.5923809523809525,1.9181951300731128,3.8857142857142857,Chain-GBR-RR,0.3
590,PLR-REAL-Political,0.5622641509433962,1.9159569645645431,3.8867924528301887,Chain-GBR-RR,0.3
591,PLR-REAL-Political,0.5584905660377358,1.916231445577578,3.6792452830188678,Chain-GBR-RR,0.3
592,PLR-REAL-Political,0.5383647798742138,1.9155986572908756,3.8962264150943398,Chain-GBR-RR,0.3
593,PLR-REAL-Political,0.5574603174603173,1.9171457427729781,3.6952380952380954,Chain-GBR-RR,0.3
594,PLR-REAL-Political,0.5193650793650793,1.9300000349324136,3.9047619047619047,Chain-GBR-RR,0.3
595,PLR-REAL-Political,0.5523809523809524,1.9176991891420634,3.8476190476190477,Chain-GBR-RR,0.3
596,PLR-REAL-Political,0.5777777777777777,1.9172712851373148,3.895238095238095,Chain-GBR-RR,0.3
597,PLR-REAL-Political,0.5415873015873016,1.9189386181435526,3.723809523809524,Chain-GBR-RR,0.3
598,PLR-REAL-Political,0.5422222222222223,1.9160414682088103,3.9523809523809526,Chain-GBR-RR,0.3
599,PLR-REAL-Political,0.5898412698412698,1.9173023356300132,3.8476190476190477,Chain-GBR-RR,0.3
600,PLR-REAL-Political,0.6867924528301885,0.651319135268919,3.8867924528301887,ST-GBR-RR,0.3
601,PLR-REAL-Political,0.6748427672955974,0.6859947711963437,4.009433962264151,ST-GBR-RR,0.3
602,PLR-REAL-Political,0.6754716981132075,0.6871253560494623,4.0,ST-GBR-RR,0.3
603,PLR-REAL-Political,0.6704761904761904,0.6783401402607927,4.085714285714285,ST-GBR-RR,0.3
604,PLR-REAL-Political,0.6831746031746032,0.6833770248321553,4.104761904761904,ST-GBR-RR,0.3
605,PLR-REAL-Political,0.6793650793650793,0.6750742471196403,4.066666666666666,ST-GBR-RR,0.3
606,PLR-REAL-Political,0.6876190476190477,0.6811857213623852,4.057142857142857,ST-GBR-RR,0.3
607,PLR-REAL-Political,0.6292063492063492,0.6752229402204056,3.857142857142857,ST-GBR-RR,0.3
608,PLR-REAL-Political,0.6996825396825397,0.7401829605125297,3.9904761904761905,ST-GBR-RR,0.3
609,PLR-REAL-Political,0.6723809523809524,0.7278327693075586,3.9904761904761905,ST-GBR-RR,0.3
610,PLR-REAL-Political,0.6628930817610063,0.6820339066414365,4.0,ST-GBR-RR,0.3
611,PLR-REAL-Political,0.6754716981132075,0.678661672087156,3.8962264150943398,ST-GBR-RR,0.3
612,PLR-REAL-Political,0.6905660377358489,0.7299527977958447,3.9622641509433962,ST-GBR-RR,0.3
613,PLR-REAL-Political,0.6761904761904762,0.6872157449347384,3.980952380952381,ST-GBR-RR,0.3
614,PLR-REAL-Political,0.6685714285714287,0.7356644709702989,4.171428571428572,ST-GBR-RR,0.3
615,PLR-REAL-Political,0.6780952380952381,0.6917341952748914,3.9047619047619047,ST-GBR-RR,0.3
616,PLR-REAL-Political,0.6831746031746031,0.6862544942789119,4.133333333333334,ST-GBR-RR,0.3
617,PLR-REAL-Political,0.6844444444444445,0.7389476111444304,3.8857142857142857,ST-GBR-RR,0.3
618,PLR-REAL-Political,0.6831746031746032,0.7397394088720045,4.0095238095238095,ST-GBR-RR,0.3
619,PLR-REAL-Political,0.6977777777777777,0.7271349160438054,3.9523809523809526,ST-GBR-RR,0.3
620,PLR-REAL-Political,0.6503144654088051,0.7284302471298232,3.9716981132075473,ST-GBR-RR,0.3
621,PLR-REAL-Political,0.6767295597484279,0.7388636971206466,3.952830188679245,ST-GBR-RR,0.3
622,PLR-REAL-Political,0.688679245283019,0.689473843465845,3.990566037735849,ST-GBR-RR,0.3
623,PLR-REAL-Political,0.6533333333333333,0.680300214610367,4.038095238095238,ST-GBR-RR,0.3
624,PLR-REAL-Political,0.7155555555555556,0.7326286241866193,3.9714285714285715,ST-GBR-RR,0.3
625,PLR-REAL-Political,0.693968253968254,0.6970268934076745,3.942857142857143,ST-GBR-RR,0.3
626,PLR-REAL-Political,0.685079365079365,0.7417055952816383,3.876190476190476,ST-GBR-RR,0.3
627,PLR-REAL-Political,0.6793650793650795,0.6986720532564552,4.0285714285714285,ST-GBR-RR,0.3
628,PLR-REAL-Political,0.6590476190476191,0.7196648678353166,4.076190476190476,ST-GBR-RR,0.3
629,PLR-REAL-Political,0.6799999999999999,0.7542587168821622,4.076190476190476,ST-GBR-RR,0.3
630,PLR-REAL-Political,0.6440251572327044,0.6940019299794604,3.9339622641509435,ST-GBR-RR,0.3
631,PLR-REAL-Political,0.6679245283018868,0.725934280013958,4.047169811320755,ST-GBR-RR,0.3
632,PLR-REAL-Political,0.6842767295597483,0.7020605231864252,3.943396226415094,ST-GBR-RR,0.3
633,PLR-REAL-Political,0.6869841269841269,0.729062419134913,3.8857142857142857,ST-GBR-RR,0.3
634,PLR-REAL-Political,0.6634920634920636,0.7451575088340363,3.9047619047619047,ST-GBR-RR,0.3
635,PLR-REAL-Political,0.659047619047619,0.7389042941606712,4.066666666666666,ST-GBR-RR,0.3
636,PLR-REAL-Political,0.6742857142857143,0.6896165375177131,4.123809523809523,ST-GBR-RR,0.3
637,PLR-REAL-Political,0.6977777777777777,0.7387760919076649,3.8476190476190477,ST-GBR-RR,0.3
638,PLR-REAL-Political,0.6812698412698412,0.6748851189590765,4.0,ST-GBR-RR,0.3
639,PLR-REAL-Political,0.7161904761904763,0.7434596814339215,4.114285714285714,ST-GBR-RR,0.3
640,PLR-REAL-Political,0.6874213836477988,0.6864071802852738,3.8773584905660377,ST-GBR-RR,0.3
641,PLR-REAL-Political,0.6660377358490566,0.684086718941419,4.0,ST-GBR-RR,0.3
642,PLR-REAL-Political,0.6597484276729558,0.6698902910922749,4.0754716981132075,ST-GBR-RR,0.3
643,PLR-REAL-Political,0.6768253968253968,0.671173160920517,3.8857142857142857,ST-GBR-RR,0.3
644,PLR-REAL-Political,0.6342857142857143,0.6953222971933188,3.961904761904762,ST-GBR-RR,0.3
645,PLR-REAL-Political,0.6831746031746032,0.741651147831598,3.9238095238095236,ST-GBR-RR,0.3
646,PLR-REAL-Political,0.6990476190476189,0.6766007161593514,4.0,ST-GBR-RR,0.3
647,PLR-REAL-Political,0.6711111111111111,0.7066611867942327,3.9523809523809526,ST-GBR-RR,0.3
648,PLR-REAL-Political,0.6971428571428572,0.7871352730139513,3.8,ST-GBR-RR,0.3
649,PLR-REAL-Political,0.6952380952380952,0.7481915890165417,3.9523809523809526,ST-GBR-RR,0.3
650,PLR-REAL-Political,0.6144654088050314,0.6460883191147411,3.1320754716981134,ST-GBR-PI,0.3
651,PLR-REAL-Political,0.6075471698113208,0.6799923926149907,3.3679245283018866,ST-GBR-PI,0.3
652,PLR-REAL-Political,0.620754716981132,0.6469717072533899,3.292452830188679,ST-GBR-PI,0.3
653,PLR-REAL-Political,0.6463492063492063,0.6635359424291319,3.2,ST-GBR-PI,0.3
654,PLR-REAL-Political,0.6558730158730158,0.6763113041656341,3.295238095238095,ST-GBR-PI,0.3
655,PLR-REAL-Political,0.6355555555555555,0.6721509100808166,3.1142857142857143,ST-GBR-PI,0.3
656,PLR-REAL-Political,0.6266666666666668,0.6746005299440586,3.276190476190476,ST-GBR-PI,0.3
657,PLR-REAL-Political,0.6165079365079366,0.6824262729624793,3.276190476190476,ST-GBR-PI,0.3
658,PLR-REAL-Political,0.646984126984127,0.6988824178313722,3.2666666666666666,ST-GBR-PI,0.3
659,PLR-REAL-Political,0.6266666666666668,0.6383918876139217,3.238095238095238,ST-GBR-PI,0.3
660,PLR-REAL-Political,0.6314465408805032,0.6812239125639339,3.1226415094339623,ST-GBR-PI,0.3
661,PLR-REAL-Political,0.5968553459119498,0.645759332791366,3.207547169811321,ST-GBR-PI,0.3
662,PLR-REAL-Political,0.6471698113207547,0.66745347702353,3.1226415094339623,ST-GBR-PI,0.3
663,PLR-REAL-Political,0.6171428571428571,0.6802601898819004,3.0761904761904764,ST-GBR-PI,0.3
664,PLR-REAL-Political,0.6285714285714286,0.6527912315096382,3.3714285714285714,ST-GBR-PI,0.3
665,PLR-REAL-Political,0.6247619047619049,0.6544251675586588,3.0761904761904764,ST-GBR-PI,0.3
666,PLR-REAL-Political,0.6469841269841269,0.671967893481579,3.295238095238095,ST-GBR-PI,0.3
667,PLR-REAL-Political,0.6196825396825398,0.6776279472740485,3.2095238095238097,ST-GBR-PI,0.3
668,PLR-REAL-Political,0.6292063492063492,0.6525315455920319,3.1333333333333333,ST-GBR-PI,0.3
669,PLR-REAL-Political,0.6292063492063493,0.6779070355637704,3.4571428571428573,ST-GBR-PI,0.3
670,PLR-REAL-Political,0.6150943396226417,0.6614644313805564,3.1320754716981134,ST-GBR-PI,0.3
671,PLR-REAL-Political,0.6069182389937107,0.6629711516669684,3.2735849056603774,ST-GBR-PI,0.3
672,PLR-REAL-Political,0.5974842767295597,0.7098382182294612,3.2830188679245285,ST-GBR-PI,0.3
673,PLR-REAL-Political,0.6165079365079366,0.663033291780227,3.257142857142857,ST-GBR-PI,0.3
674,PLR-REAL-Political,0.6260317460317462,0.648033995174138,3.380952380952381,ST-GBR-PI,0.3
675,PLR-REAL-Political,0.6298412698412699,0.6886410646868126,3.4285714285714284,ST-GBR-PI,0.3
676,PLR-REAL-Political,0.6520634920634922,0.6767290705815601,3.1619047619047618,ST-GBR-PI,0.3
677,PLR-REAL-Political,0.6120634920634921,0.6481305461916275,3.323809523809524,ST-GBR-PI,0.3
678,PLR-REAL-Political,0.6292063492063492,0.645481547327712,3.123809523809524,ST-GBR-PI,0.3
679,PLR-REAL-Political,0.6546031746031746,0.6813158561966973,3.257142857142857,ST-GBR-PI,0.3
680,PLR-REAL-Political,0.5924528301886792,0.6477557849770522,3.1132075471698113,ST-GBR-PI,0.3
681,PLR-REAL-Political,0.6,0.683403783356482,3.2358490566037736,ST-GBR-PI,0.3
682,PLR-REAL-Political,0.6132075471698112,0.6525717493181021,3.330188679245283,ST-GBR-PI,0.3
683,PLR-REAL-Political,0.6260317460317462,0.6753300253588456,3.2,ST-GBR-PI,0.3
684,PLR-REAL-Political,0.6177777777777779,0.7413949406641095,3.323809523809524,ST-GBR-PI,0.3
685,PLR-REAL-Political,0.6006349206349205,0.6764931300516152,3.323809523809524,ST-GBR-PI,0.3
686,PLR-REAL-Political,0.6253968253968254,0.6740055793871438,3.057142857142857,ST-GBR-PI,0.3
687,PLR-REAL-Political,0.6653968253968253,0.6832361086167738,3.3333333333333335,ST-GBR-PI,0.3
688,PLR-REAL-Political,0.6114285714285713,0.6450028202554656,3.219047619047619,ST-GBR-PI,0.3
689,PLR-REAL-Political,0.6342857142857143,0.6542635378956322,3.2857142857142856,ST-GBR-PI,0.3
690,PLR-REAL-Political,0.620125786163522,0.6523373820870647,3.3207547169811322,ST-GBR-PI,0.3
691,PLR-REAL-Political,0.6320754716981132,0.648137804118311,3.2358490566037736,ST-GBR-PI,0.3
692,PLR-REAL-Political,0.6213836477987421,0.648245060829008,3.330188679245283,ST-GBR-PI,0.3
693,PLR-REAL-Political,0.6292063492063492,0.667609590879225,3.0761904761904764,ST-GBR-PI,0.3
694,PLR-REAL-Political,0.6012698412698413,0.6706339432398574,3.2285714285714286,ST-GBR-PI,0.3
695,PLR-REAL-Political,0.6444444444444445,0.6471353391126641,3.123809523809524,ST-GBR-PI,0.3
696,PLR-REAL-Political,0.6253968253968254,0.6592620927023923,3.1904761904761907,ST-GBR-PI,0.3
697,PLR-REAL-Political,0.6050793650793651,0.652939586082257,3.0476190476190474,ST-GBR-PI,0.3
698,PLR-REAL-Political,0.6222222222222222,0.6937734349758662,3.3904761904761904,ST-GBR-PI,0.3
699,PLR-REAL-Political,0.6406349206349207,0.6787509403858357,3.1809523809523808,ST-GBR-PI,0.3
700,PLR-REAL-Political,0.7270440251572327,1.4943952592775143,3.2358490566037736,RPC-GB,0.3
701,PLR-REAL-Political,0.7320754716981132,1.488171953752421,3.0849056603773586,RPC-GB,0.3
702,PLR-REAL-Political,0.6943396226415094,1.4738315558222985,3.2830188679245285,RPC-GB,0.3
703,PLR-REAL-Political,0.7377777777777776,1.4734255267782626,3.3333333333333335,RPC-GB,0.3
704,PLR-REAL-Political,0.7034920634920636,1.4784428349136172,3.447619047619048,RPC-GB,0.3
705,PLR-REAL-Political,0.7320634920634921,1.4805551654844884,3.3142857142857145,RPC-GB,0.3
706,PLR-REAL-Political,0.7295238095238095,1.500582269303256,3.5238095238095237,RPC-GB,0.3
707,PLR-REAL-Political,0.6755555555555556,1.4741016016584678,3.1809523809523808,RPC-GB,0.3
708,PLR-REAL-Political,0.7225396825396826,1.4853719588264402,3.1523809523809523,RPC-GB,0.3
709,PLR-REAL-Political,0.7314285714285714,1.4900096392473496,3.2476190476190476,RPC-GB,0.3
710,PLR-REAL-Political,0.6924528301886792,1.4745328059906524,3.3679245283018866,RPC-GB,0.3
711,PLR-REAL-Political,0.6918238993710691,1.4784259014608496,3.349056603773585,RPC-GB,0.3
712,PLR-REAL-Political,0.7113207547169811,1.4902263988928872,3.443396226415094,RPC-GB,0.3
713,PLR-REAL-Political,0.6857142857142857,1.4825321217454537,3.3523809523809525,RPC-GB,0.3
714,PLR-REAL-Political,0.7053968253968255,1.473194658910962,3.342857142857143,RPC-GB,0.3
715,PLR-REAL-Political,0.7187301587301588,1.4894933974647624,3.2,RPC-GB,0.3
716,PLR-REAL-Political,0.7384126984126984,1.4909566485714065,3.295238095238095,RPC-GB,0.3
717,PLR-REAL-Political,0.7180952380952381,1.4866603731078083,3.2095238095238097,RPC-GB,0.3
718,PLR-REAL-Political,0.7422222222222222,1.478372889709683,3.342857142857143,RPC-GB,0.3
719,PLR-REAL-Political,0.7580952380952382,1.4796509703169842,3.295238095238095,RPC-GB,0.3
720,PLR-REAL-Political,0.6987421383647798,1.4760181208603163,3.207547169811321,RPC-GB,0.3
721,PLR-REAL-Political,0.7037735849056604,1.4800344512851964,3.292452830188679,RPC-GB,0.3
722,PLR-REAL-Political,0.7238993710691822,1.4898565206733008,3.292452830188679,RPC-GB,0.3
723,PLR-REAL-Political,0.7333333333333333,1.4804864751200097,3.1809523809523808,RPC-GB,0.3
724,PLR-REAL-Political,0.7295238095238095,1.4849529006460305,3.3523809523809525,RPC-GB,0.3
725,PLR-REAL-Political,0.7168253968253969,1.4867712419599985,3.238095238095238,RPC-GB,0.3
726,PLR-REAL-Political,0.7358730158730159,1.4820668524321459,3.1809523809523808,RPC-GB,0.3
727,PLR-REAL-Political,0.7053968253968255,1.4739167710568917,3.3333333333333335,RPC-GB,0.3
728,PLR-REAL-Political,0.7180952380952381,1.4775849146608298,3.4095238095238094,RPC-GB,0.3
729,PLR-REAL-Political,0.7384126984126984,1.477092123714088,3.361904761904762,RPC-GB,0.3
730,PLR-REAL-Political,0.7075471698113206,1.4888395201977143,3.2547169811320753,RPC-GB,0.3
731,PLR-REAL-Political,0.7081761006289308,1.475611174703391,3.3207547169811322,RPC-GB,0.3
732,PLR-REAL-Political,0.7182389937106919,1.483112823079139,3.2264150943396226,RPC-GB,0.3
733,PLR-REAL-Political,0.7168253968253968,1.498086491515396,3.2666666666666666,RPC-GB,0.3
734,PLR-REAL-Political,0.7212698412698413,1.4784103651983238,3.1714285714285713,RPC-GB,0.3
735,PLR-REAL-Political,0.6799999999999999,1.477978546214791,3.342857142857143,RPC-GB,0.3
736,PLR-REAL-Political,0.7053968253968254,1.4915909023885507,3.4,RPC-GB,0.3
737,PLR-REAL-Political,0.7657142857142857,1.4945137082500963,3.3142857142857145,RPC-GB,0.3
738,PLR-REAL-Political,0.716190476190476,1.4725934965134946,3.2285714285714286,RPC-GB,0.3
739,PLR-REAL-Political,0.7257142857142858,1.4913811296903496,3.295238095238095,RPC-GB,0.3
740,PLR-REAL-Political,0.7327044025157232,1.4988152508509585,3.311320754716981,RPC-GB,0.3
741,PLR-REAL-Political,0.7069182389937109,1.4874609043614513,3.30188679245283,RPC-GB,0.3
742,PLR-REAL-Political,0.7144654088050315,1.4741302303101829,3.4245283018867925,RPC-GB,0.3
743,PLR-REAL-Political,0.732063492063492,1.4748432217948972,3.1809523809523808,RPC-GB,0.3
744,PLR-REAL-Political,0.6933333333333334,1.489069951356265,3.1904761904761907,RPC-GB,0.3
745,PLR-REAL-Political,0.6831746031746032,1.4809536005496704,3.419047619047619,RPC-GB,0.3
746,PLR-REAL-Political,0.7168253968253968,1.4772819205780425,3.342857142857143,RPC-GB,0.3
747,PLR-REAL-Political,0.7161904761904763,1.4827264629443404,3.3714285714285714,RPC-GB,0.3
748,PLR-REAL-Political,0.7047619047619049,1.5165042093696612,3.142857142857143,RPC-GB,0.3
749,PLR-REAL-Political,0.7098412698412698,1.4746572445684791,3.4285714285714284,RPC-GB,0.3
750,PLR-REAL-Political,0.5012578616352201,1.9292523942911777,2.188679245283019,Chain-GBR-PI,0.4
751,PLR-REAL-Political,0.45094339622641505,1.9344654620495771,2.19811320754717,Chain-GBR-PI,0.4
752,PLR-REAL-Political,0.4628930817610063,1.9293897792216823,2.1132075471698113,Chain-GBR-PI,0.4
753,PLR-REAL-Political,0.5053968253968254,1.9312376471896184,2.1523809523809523,Chain-GBR-PI,0.4
754,PLR-REAL-Political,0.46730158730158733,1.9314134200666049,2.276190476190476,Chain-GBR-PI,0.4
755,PLR-REAL-Political,0.4546031746031746,1.9293668023533415,2.0476190476190474,Chain-GBR-PI,0.4
756,PLR-REAL-Political,0.47809523809523813,1.931146693794097,2.276190476190476,Chain-GBR-PI,0.4
757,PLR-REAL-Political,0.4526984126984128,1.9313973327483445,2.1619047619047618,Chain-GBR-PI,0.4
758,PLR-REAL-Political,0.4736507936507937,1.9318442222301673,2.1714285714285713,Chain-GBR-PI,0.4
759,PLR-REAL-Political,0.4888888888888888,1.932332790193996,2.1619047619047618,Chain-GBR-PI,0.4
760,PLR-REAL-Political,0.47547169811320755,1.9342860422084704,2.207547169811321,Chain-GBR-PI,0.4
761,PLR-REAL-Political,0.4440251572327044,1.9315876788364945,2.1320754716981134,Chain-GBR-PI,0.4
762,PLR-REAL-Political,0.4572327044025157,1.9310237329291362,2.1320754716981134,Chain-GBR-PI,0.4
763,PLR-REAL-Political,0.43301587301587297,1.9357502024083104,2.0285714285714285,Chain-GBR-PI,0.4
764,PLR-REAL-Political,0.4901587301587302,1.9286477575939383,2.3714285714285714,Chain-GBR-PI,0.4
765,PLR-REAL-Political,0.47365079365079366,1.9294937263092244,2.2666666666666666,Chain-GBR-PI,0.4
766,PLR-REAL-Political,0.46857142857142864,1.932487044703997,2.2476190476190476,Chain-GBR-PI,0.4
767,PLR-REAL-Political,0.48000000000000004,1.932482195221768,2.361904761904762,Chain-GBR-PI,0.4
768,PLR-REAL-Political,0.4863492063492063,1.9288561568939138,2.2,Chain-GBR-PI,0.4
769,PLR-REAL-Political,0.473015873015873,1.9280008843327,2.3047619047619046,Chain-GBR-PI,0.4
770,PLR-REAL-Political,0.45031446540880504,1.929797297620939,2.1037735849056602,Chain-GBR-PI,0.4
771,PLR-REAL-Political,0.4861635220125786,1.9279526135382223,2.160377358490566,Chain-GBR-PI,0.4
772,PLR-REAL-Political,0.48427672955974843,1.9352239234443123,2.2830188679245285,Chain-GBR-PI,0.4
773,PLR-REAL-Political,0.4844444444444445,1.9292017924741292,2.3142857142857145,Chain-GBR-PI,0.4
774,PLR-REAL-Political,0.4666666666666667,1.9288425552752806,2.276190476190476,Chain-GBR-PI,0.4
775,PLR-REAL-Political,0.47428571428571425,1.9276676819254521,2.361904761904762,Chain-GBR-PI,0.4
776,PLR-REAL-Political,0.4552380952380953,1.9295419435875105,2.085714285714286,Chain-GBR-PI,0.4
777,PLR-REAL-Political,0.4298412698412699,1.929806940090335,2.142857142857143,Chain-GBR-PI,0.4
778,PLR-REAL-Political,0.4507936507936508,1.9290074637179424,2.1333333333333333,Chain-GBR-PI,0.4
779,PLR-REAL-Political,0.47555555555555556,1.9351571520247683,2.1142857142857143,Chain-GBR-PI,0.4
780,PLR-REAL-Political,0.4716981132075472,1.9313500303777622,2.0660377358490565,Chain-GBR-PI,0.4
781,PLR-REAL-Political,0.44654088050314467,1.9302595006642649,2.0849056603773586,Chain-GBR-PI,0.4
782,PLR-REAL-Political,0.459748427672956,1.9307902278737337,2.169811320754717,Chain-GBR-PI,0.4
783,PLR-REAL-Political,0.49460317460317466,1.9284826388024099,2.1523809523809523,Chain-GBR-PI,0.4
784,PLR-REAL-Political,0.4647619047619047,1.9316515555207514,2.1619047619047618,Chain-GBR-PI,0.4
785,PLR-REAL-Political,0.44634920634920644,1.9276377240381315,2.2,Chain-GBR-PI,0.4
786,PLR-REAL-Political,0.40571428571428575,1.9291685815684547,2.038095238095238,Chain-GBR-PI,0.4
787,PLR-REAL-Political,0.44190476190476197,1.9309601427685101,2.123809523809524,Chain-GBR-PI,0.4
788,PLR-REAL-Political,0.48571428571428577,1.9273650500164694,2.4,Chain-GBR-PI,0.4
789,PLR-REAL-Political,0.48000000000000004,1.9303912634294444,2.2,Chain-GBR-PI,0.4
790,PLR-REAL-Political,0.5220125786163523,1.930567062051131,2.169811320754717,Chain-GBR-PI,0.4
791,PLR-REAL-Political,0.49056603773584906,1.9343874981316393,2.150943396226415,Chain-GBR-PI,0.4
792,PLR-REAL-Political,0.4647798742138365,1.930704662514043,2.2358490566037736,Chain-GBR-PI,0.4
793,PLR-REAL-Political,0.4819047619047619,1.9311291541336066,2.3142857142857145,Chain-GBR-PI,0.4
794,PLR-REAL-Political,0.5504761904761906,1.9282042788535179,2.257142857142857,Chain-GBR-PI,0.4
795,PLR-REAL-Political,0.47492063492063497,1.9276838654106148,2.219047619047619,Chain-GBR-PI,0.4
796,PLR-REAL-Political,0.46666666666666673,1.932624731041892,2.1904761904761907,Chain-GBR-PI,0.4
797,PLR-REAL-Political,0.4342857142857143,1.9304050714793128,2.3047619047619046,Chain-GBR-PI,0.4
798,PLR-REAL-Political,0.4653968253968254,1.9287662465579178,2.342857142857143,Chain-GBR-PI,0.4
799,PLR-REAL-Political,0.45206349206349206,1.9312621867870172,2.1809523809523808,Chain-GBR-PI,0.4
800,PLR-REAL-Political,0.519496855345912,1.9144555662008629,3.7735849056603774,Chain-GBR-RR,0.4
801,PLR-REAL-Political,0.5012578616352202,1.9220677787079694,3.7169811320754715,Chain-GBR-RR,0.4
802,PLR-REAL-Political,0.5666666666666667,1.9151913274995758,3.6792452830188678,Chain-GBR-RR,0.4
803,PLR-REAL-Political,0.5517460317460318,1.9171491300950871,3.7523809523809524,Chain-GBR-RR,0.4
804,PLR-REAL-Political,0.5206349206349207,1.9140209810828825,3.5904761904761906,Chain-GBR-RR,0.4
805,PLR-REAL-Political,0.4933333333333333,1.9142107692653065,3.5428571428571427,Chain-GBR-RR,0.4
806,PLR-REAL-Political,0.5314285714285715,1.919638882699544,3.742857142857143,Chain-GBR-RR,0.4
807,PLR-REAL-Political,0.4698412698412698,1.915553879195489,3.6952380952380954,Chain-GBR-RR,0.4
808,PLR-REAL-Political,0.5212698412698413,1.9167986331576556,3.7333333333333334,Chain-GBR-RR,0.4
809,PLR-REAL-Political,0.5098412698412699,1.9178032114710313,3.742857142857143,Chain-GBR-RR,0.4
810,PLR-REAL-Political,0.4968553459119497,1.9193724623377524,3.5754716981132075,Chain-GBR-RR,0.4
811,PLR-REAL-Political,0.4949685534591195,1.9183026489172712,3.7169811320754715,Chain-GBR-RR,0.4
812,PLR-REAL-Political,0.4761006289308176,1.9169825552073116,3.7169811320754715,Chain-GBR-RR,0.4
813,PLR-REAL-Political,0.48,1.9173397218855077,3.657142857142857,Chain-GBR-RR,0.4
814,PLR-REAL-Political,0.49841269841269836,1.9181155765984597,3.942857142857143,Chain-GBR-RR,0.4
815,PLR-REAL-Political,0.5142857142857142,1.91478723647027,3.742857142857143,Chain-GBR-RR,0.4
816,PLR-REAL-Political,0.5136507936507936,1.9220750204168582,3.7523809523809524,Chain-GBR-RR,0.4
817,PLR-REAL-Political,0.5193650793650794,1.9182858157682277,3.704761904761905,Chain-GBR-RR,0.4
818,PLR-REAL-Political,0.5174603174603175,1.9146833093617213,3.657142857142857,Chain-GBR-RR,0.4
819,PLR-REAL-Political,0.5358730158730158,1.9148463355752756,3.6476190476190475,Chain-GBR-RR,0.4
820,PLR-REAL-Political,0.4830188679245283,1.9159269453932426,3.6792452830188678,Chain-GBR-RR,0.4
821,PLR-REAL-Political,0.5138364779874214,1.9159014682539501,3.5754716981132075,Chain-GBR-RR,0.4
822,PLR-REAL-Political,0.5672955974842767,1.9210556582403018,3.5377358490566038,Chain-GBR-RR,0.4
823,PLR-REAL-Political,0.4907936507936508,1.9134345734928366,3.7904761904761903,Chain-GBR-RR,0.4
824,PLR-REAL-Political,0.5434920634920635,1.9133298484375711,3.8476190476190477,Chain-GBR-RR,0.4
825,PLR-REAL-Political,0.5530158730158731,1.9144195937577047,3.6285714285714286,Chain-GBR-RR,0.4
826,PLR-REAL-Political,0.5079365079365079,1.9151983270261763,3.533333333333333,Chain-GBR-RR,0.4
827,PLR-REAL-Political,0.5034920634920634,1.9173498796485184,3.8,Chain-GBR-RR,0.4
828,PLR-REAL-Political,0.5022222222222222,1.914301331798177,3.619047619047619,Chain-GBR-RR,0.4
829,PLR-REAL-Political,0.5314285714285714,1.9210066241259385,3.6285714285714286,Chain-GBR-RR,0.4
830,PLR-REAL-Political,0.49245283018867925,1.915524454586253,3.669811320754717,Chain-GBR-RR,0.4
831,PLR-REAL-Political,0.4968553459119498,1.9149615727055838,3.5849056603773586,Chain-GBR-RR,0.4
832,PLR-REAL-Political,0.5320754716981133,1.916021052052942,3.688679245283019,Chain-GBR-RR,0.4
833,PLR-REAL-Political,0.5193650793650794,1.915897732438767,3.619047619047619,Chain-GBR-RR,0.4
834,PLR-REAL-Political,0.4926984126984127,1.9164930576576256,3.533333333333333,Chain-GBR-RR,0.4
835,PLR-REAL-Political,0.5104761904761905,1.9148601685384867,3.580952380952381,Chain-GBR-RR,0.4
836,PLR-REAL-Political,0.5053968253968254,1.9142392454603314,3.6666666666666665,Chain-GBR-RR,0.4
837,PLR-REAL-Political,0.5269841269841269,1.9173096557525267,3.5238095238095237,Chain-GBR-RR,0.4
838,PLR-REAL-Political,0.5244444444444444,1.9149283145971778,3.8095238095238093,Chain-GBR-RR,0.4
839,PLR-REAL-Political,0.5244444444444444,1.9179403462948326,3.657142857142857,Chain-GBR-RR,0.4
840,PLR-REAL-Political,0.5830188679245284,1.9174492785863086,3.849056603773585,Chain-GBR-RR,0.4
841,PLR-REAL-Political,0.5182389937106919,1.9189478486532094,3.650943396226415,Chain-GBR-RR,0.4
842,PLR-REAL-Political,0.49245283018867925,1.9165103782252961,3.7358490566037736,Chain-GBR-RR,0.4
843,PLR-REAL-Political,0.4907936507936508,1.9152840219839957,3.6952380952380954,Chain-GBR-RR,0.4
844,PLR-REAL-Political,0.5073015873015873,1.913965461300125,3.723809523809524,Chain-GBR-RR,0.4
845,PLR-REAL-Political,0.5225396825396825,1.9154973805661175,3.8,Chain-GBR-RR,0.4
846,PLR-REAL-Political,0.5288888888888889,1.9200556140088896,3.7142857142857144,Chain-GBR-RR,0.4
847,PLR-REAL-Political,0.5009523809523809,1.9149763194528693,3.6666666666666665,Chain-GBR-RR,0.4
848,PLR-REAL-Political,0.49587301587301585,1.9155374293216187,3.723809523809524,Chain-GBR-RR,0.4
849,PLR-REAL-Political,0.4780952380952381,1.917283316563126,3.619047619047619,Chain-GBR-RR,0.4
850,PLR-REAL-Political,0.6811320754716982,0.6763132941893809,3.9622641509433962,ST-GBR-RR,0.4
851,PLR-REAL-Political,0.6792452830188678,0.7050776389165243,3.8867924528301887,ST-GBR-RR,0.4
852,PLR-REAL-Political,0.6616352201257861,0.6870359385666942,3.952830188679245,ST-GBR-RR,0.4
853,PLR-REAL-Political,0.6787301587301587,0.7016439523929664,4.038095238095238,ST-GBR-RR,0.4
854,PLR-REAL-Political,0.6723809523809524,0.7154380853172057,4.0476190476190474,ST-GBR-RR,0.4
855,PLR-REAL-Political,0.6723809523809523,0.6540959814880921,4.0095238095238095,ST-GBR-RR,0.4
856,PLR-REAL-Political,0.7047619047619048,0.6197515115365557,4.0095238095238095,ST-GBR-RR,0.4
857,PLR-REAL-Political,0.6209523809523811,0.7009858629152308,3.9238095238095236,ST-GBR-RR,0.4
858,PLR-REAL-Political,0.6812698412698414,0.7043177876816346,3.942857142857143,ST-GBR-RR,0.4
859,PLR-REAL-Political,0.6869841269841269,0.632079944227491,3.933333333333333,ST-GBR-RR,0.4
860,PLR-REAL-Political,0.6723270440251572,0.6911853774913049,3.952830188679245,ST-GBR-RR,0.4
861,PLR-REAL-Political,0.6723270440251572,0.6723004968371948,3.9056603773584904,ST-GBR-RR,0.4
862,PLR-REAL-Political,0.6905660377358491,0.6529329429859679,4.245283018867925,ST-GBR-RR,0.4
863,PLR-REAL-Political,0.6622222222222222,0.6342425450623476,3.9523809523809526,ST-GBR-RR,0.4
864,PLR-REAL-Political,0.6673015873015874,0.6300350132851164,3.933333333333333,ST-GBR-RR,0.4
865,PLR-REAL-Political,0.6755555555555557,0.6578416132232626,3.895238095238095,ST-GBR-RR,0.4
866,PLR-REAL-Political,0.660952380952381,0.673893503458921,3.9904761904761905,ST-GBR-RR,0.4
867,PLR-REAL-Political,0.6901587301587301,0.7038691660628669,3.9523809523809526,ST-GBR-RR,0.4
868,PLR-REAL-Political,0.6736507936507936,0.7059357931813343,4.0285714285714285,ST-GBR-RR,0.4
869,PLR-REAL-Political,0.6799999999999999,0.6478038484988325,3.9047619047619047,ST-GBR-RR,0.4
870,PLR-REAL-Political,0.6647798742138367,0.6397372005842016,4.018867924528302,ST-GBR-RR,0.4
871,PLR-REAL-Political,0.6446540880503144,0.6602223246141293,3.952830188679245,ST-GBR-RR,0.4
872,PLR-REAL-Political,0.6937106918238992,0.6991636060369115,3.8679245283018866,ST-GBR-RR,0.4
873,PLR-REAL-Political,0.6476190476190476,0.6963210078504548,3.961904761904762,ST-GBR-RR,0.4
874,PLR-REAL-Political,0.6926984126984127,0.6447767738304337,4.076190476190476,ST-GBR-RR,0.4
875,PLR-REAL-Political,0.6901587301587301,0.6671360183335827,3.9714285714285715,ST-GBR-RR,0.4
876,PLR-REAL-Political,0.6622222222222222,0.6829047218258175,3.961904761904762,ST-GBR-RR,0.4
877,PLR-REAL-Political,0.6768253968253968,0.642485522783622,3.9904761904761905,ST-GBR-RR,0.4
878,PLR-REAL-Political,0.6742857142857144,0.6431075244464876,4.0095238095238095,ST-GBR-RR,0.4
879,PLR-REAL-Political,0.667936507936508,0.7050742662078533,4.038095238095238,ST-GBR-RR,0.4
880,PLR-REAL-Political,0.6283018867924529,0.718552786525691,3.8867924528301887,ST-GBR-RR,0.4
881,PLR-REAL-Political,0.6522012578616353,0.7044798151460134,3.9150943396226414,ST-GBR-RR,0.4
882,PLR-REAL-Political,0.660377358490566,0.6651854065225198,3.9716981132075473,ST-GBR-RR,0.4
883,PLR-REAL-Political,0.6736507936507936,0.6540930613807948,3.933333333333333,ST-GBR-RR,0.4
884,PLR-REAL-Political,0.6533333333333334,0.7091811771647704,3.8666666666666667,ST-GBR-RR,0.4
885,PLR-REAL-Political,0.6565079365079366,0.7001242689711469,4.066666666666666,ST-GBR-RR,0.4
886,PLR-REAL-Political,0.6742857142857143,0.6231797436891057,3.9904761904761905,ST-GBR-RR,0.4
887,PLR-REAL-Political,0.6749206349206348,0.6542017540182873,4.0,ST-GBR-RR,0.4
888,PLR-REAL-Political,0.6444444444444445,0.6742341960317889,4.0476190476190474,ST-GBR-RR,0.4
889,PLR-REAL-Political,0.6965079365079364,0.6335790211536027,4.0476190476190474,ST-GBR-RR,0.4
890,PLR-REAL-Political,0.6905660377358491,0.6414545587907948,3.9245283018867925,ST-GBR-RR,0.4
891,PLR-REAL-Political,0.649685534591195,0.6890688963934334,3.9339622641509435,ST-GBR-RR,0.4
892,PLR-REAL-Political,0.6383647798742139,0.6390801358529301,4.047169811320755,ST-GBR-RR,0.4
893,PLR-REAL-Political,0.6565079365079366,0.7089008380276259,4.0285714285714285,ST-GBR-RR,0.4
894,PLR-REAL-Political,0.634920634920635,0.6359124091275082,3.9714285714285715,ST-GBR-RR,0.4
895,PLR-REAL-Political,0.657142857142857,0.6617269716320664,4.019047619047619,ST-GBR-RR,0.4
896,PLR-REAL-Political,0.6793650793650795,0.6986566337292069,4.0095238095238095,ST-GBR-RR,0.4
897,PLR-REAL-Political,0.6825396825396826,0.6647941387618794,3.961904761904762,ST-GBR-RR,0.4
898,PLR-REAL-Political,0.6793650793650793,0.6626782371812557,3.9238095238095236,ST-GBR-RR,0.4
899,PLR-REAL-Political,0.6780952380952381,0.7060495712100179,3.980952380952381,ST-GBR-RR,0.4
900,PLR-REAL-Political,0.5867924528301887,0.6385712004708509,3.1037735849056602,ST-GBR-PI,0.4
901,PLR-REAL-Political,0.60062893081761,0.6081917034178016,3.150943396226415,ST-GBR-PI,0.4
902,PLR-REAL-Political,0.5955974842767295,0.6092709076448686,3.330188679245283,ST-GBR-PI,0.4
903,PLR-REAL-Political,0.6457142857142858,0.6932784065130129,3.123809523809524,ST-GBR-PI,0.4
904,PLR-REAL-Political,0.6495238095238094,0.6491562277707754,2.980952380952381,ST-GBR-PI,0.4
905,PLR-REAL-Political,0.6025396825396825,0.6461756216014833,3.219047619047619,ST-GBR-PI,0.4
906,PLR-REAL-Political,0.6393650793650792,0.6238304137768378,3.2476190476190476,ST-GBR-PI,0.4
907,PLR-REAL-Political,0.6215873015873017,0.7128516451094395,3.142857142857143,ST-GBR-PI,0.4
908,PLR-REAL-Political,0.6253968253968254,0.6660903127734509,3.1904761904761907,ST-GBR-PI,0.4
909,PLR-REAL-Political,0.633015873015873,0.6164891847296675,3.1809523809523808,ST-GBR-PI,0.4
910,PLR-REAL-Political,0.630188679245283,0.6981932089373456,3.150943396226415,ST-GBR-PI,0.4
911,PLR-REAL-Political,0.59937106918239,0.6827702739456124,3.2358490566037736,ST-GBR-PI,0.4
912,PLR-REAL-Political,0.6276729559748427,0.6619263388254245,3.1226415094339623,ST-GBR-PI,0.4
913,PLR-REAL-Political,0.6126984126984126,0.6505398596992011,3.3142857142857145,ST-GBR-PI,0.4
914,PLR-REAL-Political,0.6165079365079366,0.6540747671200372,3.342857142857143,ST-GBR-PI,0.4
915,PLR-REAL-Political,0.6177777777777779,0.6160672820625621,3.1809523809523808,ST-GBR-PI,0.4
916,PLR-REAL-Political,0.6146031746031746,0.6652395071326174,3.2476190476190476,ST-GBR-PI,0.4
917,PLR-REAL-Political,0.6241269841269841,0.697299499483604,3.2095238095238097,ST-GBR-PI,0.4
918,PLR-REAL-Political,0.6234920634920635,0.699328433589802,3.1619047619047618,ST-GBR-PI,0.4
919,PLR-REAL-Political,0.6336507936507937,0.7028689416575287,3.276190476190476,ST-GBR-PI,0.4
920,PLR-REAL-Political,0.590566037735849,0.6393626459137507,3.207547169811321,ST-GBR-PI,0.4
921,PLR-REAL-Political,0.6157232704402515,0.6522910032890649,3.0283018867924527,ST-GBR-PI,0.4
922,PLR-REAL-Political,0.6226415094339623,0.6538650012593633,3.169811320754717,ST-GBR-PI,0.4
923,PLR-REAL-Political,0.6234920634920635,0.6470518223892514,3.2,ST-GBR-PI,0.4
924,PLR-REAL-Political,0.6342857142857142,0.6616915610747535,3.1619047619047618,ST-GBR-PI,0.4
925,PLR-REAL-Political,0.626031746031746,0.6165334589389093,3.2666666666666666,ST-GBR-PI,0.4
926,PLR-REAL-Political,0.6520634920634921,0.6474177970437875,3.019047619047619,ST-GBR-PI,0.4
927,PLR-REAL-Political,0.6152380952380951,0.6455600777962933,3.1142857142857143,ST-GBR-PI,0.4
928,PLR-REAL-Political,0.6393650793650795,0.6463942852159495,3.066666666666667,ST-GBR-PI,0.4
929,PLR-REAL-Political,0.6184126984126984,0.6578374966370889,3.2857142857142856,ST-GBR-PI,0.4
930,PLR-REAL-Political,0.5779874213836478,0.67335972106535,3.2452830188679247,ST-GBR-PI,0.4
931,PLR-REAL-Political,0.6044025157232704,0.6126036395199277,3.0660377358490565,ST-GBR-PI,0.4
932,PLR-REAL-Political,0.6094339622641509,0.6542968125485632,3.330188679245283,ST-GBR-PI,0.4
933,PLR-REAL-Political,0.6044444444444443,0.6416446625590513,3.1904761904761907,ST-GBR-PI,0.4
934,PLR-REAL-Political,0.6457142857142857,0.6517725677494719,3.1333333333333333,ST-GBR-PI,0.4
935,PLR-REAL-Political,0.5873015873015873,0.6550461890978184,3.1809523809523808,ST-GBR-PI,0.4
936,PLR-REAL-Political,0.6323809523809525,0.6175376247551181,3.1333333333333333,ST-GBR-PI,0.4
937,PLR-REAL-Political,0.6374603174603175,0.6623444150558907,3.2285714285714286,ST-GBR-PI,0.4
938,PLR-REAL-Political,0.6025396825396826,0.6332961455817402,3.295238095238095,ST-GBR-PI,0.4
939,PLR-REAL-Political,0.638095238095238,0.6243289429509629,3.3142857142857145,ST-GBR-PI,0.4
940,PLR-REAL-Political,0.6522012578616353,0.6209726935397691,3.207547169811321,ST-GBR-PI,0.4
941,PLR-REAL-Political,0.6100628930817611,0.6293670590592497,3.2452830188679247,ST-GBR-PI,0.4
942,PLR-REAL-Political,0.5955974842767295,0.6572852592061807,3.207547169811321,ST-GBR-PI,0.4
943,PLR-REAL-Political,0.6234920634920635,0.6367915671710261,3.057142857142857,ST-GBR-PI,0.4
944,PLR-REAL-Political,0.626031746031746,0.6367269571044522,3.0952380952380953,ST-GBR-PI,0.4
945,PLR-REAL-Political,0.6495238095238095,0.6412871868315589,3.3142857142857145,ST-GBR-PI,0.4
946,PLR-REAL-Political,0.6336507936507937,0.683657968604127,3.1142857142857143,ST-GBR-PI,0.4
947,PLR-REAL-Political,0.6031746031746033,0.6233884239958208,3.2285714285714286,ST-GBR-PI,0.4
948,PLR-REAL-Political,0.6209523809523808,0.6236006213976653,3.238095238095238,ST-GBR-PI,0.4
949,PLR-REAL-Political,0.633015873015873,0.6425127266806095,3.1523809523809523,ST-GBR-PI,0.4
950,PLR-REAL-Political,0.7150943396226415,1.3654973826613122,3.30188679245283,RPC-GB,0.4
951,PLR-REAL-Political,0.7402515723270441,1.3502544034431914,3.3773584905660377,RPC-GB,0.4
952,PLR-REAL-Political,0.7012578616352201,1.3469358414810333,3.3962264150943398,RPC-GB,0.4
953,PLR-REAL-Political,0.7301587301587302,1.3704731343592496,3.380952380952381,RPC-GB,0.4
954,PLR-REAL-Political,0.7155555555555556,1.3586287487488085,3.4761904761904763,RPC-GB,0.4
955,PLR-REAL-Political,0.728888888888889,1.372896658923567,3.380952380952381,RPC-GB,0.4
956,PLR-REAL-Political,0.7244444444444444,1.3818597341651917,3.466666666666667,RPC-GB,0.4
957,PLR-REAL-Political,0.6825396825396826,1.352234302538767,3.2,RPC-GB,0.4
958,PLR-REAL-Political,0.7396825396825397,1.3477297566760535,3.219047619047619,RPC-GB,0.4
959,PLR-REAL-Political,0.7453968253968253,1.4028853452120247,3.2285714285714286,RPC-GB,0.4
960,PLR-REAL-Political,0.7257861635220126,1.3589185638342436,3.330188679245283,RPC-GB,0.4
961,PLR-REAL-Political,0.6999999999999998,1.3543170533480096,3.2830188679245285,RPC-GB,0.4
962,PLR-REAL-Political,0.7088050314465408,1.3685855179755069,3.3867924528301887,RPC-GB,0.4
963,PLR-REAL-Political,0.6895238095238094,1.3645403551672404,3.3904761904761904,RPC-GB,0.4
964,PLR-REAL-Political,0.7155555555555554,1.3631736573210305,3.276190476190476,RPC-GB,0.4
965,PLR-REAL-Political,0.704126984126984,1.3573348930846794,3.257142857142857,RPC-GB,0.4
966,PLR-REAL-Political,0.7193650793650794,1.3586782850044434,3.323809523809524,RPC-GB,0.4
967,PLR-REAL-Political,0.6933333333333334,1.3862068384036936,3.1714285714285713,RPC-GB,0.4
968,PLR-REAL-Political,0.7282539682539683,1.3677711603368237,3.342857142857143,RPC-GB,0.4
969,PLR-REAL-Political,0.7257142857142858,1.350511496099745,3.380952380952381,RPC-GB,0.4
970,PLR-REAL-Political,0.6911949685534591,1.3473158998315369,3.339622641509434,RPC-GB,0.4
971,PLR-REAL-Political,0.7075471698113206,1.3496466392922066,3.330188679245283,RPC-GB,0.4
972,PLR-REAL-Political,0.7333333333333334,1.3575919029382189,3.349056603773585,RPC-GB,0.4
973,PLR-REAL-Political,0.7149206349206348,1.3510573289240824,3.1714285714285713,RPC-GB,0.4
974,PLR-REAL-Political,0.7219047619047618,1.3620061478911492,3.3904761904761904,RPC-GB,0.4
975,PLR-REAL-Political,0.7003174603174603,1.3617092046263592,3.3047619047619046,RPC-GB,0.4
976,PLR-REAL-Political,0.733968253968254,1.3490224942706213,3.276190476190476,RPC-GB,0.4
977,PLR-REAL-Political,0.7155555555555555,1.3788227290370458,3.4285714285714284,RPC-GB,0.4
978,PLR-REAL-Political,0.6958730158730159,1.3846212878988973,3.2285714285714286,RPC-GB,0.4
979,PLR-REAL-Political,0.718095238095238,1.3655180863120717,3.2666666666666666,RPC-GB,0.4
980,PLR-REAL-Political,0.688050314465409,1.36457068343061,3.2641509433962264,RPC-GB,0.4
981,PLR-REAL-Political,0.6786163522012579,1.361818406006804,3.0849056603773586,RPC-GB,0.4
982,PLR-REAL-Political,0.6987421383647798,1.3666971551798472,3.3207547169811322,RPC-GB,0.4
983,PLR-REAL-Political,0.7111111111111111,1.3508288118731204,3.323809523809524,RPC-GB,0.4
984,PLR-REAL-Political,0.7396825396825396,1.3616197042390406,3.1714285714285713,RPC-GB,0.4
985,PLR-REAL-Political,0.7053968253968254,1.3536430773824566,3.1809523809523808,RPC-GB,0.4
986,PLR-REAL-Political,0.7015873015873016,1.3548020044281572,3.4285714285714284,RPC-GB,0.4
987,PLR-REAL-Political,0.7682539682539682,1.3553139167178319,3.238095238095238,RPC-GB,0.4
988,PLR-REAL-Political,0.7326984126984126,1.360127044810761,3.323809523809524,RPC-GB,0.4
989,PLR-REAL-Political,0.7276190476190477,1.3520044367573603,3.219047619047619,RPC-GB,0.4
990,PLR-REAL-Political,0.7377358490566038,1.3428457453939315,3.547169811320755,RPC-GB,0.4
991,PLR-REAL-Political,0.6993710691823899,1.3493045860894264,3.2547169811320753,RPC-GB,0.4
992,PLR-REAL-Political,0.7044025157232704,1.362969311830683,3.358490566037736,RPC-GB,0.4
993,PLR-REAL-Political,0.6920634920634922,1.3542042438553867,3.342857142857143,RPC-GB,0.4
994,PLR-REAL-Political,0.664126984126984,1.3669959224433799,3.295238095238095,RPC-GB,0.4
995,PLR-REAL-Political,0.6952380952380952,1.3526639261002587,3.466666666666667,RPC-GB,0.4
996,PLR-REAL-Political,0.7149206349206351,1.354743285598667,3.3904761904761904,RPC-GB,0.4
997,PLR-REAL-Political,0.7034920634920634,1.3601883167634046,3.219047619047619,RPC-GB,0.4
998,PLR-REAL-Political,0.7028571428571428,1.3756046190107698,3.104761904761905,RPC-GB,0.4
999,PLR-REAL-Political,0.7174603174603175,1.3766229702089843,3.066666666666667,RPC-GB,0.4
1000,PLR-REAL-Political,0.3943396226415094,1.9230685356853736,1.9811320754716981,Chain-GBR-PI,0.5
1001,PLR-REAL-Political,0.46477987421383654,1.9227403636564722,2.1132075471698113,Chain-GBR-PI,0.5
1002,PLR-REAL-Political,0.4100628930817611,1.9216526999193844,2.1320754716981134,Chain-GBR-PI,0.5
1003,PLR-REAL-Political,0.4222222222222222,1.9252721043809915,2.1333333333333333,Chain-GBR-PI,0.5
1004,PLR-REAL-Political,0.43936507936507935,1.9332801248415454,2.0761904761904764,Chain-GBR-PI,0.5
1005,PLR-REAL-Political,0.39428571428571435,1.9252934503639347,1.9619047619047618,Chain-GBR-PI,0.5
1006,PLR-REAL-Political,0.4457142857142857,1.9246457770136367,2.1714285714285713,Chain-GBR-PI,0.5
1007,PLR-REAL-Political,0.46349206349206346,1.923273561940275,2.2,Chain-GBR-PI,0.5
1008,PLR-REAL-Political,0.40761904761904766,1.9238706188301427,2.038095238095238,Chain-GBR-PI,0.5
1009,PLR-REAL-Political,0.4203174603174603,1.9251828149454904,1.9523809523809523,Chain-GBR-PI,0.5
1010,PLR-REAL-Political,0.42578616352201265,1.9248528101947295,2.188679245283019,Chain-GBR-PI,0.5
1011,PLR-REAL-Political,0.44150943396226416,1.921518118278123,2.160377358490566,Chain-GBR-PI,0.5
1012,PLR-REAL-Political,0.4226415094339623,1.9271103561916128,2.1226415094339623,Chain-GBR-PI,0.5
1013,PLR-REAL-Political,0.40571428571428575,1.9227574599925519,1.9619047619047618,Chain-GBR-PI,0.5
1014,PLR-REAL-Political,0.44253968253968257,1.9216409588939616,2.142857142857143,Chain-GBR-PI,0.5
1015,PLR-REAL-Political,0.4266666666666667,1.9223251010149602,2.057142857142857,Chain-GBR-PI,0.5
1016,PLR-REAL-Political,0.43047619047619035,1.9229964497876837,2.1904761904761907,Chain-GBR-PI,0.5
1017,PLR-REAL-Political,0.42539682539682544,1.9350214316794143,2.085714285714286,Chain-GBR-PI,0.5
1018,PLR-REAL-Political,0.47365079365079366,1.9227017857842377,2.019047619047619,Chain-GBR-PI,0.5
1019,PLR-REAL-Political,0.44952380952380955,1.9223999206344728,2.1809523809523808,Chain-GBR-PI,0.5
1020,PLR-REAL-Political,0.39874213836477984,1.9277625564377217,2.018867924528302,Chain-GBR-PI,0.5
1021,PLR-REAL-Political,0.42327044025157234,1.9226034534352838,2.0754716981132075,Chain-GBR-PI,0.5
1022,PLR-REAL-Political,0.4213836477987421,1.9241186267556427,2.150943396226415,Chain-GBR-PI,0.5
1023,PLR-REAL-Political,0.4774603174603175,1.921605123566382,2.257142857142857,Chain-GBR-PI,0.5
1024,PLR-REAL-Political,0.4374603174603175,1.9238335658374086,2.1333333333333333,Chain-GBR-PI,0.5
1025,PLR-REAL-Political,0.4342857142857142,1.9229953068204517,2.066666666666667,Chain-GBR-PI,0.5
1026,PLR-REAL-Political,0.4730158730158731,1.924688657377463,2.019047619047619,Chain-GBR-PI,0.5
1027,PLR-REAL-Political,0.37714285714285717,1.9253119336663989,1.9904761904761905,Chain-GBR-PI,0.5
1028,PLR-REAL-Political,0.47619047619047616,1.9244718317056402,2.0952380952380953,Chain-GBR-PI,0.5
1029,PLR-REAL-Political,0.38730158730158726,1.9240548248381502,2.1619047619047618,Chain-GBR-PI,0.5
1030,PLR-REAL-Political,0.4477987421383648,1.9221297120508944,1.9150943396226414,Chain-GBR-PI,0.5
1031,PLR-REAL-Political,0.4251572327044026,1.9232863315019793,2.056603773584906,Chain-GBR-PI,0.5
1032,PLR-REAL-Political,0.4100628930817611,1.9239516259747138,2.047169811320755,Chain-GBR-PI,0.5
1033,PLR-REAL-Political,0.43682539682539684,1.925069581345065,2.0952380952380953,Chain-GBR-PI,0.5
1034,PLR-REAL-Political,0.44253968253968257,1.9239922310091622,2.057142857142857,Chain-GBR-PI,0.5
1035,PLR-REAL-Political,0.43936507936507935,1.9236996470432448,2.123809523809524,Chain-GBR-PI,0.5
1036,PLR-REAL-Political,0.4088888888888889,1.924542136444819,2.019047619047619,Chain-GBR-PI,0.5
1037,PLR-REAL-Political,0.4209523809523809,1.9274719549064856,2.066666666666667,Chain-GBR-PI,0.5
1038,PLR-REAL-Political,0.42031746031746037,1.924263313795661,2.019047619047619,Chain-GBR-PI,0.5
1039,PLR-REAL-Political,0.37904761904761913,1.9222563158995711,1.9047619047619047,Chain-GBR-PI,0.5
1040,PLR-REAL-Political,0.40377358490566034,1.925576051226603,2.160377358490566,Chain-GBR-PI,0.5
1041,PLR-REAL-Political,0.45911949685534587,1.927480611601975,2.2735849056603774,Chain-GBR-PI,0.5
1042,PLR-REAL-Political,0.41761006289308183,1.9238811111656986,2.009433962264151,Chain-GBR-PI,0.5
1043,PLR-REAL-Political,0.4419047619047619,1.9226361678260282,2.0095238095238095,Chain-GBR-PI,0.5
1044,PLR-REAL-Political,0.44380952380952376,1.9252594713435944,1.9523809523809523,Chain-GBR-PI,0.5
1045,PLR-REAL-Political,0.4431746031746032,1.9238744863258712,2.0761904761904764,Chain-GBR-PI,0.5
1046,PLR-REAL-Political,0.4653968253968254,1.9282916968445134,2.1523809523809523,Chain-GBR-PI,0.5
1047,PLR-REAL-Political,0.4006349206349207,1.9274155097353758,2.0761904761904764,Chain-GBR-PI,0.5
1048,PLR-REAL-Political,0.3993650793650793,1.9239739582416064,2.038095238095238,Chain-GBR-PI,0.5
1049,PLR-REAL-Political,0.42793650793650806,1.9265221407767865,2.0476190476190474,Chain-GBR-PI,0.5
1050,PLR-REAL-Political,0.420125786163522,1.910166524460138,3.4339622641509435,Chain-GBR-RR,0.5
1051,PLR-REAL-Political,0.5169811320754717,1.9103938895410457,3.4056603773584904,Chain-GBR-RR,0.5
1052,PLR-REAL-Political,0.4477987421383648,1.90693596481867,3.509433962264151,Chain-GBR-RR,0.5
1053,PLR-REAL-Political,0.4692063492063492,1.9100216069554024,3.5619047619047617,Chain-GBR-RR,0.5
1054,PLR-REAL-Political,0.4819047619047619,1.9100720151390407,3.3714285714285714,Chain-GBR-RR,0.5
1055,PLR-REAL-Political,0.4768253968253969,1.9117470123089573,3.3904761904761904,Chain-GBR-RR,0.5
1056,PLR-REAL-Political,0.4971428571428571,1.9092919019736532,3.5619047619047617,Chain-GBR-RR,0.5
1057,PLR-REAL-Political,0.4361904761904762,1.9087449187908532,3.4952380952380953,Chain-GBR-RR,0.5
1058,PLR-REAL-Political,0.44317460317460317,1.9115525022651088,3.5714285714285716,Chain-GBR-RR,0.5
1059,PLR-REAL-Political,0.4317460317460317,1.9118661896322429,3.5047619047619047,Chain-GBR-RR,0.5
1060,PLR-REAL-Political,0.47547169811320755,1.9088905728378767,3.547169811320755,Chain-GBR-RR,0.5
1061,PLR-REAL-Political,0.4886792452830188,1.9146932589896852,3.4245283018867925,Chain-GBR-RR,0.5
1062,PLR-REAL-Political,0.5150943396226415,1.9132557960163863,3.509433962264151,Chain-GBR-RR,0.5
1063,PLR-REAL-Political,0.4850793650793651,1.9103252056061781,3.4571428571428573,Chain-GBR-RR,0.5
1064,PLR-REAL-Political,0.453968253968254,1.9103149391904577,3.6952380952380954,Chain-GBR-RR,0.5
1065,PLR-REAL-Political,0.4406349206349206,1.9093284342887298,3.5142857142857142,Chain-GBR-RR,0.5
1066,PLR-REAL-Political,0.48444444444444446,1.910418218584329,3.5619047619047617,Chain-GBR-RR,0.5
1067,PLR-REAL-Political,0.4634920634920635,1.9129217829775345,3.4095238095238094,Chain-GBR-RR,0.5
1068,PLR-REAL-Political,0.4876190476190476,1.9101440489877606,3.447619047619048,Chain-GBR-RR,0.5
1069,PLR-REAL-Political,0.5257142857142857,1.9100158151365536,3.5142857142857142,Chain-GBR-RR,0.5
1070,PLR-REAL-Political,0.4427672955974843,1.912962776160889,3.3679245283018866,Chain-GBR-RR,0.5
1071,PLR-REAL-Political,0.4685534591194968,1.9104975961445834,3.452830188679245,Chain-GBR-RR,0.5
1072,PLR-REAL-Political,0.48238993710691824,1.9113889400390376,3.490566037735849,Chain-GBR-RR,0.5
1073,PLR-REAL-Political,0.4812698412698413,1.9077762845770554,3.552380952380952,Chain-GBR-RR,0.5
1074,PLR-REAL-Political,0.47365079365079366,1.90970788500412,3.380952380952381,Chain-GBR-RR,0.5
1075,PLR-REAL-Political,0.4685714285714286,1.9097646708524119,3.4,Chain-GBR-RR,0.5
1076,PLR-REAL-Political,0.499047619047619,1.9103594449563854,3.5047619047619047,Chain-GBR-RR,0.5
1077,PLR-REAL-Political,0.4673015873015873,1.9088307522790127,3.4571428571428573,Chain-GBR-RR,0.5
1078,PLR-REAL-Political,0.4774603174603175,1.9081856801598285,3.5142857142857142,Chain-GBR-RR,0.5
1079,PLR-REAL-Political,0.42920634920634915,1.9105672215629343,3.5904761904761906,Chain-GBR-RR,0.5
1080,PLR-REAL-Political,0.44968553459119504,1.9084459339940936,3.4716981132075473,Chain-GBR-RR,0.5
1081,PLR-REAL-Political,0.4484276729559749,1.9076860040374537,3.4150943396226414,Chain-GBR-RR,0.5
1082,PLR-REAL-Political,0.4685534591194969,1.9071900316749888,3.5660377358490565,Chain-GBR-RR,0.5
1083,PLR-REAL-Political,0.4634920634920635,1.9109981640012217,3.6,Chain-GBR-RR,0.5
1084,PLR-REAL-Political,0.4552380952380952,1.9119571637628197,3.533333333333333,Chain-GBR-RR,0.5
1085,PLR-REAL-Political,0.4780952380952381,1.9119965458015638,3.552380952380952,Chain-GBR-RR,0.5
1086,PLR-REAL-Political,0.4761904761904761,1.9083750053410165,3.447619047619048,Chain-GBR-RR,0.5
1087,PLR-REAL-Political,0.44253968253968257,1.9130853138265913,3.5142857142857142,Chain-GBR-RR,0.5
1088,PLR-REAL-Political,0.44952380952380955,1.909023100682832,3.4571428571428573,Chain-GBR-RR,0.5
1089,PLR-REAL-Political,0.46984126984126984,1.9074600472830676,3.4285714285714284,Chain-GBR-RR,0.5
1090,PLR-REAL-Political,0.48742138364779874,1.910722234933819,3.5660377358490565,Chain-GBR-RR,0.5
1091,PLR-REAL-Political,0.46352201257861636,1.9090633064174025,3.6132075471698113,Chain-GBR-RR,0.5
1092,PLR-REAL-Political,0.4459119496855346,1.908706816115572,3.6320754716981134,Chain-GBR-RR,0.5
1093,PLR-REAL-Political,0.4666666666666667,1.9119899615542277,3.5238095238095237,Chain-GBR-RR,0.5
1094,PLR-REAL-Political,0.45587301587301593,1.9112035675990668,3.3047619047619046,Chain-GBR-RR,0.5
1095,PLR-REAL-Political,0.4920634920634921,1.9099679334938353,3.5619047619047617,Chain-GBR-RR,0.5
1096,PLR-REAL-Political,0.5085714285714286,1.9107098691313351,3.676190476190476,Chain-GBR-RR,0.5
1097,PLR-REAL-Political,0.46793650793650793,1.9116159745339047,3.619047619047619,Chain-GBR-RR,0.5
1098,PLR-REAL-Political,0.4361904761904762,1.9108262280937143,3.4095238095238094,Chain-GBR-RR,0.5
1099,PLR-REAL-Political,0.43809523809523804,1.9150707279580172,3.5047619047619047,Chain-GBR-RR,0.5
1100,PLR-REAL-Political,0.6861635220125786,0.6384374072580251,3.9150943396226414,ST-GBR-RR,0.5
1101,PLR-REAL-Political,0.6427672955974844,0.6659307742184762,3.8962264150943398,ST-GBR-RR,0.5
1102,PLR-REAL-Political,0.6735849056603773,0.6696694526897351,4.122641509433962,ST-GBR-RR,0.5
1103,PLR-REAL-Political,0.6577777777777779,0.6370491645274483,3.980952380952381,ST-GBR-RR,0.5
1104,PLR-REAL-Political,0.6780952380952381,0.6692638808135456,4.0285714285714285,ST-GBR-RR,0.5
1105,PLR-REAL-Political,0.6622222222222222,0.6738685189800012,4.057142857142857,ST-GBR-RR,0.5
1106,PLR-REAL-Political,0.6901587301587302,0.6755596613109561,4.0,ST-GBR-RR,0.5
1107,PLR-REAL-Political,0.6273015873015872,0.681439019962985,3.895238095238095,ST-GBR-RR,0.5
1108,PLR-REAL-Political,0.6901587301587302,0.6259019101585254,3.933333333333333,ST-GBR-RR,0.5
1109,PLR-REAL-Political,0.6558730158730159,0.6598871320202501,3.961904761904762,ST-GBR-RR,0.5
1110,PLR-REAL-Political,0.6440251572327043,0.6359362177958907,3.943396226415094,ST-GBR-RR,0.5
1111,PLR-REAL-Political,0.6685534591194968,0.6160546688794346,3.9056603773584904,ST-GBR-RR,0.5
1112,PLR-REAL-Political,0.669182389937107,0.6243318316557295,4.160377358490566,ST-GBR-RR,0.5
1113,PLR-REAL-Political,0.6507936507936509,0.6713927150805336,3.9714285714285715,ST-GBR-RR,0.5
1114,PLR-REAL-Political,0.6723809523809522,0.6283169217221254,4.019047619047619,ST-GBR-RR,0.5
1115,PLR-REAL-Political,0.6628571428571429,0.6606464893455838,4.0095238095238095,ST-GBR-RR,0.5
1116,PLR-REAL-Political,0.657142857142857,0.5983188565855324,3.9714285714285715,ST-GBR-RR,0.5
1117,PLR-REAL-Political,0.6692063492063494,0.6494482397106585,4.066666666666666,ST-GBR-RR,0.5
1118,PLR-REAL-Political,0.6831746031746033,0.6779074509726133,4.038095238095238,ST-GBR-RR,0.5
1119,PLR-REAL-Political,0.6869841269841269,0.5926198385241711,3.9523809523809526,ST-GBR-RR,0.5
1120,PLR-REAL-Political,0.6547169811320754,0.6232473626709423,3.990566037735849,ST-GBR-RR,0.5
1121,PLR-REAL-Political,0.6685534591194968,0.6427224984062251,4.0,ST-GBR-RR,0.5
1122,PLR-REAL-Political,0.680503144654088,0.6411961836356428,3.9716981132075473,ST-GBR-RR,0.5
1123,PLR-REAL-Political,0.6469841269841269,0.6306122961799205,3.876190476190476,ST-GBR-RR,0.5
1124,PLR-REAL-Political,0.695873015873016,0.6697797958252516,4.0,ST-GBR-RR,0.5
1125,PLR-REAL-Political,0.6780952380952381,0.6128749334756085,3.8666666666666667,ST-GBR-RR,0.5
1126,PLR-REAL-Political,0.6825396825396826,0.6341332526325931,4.019047619047619,ST-GBR-RR,0.5
1127,PLR-REAL-Political,0.6711111111111111,0.6334748289991716,4.0285714285714285,ST-GBR-RR,0.5
1128,PLR-REAL-Political,0.6704761904761907,0.6204387585696695,3.9714285714285715,ST-GBR-RR,0.5
1129,PLR-REAL-Political,0.6787301587301587,0.6716145643811052,4.0476190476190474,ST-GBR-RR,0.5
1130,PLR-REAL-Political,0.6616352201257862,0.6271781176015929,3.8962264150943398,ST-GBR-RR,0.5
1131,PLR-REAL-Political,0.6610062893081762,0.6302113858883336,3.943396226415094,ST-GBR-RR,0.5
1132,PLR-REAL-Political,0.6528301886792454,0.6615705653810765,3.9622641509433962,ST-GBR-RR,0.5
1133,PLR-REAL-Political,0.6501587301587302,0.6644690165155548,3.933333333333333,ST-GBR-RR,0.5
1134,PLR-REAL-Political,0.6653968253968254,0.670655684336035,3.961904761904762,ST-GBR-RR,0.5
1135,PLR-REAL-Political,0.6507936507936509,0.5779226573643491,4.0,ST-GBR-RR,0.5
1136,PLR-REAL-Political,0.6806349206349205,0.625379822102799,4.066666666666666,ST-GBR-RR,0.5
1137,PLR-REAL-Political,0.6641269841269841,0.6597937595287238,3.8666666666666667,ST-GBR-RR,0.5
1138,PLR-REAL-Political,0.6596825396825396,0.6292073768384059,3.9904761904761905,ST-GBR-RR,0.5
1139,PLR-REAL-Political,0.6946031746031747,0.6497266710751209,4.019047619047619,ST-GBR-RR,0.5
1140,PLR-REAL-Political,0.6742138364779873,0.5951458964967673,3.9150943396226414,ST-GBR-RR,0.5
1141,PLR-REAL-Political,0.6666666666666666,0.6416620192647174,4.056603773584905,ST-GBR-RR,0.5
1142,PLR-REAL-Political,0.6742138364779875,0.6650994453031399,4.0,ST-GBR-RR,0.5
1143,PLR-REAL-Political,0.6558730158730158,0.6505038408810339,4.076190476190476,ST-GBR-RR,0.5
1144,PLR-REAL-Political,0.6546031746031746,0.6007788096460204,3.9714285714285715,ST-GBR-RR,0.5
1145,PLR-REAL-Political,0.6647619047619048,0.6758785379326385,4.104761904761904,ST-GBR-RR,0.5
1146,PLR-REAL-Political,0.6984126984126985,0.6391035589290479,3.9714285714285715,ST-GBR-RR,0.5
1147,PLR-REAL-Political,0.68,0.6069401031369106,4.076190476190476,ST-GBR-RR,0.5
1148,PLR-REAL-Political,0.671111111111111,0.6680384778694056,3.8476190476190477,ST-GBR-RR,0.5
1149,PLR-REAL-Political,0.6742857142857144,0.6206394605684256,3.933333333333333,ST-GBR-RR,0.5
1150,PLR-REAL-Political,0.620754716981132,0.5914626759466493,3.0943396226415096,ST-GBR-PI,0.5
1151,PLR-REAL-Political,0.6251572327044025,0.615577039016775,3.0754716981132075,ST-GBR-PI,0.5
1152,PLR-REAL-Political,0.5842767295597484,0.6321435090185625,3.19811320754717,ST-GBR-PI,0.5
1153,PLR-REAL-Political,0.6431746031746033,0.6199145763288457,3.066666666666667,ST-GBR-PI,0.5
1154,PLR-REAL-Political,0.653968253968254,0.6360255308021794,3.038095238095238,ST-GBR-PI,0.5
1155,PLR-REAL-Political,0.6285714285714286,0.6281463707483916,3.1333333333333333,ST-GBR-PI,0.5
1156,PLR-REAL-Political,0.6234920634920635,0.6237980578488393,3.3142857142857145,ST-GBR-PI,0.5
1157,PLR-REAL-Political,0.6057142857142856,0.6231837122379027,3.104761904761905,ST-GBR-PI,0.5
1158,PLR-REAL-Political,0.6628571428571429,0.6251563612358735,3.1523809523809523,ST-GBR-PI,0.5
1159,PLR-REAL-Political,0.6114285714285714,0.6016799065967744,3.2285714285714286,ST-GBR-PI,0.5
1160,PLR-REAL-Political,0.5943396226415094,0.5713070715812589,3.1132075471698113,ST-GBR-PI,0.5
1161,PLR-REAL-Political,0.5993710691823899,0.5853784793227981,3.0849056603773586,ST-GBR-PI,0.5
1162,PLR-REAL-Political,0.6188679245283019,0.6486358192090441,3.160377358490566,ST-GBR-PI,0.5
1163,PLR-REAL-Political,0.5866666666666667,0.5980086211117394,2.9523809523809526,ST-GBR-PI,0.5
1164,PLR-REAL-Political,0.6647619047619049,0.6318950608831694,3.2095238095238097,ST-GBR-PI,0.5
1165,PLR-REAL-Political,0.6368253968253968,0.6280743284405265,2.9523809523809526,ST-GBR-PI,0.5
1166,PLR-REAL-Political,0.6425396825396824,0.5822613226592652,3.0952380952380953,ST-GBR-PI,0.5
1167,PLR-REAL-Political,0.6196825396825398,0.5951044437535685,3.2,ST-GBR-PI,0.5
1168,PLR-REAL-Political,0.6457142857142857,0.6035948112305282,3.1714285714285713,ST-GBR-PI,0.5
1169,PLR-REAL-Political,0.6374603174603175,0.588476017302214,3.1523809523809523,ST-GBR-PI,0.5
1170,PLR-REAL-Political,0.5874213836477988,0.5884992982832141,3.160377358490566,ST-GBR-PI,0.5
1171,PLR-REAL-Political,0.6283018867924528,0.589051703270641,3.169811320754717,ST-GBR-PI,0.5
1172,PLR-REAL-Political,0.6232704402515723,0.6254780740225191,3.0283018867924527,ST-GBR-PI,0.5
1173,PLR-REAL-Political,0.6133333333333333,0.5897291404490647,3.2095238095238097,ST-GBR-PI,0.5
1174,PLR-REAL-Political,0.6565079365079366,0.6293406550385269,3.123809523809524,ST-GBR-PI,0.5
1175,PLR-REAL-Political,0.6476190476190476,0.6332173970886154,3.2285714285714286,ST-GBR-PI,0.5
1176,PLR-REAL-Political,0.6425396825396825,0.5937686863502948,3.1619047619047618,ST-GBR-PI,0.5
1177,PLR-REAL-Political,0.6114285714285713,0.5889457803204899,3.2285714285714286,ST-GBR-PI,0.5
1178,PLR-REAL-Political,0.6330158730158729,0.5890529916306421,3.1142857142857143,ST-GBR-PI,0.5
1179,PLR-REAL-Political,0.6336507936507937,0.5813550919865134,3.1714285714285713,ST-GBR-PI,0.5
1180,PLR-REAL-Political,0.5943396226415094,0.5826780002940332,3.150943396226415,ST-GBR-PI,0.5
1181,PLR-REAL-Political,0.6062893081761006,0.6160047499023901,3.0754716981132075,ST-GBR-PI,0.5
1182,PLR-REAL-Political,0.5893081761006289,0.620827058861849,3.2641509433962264,ST-GBR-PI,0.5
1183,PLR-REAL-Political,0.6317460317460318,0.6204737432307642,3.0761904761904764,ST-GBR-PI,0.5
1184,PLR-REAL-Political,0.6450793650793651,0.6141506957931232,3.1523809523809523,ST-GBR-PI,0.5
1185,PLR-REAL-Political,0.5968253968253968,0.6552247249260049,3.219047619047619,ST-GBR-PI,0.5
1186,PLR-REAL-Political,0.6196825396825396,0.6532946447567615,3.085714285714286,ST-GBR-PI,0.5
1187,PLR-REAL-Political,0.648888888888889,0.5881787499813095,3.1619047619047618,ST-GBR-PI,0.5
1188,PLR-REAL-Political,0.6120634920634921,0.5913527221814215,3.2,ST-GBR-PI,0.5
1189,PLR-REAL-Political,0.6292063492063493,0.6396277018454792,3.1904761904761907,ST-GBR-PI,0.5
1190,PLR-REAL-Political,0.6157232704402515,0.5899870320316647,3.160377358490566,ST-GBR-PI,0.5
1191,PLR-REAL-Political,0.6358490566037736,0.6613384285243592,3.160377358490566,ST-GBR-PI,0.5
1192,PLR-REAL-Political,0.6081761006289308,0.6249978816100817,3.0943396226415096,ST-GBR-PI,0.5
1193,PLR-REAL-Political,0.6222222222222222,0.6401509869699932,3.1523809523809523,ST-GBR-PI,0.5
1194,PLR-REAL-Political,0.6184126984126984,0.6073368348760156,3.2476190476190476,ST-GBR-PI,0.5
1195,PLR-REAL-Political,0.6152380952380954,0.608995527894196,3.2095238095238097,ST-GBR-PI,0.5
1196,PLR-REAL-Political,0.6196825396825396,0.5833945696785227,3.0761904761904764,ST-GBR-PI,0.5
1197,PLR-REAL-Political,0.6050793650793651,0.5961577090004533,3.1333333333333333,ST-GBR-PI,0.5
1198,PLR-REAL-Political,0.6044444444444445,0.6247679225491929,3.238095238095238,ST-GBR-PI,0.5
1199,PLR-REAL-Political,0.6393650793650795,0.6010606124679736,3.057142857142857,ST-GBR-PI,0.5
1200,PLR-REAL-Political,0.7176100628930818,1.2486090861986676,3.141509433962264,RPC-GB,0.5
1201,PLR-REAL-Political,0.7119496855345913,1.230231359549973,3.160377358490566,RPC-GB,0.5
1202,PLR-REAL-Political,0.6823899371069183,1.2372830205749978,3.5943396226415096,RPC-GB,0.5
1203,PLR-REAL-Political,0.7155555555555556,1.23103354714441,3.3904761904761904,RPC-GB,0.5
1204,PLR-REAL-Political,0.6914285714285715,1.2387860202706842,3.552380952380952,RPC-GB,0.5
1205,PLR-REAL-Political,0.728888888888889,1.236379729680947,3.2857142857142856,RPC-GB,0.5
1206,PLR-REAL-Political,0.704126984126984,1.2546501061719606,3.466666666666667,RPC-GB,0.5
1207,PLR-REAL-Political,0.6825396825396824,1.2208967678975253,3.1523809523809523,RPC-GB,0.5
1208,PLR-REAL-Political,0.7225396825396825,1.236072076762357,3.1714285714285713,RPC-GB,0.5
1209,PLR-REAL-Political,0.7180952380952381,1.2490201131502043,3.3142857142857145,RPC-GB,0.5
1210,PLR-REAL-Political,0.7012578616352201,1.231761687252269,3.349056603773585,RPC-GB,0.5
1211,PLR-REAL-Political,0.6817610062893081,1.2640710984786059,3.160377358490566,RPC-GB,0.5
1212,PLR-REAL-Political,0.7025157232704403,1.2487719431201023,3.443396226415094,RPC-GB,0.5
1213,PLR-REAL-Political,0.6565079365079364,1.2202373051684514,3.2476190476190476,RPC-GB,0.5
1214,PLR-REAL-Political,0.6939682539682539,1.2348056199400712,3.323809523809524,RPC-GB,0.5
1215,PLR-REAL-Political,0.6952380952380952,1.241158336013268,3.2095238095238097,RPC-GB,0.5
1216,PLR-REAL-Political,0.7238095238095238,1.237470840544948,3.219047619047619,RPC-GB,0.5
1217,PLR-REAL-Political,0.7073015873015873,1.2280004873808708,3.380952380952381,RPC-GB,0.5
1218,PLR-REAL-Political,0.7314285714285714,1.2258057268987503,3.5238095238095237,RPC-GB,0.5
1219,PLR-REAL-Political,0.7403174603174602,1.2418486324874662,3.5238095238095237,RPC-GB,0.5
1220,PLR-REAL-Political,0.6742138364779875,1.229930392351804,3.3207547169811322,RPC-GB,0.5
1221,PLR-REAL-Political,0.6924528301886793,1.2315536456287688,3.311320754716981,RPC-GB,0.5
1222,PLR-REAL-Political,0.7176100628930818,1.2501214700404446,3.4622641509433962,RPC-GB,0.5
1223,PLR-REAL-Political,0.6920634920634922,1.2169566754662304,3.1809523809523808,RPC-GB,0.5
1224,PLR-REAL-Political,0.7231746031746032,1.2252529167726296,3.4857142857142858,RPC-GB,0.5
1225,PLR-REAL-Political,0.6926984126984128,1.2195639831219216,3.2095238095238097,RPC-GB,0.5
1226,PLR-REAL-Political,0.7174603174603175,1.2381420818804265,3.361904761904762,RPC-GB,0.5
1227,PLR-REAL-Political,0.6876190476190477,1.221249772125687,3.1904761904761907,RPC-GB,0.5
1228,PLR-REAL-Political,0.713015873015873,1.2244912788152449,3.238095238095238,RPC-GB,0.5
1229,PLR-REAL-Political,0.7225396825396826,1.2242230793017355,3.4571428571428573,RPC-GB,0.5
1230,PLR-REAL-Political,0.6861635220125788,1.2733440788168482,3.2264150943396226,RPC-GB,0.5
1231,PLR-REAL-Political,0.7163522012578617,1.2411373106836219,3.30188679245283,RPC-GB,0.5
1232,PLR-REAL-Political,0.670440251572327,1.237712698935191,3.2264150943396226,RPC-GB,0.5
1233,PLR-REAL-Political,0.6952380952380952,1.2232678366467262,3.419047619047619,RPC-GB,0.5
1234,PLR-REAL-Political,0.7015873015873016,1.2184953918420156,3.257142857142857,RPC-GB,0.5
1235,PLR-REAL-Political,0.6603174603174604,1.2200902278543455,3.2857142857142856,RPC-GB,0.5
1236,PLR-REAL-Political,0.6825396825396824,1.236767533523057,3.4,RPC-GB,0.5
1237,PLR-REAL-Political,0.7117460317460318,1.235453220470558,3.276190476190476,RPC-GB,0.5
1238,PLR-REAL-Political,0.706031746031746,1.2562259784905827,3.1714285714285713,RPC-GB,0.5
1239,PLR-REAL-Political,0.706031746031746,1.245584536245324,3.3333333333333335,RPC-GB,0.5
1240,PLR-REAL-Political,0.70062893081761,1.2466314362411834,3.292452830188679,RPC-GB,0.5
1241,PLR-REAL-Political,0.7169811320754716,1.2442526616227394,3.330188679245283,RPC-GB,0.5
1242,PLR-REAL-Political,0.6849056603773586,1.2406101055656469,3.3773584905660377,RPC-GB,0.5
1243,PLR-REAL-Political,0.7168253968253968,1.2370811917660371,3.4380952380952383,RPC-GB,0.5
1244,PLR-REAL-Political,0.7034920634920633,1.2204725925200461,3.1809523809523808,RPC-GB,0.5
1245,PLR-REAL-Political,0.6990476190476189,1.2231266279299902,3.4285714285714284,RPC-GB,0.5
1246,PLR-REAL-Political,0.7136507936507936,1.2287471916689254,3.2666666666666666,RPC-GB,0.5
1247,PLR-REAL-Political,0.6971428571428571,1.2233758110020507,3.238095238095238,RPC-GB,0.5
1248,PLR-REAL-Political,0.6920634920634922,1.220325936026427,3.1333333333333333,RPC-GB,0.5
1249,PLR-REAL-Political,0.6939682539682539,1.2243550142335164,3.2095238095238097,RPC-GB,0.5
1250,PLR-REAL-Political,0.42641509433962266,1.8995282238139302,1.9811320754716981,Chain-GBR-PI,0.6
1251,PLR-REAL-Political,0.43270440251572334,1.8969857112945885,2.0754716981132075,Chain-GBR-PI,0.6
1252,PLR-REAL-Political,0.36226415094339626,1.8985333409910705,1.990566037735849,Chain-GBR-PI,0.6
1253,PLR-REAL-Political,0.41523809523809524,1.906525433623398,2.0285714285714285,Chain-GBR-PI,0.6
1254,PLR-REAL-Political,0.42984126984126986,1.901812417396356,2.0476190476190474,Chain-GBR-PI,0.6
1255,PLR-REAL-Political,0.3644444444444445,1.9008144351928298,2.085714285714286,Chain-GBR-PI,0.6
1256,PLR-REAL-Political,0.4501587301587302,1.9021076706661733,2.219047619047619,Chain-GBR-PI,0.6
1257,PLR-REAL-Political,0.43174603174603177,1.9000664459123242,2.057142857142857,Chain-GBR-PI,0.6
1258,PLR-REAL-Political,0.36380952380952375,1.9016704924784484,2.085714285714286,Chain-GBR-PI,0.6
1259,PLR-REAL-Political,0.41460317460317464,1.9033519921815085,2.0476190476190474,Chain-GBR-PI,0.6
1260,PLR-REAL-Political,0.37421383647798745,1.899400408237284,2.141509433962264,Chain-GBR-PI,0.6
1261,PLR-REAL-Political,0.4069182389937107,1.8976178063299736,1.8962264150943395,Chain-GBR-PI,0.6
1262,PLR-REAL-Political,0.3729559748427673,1.8958076953982923,1.9245283018867925,Chain-GBR-PI,0.6
1263,PLR-REAL-Political,0.40190476190476193,1.904830794312061,2.0,Chain-GBR-PI,0.6
1264,PLR-REAL-Political,0.4088888888888889,1.9012202387080601,1.9523809523809523,Chain-GBR-PI,0.6
1265,PLR-REAL-Political,0.4253968253968254,1.8998054516084746,1.980952380952381,Chain-GBR-PI,0.6
1266,PLR-REAL-Political,0.406984126984127,1.901180571903992,1.9333333333333333,Chain-GBR-PI,0.6
1267,PLR-REAL-Political,0.3936507936507937,1.9016712667559568,2.2095238095238097,Chain-GBR-PI,0.6
1268,PLR-REAL-Political,0.4438095238095238,1.9013327451935778,2.066666666666667,Chain-GBR-PI,0.6
1269,PLR-REAL-Political,0.41523809523809524,1.8991738443301027,2.066666666666667,Chain-GBR-PI,0.6
1270,PLR-REAL-Political,0.39937106918238996,1.8956671031968078,1.9622641509433962,Chain-GBR-PI,0.6
1271,PLR-REAL-Political,0.3899371069182391,1.8961676038763942,2.0754716981132075,Chain-GBR-PI,0.6
1272,PLR-REAL-Political,0.349056603773585,1.8996200712127582,2.0,Chain-GBR-PI,0.6
1273,PLR-REAL-Political,0.5028571428571429,1.9021577907585525,2.038095238095238,Chain-GBR-PI,0.6
1274,PLR-REAL-Political,0.393015873015873,1.9002207355923721,2.0952380952380953,Chain-GBR-PI,0.6
1275,PLR-REAL-Political,0.3936507936507936,1.9082805456534468,2.2,Chain-GBR-PI,0.6
1276,PLR-REAL-Political,0.45333333333333337,1.9026291569978173,2.0476190476190474,Chain-GBR-PI,0.6
1277,PLR-REAL-Political,0.3955555555555556,1.9041070600200007,2.1142857142857143,Chain-GBR-PI,0.6
1278,PLR-REAL-Political,0.47555555555555556,1.8997162885528092,2.057142857142857,Chain-GBR-PI,0.6
1279,PLR-REAL-Political,0.4374603174603175,1.899565107841518,2.0095238095238095,Chain-GBR-PI,0.6
1280,PLR-REAL-Political,0.4270440251572328,1.8994893137580426,1.9528301886792452,Chain-GBR-PI,0.6
1281,PLR-REAL-Political,0.3754716981132075,1.8979072263761831,1.8018867924528301,Chain-GBR-PI,0.6
1282,PLR-REAL-Political,0.3503144654088051,1.9012286966511789,2.018867924528302,Chain-GBR-PI,0.6
1283,PLR-REAL-Political,0.39746031746031746,1.8995908175651772,1.9714285714285715,Chain-GBR-PI,0.6
1284,PLR-REAL-Political,0.4450793650793651,1.9018862836273207,2.085714285714286,Chain-GBR-PI,0.6
1285,PLR-REAL-Political,0.4482539682539683,1.900045067356007,1.9904761904761905,Chain-GBR-PI,0.6
1286,PLR-REAL-Political,0.38539682539682546,1.8995578435031333,2.0476190476190474,Chain-GBR-PI,0.6
1287,PLR-REAL-Political,0.45714285714285713,1.9010418425343816,2.0,Chain-GBR-PI,0.6
1288,PLR-REAL-Political,0.3752380952380953,1.901697369175499,2.0476190476190474,Chain-GBR-PI,0.6
1289,PLR-REAL-Political,0.39619047619047615,1.902416102788052,2.0952380952380953,Chain-GBR-PI,0.6
1290,PLR-REAL-Political,0.3918238993710692,1.899288618927076,2.1132075471698113,Chain-GBR-PI,0.6
1291,PLR-REAL-Political,0.3974842767295598,1.8975316166168705,1.9528301886792452,Chain-GBR-PI,0.6
1292,PLR-REAL-Political,0.36289308176100626,1.8970280124315058,1.9528301886792452,Chain-GBR-PI,0.6
1293,PLR-REAL-Political,0.39492063492063495,1.9036396215910332,1.980952380952381,Chain-GBR-PI,0.6
1294,PLR-REAL-Political,0.42158730158730157,1.901193101945978,2.085714285714286,Chain-GBR-PI,0.6
1295,PLR-REAL-Political,0.4126984126984127,1.9011412751693273,2.057142857142857,Chain-GBR-PI,0.6
1296,PLR-REAL-Political,0.4247619047619048,1.9034007168252665,2.057142857142857,Chain-GBR-PI,0.6
1297,PLR-REAL-Political,0.33968253968253975,1.9017864112534215,2.019047619047619,Chain-GBR-PI,0.6
1298,PLR-REAL-Political,0.37650793650793657,1.9015256753698442,2.0095238095238095,Chain-GBR-PI,0.6
1299,PLR-REAL-Political,0.401904761904762,1.901457736830424,2.0952380952380953,Chain-GBR-PI,0.6
1300,PLR-REAL-Political,0.4333333333333333,1.8839097247010006,3.292452830188679,Chain-GBR-RR,0.6
1301,PLR-REAL-Political,0.4427672955974843,1.8828860196573296,3.339622641509434,Chain-GBR-RR,0.6
1302,PLR-REAL-Political,0.3635220125786163,1.8866938625519667,3.3773584905660377,Chain-GBR-RR,0.6
1303,PLR-REAL-Political,0.4463492063492063,1.892472439446294,3.4857142857142858,Chain-GBR-RR,0.6
1304,PLR-REAL-Political,0.4507936507936508,1.8864982051689367,3.2476190476190476,Chain-GBR-RR,0.6
1305,PLR-REAL-Political,0.3695238095238096,1.8863996567615258,3.380952380952381,Chain-GBR-RR,0.6
1306,PLR-REAL-Political,0.46793650793650793,1.8873401638067282,3.4761904761904763,Chain-GBR-RR,0.6
1307,PLR-REAL-Political,0.38412698412698415,1.8877029474911164,3.4285714285714284,Chain-GBR-RR,0.6
1308,PLR-REAL-Political,0.3726984126984127,1.8879857247544,3.342857142857143,Chain-GBR-RR,0.6
1309,PLR-REAL-Political,0.43047619047619046,1.8893806207358654,3.2476190476190476,Chain-GBR-RR,0.6
1310,PLR-REAL-Political,0.37421383647798745,1.8863132036136958,3.443396226415094,Chain-GBR-RR,0.6
1311,PLR-REAL-Political,0.4037735849056604,1.885310837721657,3.2735849056603774,Chain-GBR-RR,0.6
1312,PLR-REAL-Political,0.3893081761006289,1.8834130707042462,3.30188679245283,Chain-GBR-RR,0.6
1313,PLR-REAL-Political,0.41396825396825393,1.891119846275472,3.3047619047619046,Chain-GBR-RR,0.6
1314,PLR-REAL-Political,0.4120634920634921,1.889004860741409,3.2476190476190476,Chain-GBR-RR,0.6
1315,PLR-REAL-Political,0.4082539682539682,1.8862165249455527,3.323809523809524,Chain-GBR-RR,0.6
1316,PLR-REAL-Political,0.4361904761904762,1.8873479297666702,3.323809523809524,Chain-GBR-RR,0.6
1317,PLR-REAL-Political,0.4298412698412699,1.8890242316950503,3.4857142857142858,Chain-GBR-RR,0.6
1318,PLR-REAL-Political,0.433015873015873,1.8889108425171603,3.4,Chain-GBR-RR,0.6
1319,PLR-REAL-Political,0.40888888888888886,1.8844135785779803,3.2857142857142856,Chain-GBR-RR,0.6
1320,PLR-REAL-Political,0.41509433962264153,1.8833782299051096,3.339622641509434,Chain-GBR-RR,0.6
1321,PLR-REAL-Political,0.4037735849056604,1.8818959418723828,3.4339622641509435,Chain-GBR-RR,0.6
1322,PLR-REAL-Political,0.41069182389937103,1.8835168809836915,3.2169811320754715,Chain-GBR-RR,0.6
1323,PLR-REAL-Political,0.40190476190476193,1.8861382345484279,3.4761904761904763,Chain-GBR-RR,0.6
1324,PLR-REAL-Political,0.39174603174603173,1.8847460040988406,3.3333333333333335,Chain-GBR-RR,0.6
1325,PLR-REAL-Political,0.3942857142857143,1.8969508134843664,3.3904761904761904,Chain-GBR-RR,0.6
1326,PLR-REAL-Political,0.4482539682539683,1.8869160103301694,3.361904761904762,Chain-GBR-RR,0.6
1327,PLR-REAL-Political,0.4012698412698413,1.8906381274464117,3.4095238095238094,Chain-GBR-RR,0.6
1328,PLR-REAL-Political,0.4247619047619048,1.8866346994084475,3.2666666666666666,Chain-GBR-RR,0.6
1329,PLR-REAL-Political,0.4444444444444444,1.8864757141163364,3.3714285714285714,Chain-GBR-RR,0.6
1330,PLR-REAL-Political,0.4320754716981132,1.8878297857795325,3.292452830188679,Chain-GBR-RR,0.6
1331,PLR-REAL-Political,0.4075471698113207,1.8834680899440313,3.311320754716981,Chain-GBR-RR,0.6
1332,PLR-REAL-Political,0.3672955974842767,1.8881611758583987,3.3207547169811322,Chain-GBR-RR,0.6
1333,PLR-REAL-Political,0.4044444444444444,1.8861065831779606,3.3523809523809525,Chain-GBR-RR,0.6
1334,PLR-REAL-Political,0.41396825396825404,1.8890183538044156,3.419047619047619,Chain-GBR-RR,0.6
1335,PLR-REAL-Political,0.41587301587301584,1.8881041983856564,3.1904761904761907,Chain-GBR-RR,0.6
1336,PLR-REAL-Political,0.38730158730158726,1.8886768081870835,3.4571428571428573,Chain-GBR-RR,0.6
1337,PLR-REAL-Political,0.41079365079365077,1.8868855601690953,3.323809523809524,Chain-GBR-RR,0.6
1338,PLR-REAL-Political,0.40634920634920635,1.889558851967206,3.2666666666666666,Chain-GBR-RR,0.6
1339,PLR-REAL-Political,0.40317460317460324,1.8900320780595374,3.2857142857142856,Chain-GBR-RR,0.6
1340,PLR-REAL-Political,0.3987421383647798,1.8853529388734311,3.358490566037736,Chain-GBR-RR,0.6
1341,PLR-REAL-Political,0.4056603773584906,1.8874397481642449,3.3207547169811322,Chain-GBR-RR,0.6
1342,PLR-REAL-Political,0.42767295597484273,1.8830108302545951,3.3679245283018866,Chain-GBR-RR,0.6
1343,PLR-REAL-Political,0.38603174603174606,1.8866117316379583,3.3714285714285714,Chain-GBR-RR,0.6
1344,PLR-REAL-Political,0.37587301587301597,1.8867995738948056,3.466666666666667,Chain-GBR-RR,0.6
1345,PLR-REAL-Political,0.42539682539682544,1.884773826766575,3.257142857142857,Chain-GBR-RR,0.6
1346,PLR-REAL-Political,0.40825396825396826,1.8878696586112402,3.3047619047619046,Chain-GBR-RR,0.6
1347,PLR-REAL-Political,0.37206349206349204,1.887777148674261,3.2476190476190476,Chain-GBR-RR,0.6
1348,PLR-REAL-Political,0.4000000000000001,1.8861681712239269,3.342857142857143,Chain-GBR-RR,0.6
1349,PLR-REAL-Political,0.44888888888888895,1.887103986270979,3.419047619047619,Chain-GBR-RR,0.6
1350,PLR-REAL-Political,0.6817610062893081,0.6372823802201617,3.9622641509433962,ST-GBR-RR,0.6
1351,PLR-REAL-Political,0.6578616352201258,0.6373708788366012,3.839622641509434,ST-GBR-RR,0.6
1352,PLR-REAL-Political,0.6641509433962264,0.6310261214076852,3.839622641509434,ST-GBR-RR,0.6
1353,PLR-REAL-Political,0.6590476190476191,0.6135121287921236,3.961904761904762,ST-GBR-RR,0.6
1354,PLR-REAL-Political,0.6711111111111111,0.6214227787030051,4.066666666666666,ST-GBR-RR,0.6
1355,PLR-REAL-Political,0.686984126984127,0.6117084248811429,4.038095238095238,ST-GBR-RR,0.6
1356,PLR-REAL-Political,0.6698412698412698,0.6343543583701569,4.0285714285714285,ST-GBR-RR,0.6
1357,PLR-REAL-Political,0.6107936507936509,0.638505112789189,3.857142857142857,ST-GBR-RR,0.6
1358,PLR-REAL-Political,0.6920634920634922,0.6327057554511064,3.9904761904761905,ST-GBR-RR,0.6
1359,PLR-REAL-Political,0.6653968253968253,0.6308248987683122,3.9523809523809526,ST-GBR-RR,0.6
1360,PLR-REAL-Political,0.6465408805031446,0.5640422961897674,3.9622641509433962,ST-GBR-RR,0.6
1361,PLR-REAL-Political,0.6471698113207549,0.563502405324387,3.9150943396226414,ST-GBR-RR,0.6
1362,PLR-REAL-Political,0.6672955974842767,0.6033314611785513,4.009433962264151,ST-GBR-RR,0.6
1363,PLR-REAL-Political,0.6577777777777778,0.6390384464572593,3.876190476190476,ST-GBR-RR,0.6
1364,PLR-REAL-Political,0.6793650793650795,0.5832711316832118,3.9904761904761905,ST-GBR-RR,0.6
1365,PLR-REAL-Political,0.6552380952380952,0.581692446196083,3.8857142857142857,ST-GBR-RR,0.6
1366,PLR-REAL-Political,0.6577777777777778,0.6275924450729771,4.095238095238095,ST-GBR-RR,0.6
1367,PLR-REAL-Political,0.6673015873015873,0.6174144782082793,3.9904761904761905,ST-GBR-RR,0.6
1368,PLR-REAL-Political,0.6565079365079366,0.6311502022509903,4.0285714285714285,ST-GBR-RR,0.6
1369,PLR-REAL-Political,0.6838095238095238,0.6295354502639104,3.942857142857143,ST-GBR-RR,0.6
1370,PLR-REAL-Political,0.6327044025157234,0.5911255392882995,4.066037735849057,ST-GBR-RR,0.6
1371,PLR-REAL-Political,0.6610062893081762,0.6218190082306654,3.8867924528301887,ST-GBR-RR,0.6
1372,PLR-REAL-Political,0.6861635220125786,0.6223440054771575,3.9339622641509435,ST-GBR-RR,0.6
1373,PLR-REAL-Political,0.6647619047619048,0.5960858210140061,3.9238095238095236,ST-GBR-RR,0.6
1374,PLR-REAL-Political,0.686984126984127,0.628225874236582,3.980952380952381,ST-GBR-RR,0.6
1375,PLR-REAL-Political,0.6755555555555556,0.6073685744180948,3.8380952380952382,ST-GBR-RR,0.6
1376,PLR-REAL-Political,0.6742857142857143,0.5870342443003096,3.914285714285714,ST-GBR-RR,0.6
1377,PLR-REAL-Political,0.6584126984126983,0.6142654101973825,4.0476190476190474,ST-GBR-RR,0.6
1378,PLR-REAL-Political,0.6641269841269841,0.5839145408933164,3.9904761904761905,ST-GBR-RR,0.6
1379,PLR-REAL-Political,0.6882539682539681,0.581584890473678,4.142857142857143,ST-GBR-RR,0.6
1380,PLR-REAL-Political,0.6283018867924528,0.5984412796228588,3.8962264150943398,ST-GBR-RR,0.6
1381,PLR-REAL-Political,0.6660377358490566,0.6231740839239134,3.8962264150943398,ST-GBR-RR,0.6
1382,PLR-REAL-Political,0.6371069182389937,0.6274696445790116,3.9716981132075473,ST-GBR-RR,0.6
1383,PLR-REAL-Political,0.667936507936508,0.5980345114906902,3.876190476190476,ST-GBR-RR,0.6
1384,PLR-REAL-Political,0.6577777777777779,0.5863440765981771,3.8857142857142857,ST-GBR-RR,0.6
1385,PLR-REAL-Political,0.6393650793650792,0.6398975684310847,3.9714285714285715,ST-GBR-RR,0.6
1386,PLR-REAL-Political,0.6641269841269841,0.5921017743424495,3.9904761904761905,ST-GBR-RR,0.6
1387,PLR-REAL-Political,0.6603174603174603,0.617421267019955,4.0,ST-GBR-RR,0.6
1388,PLR-REAL-Political,0.6704761904761906,0.6354093011550677,3.980952380952381,ST-GBR-RR,0.6
1389,PLR-REAL-Political,0.6939682539682539,0.6190565030293959,3.9523809523809526,ST-GBR-RR,0.6
1390,PLR-REAL-Political,0.6767295597484276,0.6279447714653548,4.037735849056604,ST-GBR-RR,0.6
1391,PLR-REAL-Political,0.6484276729559748,0.6240618551021834,4.0,ST-GBR-RR,0.6
1392,PLR-REAL-Political,0.649685534591195,0.6464790011957641,4.047169811320755,ST-GBR-RR,0.6
1393,PLR-REAL-Political,0.6406349206349204,0.6310814630429633,4.038095238095238,ST-GBR-RR,0.6
1394,PLR-REAL-Political,0.6177777777777779,0.6075543448148495,4.0285714285714285,ST-GBR-RR,0.6
1395,PLR-REAL-Political,0.6615873015873016,0.6301705547812406,4.0095238095238095,ST-GBR-RR,0.6
1396,PLR-REAL-Political,0.6615873015873016,0.6336559516255038,4.0476190476190474,ST-GBR-RR,0.6
1397,PLR-REAL-Political,0.660952380952381,0.627566463535326,3.9714285714285715,ST-GBR-RR,0.6
1398,PLR-REAL-Political,0.6666666666666666,0.6429092874963511,3.8857142857142857,ST-GBR-RR,0.6
1399,PLR-REAL-Political,0.6704761904761906,0.5882662958198666,3.8380952380952382,ST-GBR-RR,0.6
1400,PLR-REAL-Political,0.618867924528302,0.6238278985918837,3.19811320754717,ST-GBR-PI,0.6
1401,PLR-REAL-Political,0.6081761006289307,0.564171850516768,3.1226415094339623,ST-GBR-PI,0.6
1402,PLR-REAL-Political,0.6037735849056604,0.6302848427446612,2.990566037735849,ST-GBR-PI,0.6
1403,PLR-REAL-Political,0.620952380952381,0.6240849798522231,3.1333333333333333,ST-GBR-PI,0.6
1404,PLR-REAL-Political,0.6507936507936509,0.6174290791990487,3.2095238095238097,ST-GBR-PI,0.6
1405,PLR-REAL-Political,0.627936507936508,0.5661882690153411,3.0476190476190474,ST-GBR-PI,0.6
1406,PLR-REAL-Political,0.638095238095238,0.6254635633994032,3.2476190476190476,ST-GBR-PI,0.6
1407,PLR-REAL-Political,0.6038095238095238,0.597937822046407,3.057142857142857,ST-GBR-PI,0.6
1408,PLR-REAL-Political,0.626031746031746,0.6151983924213115,3.1619047619047618,ST-GBR-PI,0.6
1409,PLR-REAL-Political,0.6361904761904762,0.6380709437070273,3.0095238095238095,ST-GBR-PI,0.6
1410,PLR-REAL-Political,0.5805031446540879,0.5612534338263561,3.0754716981132075,ST-GBR-PI,0.6
1411,PLR-REAL-Political,0.6125786163522013,0.5528815696062881,3.2452830188679247,ST-GBR-PI,0.6
1412,PLR-REAL-Political,0.6270440251572327,0.5619125732396173,2.9056603773584904,ST-GBR-PI,0.6
1413,PLR-REAL-Political,0.6152380952380951,0.6015146582098596,2.9904761904761905,ST-GBR-PI,0.6
1414,PLR-REAL-Political,0.6533333333333333,0.553716122133717,3.085714285714286,ST-GBR-PI,0.6
1415,PLR-REAL-Political,0.6063492063492064,0.5594602952275131,3.276190476190476,ST-GBR-PI,0.6
1416,PLR-REAL-Political,0.6266666666666666,0.6142312887132721,3.2285714285714286,ST-GBR-PI,0.6
1417,PLR-REAL-Political,0.6031746031746031,0.5556422004689707,2.9714285714285715,ST-GBR-PI,0.6
1418,PLR-REAL-Political,0.6501587301587302,0.6030132361549496,3.0285714285714285,ST-GBR-PI,0.6
1419,PLR-REAL-Political,0.6628571428571429,0.6310576898181091,3.1809523809523808,ST-GBR-PI,0.6
1420,PLR-REAL-Political,0.5918238993710692,0.5698490053668168,3.188679245283019,ST-GBR-PI,0.6
1421,PLR-REAL-Political,0.6320754716981132,0.6238052676294424,3.009433962264151,ST-GBR-PI,0.6
1422,PLR-REAL-Political,0.6276729559748426,0.5516134398126952,3.0660377358490565,ST-GBR-PI,0.6
1423,PLR-REAL-Political,0.6228571428571428,0.577672518921089,3.104761904761905,ST-GBR-PI,0.6
1424,PLR-REAL-Political,0.6114285714285714,0.5815905766493937,3.1333333333333333,ST-GBR-PI,0.6
1425,PLR-REAL-Political,0.6431746031746032,0.5796992719665063,3.0761904761904764,ST-GBR-PI,0.6
1426,PLR-REAL-Political,0.6406349206349207,0.5535995917664095,3.085714285714286,ST-GBR-PI,0.6
1427,PLR-REAL-Political,0.6107936507936507,0.5637788750828847,3.0095238095238095,ST-GBR-PI,0.6
1428,PLR-REAL-Political,0.638095238095238,0.5930241244407468,3.0476190476190474,ST-GBR-PI,0.6
1429,PLR-REAL-Political,0.6298412698412699,0.5801604813335525,3.2285714285714286,ST-GBR-PI,0.6
1430,PLR-REAL-Political,0.589937106918239,0.5908465722451134,3.047169811320755,ST-GBR-PI,0.6
1431,PLR-REAL-Political,0.6044025157232704,0.5895598716060289,3.0,ST-GBR-PI,0.6
1432,PLR-REAL-Political,0.6251572327044025,0.5780206449990238,3.1226415094339623,ST-GBR-PI,0.6
1433,PLR-REAL-Political,0.6273015873015872,0.5563627197646273,3.1714285714285713,ST-GBR-PI,0.6
1434,PLR-REAL-Political,0.6165079365079366,0.5424531361933047,3.0095238095238095,ST-GBR-PI,0.6
1435,PLR-REAL-Political,0.6146031746031746,0.6215016741251154,3.066666666666667,ST-GBR-PI,0.6
1436,PLR-REAL-Political,0.6203174603174603,0.5794011863893372,3.0761904761904764,ST-GBR-PI,0.6
1437,PLR-REAL-Political,0.6546031746031746,0.5883189653595587,3.0285714285714285,ST-GBR-PI,0.6
1438,PLR-REAL-Political,0.6012698412698412,0.5977379810790124,3.1714285714285713,ST-GBR-PI,0.6
1439,PLR-REAL-Political,0.6076190476190476,0.5524038775369158,3.0761904761904764,ST-GBR-PI,0.6
1440,PLR-REAL-Political,0.6018867924528302,0.6117357770211406,3.150943396226415,ST-GBR-PI,0.6
1441,PLR-REAL-Political,0.6301886792452831,0.6206531866473478,3.0660377358490565,ST-GBR-PI,0.6
1442,PLR-REAL-Political,0.6119496855345913,0.5916720131126866,3.2264150943396226,ST-GBR-PI,0.6
1443,PLR-REAL-Political,0.5777777777777777,0.6175377550192116,3.0285714285714285,ST-GBR-PI,0.6
1444,PLR-REAL-Political,0.6012698412698413,0.5464393864765107,3.1333333333333333,ST-GBR-PI,0.6
1445,PLR-REAL-Political,0.6228571428571428,0.5732187121310619,3.1714285714285713,ST-GBR-PI,0.6
1446,PLR-REAL-Political,0.6177777777777778,0.5934333474519669,3.038095238095238,ST-GBR-PI,0.6
1447,PLR-REAL-Political,0.606984126984127,0.5565400551409946,3.0,ST-GBR-PI,0.6
1448,PLR-REAL-Political,0.6146031746031746,0.5859378226597215,3.104761904761905,ST-GBR-PI,0.6
1449,PLR-REAL-Political,0.5987301587301588,0.5534526005334793,2.8857142857142857,ST-GBR-PI,0.6
1450,PLR-REAL-Political,0.6836477987421384,1.115181836704523,3.349056603773585,RPC-GB,0.6
1451,PLR-REAL-Political,0.7138364779874213,1.1201561641022957,3.330188679245283,RPC-GB,0.6
1452,PLR-REAL-Political,0.6754716981132074,1.1102196476454265,3.19811320754717,RPC-GB,0.6
1453,PLR-REAL-Political,0.6679365079365078,1.1250319537411402,3.3523809523809525,RPC-GB,0.6
1454,PLR-REAL-Political,0.6717460317460318,1.125687837286594,3.419047619047619,RPC-GB,0.6
1455,PLR-REAL-Political,0.6996825396825397,1.1223782222929624,3.295238095238095,RPC-GB,0.6
1456,PLR-REAL-Political,0.6653968253968254,1.131471309399421,3.5238095238095237,RPC-GB,0.6
1457,PLR-REAL-Political,0.6368253968253968,1.1307648049310872,3.219047619047619,RPC-GB,0.6
1458,PLR-REAL-Political,0.7161904761904763,1.1369074425416945,3.3142857142857145,RPC-GB,0.6
1459,PLR-REAL-Political,0.6882539682539682,1.1352977821116084,3.2476190476190476,RPC-GB,0.6
1460,PLR-REAL-Political,0.6710691823899371,1.1097567842217648,3.3962264150943398,RPC-GB,0.6
1461,PLR-REAL-Political,0.6893081761006289,1.1480340365501274,3.160377358490566,RPC-GB,0.6
1462,PLR-REAL-Political,0.6528301886792454,1.112430242752549,3.3679245283018866,RPC-GB,0.6
1463,PLR-REAL-Political,0.6704761904761904,1.1070060880822663,3.447619047619048,RPC-GB,0.6
1464,PLR-REAL-Political,0.6641269841269842,1.1059203814440177,3.380952380952381,RPC-GB,0.6
1465,PLR-REAL-Political,0.6926984126984127,1.1171165945862054,3.2285714285714286,RPC-GB,0.6
1466,PLR-REAL-Political,0.7117460317460318,1.11819924617785,3.2666666666666666,RPC-GB,0.6
1467,PLR-REAL-Political,0.6926984126984127,1.1459120358771588,3.104761904761905,RPC-GB,0.6
1468,PLR-REAL-Political,0.6888888888888889,1.1331214811228814,3.361904761904762,RPC-GB,0.6
1469,PLR-REAL-Political,0.7403174603174604,1.13121660261291,3.419047619047619,RPC-GB,0.6
1470,PLR-REAL-Political,0.6484276729559748,1.1063353876572934,3.339622641509434,RPC-GB,0.6
1471,PLR-REAL-Political,0.6786163522012577,1.1171733192147393,3.1320754716981134,RPC-GB,0.6
1472,PLR-REAL-Political,0.6729559748427673,1.143354638341229,3.3773584905660377,RPC-GB,0.6
1473,PLR-REAL-Political,0.6838095238095238,1.107775711116558,3.0,RPC-GB,0.6
1474,PLR-REAL-Political,0.7187301587301589,1.1458662303465712,3.5238095238095237,RPC-GB,0.6
1475,PLR-REAL-Political,0.6584126984126984,1.131905777897736,3.2095238095238097,RPC-GB,0.6
1476,PLR-REAL-Political,0.702857142857143,1.1098167073588898,3.380952380952381,RPC-GB,0.6
1477,PLR-REAL-Political,0.6825396825396824,1.121803879957407,3.419047619047619,RPC-GB,0.6
1478,PLR-REAL-Political,0.6704761904761906,1.1099734474029597,3.3047619047619046,RPC-GB,0.6
1479,PLR-REAL-Political,0.7034920634920634,1.1112737844528142,3.380952380952381,RPC-GB,0.6
1480,PLR-REAL-Political,0.6597484276729562,1.132279787820418,3.2830188679245285,RPC-GB,0.6
1481,PLR-REAL-Political,0.6509433962264151,1.1060891260960675,3.349056603773585,RPC-GB,0.6
1482,PLR-REAL-Political,0.6446540880503144,1.106466540388016,3.2735849056603774,RPC-GB,0.6
1483,PLR-REAL-Political,0.6552380952380952,1.1049338858558566,3.342857142857143,RPC-GB,0.6
1484,PLR-REAL-Political,0.7022222222222222,1.106181322916101,3.2285714285714286,RPC-GB,0.6
1485,PLR-REAL-Political,0.6812698412698412,1.1211357317558832,3.3047619047619046,RPC-GB,0.6
1486,PLR-REAL-Political,0.6787301587301587,1.1149898681072037,3.4095238095238094,RPC-GB,0.6
1487,PLR-REAL-Political,0.7492063492063492,1.13075167344024,3.2,RPC-GB,0.6
1488,PLR-REAL-Political,0.6876190476190477,1.1186501379336817,3.104761904761905,RPC-GB,0.6
1489,PLR-REAL-Political,0.6787301587301587,1.1247124521761298,3.238095238095238,RPC-GB,0.6
1490,PLR-REAL-Political,0.7037735849056604,1.1161298205052834,3.4339622641509435,RPC-GB,0.6
1491,PLR-REAL-Political,0.6786163522012577,1.1308967048037755,3.207547169811321,RPC-GB,0.6
1492,PLR-REAL-Political,0.6647798742138364,1.1141472268664618,3.6226415094339623,RPC-GB,0.6
1493,PLR-REAL-Political,0.6952380952380951,1.1347759743093802,3.238095238095238,RPC-GB,0.6
1494,PLR-REAL-Political,0.6952380952380952,1.1192491108056137,3.2857142857142856,RPC-GB,0.6
1495,PLR-REAL-Political,0.6603174603174603,1.1032343164080864,3.4,RPC-GB,0.6
1496,PLR-REAL-Political,0.6971428571428572,1.1112918198358985,3.257142857142857,RPC-GB,0.6
1497,PLR-REAL-Political,0.6717460317460318,1.1234337910388994,3.447619047619048,RPC-GB,0.6
1498,PLR-REAL-Political,0.6863492063492065,1.1243213112630601,3.295238095238095,RPC-GB,0.6
1499,PLR-REAL-Political,0.6457142857142856,1.1407937855184287,3.4,RPC-GB,0.6
